fold,repeat,epoch,loss,inner_val_loss,bce,inner_val_bce,accuracy,inner_val_accuracy
1,1,1,0.6949504017829895,0.6955206394195557,0.6949504017829895,0.6955206394195557,0.41999998688697815,0.5555555820465088
1,1,2,0.6926942467689514,0.6951040625572205,0.6926942467689514,0.6951040625572205,0.47999998927116394,0.5555555820465088
1,1,3,0.6907093524932861,0.6947694420814514,0.6907093524932861,0.6947694420814514,0.5600000023841858,0.5555555820465088
1,1,4,0.6888882517814636,0.6945428848266602,0.6888882517814636,0.6945428848266602,0.6000000238418579,0.4444444477558136
1,1,5,0.6871030330657959,0.6942746639251709,0.6871030330657959,0.6942746639251709,0.6200000047683716,0.3333333432674408
1,1,6,0.6852514147758484,0.6940492391586304,0.6852514147758484,0.6940492391586304,0.6800000071525574,0.3333333432674408
1,1,7,0.6834052801132202,0.6939305067062378,0.6834052801132202,0.6939305067062378,0.6800000071525574,0.3333333432674408
1,1,8,0.6815658807754517,0.6938706636428833,0.6815658807754517,0.6938706636428833,0.6600000262260437,0.3333333432674408
1,1,9,0.6797825694084167,0.6937353610992432,0.6797825694084167,0.6937353610992432,0.699999988079071,0.3333333432674408
1,1,10,0.6780661940574646,0.6935422420501709,0.6780661940574646,0.6935422420501709,0.699999988079071,0.4444444477558136
1,1,11,0.6764224171638489,0.6932781338691711,0.6764224171638489,0.6932781338691711,0.6800000071525574,0.4444444477558136
1,1,12,0.6747990250587463,0.6929911375045776,0.6747990250587463,0.6929911375045776,0.6600000262260437,0.4444444477558136
1,1,13,0.6731683611869812,0.6927741765975952,0.6731683611869812,0.6927741765975952,0.6200000047683716,0.4444444477558136
1,1,14,0.6715683937072754,0.6925893425941467,0.6715683937072754,0.6925893425941467,0.6200000047683716,0.4444444477558136
1,1,15,0.6699760556221008,0.6923847198486328,0.6699760556221008,0.6923847198486328,0.6399999856948853,0.4444444477558136
1,1,16,0.6684152483940125,0.6922315955162048,0.6684152483940125,0.6922315955162048,0.6399999856948853,0.4444444477558136
1,1,17,0.6668998003005981,0.6921017169952393,0.6668998003005981,0.6921017169952393,0.6399999856948853,0.4444444477558136
1,1,18,0.6653721332550049,0.6919785141944885,0.6653721332550049,0.6919785141944885,0.6399999856948853,0.4444444477558136
1,1,19,0.6638341546058655,0.6918469071388245,0.6638341546058655,0.6918469071388245,0.6399999856948853,0.5555555820465088
1,1,20,0.6622968912124634,0.6917163133621216,0.6622968912124634,0.6917163133621216,0.6399999856948853,0.5555555820465088
1,1,21,0.6607652902603149,0.6916248798370361,0.6607652902603149,0.6916248798370361,0.6399999856948853,0.5555555820465088
1,1,22,0.6592317223548889,0.6915328502655029,0.6592317223548889,0.6915328502655029,0.6399999856948853,0.5555555820465088
1,1,23,0.657691478729248,0.6914540529251099,0.657691478729248,0.6914540529251099,0.6600000262260437,0.5555555820465088
1,1,24,0.6561678051948547,0.6913464665412903,0.6561678051948547,0.6913464665412903,0.6600000262260437,0.5555555820465088
1,1,25,0.6546624898910522,0.6912726163864136,0.6546624898910522,0.6912726163864136,0.6600000262260437,0.5555555820465088
1,1,26,0.653140664100647,0.6911580562591553,0.653140664100647,0.6911580562591553,0.6600000262260437,0.6666666865348816
1,1,27,0.6516070365905762,0.6910542249679565,0.6516070365905762,0.6910542249679565,0.6600000262260437,0.6666666865348816
1,1,28,0.650057852268219,0.6909210681915283,0.650057852268219,0.6909210681915283,0.6800000071525574,0.6666666865348816
1,1,29,0.6484773755073547,0.6908079981803894,0.6484773755073547,0.6908079981803894,0.699999988079071,0.6666666865348816
1,1,30,0.6468721032142639,0.6906639933586121,0.6468721032142639,0.6906639933586121,0.699999988079071,0.6666666865348816
1,1,31,0.645271360874176,0.6905001997947693,0.645271360874176,0.6905001997947693,0.6800000071525574,0.6666666865348816
1,1,32,0.6436753273010254,0.690407395362854,0.6436753273010254,0.690407395362854,0.6800000071525574,0.6666666865348816
1,1,33,0.6420437097549438,0.6903173327445984,0.6420437097549438,0.6903173327445984,0.699999988079071,0.6666666865348816
1,1,34,0.6403883099555969,0.6902493834495544,0.6403883099555969,0.6902493834495544,0.7200000286102295,0.6666666865348816
1,1,35,0.6387084722518921,0.6902446150779724,0.6387084722518921,0.6902446150779724,0.7200000286102295,0.6666666865348816
1,1,36,0.6369704008102417,0.6902927756309509,0.6369704008102417,0.6902927756309509,0.7200000286102295,0.6666666865348816
1,1,37,0.6352075934410095,0.6903292536735535,0.6352075934410095,0.6903292536735535,0.7200000286102295,0.6666666865348816
1,1,38,0.6334264874458313,0.6903671622276306,0.6334264874458313,0.6903671622276306,0.7200000286102295,0.6666666865348816
1,1,39,0.6316356062889099,0.690382719039917,0.6316356062889099,0.690382719039917,0.7200000286102295,0.6666666865348816
1,1,40,0.6298279762268066,0.6903865337371826,0.6298279762268066,0.6903865337371826,0.7200000286102295,0.6666666865348816
1,1,41,0.6279972791671753,0.6903939843177795,0.6279972791671753,0.6903939843177795,0.7200000286102295,0.6666666865348816
1,1,42,0.626145601272583,0.6904077529907227,0.626145601272583,0.6904077529907227,0.7200000286102295,0.6666666865348816
1,1,43,0.6242803335189819,0.6904207468032837,0.6242803335189819,0.6904207468032837,0.7200000286102295,0.6666666865348816
1,1,44,0.6224004626274109,0.6903398036956787,0.6224004626274109,0.6903398036956787,0.7200000286102295,0.6666666865348816
1,1,45,0.6205080151557922,0.6901913285255432,0.6205080151557922,0.6901913285255432,0.7200000286102295,0.6666666865348816
1,1,46,0.6186405420303345,0.6900025606155396,0.6186405420303345,0.6900025606155396,0.7200000286102295,0.6666666865348816
1,1,47,0.6167787313461304,0.6899328231811523,0.6167787313461304,0.6899328231811523,0.7200000286102295,0.6666666865348816
1,1,48,0.6149359345436096,0.689910888671875,0.6149359345436096,0.689910888671875,0.7200000286102295,0.6666666865348816
1,1,49,0.6130803823471069,0.6899670362472534,0.6130803823471069,0.6899670362472534,0.7200000286102295,0.6666666865348816
1,1,50,0.611229658126831,0.6901856660842896,0.611229658126831,0.6901856660842896,0.7200000286102295,0.6666666865348816
1,1,51,0.6093709468841553,0.6904889345169067,0.6093709468841553,0.6904889345169067,0.7200000286102295,0.6666666865348816
1,1,52,0.6075389981269836,0.690814197063446,0.6075389981269836,0.690814197063446,0.7200000286102295,0.6666666865348816
1,1,53,0.605740487575531,0.6911410093307495,0.605740487575531,0.6911410093307495,0.7400000095367432,0.6666666865348816
1,1,54,0.6039584875106812,0.6914451122283936,0.6039584875106812,0.6914451122283936,0.7400000095367432,0.6666666865348816
1,1,55,0.6022152900695801,0.6916946172714233,0.6022152900695801,0.6916946172714233,0.7400000095367432,0.6666666865348816
1,1,56,0.6004766225814819,0.6919395923614502,0.6004766225814819,0.6919395923614502,0.7400000095367432,0.6666666865348816
1,1,57,0.5987503528594971,0.6921108961105347,0.5987503528594971,0.6921108961105347,0.7400000095367432,0.6666666865348816
1,1,58,0.5970309972763062,0.6922266483306885,0.5970309972763062,0.6922266483306885,0.7599999904632568,0.6666666865348816
1,1,59,0.5953131318092346,0.6922838687896729,0.5953131318092346,0.6922838687896729,0.7799999713897705,0.6666666865348816
1,1,60,0.5936033725738525,0.6923218369483948,0.5936033725738525,0.6923218369483948,0.7799999713897705,0.6666666865348816
1,1,61,0.5919013023376465,0.6923671364784241,0.5919012427330017,0.6923671364784241,0.7799999713897705,0.6666666865348816
1,1,62,0.5901859402656555,0.6924196481704712,0.5901859402656555,0.6924196481704712,0.7799999713897705,0.6666666865348816
1,1,63,0.5884761810302734,0.6924846172332764,0.5884761810302734,0.6924846172332764,0.7799999713897705,0.4444444477558136
1,1,64,0.5867599844932556,0.6925560235977173,0.5867599844932556,0.6925560235977173,0.7599999904632568,0.4444444477558136
1,1,65,0.5850544571876526,0.6926640868186951,0.5850544571876526,0.6926640868186951,0.7599999904632568,0.4444444477558136
1,1,66,0.5833601951599121,0.6928048729896545,0.5833601951599121,0.6928048729896545,0.7599999904632568,0.4444444477558136
1,1,67,0.5816673040390015,0.6929687261581421,0.5816673040390015,0.6929687261581421,0.7599999904632568,0.4444444477558136
1,1,68,0.5799539089202881,0.6931406855583191,0.5799539089202881,0.6931406855583191,0.7599999904632568,0.4444444477558136
1,1,69,0.5782180428504944,0.6933286190032959,0.5782180428504944,0.6933286190032959,0.7599999904632568,0.4444444477558136
1,1,70,0.5764636397361755,0.6935667395591736,0.5764636397361755,0.6935667395591736,0.7799999713897705,0.4444444477558136
1,1,71,0.5746917128562927,0.6938270926475525,0.5746917128562927,0.6938270926475525,0.7799999713897705,0.4444444477558136
1,1,72,0.5729088187217712,0.6941055059432983,0.572908878326416,0.6941055059432983,0.7799999713897705,0.4444444477558136
1,1,73,0.571135401725769,0.694415807723999,0.571135401725769,0.694415807723999,0.800000011920929,0.4444444477558136
2,1,1,0.7040627002716064,0.6887825131416321,0.7040627002716064,0.6887825131416321,0.5,0.5555555820465088
2,1,2,0.7019386291503906,0.6880574226379395,0.7019386291503906,0.6880574226379395,0.5,0.5555555820465088
2,1,3,0.7003215551376343,0.6872808933258057,0.7003215551376343,0.6872808933258057,0.5400000214576721,0.5555555820465088
2,1,4,0.6988192796707153,0.686543881893158,0.6988192796707153,0.686543881893158,0.5799999833106995,0.5555555820465088
2,1,5,0.6973657011985779,0.685767650604248,0.6973657011985779,0.685767650604248,0.5600000023841858,0.5555555820465088
2,1,6,0.6959657073020935,0.6849901080131531,0.6959657073020935,0.6849901080131531,0.5799999833106995,0.5555555820465088
2,1,7,0.6946201324462891,0.6843069791793823,0.6946201324462891,0.6843069791793823,0.6000000238418579,0.5555555820465088
2,1,8,0.6933146715164185,0.6836161613464355,0.6933146119117737,0.6836161613464355,0.5600000023841858,0.5555555820465088
2,1,9,0.6920544505119324,0.6830499172210693,0.6920544505119324,0.6830499172210693,0.6000000238418579,0.6666666865348816
2,1,10,0.6908879280090332,0.6825776100158691,0.6908879280090332,0.6825776100158691,0.5799999833106995,0.6666666865348816
2,1,11,0.6897849440574646,0.6821517944335938,0.6897849440574646,0.6821517944335938,0.5400000214576721,0.6666666865348816
2,1,12,0.6887441873550415,0.6817631125450134,0.6887441873550415,0.6817631125450134,0.5400000214576721,0.6666666865348816
2,1,13,0.6877252459526062,0.6813230514526367,0.6877252459526062,0.6813230514526367,0.5,0.5555555820465088
2,1,14,0.6867011785507202,0.6809022426605225,0.6867011785507202,0.6809022426605225,0.5199999809265137,0.5555555820465088
2,1,15,0.685688853263855,0.6805071830749512,0.685688853263855,0.6805071830749512,0.5199999809265137,0.5555555820465088
2,1,16,0.6847060918807983,0.6802113652229309,0.6847060918807983,0.6802113652229309,0.5400000214576721,0.6666666865348816
2,1,17,0.6837543249130249,0.6799313426017761,0.6837543249130249,0.6799313426017761,0.5799999833106995,0.6666666865348816
2,1,18,0.6828138828277588,0.6797166466712952,0.6828138828277588,0.6797166466712952,0.5799999833106995,0.6666666865348816
2,1,19,0.6818464398384094,0.679527997970581,0.6818464398384094,0.679527997970581,0.5600000023841858,0.6666666865348816
2,1,20,0.6808683276176453,0.6793848872184753,0.6808683276176453,0.6793848872184753,0.5799999833106995,0.6666666865348816
2,1,21,0.6798968315124512,0.6792381405830383,0.6798968315124512,0.6792381405830383,0.5799999833106995,0.6666666865348816
2,1,22,0.6789536476135254,0.679173469543457,0.6789536476135254,0.679173469543457,0.5600000023841858,0.5555555820465088
2,1,23,0.678030788898468,0.6791415810585022,0.678030788898468,0.6791415810585022,0.5199999809265137,0.5555555820465088
2,1,24,0.6771376132965088,0.6791146397590637,0.6771376132965088,0.6791146397590637,0.5199999809265137,0.5555555820465088
2,1,25,0.6762648820877075,0.6790431141853333,0.6762648820877075,0.6790431141853333,0.5199999809265137,0.6666666865348816
2,1,26,0.6753839254379272,0.6789178252220154,0.6753839254379272,0.6789178252220154,0.5,0.5555555820465088
2,1,27,0.6745353937149048,0.6787350177764893,0.6745353937149048,0.6787350177764893,0.5199999809265137,0.5555555820465088
2,1,28,0.6736912727355957,0.6785300374031067,0.6736912727355957,0.6785300374031067,0.5199999809265137,0.5555555820465088
2,1,29,0.6728414297103882,0.6783062815666199,0.6728414297103882,0.6783062815666199,0.5600000023841858,0.5555555820465088
2,1,30,0.6719725131988525,0.6781078577041626,0.6719725131988525,0.6781078577041626,0.5799999833106995,0.5555555820465088
2,1,31,0.6711114645004272,0.6779207587242126,0.6711114645004272,0.6779207587242126,0.5799999833106995,0.5555555820465088
2,1,32,0.670249342918396,0.6776965260505676,0.670249342918396,0.6776965260505676,0.5799999833106995,0.5555555820465088
2,1,33,0.6693873405456543,0.6774542331695557,0.6693873405456543,0.6774542331695557,0.5799999833106995,0.5555555820465088
2,1,34,0.6685202717781067,0.6772240996360779,0.6685202717781067,0.6772240996360779,0.6000000238418579,0.5555555820465088
2,1,35,0.6676611304283142,0.6770476698875427,0.6676611304283142,0.6770476698875427,0.6000000238418579,0.5555555820465088
2,1,36,0.6668077111244202,0.6768646240234375,0.6668077111244202,0.6768646240234375,0.6000000238418579,0.5555555820465088
2,1,37,0.6659745573997498,0.6766580939292908,0.6659745573997498,0.6766580939292908,0.6000000238418579,0.5555555820465088
2,1,38,0.6651588678359985,0.6764823794364929,0.6651588678359985,0.6764823794364929,0.6000000238418579,0.5555555820465088
2,1,39,0.6643747091293335,0.6762936115264893,0.6643747091293335,0.6762936115264893,0.6000000238418579,0.5555555820465088
2,1,40,0.6635940670967102,0.6760759353637695,0.6635940670967102,0.6760759353637695,0.6000000238418579,0.5555555820465088
2,1,41,0.6627872586250305,0.675822913646698,0.6627872586250305,0.675822913646698,0.6000000238418579,0.5555555820465088
2,1,42,0.6619850397109985,0.6756090521812439,0.661984920501709,0.6756090521812439,0.6000000238418579,0.5555555820465088
2,1,43,0.6611778140068054,0.6754226684570312,0.6611778140068054,0.6754226684570312,0.6000000238418579,0.5555555820465088
2,1,44,0.6603599786758423,0.6751910448074341,0.6603599786758423,0.6751910448074341,0.6000000238418579,0.5555555820465088
2,1,45,0.6595344543457031,0.6749334335327148,0.6595344543457031,0.6749334335327148,0.6000000238418579,0.5555555820465088
2,1,46,0.6586992144584656,0.6746985912322998,0.6586992144584656,0.6746985912322998,0.6000000238418579,0.5555555820465088
2,1,47,0.6578579545021057,0.6744750738143921,0.6578579545021057,0.6744750738143921,0.6000000238418579,0.5555555820465088
2,1,48,0.6570141315460205,0.6742454171180725,0.6570141315460205,0.6742454171180725,0.6000000238418579,0.5555555820465088
2,1,49,0.6561638116836548,0.6740010380744934,0.6561638116836548,0.6740010380744934,0.5799999833106995,0.5555555820465088
2,1,50,0.6552907824516296,0.6736341714859009,0.6552907824516296,0.6736341714859009,0.5799999833106995,0.5555555820465088
2,1,51,0.6544200778007507,0.6732586026191711,0.6544200778007507,0.6732586026191711,0.5799999833106995,0.5555555820465088
2,1,52,0.653536856174469,0.6728900671005249,0.653536856174469,0.6728900671005249,0.5799999833106995,0.5555555820465088
2,1,53,0.6526451110839844,0.6725214719772339,0.6526451110839844,0.6725214719772339,0.5799999833106995,0.5555555820465088
2,1,54,0.6517653465270996,0.6721756458282471,0.6517653465270996,0.6721756458282471,0.5799999833106995,0.5555555820465088
2,1,55,0.6508609056472778,0.6718575954437256,0.6508609056472778,0.6718575954437256,0.5799999833106995,0.5555555820465088
2,1,56,0.6499691605567932,0.6715513467788696,0.6499691605567932,0.6715513467788696,0.5799999833106995,0.5555555820465088
2,1,57,0.6490687727928162,0.6712551116943359,0.6490687727928162,0.6712551116943359,0.5799999833106995,0.5555555820465088
2,1,58,0.6481640338897705,0.6709395051002502,0.6481640338897705,0.6709395051002502,0.5799999833106995,0.5555555820465088
2,1,59,0.6472563147544861,0.6706126928329468,0.6472563147544861,0.6706126928329468,0.5799999833106995,0.5555555820465088
2,1,60,0.6463470458984375,0.6702735424041748,0.6463471055030823,0.6702735424041748,0.5799999833106995,0.5555555820465088
2,1,61,0.6454529762268066,0.6699436902999878,0.6454529762268066,0.6699436902999878,0.5799999833106995,0.5555555820465088
2,1,62,0.6445521712303162,0.6695969700813293,0.6445521712303162,0.6695969700813293,0.5799999833106995,0.5555555820465088
2,1,63,0.6436507701873779,0.6692334413528442,0.6436507701873779,0.6692334413528442,0.5799999833106995,0.5555555820465088
2,1,64,0.6427574157714844,0.6688405871391296,0.6427574157714844,0.6688405871391296,0.5799999833106995,0.5555555820465088
2,1,65,0.6418658494949341,0.6684156656265259,0.6418658494949341,0.6684156656265259,0.5799999833106995,0.5555555820465088
2,1,66,0.6409791707992554,0.6679839491844177,0.6409791707992554,0.6679839491844177,0.5799999833106995,0.5555555820465088
2,1,67,0.6400862336158752,0.6675581336021423,0.6400862336158752,0.6675581336021423,0.5799999833106995,0.5555555820465088
2,1,68,0.6391854286193848,0.6671491861343384,0.6391854286193848,0.6671491861343384,0.5799999833106995,0.5555555820465088
2,1,69,0.6382884979248047,0.6667671203613281,0.6382884979248047,0.6667671203613281,0.5799999833106995,0.5555555820465088
2,1,70,0.6374006867408752,0.666384756565094,0.6374006867408752,0.666384756565094,0.6000000238418579,0.5555555820465088
2,1,71,0.6364969611167908,0.6660017967224121,0.6364969611167908,0.6660017967224121,0.6000000238418579,0.5555555820465088
2,1,72,0.6355897784233093,0.6656233668327332,0.6355897784233093,0.6656233668327332,0.6399999856948853,0.5555555820465088
2,1,73,0.6346867084503174,0.6652480363845825,0.6346867084503174,0.6652480363845825,0.6399999856948853,0.5555555820465088
2,1,74,0.6337900757789612,0.6648606657981873,0.6337900757789612,0.6648606657981873,0.6399999856948853,0.5555555820465088
2,1,75,0.6329026818275452,0.6644561886787415,0.6329026818275452,0.6644561886787415,0.6399999856948853,0.5555555820465088
2,1,76,0.6320169568061829,0.6640391945838928,0.6320169568061829,0.6640391945838928,0.6399999856948853,0.5555555820465088
2,1,77,0.6311225891113281,0.6636247634887695,0.6311225891113281,0.6636247634887695,0.6399999856948853,0.5555555820465088
2,1,78,0.6302222609519958,0.6632247567176819,0.6302223205566406,0.6632247567176819,0.6600000262260437,0.5555555820465088
2,1,79,0.6293173432350159,0.6628074645996094,0.6293173432350159,0.6628074645996094,0.6600000262260437,0.5555555820465088
2,1,80,0.6284234523773193,0.6623467803001404,0.6284234523773193,0.6623467803001404,0.6600000262260437,0.5555555820465088
2,1,81,0.6275268197059631,0.6618614196777344,0.6275268197059631,0.6618614196777344,0.6600000262260437,0.5555555820465088
2,1,82,0.6266233921051025,0.6613649129867554,0.6266233921051025,0.6613649129867554,0.6600000262260437,0.5555555820465088
2,1,83,0.6257091760635376,0.6608715057373047,0.6257091760635376,0.6608715057373047,0.6600000262260437,0.5555555820465088
2,1,84,0.6247846484184265,0.6603595614433289,0.6247846484184265,0.6603595614433289,0.6600000262260437,0.5555555820465088
2,1,85,0.623855471611023,0.6598425507545471,0.623855471611023,0.6598425507545471,0.6600000262260437,0.5555555820465088
2,1,86,0.6229228377342224,0.6593201160430908,0.6229228377342224,0.6593201160430908,0.6600000262260437,0.5555555820465088
2,1,87,0.62198805809021,0.6587840914726257,0.62198805809021,0.6587840914726257,0.6600000262260437,0.5555555820465088
2,1,88,0.6210362911224365,0.6582359671592712,0.6210362911224365,0.6582359671592712,0.6600000262260437,0.5555555820465088
2,1,89,0.6200757622718811,0.6577020287513733,0.6200757622718811,0.6577020287513733,0.6600000262260437,0.5555555820465088
2,1,90,0.6191048622131348,0.6571575403213501,0.6191048622131348,0.6571575403213501,0.6800000071525574,0.5555555820465088
2,1,91,0.618114173412323,0.6566006541252136,0.618114173412323,0.6566006541252136,0.6800000071525574,0.5555555820465088
2,1,92,0.6171028017997742,0.6560224890708923,0.6171028017997742,0.6560224890708923,0.6800000071525574,0.5555555820465088
2,1,93,0.6160653829574585,0.655390202999115,0.6160653829574585,0.655390202999115,0.699999988079071,0.5555555820465088
2,1,94,0.6150457859039307,0.6546856760978699,0.6150457859039307,0.6546856760978699,0.699999988079071,0.5555555820465088
2,1,95,0.6140169501304626,0.6539208889007568,0.6140169501304626,0.6539208889007568,0.699999988079071,0.5555555820465088
2,1,96,0.6129792928695679,0.6531484127044678,0.6129792928695679,0.6531484127044678,0.699999988079071,0.5555555820465088
2,1,97,0.611916720867157,0.6523516774177551,0.611916720867157,0.6523516774177551,0.699999988079071,0.5555555820465088
2,1,98,0.6108417510986328,0.6514860391616821,0.6108417510986328,0.6514860391616821,0.699999988079071,0.6666666865348816
2,1,99,0.6097372174263,0.6504981517791748,0.6097372174263,0.6504981517791748,0.699999988079071,0.6666666865348816
2,1,100,0.6086332201957703,0.6494153738021851,0.6086332201957703,0.6494153738021851,0.699999988079071,0.6666666865348816
2,1,101,0.6075201034545898,0.6483144760131836,0.6075201034545898,0.6483144760131836,0.699999988079071,0.6666666865348816
2,1,102,0.6063910126686096,0.6472236514091492,0.6063910126686096,0.6472236514091492,0.699999988079071,0.6666666865348816
2,1,103,0.6052614450454712,0.6461966037750244,0.6052614450454712,0.6461966037750244,0.7200000286102295,0.6666666865348816
2,1,104,0.6041325926780701,0.6452355980873108,0.6041325926780701,0.6452355980873108,0.7200000286102295,0.7777777910232544
2,1,105,0.6029955148696899,0.6443074345588684,0.6029955148696899,0.6443074345588684,0.7200000286102295,0.7777777910232544
2,1,106,0.6018401384353638,0.6433858275413513,0.6018401384353638,0.6433858275413513,0.7200000286102295,0.7777777910232544
2,1,107,0.6006764769554138,0.6424809098243713,0.6006764769554138,0.6424809098243713,0.7200000286102295,0.7777777910232544
2,1,108,0.599526584148407,0.6415992379188538,0.599526584148407,0.6415992379188538,0.7200000286102295,0.7777777910232544
2,1,109,0.5983879566192627,0.6407456398010254,0.5983879566192627,0.6407456398010254,0.7200000286102295,0.7777777910232544
2,1,110,0.5972353219985962,0.6399191617965698,0.5972353219985962,0.6399191617965698,0.7200000286102295,0.7777777910232544
2,1,111,0.596060037612915,0.639125406742096,0.596060037612915,0.639125406742096,0.7200000286102295,0.7777777910232544
2,1,112,0.5949087738990784,0.6383814215660095,0.5949087738990784,0.6383814215660095,0.7200000286102295,0.7777777910232544
2,1,113,0.593773603439331,0.6376342177391052,0.593773603439331,0.6376342177391052,0.7400000095367432,0.7777777910232544
2,1,114,0.5926443338394165,0.636898398399353,0.5926443338394165,0.636898398399353,0.7400000095367432,0.7777777910232544
2,1,115,0.5915077924728394,0.6361419558525085,0.5915077924728394,0.6361419558525085,0.7400000095367432,0.7777777910232544
2,1,116,0.5903629064559937,0.6353836059570312,0.5903629064559937,0.6353836059570312,0.7400000095367432,0.7777777910232544
2,1,117,0.589222252368927,0.6346383094787598,0.589222252368927,0.6346383094787598,0.7400000095367432,0.7777777910232544
2,1,118,0.5880903005599976,0.6338854432106018,0.5880903005599976,0.6338854432106018,0.7200000286102295,0.7777777910232544
2,1,119,0.5869580507278442,0.6331445574760437,0.5869580507278442,0.6331445574760437,0.7200000286102295,0.7777777910232544
2,1,120,0.5858394503593445,0.6324262022972107,0.5858394503593445,0.6324262022972107,0.7200000286102295,0.7777777910232544
2,1,121,0.5847225189208984,0.6317076683044434,0.5847225189208984,0.6317076683044434,0.7200000286102295,0.7777777910232544
2,1,122,0.583616316318512,0.6309795379638672,0.583616316318512,0.6309795379638672,0.7200000286102295,0.7777777910232544
2,1,123,0.5825119614601135,0.630248486995697,0.5825119614601135,0.630248486995697,0.7200000286102295,0.7777777910232544
2,1,124,0.5813934206962585,0.6295101642608643,0.5813934206962585,0.6295101642608643,0.7200000286102295,0.7777777910232544
2,1,125,0.5802589654922485,0.6287587285041809,0.5802589654922485,0.6287587285041809,0.7200000286102295,0.7777777910232544
2,1,126,0.5791267156600952,0.6279585957527161,0.5791267156600952,0.6279585957527161,0.7200000286102295,0.7777777910232544
2,1,127,0.5780039429664612,0.6271188259124756,0.5780039429664612,0.6271188259124756,0.7200000286102295,0.7777777910232544
2,1,128,0.5768723487854004,0.626245379447937,0.5768723487854004,0.626245379447937,0.7200000286102295,0.7777777910232544
2,1,129,0.575728178024292,0.625369131565094,0.575728178024292,0.625369131565094,0.7200000286102295,0.7777777910232544
2,1,130,0.5745682716369629,0.624523401260376,0.5745682716369629,0.624523401260376,0.7200000286102295,0.7777777910232544
2,1,131,0.5733945369720459,0.6237186193466187,0.5733945369720459,0.6237186193466187,0.7200000286102295,0.7777777910232544
2,1,132,0.5722158551216125,0.6229198575019836,0.5722158551216125,0.6229198575019836,0.7400000095367432,0.7777777910232544
2,1,133,0.5710363984107971,0.6221922636032104,0.5710363984107971,0.6221922636032104,0.7400000095367432,0.7777777910232544
2,1,134,0.5698516964912415,0.6214755773544312,0.5698516964912415,0.6214755773544312,0.7400000095367432,0.7777777910232544
2,1,135,0.5686691403388977,0.6207844018936157,0.5686691403388977,0.6207844018936157,0.7400000095367432,0.7777777910232544
2,1,136,0.5674731731414795,0.6200973987579346,0.5674731731414795,0.6200973987579346,0.7400000095367432,0.7777777910232544
2,1,137,0.5662730932235718,0.619379997253418,0.5662730932235718,0.619379997253418,0.7400000095367432,0.7777777910232544
2,1,138,0.5650527477264404,0.6186767220497131,0.5650527477264404,0.6186767220497131,0.7599999904632568,0.7777777910232544
2,1,139,0.5638234615325928,0.6180145144462585,0.5638234615325928,0.6180145144462585,0.7599999904632568,0.7777777910232544
2,1,140,0.5626031160354614,0.617397129535675,0.5626031160354614,0.617397129535675,0.7599999904632568,0.7777777910232544
2,1,141,0.5613967776298523,0.6167171597480774,0.5613967776298523,0.6167171597480774,0.7599999904632568,0.7777777910232544
2,1,142,0.5601937770843506,0.6160003542900085,0.5601937770843506,0.6160003542900085,0.7599999904632568,0.7777777910232544
2,1,143,0.5589877367019653,0.6152565479278564,0.5589877367019653,0.6152565479278564,0.7599999904632568,0.7777777910232544
2,1,144,0.5577574372291565,0.6145117282867432,0.5577574372291565,0.6145117282867432,0.7599999904632568,0.7777777910232544
2,1,145,0.5565057396888733,0.6137681007385254,0.5565057396888733,0.6137681007385254,0.7599999904632568,0.7777777910232544
2,1,146,0.5552318692207336,0.6130521893501282,0.5552318692207336,0.6130521893501282,0.7599999904632568,0.7777777910232544
2,1,147,0.5539792776107788,0.6123338341712952,0.5539792776107788,0.6123338341712952,0.7599999904632568,0.7777777910232544
2,1,148,0.5527359843254089,0.6116030216217041,0.5527359843254089,0.6116030216217041,0.7599999904632568,0.7777777910232544
2,1,149,0.551487922668457,0.6108728647232056,0.551487922668457,0.6108728647232056,0.7599999904632568,0.7777777910232544
2,1,150,0.5502085089683533,0.6101205348968506,0.5502085089683533,0.6101205348968506,0.7599999904632568,0.7777777910232544
2,1,151,0.5489155054092407,0.6092990040779114,0.5489155054092407,0.6092990040779114,0.7599999904632568,0.7777777910232544
2,1,152,0.5476039052009583,0.6084709167480469,0.5476039052009583,0.6084709167480469,0.7599999904632568,0.7777777910232544
2,1,153,0.5462707281112671,0.6076402068138123,0.5462707281112671,0.6076402068138123,0.7599999904632568,0.7777777910232544
2,1,154,0.5449226498603821,0.6067690253257751,0.5449226498603821,0.6067690253257751,0.7799999713897705,0.7777777910232544
2,1,155,0.5435585379600525,0.6058683395385742,0.5435585379600525,0.6058683395385742,0.7799999713897705,0.7777777910232544
2,1,156,0.5421948432922363,0.6049202084541321,0.5421948432922363,0.6049202084541321,0.7799999713897705,0.7777777910232544
2,1,157,0.5408408641815186,0.6039639115333557,0.5408408641815186,0.6039639115333557,0.7799999713897705,0.7777777910232544
2,1,158,0.5394861698150635,0.6030337810516357,0.5394861698150635,0.6030337810516357,0.7799999713897705,0.7777777910232544
2,1,159,0.5381202697753906,0.6020793318748474,0.5381202697753906,0.6020793318748474,0.7799999713897705,0.7777777910232544
2,1,160,0.5367679595947266,0.6011449694633484,0.5367679595947266,0.6011449694633484,0.7799999713897705,0.7777777910232544
2,1,161,0.5354241728782654,0.6002625226974487,0.5354241728782654,0.6002625226974487,0.7799999713897705,0.7777777910232544
2,1,162,0.534076452255249,0.5993422865867615,0.534076452255249,0.5993422865867615,0.7799999713897705,0.7777777910232544
2,1,163,0.5327266454696655,0.5984076857566833,0.5327266454696655,0.5984076857566833,0.7799999713897705,0.7777777910232544
2,1,164,0.5313814878463745,0.5975186824798584,0.5313814878463745,0.5975186824798584,0.7799999713897705,0.7777777910232544
2,1,165,0.5300325751304626,0.5966095328330994,0.5300325751304626,0.5966095328330994,0.7799999713897705,0.7777777910232544
2,1,166,0.5286533832550049,0.5956358909606934,0.5286533832550049,0.5956358909606934,0.7799999713897705,0.7777777910232544
2,1,167,0.5272727608680725,0.5946412086486816,0.5272727608680725,0.5946412086486816,0.7799999713897705,0.7777777910232544
2,1,168,0.5258815884590149,0.5936559438705444,0.5258815884590149,0.5936559438705444,0.800000011920929,0.7777777910232544
2,1,169,0.5244855284690857,0.5927571058273315,0.5244855284690857,0.5927571058273315,0.8199999928474426,0.7777777910232544
2,1,170,0.5231058597564697,0.5918940305709839,0.5231058597564697,0.5918940305709839,0.8199999928474426,0.7777777910232544
2,1,171,0.5217207074165344,0.5909403562545776,0.5217207074165344,0.5909403562545776,0.8199999928474426,0.7777777910232544
2,1,172,0.5203436017036438,0.5898905992507935,0.5203436017036438,0.5898905992507935,0.8199999928474426,0.7777777910232544
2,1,173,0.5189824104309082,0.5888555645942688,0.5189824104309082,0.5888555645942688,0.8199999928474426,0.7777777910232544
2,1,174,0.5176507234573364,0.5878640413284302,0.5176507234573364,0.5878640413284302,0.8199999928474426,0.7777777910232544
2,1,175,0.5162835121154785,0.5868554711341858,0.5162835121154785,0.5868554711341858,0.8199999928474426,0.7777777910232544
2,1,176,0.5149103999137878,0.5858641266822815,0.5149103999137878,0.5858641266822815,0.8199999928474426,0.7777777910232544
2,1,177,0.5135343074798584,0.5848703384399414,0.5135343074798584,0.5848703384399414,0.8199999928474426,0.7777777910232544
2,1,178,0.5121474266052246,0.583737850189209,0.5121474266052246,0.583737850189209,0.8199999928474426,0.7777777910232544
2,1,179,0.5107666850090027,0.5825470685958862,0.5107666850090027,0.5825470685958862,0.8199999928474426,0.7777777910232544
2,1,180,0.5093767046928406,0.5813896656036377,0.5093767046928406,0.5813896656036377,0.8199999928474426,0.7777777910232544
2,1,181,0.5079877376556396,0.5802291035652161,0.5079877376556396,0.5802291035652161,0.8199999928474426,0.7777777910232544
2,1,182,0.5065966248512268,0.5790773630142212,0.5065966248512268,0.5790773630142212,0.8199999928474426,0.7777777910232544
2,1,183,0.5051988363265991,0.5779053568840027,0.5051988363265991,0.5779053568840027,0.8199999928474426,0.7777777910232544
2,1,184,0.503807544708252,0.5767464637756348,0.503807544708252,0.5767464637756348,0.8199999928474426,0.7777777910232544
2,1,185,0.5024253726005554,0.5756020545959473,0.5024253726005554,0.5756020545959473,0.8199999928474426,0.7777777910232544
2,1,186,0.5010324716567993,0.57442706823349,0.5010324716567993,0.57442706823349,0.8199999928474426,0.7777777910232544
2,1,187,0.4996080696582794,0.5731934309005737,0.4996080696582794,0.5731934309005737,0.8199999928474426,0.7777777910232544
2,1,188,0.4981866478919983,0.572015643119812,0.4981866478919983,0.572015643119812,0.8199999928474426,0.7777777910232544
2,1,189,0.4967803955078125,0.5708264112472534,0.4967803955078125,0.5708264112472534,0.8199999928474426,0.7777777910232544
2,1,190,0.4953629672527313,0.5695547461509705,0.4953629672527313,0.5695547461509705,0.8199999928474426,0.7777777910232544
2,1,191,0.49392616748809814,0.5682748556137085,0.49392616748809814,0.5682748556137085,0.8199999928474426,0.7777777910232544
2,1,192,0.4924639165401459,0.5670135021209717,0.49246394634246826,0.5670135021209717,0.8199999928474426,0.7777777910232544
2,1,193,0.491007536649704,0.5657171010971069,0.4910075068473816,0.5657171010971069,0.8199999928474426,0.7777777910232544
2,1,194,0.48956459760665894,0.5644564628601074,0.48956459760665894,0.5644564628601074,0.8199999928474426,0.7777777910232544
2,1,195,0.4881370961666107,0.5632085800170898,0.4881370961666107,0.5632085800170898,0.8199999928474426,0.7777777910232544
2,1,196,0.48668986558914185,0.5618875026702881,0.48668986558914185,0.5618875026702881,0.8199999928474426,0.7777777910232544
2,1,197,0.4851894676685333,0.5605392456054688,0.4851894676685333,0.5605392456054688,0.8199999928474426,0.7777777910232544
2,1,198,0.4836845397949219,0.5592294931411743,0.4836845397949219,0.5592294931411743,0.8199999928474426,0.7777777910232544
2,1,199,0.4822225272655487,0.5579425096511841,0.4822225272655487,0.5579425096511841,0.8199999928474426,0.7777777910232544
2,1,200,0.4807627201080322,0.556606113910675,0.4807627201080322,0.556606113910675,0.8199999928474426,0.7777777910232544
2,1,201,0.4792630076408386,0.5552363991737366,0.4792630076408386,0.5552363991737366,0.8199999928474426,0.7777777910232544
2,1,202,0.4777602255344391,0.553941011428833,0.4777602255344391,0.553941011428833,0.8199999928474426,0.7777777910232544
2,1,203,0.4762711822986603,0.5526947379112244,0.4762711822986603,0.5526947379112244,0.8199999928474426,0.7777777910232544
2,1,204,0.4747787415981293,0.55148845911026,0.4747787415981293,0.55148845911026,0.8199999928474426,0.7777777910232544
2,1,205,0.47329750657081604,0.5502893328666687,0.47329750657081604,0.5502893328666687,0.8199999928474426,0.7777777910232544
2,1,206,0.47179996967315674,0.5490729212760925,0.47179996967315674,0.5490729212760925,0.8199999928474426,0.7777777910232544
2,1,207,0.4703098237514496,0.5478364825248718,0.4703098237514496,0.5478364825248718,0.8199999928474426,0.7777777910232544
2,1,208,0.46883368492126465,0.5466179847717285,0.46883368492126465,0.5466179847717285,0.8199999928474426,0.7777777910232544
2,1,209,0.467336505651474,0.5453994274139404,0.467336505651474,0.5453994274139404,0.8199999928474426,0.7777777910232544
2,1,210,0.4658404290676117,0.5441969037055969,0.4658404290676117,0.5441969037055969,0.8199999928474426,0.7777777910232544
2,1,211,0.4643402397632599,0.5429826974868774,0.4643402397632599,0.5429826974868774,0.8199999928474426,0.7777777910232544
2,1,212,0.4628048837184906,0.5417301058769226,0.4628048837184906,0.5417301058769226,0.8199999928474426,0.7777777910232544
2,1,213,0.4612751007080078,0.5404627323150635,0.4612751007080078,0.5404627323150635,0.8199999928474426,0.7777777910232544
2,1,214,0.4597681164741516,0.539318323135376,0.4597681164741516,0.539318323135376,0.8199999928474426,0.7777777910232544
2,1,215,0.4582432210445404,0.5382891893386841,0.4582432210445404,0.5382891893386841,0.8199999928474426,0.7777777910232544
2,1,216,0.4567267894744873,0.5371311902999878,0.4567267894744873,0.5371311902999878,0.8199999928474426,0.7777777910232544
2,1,217,0.45516663789749146,0.5357774496078491,0.45516663789749146,0.5357774496078491,0.8199999928474426,0.6666666865348816
2,1,218,0.45359089970588684,0.5345175266265869,0.45359089970588684,0.5345175266265869,0.8199999928474426,0.6666666865348816
2,1,219,0.4520142376422882,0.5333986282348633,0.4520142376422882,0.5333986282348633,0.8399999737739563,0.6666666865348816
2,1,220,0.45044708251953125,0.5322494506835938,0.45044708251953125,0.5322494506835938,0.8399999737739563,0.6666666865348816
2,1,221,0.4488552212715149,0.5310307145118713,0.4488551616668701,0.5310307145118713,0.8399999737739563,0.6666666865348816
2,1,222,0.4472621977329254,0.5297561287879944,0.4472621977329254,0.5297561287879944,0.8399999737739563,0.6666666865348816
2,1,223,0.44566190242767334,0.5284652709960938,0.44566190242767334,0.5284652709960938,0.8399999737739563,0.6666666865348816
2,1,224,0.4440516531467438,0.5272245407104492,0.4440516531467438,0.5272245407104492,0.8399999737739563,0.6666666865348816
2,1,225,0.44245636463165283,0.5260396003723145,0.44245636463165283,0.5260396003723145,0.8399999737739563,0.7777777910232544
2,1,226,0.44085049629211426,0.5248919129371643,0.44085049629211426,0.5248919129371643,0.8399999737739563,0.7777777910232544
2,1,227,0.4392382800579071,0.5237302780151367,0.4392382800579071,0.5237302780151367,0.8399999737739563,0.7777777910232544
2,1,228,0.4376038610935211,0.5225569605827332,0.4376038610935211,0.5225569605827332,0.8399999737739563,0.7777777910232544
2,1,229,0.43596771359443665,0.5213571190834045,0.43596771359443665,0.5213571190834045,0.8600000143051147,0.7777777910232544
2,1,230,0.43436476588249207,0.5202237963676453,0.43436476588249207,0.5202237963676453,0.8600000143051147,0.7777777910232544
2,1,231,0.4327727258205414,0.5190606713294983,0.4327727258205414,0.5190606713294983,0.8600000143051147,0.7777777910232544
2,1,232,0.4311622679233551,0.5178709030151367,0.4311622679233551,0.5178709030151367,0.8600000143051147,0.7777777910232544
2,1,233,0.4295680522918701,0.5167133808135986,0.4295680522918701,0.5167133808135986,0.8600000143051147,0.7777777910232544
2,1,234,0.4279179275035858,0.515547513961792,0.4279179275035858,0.515547513961792,0.8600000143051147,0.7777777910232544
2,1,235,0.42627549171447754,0.5143898725509644,0.42627549171447754,0.5143898725509644,0.8600000143051147,0.7777777910232544
2,1,236,0.4246782958507538,0.5131843090057373,0.4246782958507538,0.5131843090057373,0.8600000143051147,0.7777777910232544
2,1,237,0.42308974266052246,0.5118973255157471,0.42308974266052246,0.5118973255157471,0.8600000143051147,0.7777777910232544
2,1,238,0.4214790463447571,0.5106649994850159,0.4214790463447571,0.5106649994850159,0.8600000143051147,0.7777777910232544
2,1,239,0.41988661885261536,0.5094287991523743,0.41988661885261536,0.5094287991523743,0.8600000143051147,0.7777777910232544
2,1,240,0.4182678163051605,0.5083643198013306,0.4182678163051605,0.5083643198013306,0.8600000143051147,0.7777777910232544
2,1,241,0.4166400134563446,0.5073287487030029,0.4166400134563446,0.5073287487030029,0.8600000143051147,0.7777777910232544
2,1,242,0.41504257917404175,0.5062985420227051,0.41504257917404175,0.5062985420227051,0.8600000143051147,0.7777777910232544
2,1,243,0.41340553760528564,0.5053060054779053,0.41340553760528564,0.5053060054779053,0.8600000143051147,0.7777777910232544
2,1,244,0.4117487967014313,0.5043449401855469,0.4117487967014313,0.5043449401855469,0.8600000143051147,0.7777777910232544
2,1,245,0.4100978970527649,0.5032801628112793,0.4100978970527649,0.5032801628112793,0.8600000143051147,0.7777777910232544
2,1,246,0.40841594338417053,0.5020434856414795,0.40841594338417053,0.5020434856414795,0.8600000143051147,0.7777777910232544
2,1,247,0.40677303075790405,0.5007977485656738,0.40677303075790405,0.5007977485656738,0.8600000143051147,0.7777777910232544
2,1,248,0.40514010190963745,0.49962499737739563,0.40514010190963745,0.49962499737739563,0.8600000143051147,0.7777777910232544
2,1,249,0.4034596383571625,0.4984963834285736,0.4034596383571625,0.4984963834285736,0.8600000143051147,0.7777777910232544
2,1,250,0.4017757475376129,0.49738794565200806,0.4017757475376129,0.49738794565200806,0.8600000143051147,0.7777777910232544
2,1,251,0.4001387357711792,0.4962345361709595,0.4001387357711792,0.4962345361709595,0.8600000143051147,0.7777777910232544
2,1,252,0.39850783348083496,0.4950622320175171,0.39850783348083496,0.4950622320175171,0.8600000143051147,0.7777777910232544
2,1,253,0.3968600332736969,0.4939652979373932,0.3968600332736969,0.4939652979373932,0.8600000143051147,0.7777777910232544
2,1,254,0.39520737528800964,0.4927631914615631,0.39520737528800964,0.4927631914615631,0.8600000143051147,0.7777777910232544
2,1,255,0.3935447037220001,0.49135568737983704,0.3935447037220001,0.49135568737983704,0.8600000143051147,0.7777777910232544
2,1,256,0.3919233977794647,0.4898599088191986,0.3919233977794647,0.4898599088191986,0.8600000143051147,0.7777777910232544
2,1,257,0.3903084695339203,0.48818132281303406,0.3903084695339203,0.48818132281303406,0.8600000143051147,0.7777777910232544
2,1,258,0.38872137665748596,0.48645782470703125,0.38872137665748596,0.48645782470703125,0.8600000143051147,0.7777777910232544
2,1,259,0.38711217045783997,0.4848268926143646,0.38711217045783997,0.4848268926143646,0.8600000143051147,0.7777777910232544
2,1,260,0.38547199964523315,0.4832107126712799,0.38547199964523315,0.4832107126712799,0.8600000143051147,0.7777777910232544
2,1,261,0.38378646969795227,0.4817134141921997,0.38378646969795227,0.4817134141921997,0.8600000143051147,0.7777777910232544
2,1,262,0.3821432590484619,0.48027658462524414,0.3821432590484619,0.48027658462524414,0.8600000143051147,0.7777777910232544
2,1,263,0.38052499294281006,0.4787042438983917,0.38052499294281006,0.4787042438983917,0.8600000143051147,0.7777777910232544
2,1,264,0.37892329692840576,0.4772012531757355,0.37892329692840576,0.4772012531757355,0.8600000143051147,0.7777777910232544
2,1,265,0.3773166537284851,0.4758740961551666,0.3773166537284851,0.4758740961551666,0.8600000143051147,0.7777777910232544
2,1,266,0.37570106983184814,0.4745956063270569,0.37570106983184814,0.4745956063270569,0.8600000143051147,0.7777777910232544
2,1,267,0.37412652373313904,0.4733182191848755,0.37412652373313904,0.4733182191848755,0.8600000143051147,0.7777777910232544
2,1,268,0.3725537955760956,0.47219118475914,0.3725537955760956,0.47219118475914,0.8600000143051147,0.7777777910232544
2,1,269,0.3709629774093628,0.47105154395103455,0.3709629774093628,0.47105154395103455,0.8600000143051147,0.7777777910232544
2,1,270,0.36936554312705994,0.4698540270328522,0.36936554312705994,0.4698540270328522,0.8600000143051147,0.7777777910232544
2,1,271,0.36777937412261963,0.46876034140586853,0.36777937412261963,0.46876034140586853,0.8600000143051147,0.7777777910232544
2,1,272,0.3661838173866272,0.467684268951416,0.3661838173866272,0.467684268951416,0.8600000143051147,0.7777777910232544
2,1,273,0.3646526336669922,0.46660321950912476,0.3646526336669922,0.46660321950912476,0.8600000143051147,0.7777777910232544
2,1,274,0.3630729615688324,0.46561187505722046,0.3630729615688324,0.46561187505722046,0.8600000143051147,0.7777777910232544
2,1,275,0.3614605963230133,0.4646507799625397,0.3614605963230133,0.4646507799625397,0.8600000143051147,0.7777777910232544
2,1,276,0.35986998677253723,0.4635432958602905,0.35986998677253723,0.4635432958602905,0.8600000143051147,0.7777777910232544
2,1,277,0.35830411314964294,0.46239981055259705,0.35830411314964294,0.46239981055259705,0.8600000143051147,0.7777777910232544
2,1,278,0.35672491788864136,0.4612385034561157,0.35672491788864136,0.4612385034561157,0.8600000143051147,0.7777777910232544
2,1,279,0.3551247715950012,0.46012476086616516,0.3551247715950012,0.46012476086616516,0.8600000143051147,0.7777777910232544
2,1,280,0.35350102186203003,0.45896026492118835,0.35350102186203003,0.45896026492118835,0.8600000143051147,0.7777777910232544
2,1,281,0.35192689299583435,0.4577561616897583,0.35192689299583435,0.4577561616897583,0.8600000143051147,0.7777777910232544
2,1,282,0.35033920407295227,0.4565929174423218,0.35033920407295227,0.4565929174423218,0.8600000143051147,0.7777777910232544
2,1,283,0.3487444818019867,0.45553621649742126,0.3487444818019867,0.45553621649742126,0.8799999952316284,0.7777777910232544
2,1,284,0.34716111421585083,0.4545484185218811,0.34716111421585083,0.4545484185218811,0.8799999952316284,0.7777777910232544
2,1,285,0.3455882966518402,0.45358017086982727,0.3455882966518402,0.45358017086982727,0.8799999952316284,0.7777777910232544
2,1,286,0.34401071071624756,0.4525754153728485,0.34401071071624756,0.4525754153728485,0.8799999952316284,0.7777777910232544
2,1,287,0.34245628118515015,0.4514275789260864,0.34245628118515015,0.4514275789260864,0.8799999952316284,0.7777777910232544
2,1,288,0.3409062325954437,0.4503437578678131,0.3409062325954437,0.4503437578678131,0.8799999952316284,0.7777777910232544
2,1,289,0.3393407464027405,0.44933292269706726,0.3393407464027405,0.44933292269706726,0.8799999952316284,0.7777777910232544
2,1,290,0.3378041088581085,0.448354572057724,0.3378041088581085,0.448354572057724,0.8799999952316284,0.7777777910232544
2,1,291,0.33628860116004944,0.44745302200317383,0.33628860116004944,0.44745302200317383,0.8799999952316284,0.7777777910232544
2,1,292,0.3347329795360565,0.44646283984184265,0.3347329795360565,0.44646283984184265,0.8799999952316284,0.7777777910232544
2,1,293,0.3331916034221649,0.44534826278686523,0.3331916034221649,0.44534826278686523,0.8999999761581421,0.7777777910232544
2,1,294,0.33163946866989136,0.44418710470199585,0.33163946866989136,0.44418710470199585,0.8999999761581421,0.7777777910232544
2,1,295,0.3301176130771637,0.44326579570770264,0.3301176130771637,0.44326579570770264,0.8999999761581421,0.7777777910232544
2,1,296,0.32860037684440613,0.4423581063747406,0.32860037684440613,0.4423581063747406,0.8999999761581421,0.7777777910232544
2,1,297,0.32707497477531433,0.44145524501800537,0.32707497477531433,0.44145524501800537,0.8999999761581421,0.7777777910232544
2,1,298,0.3255508542060852,0.4404448866844177,0.3255508542060852,0.4404448866844177,0.8999999761581421,0.7777777910232544
2,1,299,0.32401198148727417,0.4393588602542877,0.32401198148727417,0.4393588602542877,0.8999999761581421,0.7777777910232544
2,1,300,0.3225367069244385,0.4383396506309509,0.3225367069244385,0.4383396506309509,0.8999999761581421,0.7777777910232544
3,1,1,0.6997106075286865,0.6862597465515137,0.6997106075286865,0.6862597465515137,0.4399999976158142,0.4444444477558136
3,1,2,0.6978664398193359,0.6856768727302551,0.6978664398193359,0.6856768727302551,0.46000000834465027,0.4444444477558136
3,1,3,0.6963481903076172,0.6852444410324097,0.6963481903076172,0.6852444410324097,0.47999998927116394,0.4444444477558136
3,1,4,0.6948944330215454,0.6848448514938354,0.6948944330215454,0.6848448514938354,0.5,0.4444444477558136
3,1,5,0.6934864521026611,0.6844480037689209,0.6934864521026611,0.6844480037689209,0.47999998927116394,0.4444444477558136
3,1,6,0.6920899748802185,0.6840550899505615,0.6920899748802185,0.6840550899505615,0.47999998927116394,0.4444444477558136
3,1,7,0.6907256841659546,0.6836893558502197,0.6907256841659546,0.6836893558502197,0.5199999809265137,0.5555555820465088
3,1,8,0.6893895864486694,0.6833581924438477,0.6893895864486694,0.6833581924438477,0.5199999809265137,0.5555555820465088
3,1,9,0.6881141662597656,0.68300461769104,0.6881141662597656,0.68300461769104,0.5799999833106995,0.7777777910232544
3,1,10,0.686900794506073,0.6826582551002502,0.686900794506073,0.6826582551002502,0.6200000047683716,0.7777777910232544
3,1,11,0.6856777667999268,0.6823326349258423,0.6856777667999268,0.6823326349258423,0.6399999856948853,0.7777777910232544
3,1,12,0.684464693069458,0.6820030212402344,0.684464693069458,0.6820030212402344,0.6600000262260437,0.7777777910232544
3,1,13,0.6832762360572815,0.6816579103469849,0.6832762360572815,0.6816579103469849,0.699999988079071,0.7777777910232544
3,1,14,0.6821187734603882,0.6813061833381653,0.6821187734603882,0.6813061833381653,0.7599999904632568,0.7777777910232544
3,1,15,0.6809790134429932,0.6809579730033875,0.6809790134429932,0.6809579730033875,0.7599999904632568,0.7777777910232544
3,1,16,0.6798766255378723,0.6806304454803467,0.6798766255378723,0.6806304454803467,0.7599999904632568,0.7777777910232544
3,1,17,0.6788226962089539,0.680305004119873,0.6788226962089539,0.680305004119873,0.6600000262260437,0.7777777910232544
3,1,18,0.6778022646903992,0.6799943447113037,0.6778022646903992,0.6799943447113037,0.6800000071525574,0.6666666865348816
3,1,19,0.6767924427986145,0.6796804070472717,0.6767924427986145,0.6796804070472717,0.6800000071525574,0.6666666865348816
3,1,20,0.6758010983467102,0.6793925762176514,0.6758010983467102,0.6793925762176514,0.699999988079071,0.6666666865348816
3,1,21,0.6748183965682983,0.679100751876831,0.6748183965682983,0.679100751876831,0.699999988079071,0.6666666865348816
3,1,22,0.6738338470458984,0.6788111329078674,0.6738338470458984,0.6788111329078674,0.699999988079071,0.6666666865348816
3,1,23,0.6728551983833313,0.6785247325897217,0.6728551983833313,0.6785247325897217,0.6800000071525574,0.6666666865348816
3,1,24,0.6718888282775879,0.6782636642456055,0.6718888282775879,0.6782636642456055,0.6800000071525574,0.7777777910232544
3,1,25,0.6709327697753906,0.6780185699462891,0.6709327697753906,0.6780185699462891,0.6800000071525574,0.7777777910232544
3,1,26,0.6699888706207275,0.677764892578125,0.6699888706207275,0.677764892578125,0.6600000262260437,0.7777777910232544
3,1,27,0.6690391302108765,0.6774983406066895,0.6690391302108765,0.6774983406066895,0.6800000071525574,0.7777777910232544
3,1,28,0.6680921912193298,0.6771748065948486,0.6680921912193298,0.6771748065948486,0.699999988079071,0.7777777910232544
3,1,29,0.6671494245529175,0.6768300533294678,0.6671494245529175,0.6768300533294678,0.699999988079071,0.7777777910232544
3,1,30,0.6661932468414307,0.6764861345291138,0.6661932468414307,0.6764861345291138,0.7200000286102295,0.7777777910232544
3,1,31,0.665219783782959,0.6761572360992432,0.665219783782959,0.6761572360992432,0.7200000286102295,0.7777777910232544
3,1,32,0.6642232537269592,0.6758531332015991,0.6642232537269592,0.6758531332015991,0.7200000286102295,0.7777777910232544
3,1,33,0.6632175445556641,0.6755593419075012,0.6632175445556641,0.6755593419075012,0.7200000286102295,0.7777777910232544
3,1,34,0.6622041463851929,0.6752375960350037,0.6622041463851929,0.6752375960350037,0.7200000286102295,0.7777777910232544
3,1,35,0.6611822247505188,0.674887478351593,0.6611822247505188,0.674887478351593,0.7200000286102295,0.7777777910232544
3,1,36,0.6601357460021973,0.6745241284370422,0.6601357460021973,0.6745241284370422,0.7200000286102295,0.7777777910232544
3,1,37,0.6590603590011597,0.6740816831588745,0.6590603590011597,0.6740816831588745,0.7200000286102295,0.7777777910232544
3,1,38,0.6579658389091492,0.6736993789672852,0.6579658389091492,0.6736993789672852,0.7200000286102295,0.7777777910232544
3,1,39,0.6568639874458313,0.6733171343803406,0.6568639874458313,0.6733171343803406,0.7200000286102295,0.7777777910232544
3,1,40,0.655768871307373,0.6729239225387573,0.655768871307373,0.6729239225387573,0.7200000286102295,0.7777777910232544
3,1,41,0.6546549201011658,0.6725232601165771,0.6546549201011658,0.6725232601165771,0.7200000286102295,0.6666666865348816
3,1,42,0.6535422801971436,0.6721012592315674,0.6535422801971436,0.6721012592315674,0.7200000286102295,0.6666666865348816
3,1,43,0.6523998975753784,0.6716731786727905,0.6523998975753784,0.6716731786727905,0.7400000095367432,0.7777777910232544
3,1,44,0.6512500643730164,0.6712789535522461,0.6512500643730164,0.6712789535522461,0.7400000095367432,0.7777777910232544
3,1,45,0.650119960308075,0.6708983778953552,0.650119960308075,0.6708983778953552,0.7400000095367432,0.7777777910232544
3,1,46,0.6489863395690918,0.6704936027526855,0.6489864587783813,0.6704936027526855,0.7400000095367432,0.7777777910232544
3,1,47,0.6478321552276611,0.6701061129570007,0.6478321552276611,0.6701061129570007,0.7400000095367432,0.7777777910232544
3,1,48,0.6466600894927979,0.6697216629981995,0.6466600894927979,0.6697216629981995,0.7400000095367432,0.7777777910232544
3,1,49,0.645485520362854,0.6693201661109924,0.6454856395721436,0.6693201661109924,0.7400000095367432,0.7777777910232544
3,1,50,0.6443113684654236,0.6689048409461975,0.6443113684654236,0.6689048409461975,0.7400000095367432,0.7777777910232544
3,1,51,0.6431276202201843,0.668495237827301,0.6431276202201843,0.668495237827301,0.7400000095367432,0.7777777910232544
3,1,52,0.641940176486969,0.6680487394332886,0.641940176486969,0.6680487394332886,0.7400000095367432,0.7777777910232544
3,1,53,0.6407405138015747,0.667572557926178,0.6407405138015747,0.667572557926178,0.7400000095367432,0.8888888955116272
3,1,54,0.6395189166069031,0.6671202778816223,0.6395189166069031,0.6671202778816223,0.7400000095367432,0.8888888955116272
3,1,55,0.6383130550384521,0.6666824817657471,0.6383130550384521,0.6666824817657471,0.7599999904632568,0.8888888955116272
3,1,56,0.6370853781700134,0.6662108898162842,0.6370853781700134,0.6662108898162842,0.7599999904632568,0.8888888955116272
3,1,57,0.6358295679092407,0.665701150894165,0.6358296275138855,0.665701150894165,0.7799999713897705,0.8888888955116272
3,1,58,0.6345626711845398,0.665168046951294,0.6345626711845398,0.665168046951294,0.7799999713897705,0.8888888955116272
3,1,59,0.6332859396934509,0.664616584777832,0.6332859396934509,0.664616584777832,0.7799999713897705,0.8888888955116272
3,1,60,0.631995439529419,0.664093017578125,0.631995439529419,0.664093017578125,0.7799999713897705,0.8888888955116272
3,1,61,0.6306942105293274,0.6635911464691162,0.6306942105293274,0.6635911464691162,0.7799999713897705,0.8888888955116272
3,1,62,0.6293703317642212,0.6630429029464722,0.6293703317642212,0.6630429029464722,0.7799999713897705,0.8888888955116272
3,1,63,0.6280362606048584,0.6624673008918762,0.6280362606048584,0.6624673008918762,0.7799999713897705,0.8888888955116272
3,1,64,0.6267053484916687,0.6619007587432861,0.6267053484916687,0.6619007587432861,0.7799999713897705,0.8888888955116272
3,1,65,0.625368058681488,0.6613709330558777,0.625368058681488,0.6613709330558777,0.7799999713897705,0.8888888955116272
3,1,66,0.6240436434745789,0.66093510389328,0.6240436434745789,0.66093510389328,0.7799999713897705,0.8888888955116272
3,1,67,0.6227136850357056,0.6605674624443054,0.6227136850357056,0.6605674624443054,0.7799999713897705,0.7777777910232544
3,1,68,0.6213733553886414,0.6602490544319153,0.6213733553886414,0.6602490544319153,0.7799999713897705,0.6666666865348816
3,1,69,0.6200163960456848,0.6599094271659851,0.6200163960456848,0.6599094271659851,0.7799999713897705,0.6666666865348816
3,1,70,0.6186668872833252,0.6595417857170105,0.6186668872833252,0.6595417857170105,0.7799999713897705,0.6666666865348816
3,1,71,0.6173104047775269,0.6591000556945801,0.6173104047775269,0.6591000556945801,0.7799999713897705,0.6666666865348816
3,1,72,0.6159442067146301,0.6586223244667053,0.6159442067146301,0.6586223244667053,0.7799999713897705,0.6666666865348816
3,1,73,0.6145632266998291,0.6582075357437134,0.6145632266998291,0.6582075357437134,0.7799999713897705,0.6666666865348816
3,1,74,0.6131860017776489,0.6578037738800049,0.6131860017776489,0.6578037738800049,0.7799999713897705,0.6666666865348816
3,1,75,0.6118021607398987,0.6573850512504578,0.6118021607398987,0.6573850512504578,0.7799999713897705,0.6666666865348816
3,1,76,0.6103948354721069,0.6568900942802429,0.6103948354721069,0.6568900942802429,0.7799999713897705,0.6666666865348816
3,1,77,0.6089685559272766,0.6563869714736938,0.6089684963226318,0.6563869714736938,0.7799999713897705,0.5555555820465088
3,1,78,0.6075359582901001,0.6558788418769836,0.6075359582901001,0.6558788418769836,0.7799999713897705,0.5555555820465088
3,1,79,0.6061110496520996,0.6553396582603455,0.6061110496520996,0.6553396582603455,0.7799999713897705,0.5555555820465088
3,1,80,0.604694128036499,0.6547682285308838,0.604694128036499,0.6547682285308838,0.7599999904632568,0.5555555820465088
3,1,81,0.6032831072807312,0.6541881561279297,0.6032831072807312,0.6541881561279297,0.7599999904632568,0.5555555820465088
3,1,82,0.6018567085266113,0.6536562442779541,0.6018567085266113,0.6536562442779541,0.7599999904632568,0.5555555820465088
3,1,83,0.6004412174224854,0.6531400084495544,0.6004412174224854,0.6531400084495544,0.7599999904632568,0.5555555820465088
3,1,84,0.5990265011787415,0.6526401042938232,0.5990265011787415,0.6526401042938232,0.7599999904632568,0.5555555820465088
3,1,85,0.597611665725708,0.6521793603897095,0.597611665725708,0.6521793603897095,0.7599999904632568,0.5555555820465088
3,1,86,0.5961936116218567,0.6517302393913269,0.5961936116218567,0.6517302393913269,0.7599999904632568,0.5555555820465088
3,1,87,0.5947786569595337,0.6513315439224243,0.5947785973548889,0.6513315439224243,0.7599999904632568,0.5555555820465088
3,1,88,0.5933606624603271,0.6509415507316589,0.5933606624603271,0.6509415507316589,0.7799999713897705,0.5555555820465088
3,1,89,0.5919314622879028,0.650511622428894,0.5919314622879028,0.650511622428894,0.7799999713897705,0.5555555820465088
3,1,90,0.5904765129089355,0.6500632762908936,0.5904765129089355,0.6500632762908936,0.7799999713897705,0.5555555820465088
3,1,91,0.5890012383460999,0.6495739817619324,0.5890012383460999,0.6495739817619324,0.7799999713897705,0.5555555820465088
3,1,92,0.5875256061553955,0.6490841507911682,0.5875256061553955,0.6490841507911682,0.7799999713897705,0.5555555820465088
3,1,93,0.5860407948493958,0.6485930681228638,0.5860407948493958,0.6485930681228638,0.7799999713897705,0.5555555820465088
3,1,94,0.5845580101013184,0.6480575203895569,0.5845580101013184,0.6480575203895569,0.800000011920929,0.5555555820465088
3,1,95,0.5830499529838562,0.6475667953491211,0.5830499529838562,0.6475667953491211,0.800000011920929,0.6666666865348816
3,1,96,0.5815324187278748,0.647171676158905,0.5815324187278748,0.647171676158905,0.800000011920929,0.6666666865348816
3,1,97,0.5800160765647888,0.6468273997306824,0.5800160765647888,0.6468273997306824,0.800000011920929,0.6666666865348816
3,1,98,0.5784950852394104,0.6464853286743164,0.5784950852394104,0.6464853286743164,0.800000011920929,0.6666666865348816
3,1,99,0.5769664645195007,0.646142840385437,0.5769664645195007,0.646142840385437,0.800000011920929,0.6666666865348816
3,1,100,0.5754381418228149,0.6457899212837219,0.5754381418228149,0.6457899212837219,0.800000011920929,0.6666666865348816
3,1,101,0.5739009380340576,0.6454704999923706,0.5739009380340576,0.6454704999923706,0.800000011920929,0.6666666865348816
3,1,102,0.5723639130592346,0.6451886892318726,0.5723639130592346,0.6451886892318726,0.800000011920929,0.6666666865348816
3,1,103,0.570830225944519,0.6448783278465271,0.570830225944519,0.6448783278465271,0.800000011920929,0.6666666865348816
3,1,104,0.5692784786224365,0.6446152329444885,0.5692784786224365,0.6446152329444885,0.800000011920929,0.6666666865348816
3,1,105,0.5677306652069092,0.644314169883728,0.5677306652069092,0.644314169883728,0.800000011920929,0.6666666865348816
3,1,106,0.5661402940750122,0.6440304517745972,0.5661402940750122,0.6440304517745972,0.800000011920929,0.6666666865348816
3,1,107,0.5645452737808228,0.6437970399856567,0.5645452737808228,0.6437970399856567,0.800000011920929,0.6666666865348816
3,1,108,0.562934398651123,0.6436225771903992,0.562934398651123,0.6436225771903992,0.8199999928474426,0.6666666865348816
3,1,109,0.5613024234771729,0.6434214115142822,0.5613024234771729,0.6434214115142822,0.8199999928474426,0.5555555820465088
3,1,110,0.5596669912338257,0.6430666446685791,0.5596669912338257,0.6430666446685791,0.8199999928474426,0.5555555820465088
3,1,111,0.5580236911773682,0.6426737308502197,0.5580236911773682,0.6426737308502197,0.8199999928474426,0.5555555820465088
3,1,112,0.5563846826553345,0.6423249244689941,0.5563846826553345,0.6423249244689941,0.8199999928474426,0.5555555820465088
3,1,113,0.5547336339950562,0.642067551612854,0.5547336339950562,0.642067551612854,0.8199999928474426,0.5555555820465088
3,1,114,0.5531166791915894,0.6417689919471741,0.5531166791915894,0.6417689919471741,0.8199999928474426,0.5555555820465088
3,1,115,0.5514823794364929,0.6414816379547119,0.5514823794364929,0.6414816379547119,0.8199999928474426,0.5555555820465088
3,1,116,0.5498335361480713,0.6412312388420105,0.5498335361480713,0.6412312388420105,0.8199999928474426,0.5555555820465088
3,1,117,0.5481873154640198,0.6409929990768433,0.5481873154640198,0.6409929990768433,0.8199999928474426,0.5555555820465088
3,1,118,0.5465431809425354,0.6407147645950317,0.5465431809425354,0.6407147645950317,0.8199999928474426,0.5555555820465088
3,1,119,0.5448969006538391,0.6403930187225342,0.5448969006538391,0.6403930187225342,0.8199999928474426,0.5555555820465088
3,1,120,0.5432372093200684,0.6400309205055237,0.5432372093200684,0.6400309205055237,0.8199999928474426,0.5555555820465088
3,1,121,0.5415551662445068,0.6397385597229004,0.5415551662445068,0.6397385597229004,0.8199999928474426,0.5555555820465088
3,1,122,0.5398795008659363,0.6394550800323486,0.5398795008659363,0.6394550800323486,0.8199999928474426,0.5555555820465088
3,1,123,0.5382009148597717,0.6391339302062988,0.5382009148597717,0.6391339302062988,0.8199999928474426,0.5555555820465088
3,1,124,0.5365068912506104,0.6388481855392456,0.5365068912506104,0.6388481855392456,0.8199999928474426,0.4444444477558136
3,1,125,0.5348243117332458,0.6386050581932068,0.5348243117332458,0.6386050581932068,0.8199999928474426,0.4444444477558136
3,1,126,0.5331721901893616,0.6384093165397644,0.5331721901893616,0.6384093165397644,0.8199999928474426,0.4444444477558136
3,1,127,0.531525194644928,0.6382489800453186,0.531525194644928,0.6382489800453186,0.8199999928474426,0.4444444477558136
3,1,128,0.5299095511436462,0.6380660533905029,0.5299095511436462,0.6380660533905029,0.8199999928474426,0.4444444477558136
3,1,129,0.5282862782478333,0.6379017233848572,0.5282862782478333,0.6379017233848572,0.8199999928474426,0.4444444477558136
3,1,130,0.5266540050506592,0.6378197073936462,0.5266540050506592,0.6378197073936462,0.8199999928474426,0.4444444477558136
3,1,131,0.5250189304351807,0.63778156042099,0.5250189304351807,0.63778156042099,0.8199999928474426,0.4444444477558136
3,1,132,0.5233823657035828,0.6377724409103394,0.5233823657035828,0.6377724409103394,0.8199999928474426,0.4444444477558136
3,1,133,0.5217469334602356,0.6377665996551514,0.5217469334602356,0.6377665996551514,0.8199999928474426,0.4444444477558136
3,1,134,0.5201175212860107,0.6377642750740051,0.5201175212860107,0.6377642750740051,0.8199999928474426,0.4444444477558136
3,1,135,0.5184619426727295,0.6378305554389954,0.5184619426727295,0.6378305554389954,0.8199999928474426,0.4444444477558136
3,1,136,0.5168144702911377,0.6379410624504089,0.5168144702911377,0.6379410624504089,0.8199999928474426,0.4444444477558136
3,1,137,0.515175998210907,0.6380885243415833,0.515175998210907,0.6380885243415833,0.8199999928474426,0.4444444477558136
3,1,138,0.5135290622711182,0.6382629871368408,0.5135290622711182,0.6382629871368408,0.8199999928474426,0.4444444477558136
3,1,139,0.5118902325630188,0.6384556889533997,0.5118902325630188,0.6384556889533997,0.8199999928474426,0.4444444477558136
3,1,140,0.5102543830871582,0.638699471950531,0.5102543830871582,0.638699471950531,0.8399999737739563,0.4444444477558136
3,1,141,0.5086185336112976,0.6390141248703003,0.5086185336112976,0.6390141248703003,0.8399999737739563,0.4444444477558136
3,1,142,0.5069779753684998,0.6392682194709778,0.5069779753684998,0.6392682194709778,0.8399999737739563,0.4444444477558136
3,1,143,0.5053294897079468,0.6394801139831543,0.5053294897079468,0.6394801139831543,0.8399999737739563,0.4444444477558136
3,1,144,0.5036677718162537,0.6397223472595215,0.5036677718162537,0.6397223472595215,0.8399999737739563,0.4444444477558136
3,1,145,0.5020205974578857,0.6399725079536438,0.5020205974578857,0.6399725079536438,0.8600000143051147,0.4444444477558136
3,1,146,0.5003542304039001,0.6401681900024414,0.5003542304039001,0.6401681900024414,0.8600000143051147,0.4444444477558136
3,1,147,0.4986777603626251,0.6402615904808044,0.4986777603626251,0.6402615904808044,0.8600000143051147,0.4444444477558136
3,1,148,0.49697479605674744,0.6403960585594177,0.49697479605674744,0.6403960585594177,0.8600000143051147,0.4444444477558136
3,1,149,0.4952628016471863,0.6406295895576477,0.4952628016471863,0.6406295895576477,0.8600000143051147,0.4444444477558136
3,1,150,0.49355971813201904,0.6408573389053345,0.49355971813201904,0.6408573389053345,0.8600000143051147,0.4444444477558136
3,1,151,0.491862028837204,0.6411216259002686,0.491862028837204,0.6411216259002686,0.8600000143051147,0.4444444477558136
3,1,152,0.4901663661003113,0.6414863467216492,0.4901663661003113,0.6414863467216492,0.8600000143051147,0.4444444477558136
3,1,153,0.4884517192840576,0.6418306231498718,0.4884517192840576,0.6418306231498718,0.8600000143051147,0.4444444477558136
3,1,154,0.48673152923583984,0.6421682238578796,0.48673152923583984,0.6421682238578796,0.8600000143051147,0.4444444477558136
3,1,155,0.485006183385849,0.6425151824951172,0.485006183385849,0.6425151824951172,0.8600000143051147,0.4444444477558136
3,1,156,0.4832691550254822,0.6429250240325928,0.4832691550254822,0.6429250240325928,0.8600000143051147,0.4444444477558136
3,1,157,0.4815252423286438,0.6432870626449585,0.4815252423286438,0.6432870626449585,0.8600000143051147,0.4444444477558136
3,1,158,0.4797815680503845,0.6436261534690857,0.4797815680503845,0.6436261534690857,0.8600000143051147,0.4444444477558136
4,1,1,0.6953617930412292,0.6982357501983643,0.6953617930412292,0.6982357501983643,0.5799999833106995,0.5555555820465088
4,1,2,0.6929757595062256,0.6967333555221558,0.6929757595062256,0.6967333555221558,0.5799999833106995,0.5555555820465088
4,1,3,0.691214382648468,0.6953437328338623,0.691214382648468,0.6953437328338623,0.5799999833106995,0.5555555820465088
4,1,4,0.6896108388900757,0.6940425038337708,0.6896108388900757,0.6940425038337708,0.5799999833106995,0.5555555820465088
4,1,5,0.6881039142608643,0.6927779912948608,0.6881039142608643,0.6927779912948608,0.5799999833106995,0.5555555820465088
4,1,6,0.6866661906242371,0.6916318535804749,0.6866661906242371,0.6916318535804749,0.5799999833106995,0.5555555820465088
4,1,7,0.6852913498878479,0.690536618232727,0.6852913498878479,0.690536618232727,0.5799999833106995,0.5555555820465088
4,1,8,0.6839741468429565,0.6895011067390442,0.6839741468429565,0.6895011067390442,0.5799999833106995,0.5555555820465088
4,1,9,0.6827541589736938,0.6884657740592957,0.6827541589736938,0.6884657740592957,0.5799999833106995,0.5555555820465088
4,1,10,0.6815920472145081,0.6874915361404419,0.6815920472145081,0.6874915361404419,0.5799999833106995,0.5555555820465088
4,1,11,0.6804943680763245,0.6865862607955933,0.6804943680763245,0.6865862607955933,0.5799999833106995,0.5555555820465088
4,1,12,0.6794401407241821,0.6857827305793762,0.6794401407241821,0.6857827305793762,0.5799999833106995,0.5555555820465088
4,1,13,0.6784274578094482,0.685014009475708,0.6784274578094482,0.685014009475708,0.5799999833106995,0.5555555820465088
4,1,14,0.677457869052887,0.6842699646949768,0.677457869052887,0.6842699646949768,0.5799999833106995,0.5555555820465088
4,1,15,0.6765088438987732,0.6835472583770752,0.6765088438987732,0.6835472583770752,0.5799999833106995,0.5555555820465088
4,1,16,0.6755951642990112,0.6828588843345642,0.6755951642990112,0.6828588843345642,0.5799999833106995,0.5555555820465088
4,1,17,0.6746994256973267,0.682179868221283,0.6746994256973267,0.682179868221283,0.5799999833106995,0.5555555820465088
4,1,18,0.6738227605819702,0.6815001964569092,0.6738227605819702,0.6815001964569092,0.5799999833106995,0.5555555820465088
4,1,19,0.6729545593261719,0.6807962656021118,0.6729545593261719,0.6807962656021118,0.5799999833106995,0.5555555820465088
4,1,20,0.6720831990242004,0.6801013350486755,0.6720831990242004,0.6801013350486755,0.5799999833106995,0.5555555820465088
4,1,21,0.6712155938148499,0.6794261932373047,0.6712155938148499,0.6794261932373047,0.5799999833106995,0.5555555820465088
4,1,22,0.6703575253486633,0.6787817478179932,0.6703575253486633,0.6787817478179932,0.5799999833106995,0.5555555820465088
4,1,23,0.6695100665092468,0.6781755685806274,0.6695100665092468,0.6781755685806274,0.5799999833106995,0.5555555820465088
4,1,24,0.6686813831329346,0.67759770154953,0.6686813831329346,0.67759770154953,0.5799999833106995,0.5555555820465088
4,1,25,0.6678621768951416,0.67702317237854,0.6678621768951416,0.67702317237854,0.5799999833106995,0.5555555820465088
4,1,26,0.6670448184013367,0.6764443516731262,0.6670448184013367,0.6764443516731262,0.5799999833106995,0.5555555820465088
4,1,27,0.666233241558075,0.6758542656898499,0.666233241558075,0.6758542656898499,0.5799999833106995,0.5555555820465088
4,1,28,0.6654300689697266,0.6752461791038513,0.6654300689697266,0.6752461791038513,0.5799999833106995,0.5555555820465088
4,1,29,0.6646229028701782,0.6746299266815186,0.6646229028701782,0.6746299266815186,0.5799999833106995,0.5555555820465088
4,1,30,0.6638031601905823,0.6740291714668274,0.6638031601905823,0.6740291714668274,0.5799999833106995,0.5555555820465088
4,1,31,0.6629889011383057,0.6734364628791809,0.6629889011383057,0.6734364628791809,0.5799999833106995,0.5555555820465088
4,1,32,0.6621707081794739,0.672871470451355,0.6621707081794739,0.672871470451355,0.5799999833106995,0.5555555820465088
4,1,33,0.6613568067550659,0.6723215579986572,0.6613568067550659,0.6723215579986572,0.5799999833106995,0.5555555820465088
4,1,34,0.6605486869812012,0.6717714071273804,0.6605486869812012,0.6717714071273804,0.5799999833106995,0.5555555820465088
4,1,35,0.6597515344619751,0.6712486743927002,0.6597515344619751,0.6712486743927002,0.5799999833106995,0.5555555820465088
4,1,36,0.6589663624763489,0.6707502007484436,0.6589663624763489,0.6707502007484436,0.5799999833106995,0.5555555820465088
4,1,37,0.658185601234436,0.6702532172203064,0.658185601234436,0.6702532172203064,0.5799999833106995,0.5555555820465088
4,1,38,0.6574099063873291,0.669761598110199,0.6574099063873291,0.669761598110199,0.5799999833106995,0.5555555820465088
4,1,39,0.6566431522369385,0.6692859530448914,0.6566431522369385,0.6692859530448914,0.5799999833106995,0.5555555820465088
4,1,40,0.6558796763420105,0.6688332557678223,0.6558796763420105,0.6688332557678223,0.5799999833106995,0.5555555820465088
4,1,41,0.6551147699356079,0.668383002281189,0.6551147699356079,0.668383002281189,0.5799999833106995,0.5555555820465088
4,1,42,0.6543423533439636,0.6679351329803467,0.6543423533439636,0.6679351329803467,0.5799999833106995,0.5555555820465088
4,1,43,0.6535616517066956,0.6674597263336182,0.6535616517066956,0.6674597263336182,0.5799999833106995,0.5555555820465088
4,1,44,0.6527698040008545,0.6669824123382568,0.6527698040008545,0.6669824123382568,0.5799999833106995,0.5555555820465088
4,1,45,0.6519773006439209,0.6665037870407104,0.6519773006439209,0.6665037870407104,0.5799999833106995,0.5555555820465088
4,1,46,0.6511807441711426,0.6660287380218506,0.6511807441711426,0.6660287380218506,0.5799999833106995,0.5555555820465088
4,1,47,0.6503816843032837,0.6655123233795166,0.6503816843032837,0.6655123233795166,0.5799999833106995,0.5555555820465088
4,1,48,0.6495882272720337,0.66498863697052,0.6495882272720337,0.66498863697052,0.5799999833106995,0.5555555820465088
4,1,49,0.6487979292869568,0.6644794344902039,0.6487979292869568,0.6644794344902039,0.5799999833106995,0.5555555820465088
4,1,50,0.6480000019073486,0.6639376878738403,0.6480000019073486,0.6639376878738403,0.5799999833106995,0.5555555820465088
4,1,51,0.6471928358078003,0.6633898615837097,0.6471928358078003,0.6633898615837097,0.5799999833106995,0.5555555820465088
4,1,52,0.6463653445243835,0.6628679633140564,0.6463653445243835,0.6628679633140564,0.5799999833106995,0.5555555820465088
4,1,53,0.645541250705719,0.6623423099517822,0.645541250705719,0.6623423099517822,0.5799999833106995,0.5555555820465088
4,1,54,0.644723653793335,0.6618261337280273,0.644723653793335,0.6618261337280273,0.5799999833106995,0.5555555820465088
4,1,55,0.6439144611358643,0.6613180041313171,0.6439144611358643,0.6613180041313171,0.5799999833106995,0.5555555820465088
4,1,56,0.6430976390838623,0.6608189940452576,0.6430976390838623,0.6608189940452576,0.5799999833106995,0.5555555820465088
4,1,57,0.6422812938690186,0.6603013873100281,0.6422812938690186,0.6603013873100281,0.5799999833106995,0.5555555820465088
4,1,58,0.6414617896080017,0.6597863435745239,0.6414617896080017,0.6597863435745239,0.5799999833106995,0.5555555820465088
4,1,59,0.640637993812561,0.659287691116333,0.640637993812561,0.659287691116333,0.5799999833106995,0.5555555820465088
4,1,60,0.6398051381111145,0.6587754487991333,0.6398051381111145,0.6587754487991333,0.5799999833106995,0.5555555820465088
4,1,61,0.6389686465263367,0.6582486033439636,0.6389686465263367,0.6582486033439636,0.5799999833106995,0.5555555820465088
4,1,62,0.6381112933158875,0.6576797366142273,0.6381112933158875,0.6576797366142273,0.5799999833106995,0.5555555820465088
4,1,63,0.6372334957122803,0.657045304775238,0.6372334957122803,0.657045304775238,0.5799999833106995,0.5555555820465088
4,1,64,0.6363301277160645,0.6564030647277832,0.6363301277160645,0.6564030647277832,0.5799999833106995,0.5555555820465088
4,1,65,0.6354214549064636,0.6558077931404114,0.6354214549064636,0.6558077931404114,0.5799999833106995,0.5555555820465088
4,1,66,0.6344946026802063,0.6552127003669739,0.6344946026802063,0.6552127003669739,0.5799999833106995,0.5555555820465088
4,1,67,0.6335466504096985,0.6546475887298584,0.6335466504096985,0.6546475887298584,0.5799999833106995,0.5555555820465088
4,1,68,0.6325774192810059,0.6540994048118591,0.6325774192810059,0.6540994048118591,0.5799999833106995,0.5555555820465088
4,1,69,0.631604015827179,0.6535956859588623,0.631604015827179,0.6535956859588623,0.5799999833106995,0.5555555820465088
4,1,70,0.6306197047233582,0.6530898809432983,0.6306197047233582,0.6530898809432983,0.5799999833106995,0.5555555820465088
4,1,71,0.6296212077140808,0.6525762677192688,0.6296212077140808,0.6525762677192688,0.5799999833106995,0.5555555820465088
4,1,72,0.628603994846344,0.6520331501960754,0.628603994846344,0.6520331501960754,0.5799999833106995,0.5555555820465088
4,1,73,0.6275691390037537,0.6514522433280945,0.6275691390037537,0.6514522433280945,0.5799999833106995,0.5555555820465088
4,1,74,0.6265251636505127,0.6508534550666809,0.6265251040458679,0.6508534550666809,0.5799999833106995,0.5555555820465088
4,1,75,0.6254503726959229,0.6502575278282166,0.6254503726959229,0.6502575278282166,0.5799999833106995,0.5555555820465088
4,1,76,0.6243547201156616,0.6497036218643188,0.6243547201156616,0.6497036218643188,0.5799999833106995,0.5555555820465088
4,1,77,0.62324458360672,0.6491357684135437,0.62324458360672,0.6491357684135437,0.5799999833106995,0.5555555820465088
4,1,78,0.6221132874488831,0.648500382900238,0.6221132874488831,0.648500382900238,0.5799999833106995,0.5555555820465088
4,1,79,0.6209738850593567,0.647832989692688,0.6209738850593567,0.647832989692688,0.5799999833106995,0.5555555820465088
4,1,80,0.6198203563690186,0.6471232175827026,0.6198203563690186,0.6471232175827026,0.5799999833106995,0.5555555820465088
4,1,81,0.6186517477035522,0.6463931798934937,0.6186517477035522,0.6463931798934937,0.5799999833106995,0.5555555820465088
4,1,82,0.6174537539482117,0.6456615328788757,0.6174537539482117,0.6456615328788757,0.5799999833106995,0.5555555820465088
4,1,83,0.6162378787994385,0.6448973417282104,0.6162378787994385,0.6448973417282104,0.5799999833106995,0.5555555820465088
4,1,84,0.6150246858596802,0.6441317796707153,0.6150246858596802,0.6441317796707153,0.5799999833106995,0.5555555820465088
4,1,85,0.6137782335281372,0.6433678865432739,0.6137782335281372,0.6433678865432739,0.5799999833106995,0.5555555820465088
4,1,86,0.612501859664917,0.6425766348838806,0.612501859664917,0.6425766348838806,0.5799999833106995,0.5555555820465088
4,1,87,0.6112091541290283,0.6417642831802368,0.6112091541290283,0.6417642831802368,0.5799999833106995,0.5555555820465088
4,1,88,0.609912633895874,0.6409271955490112,0.609912633895874,0.6409271955490112,0.5799999833106995,0.5555555820465088
4,1,89,0.6086245179176331,0.6400442719459534,0.6086245179176331,0.6400442719459534,0.5799999833106995,0.5555555820465088
4,1,90,0.6073247790336609,0.6390901803970337,0.6073247790336609,0.6390901803970337,0.6000000238418579,0.5555555820465088
4,1,91,0.606009840965271,0.6381129026412964,0.606009840965271,0.6381129026412964,0.6000000238418579,0.5555555820465088
4,1,92,0.6046804189682007,0.6371239423751831,0.6046804189682007,0.6371239423751831,0.6000000238418579,0.5555555820465088
4,1,93,0.6033397316932678,0.6361302137374878,0.6033397316932678,0.6361302137374878,0.6000000238418579,0.5555555820465088
4,1,94,0.6019707322120667,0.6351587772369385,0.6019707322120667,0.6351587772369385,0.6000000238418579,0.5555555820465088
4,1,95,0.6005755066871643,0.6341874599456787,0.6005755066871643,0.6341874599456787,0.6000000238418579,0.5555555820465088
4,1,96,0.5991466045379639,0.6332303285598755,0.5991466045379639,0.6332303285598755,0.6000000238418579,0.5555555820465088
4,1,97,0.5977041721343994,0.6322998404502869,0.5977041721343994,0.6322998404502869,0.6000000238418579,0.5555555820465088
4,1,98,0.596250593662262,0.6314091682434082,0.596250593662262,0.6314091682434082,0.6000000238418579,0.5555555820465088
4,1,99,0.5947864055633545,0.630535364151001,0.5947864055633545,0.630535364151001,0.6000000238418579,0.5555555820465088
4,1,100,0.5933323502540588,0.6296567320823669,0.5933323502540588,0.6296567320823669,0.6000000238418579,0.5555555820465088
4,1,101,0.5918842554092407,0.6287652254104614,0.5918842554092407,0.6287652254104614,0.6000000238418579,0.5555555820465088
4,1,102,0.5904145240783691,0.6278470158576965,0.5904145240783691,0.6278470158576965,0.6000000238418579,0.5555555820465088
4,1,103,0.5889264941215515,0.6269123554229736,0.5889264941215515,0.6269123554229736,0.6000000238418579,0.5555555820465088
4,1,104,0.587421178817749,0.6260106563568115,0.587421178817749,0.6260106563568115,0.6200000047683716,0.5555555820465088
4,1,105,0.585885226726532,0.6250995993614197,0.585885226726532,0.6250995993614197,0.6200000047683716,0.5555555820465088
4,1,106,0.5843355655670166,0.6241373419761658,0.5843355655670166,0.6241373419761658,0.6200000047683716,0.5555555820465088
4,1,107,0.5827603340148926,0.623211145401001,0.5827603340148926,0.623211145401001,0.6399999856948853,0.5555555820465088
4,1,108,0.5811628103256226,0.6223299503326416,0.5811628103256226,0.6223299503326416,0.6399999856948853,0.5555555820465088
4,1,109,0.5795544385910034,0.6215165853500366,0.5795544385910034,0.6215165853500366,0.6399999856948853,0.5555555820465088
4,1,110,0.5779589414596558,0.6206886768341064,0.5779589414596558,0.6206886768341064,0.6399999856948853,0.5555555820465088
4,1,111,0.5763812065124512,0.6198294162750244,0.5763812065124512,0.6198294162750244,0.6399999856948853,0.5555555820465088
4,1,112,0.5748021602630615,0.6189405918121338,0.5748021602630615,0.6189405918121338,0.6399999856948853,0.5555555820465088
4,1,113,0.5732215642929077,0.6180256605148315,0.5732215642929077,0.6180256605148315,0.6600000262260437,0.5555555820465088
4,1,114,0.5716427564620972,0.6170380115509033,0.5716427564620972,0.6170380115509033,0.6600000262260437,0.5555555820465088
4,1,115,0.5700639486312866,0.6159799695014954,0.5700639486312866,0.6159799695014954,0.6600000262260437,0.5555555820465088
4,1,116,0.5684713125228882,0.6149004101753235,0.5684713125228882,0.6149004101753235,0.6600000262260437,0.5555555820465088
4,1,117,0.5668707489967346,0.6137997508049011,0.5668707489967346,0.6137997508049011,0.6600000262260437,0.5555555820465088
4,1,118,0.5652642846107483,0.6126911640167236,0.5652642846107483,0.6126911640167236,0.6600000262260437,0.5555555820465088
4,1,119,0.5636793375015259,0.6115822792053223,0.5636793375015259,0.6115822792053223,0.6600000262260437,0.5555555820465088
4,1,120,0.562081515789032,0.6104741096496582,0.562081515789032,0.6104741096496582,0.6600000262260437,0.5555555820465088
4,1,121,0.560474157333374,0.6093299388885498,0.560474157333374,0.6093299388885498,0.6600000262260437,0.6666666865348816
4,1,122,0.5588476657867432,0.6081194281578064,0.5588476657867432,0.6081194281578064,0.6600000262260437,0.6666666865348816
4,1,123,0.5572182536125183,0.606853187084198,0.5572182536125183,0.606853187084198,0.6600000262260437,0.6666666865348816
4,1,124,0.5555812120437622,0.6055721640586853,0.5555812120437622,0.6055721640586853,0.6600000262260437,0.6666666865348816
4,1,125,0.5539221167564392,0.604297399520874,0.5539221167564392,0.604297399520874,0.6600000262260437,0.7777777910232544
4,1,126,0.5522435903549194,0.6030681133270264,0.5522435903549194,0.6030681133270264,0.6600000262260437,0.7777777910232544
4,1,127,0.5505975484848022,0.6018616557121277,0.5505975484848022,0.6018616557121277,0.6600000262260437,0.7777777910232544
4,1,128,0.5489540696144104,0.6006535887718201,0.5489540696144104,0.6006535887718201,0.6600000262260437,0.7777777910232544
4,1,129,0.5473164916038513,0.5994896292686462,0.5473164916038513,0.5994896292686462,0.6600000262260437,0.7777777910232544
4,1,130,0.5456613302230835,0.5983343124389648,0.5456613302230835,0.5983343124389648,0.6800000071525574,0.7777777910232544
4,1,131,0.5439907908439636,0.5971463918685913,0.5439907908439636,0.5971463918685913,0.699999988079071,0.7777777910232544
4,1,132,0.5423271059989929,0.5959610342979431,0.5423271059989929,0.5959610342979431,0.699999988079071,0.7777777910232544
4,1,133,0.5406436920166016,0.5947754383087158,0.5406436920166016,0.5947754383087158,0.699999988079071,0.7777777910232544
4,1,134,0.5389463901519775,0.5935990810394287,0.5389463901519775,0.5935990810394287,0.7200000286102295,0.7777777910232544
4,1,135,0.5372190475463867,0.5923735499382019,0.5372190475463867,0.5923735499382019,0.7200000286102295,0.7777777910232544
4,1,136,0.5354713797569275,0.5911622643470764,0.5354713797569275,0.5911622643470764,0.7200000286102295,0.7777777910232544
4,1,137,0.5337068438529968,0.5899756550788879,0.5337068438529968,0.5899756550788879,0.7200000286102295,0.7777777910232544
4,1,138,0.5319067239761353,0.5887823700904846,0.5319067239761353,0.5887823700904846,0.7200000286102295,0.7777777910232544
4,1,139,0.5301039814949036,0.5875613689422607,0.5301039814949036,0.5875613689422607,0.7400000095367432,0.7777777910232544
4,1,140,0.5282852053642273,0.5863767266273499,0.5282852053642273,0.5863767266273499,0.7400000095367432,0.7777777910232544
4,1,141,0.526451051235199,0.5852000117301941,0.526451051235199,0.5852000117301941,0.7400000095367432,0.7777777910232544
4,1,142,0.524588406085968,0.5840185880661011,0.524588406085968,0.5840185880661011,0.7599999904632568,0.7777777910232544
4,1,143,0.5227046608924866,0.5828747153282166,0.5227046608924866,0.5828747153282166,0.7599999904632568,0.7777777910232544
4,1,144,0.52081298828125,0.5817668437957764,0.52081298828125,0.5817668437957764,0.7599999904632568,0.7777777910232544
4,1,145,0.5189229846000671,0.5806233882904053,0.5189229846000671,0.5806233882904053,0.7799999713897705,0.7777777910232544
4,1,146,0.5170086026191711,0.5795278549194336,0.5170086026191711,0.5795278549194336,0.8199999928474426,0.7777777910232544
4,1,147,0.5150822997093201,0.5784239172935486,0.5150822997093201,0.5784239172935486,0.8399999737739563,0.7777777910232544
4,1,148,0.5131425857543945,0.5773062109947205,0.5131425857543945,0.5773062109947205,0.8399999737739563,0.7777777910232544
4,1,149,0.5111933350563049,0.5762397050857544,0.5111933350563049,0.5762397050857544,0.8399999737739563,0.7777777910232544
4,1,150,0.5091890692710876,0.5752138495445251,0.5091890692710876,0.5752138495445251,0.8399999737739563,0.7777777910232544
4,1,151,0.507167637348175,0.5741276144981384,0.507167637348175,0.5741276144981384,0.8399999737739563,0.7777777910232544
4,1,152,0.5051360726356506,0.5729860663414001,0.5051360726356506,0.5729860663414001,0.8399999737739563,0.7777777910232544
4,1,153,0.5030872821807861,0.5719055533409119,0.5030872821807861,0.5719055533409119,0.8399999737739563,0.7777777910232544
4,1,154,0.501040518283844,0.5709442496299744,0.501040518283844,0.5709442496299744,0.8399999737739563,0.7777777910232544
4,1,155,0.49899205565452576,0.5700263977050781,0.49899205565452576,0.5700263977050781,0.8399999737739563,0.7777777910232544
4,1,156,0.49690720438957214,0.5690741539001465,0.49690720438957214,0.5690741539001465,0.8399999737739563,0.7777777910232544
4,1,157,0.49482908844947815,0.5679906010627747,0.49482908844947815,0.5679906010627747,0.8399999737739563,0.7777777910232544
4,1,158,0.49273681640625,0.566905677318573,0.49273681640625,0.566905677318573,0.8399999737739563,0.7777777910232544
4,1,159,0.4906412363052368,0.5657307505607605,0.4906412363052368,0.5657307505607605,0.8399999737739563,0.7777777910232544
4,1,160,0.48853155970573425,0.5645132064819336,0.48853155970573425,0.5645132064819336,0.8399999737739563,0.7777777910232544
4,1,161,0.4864034950733185,0.5633843541145325,0.4864034950733185,0.5633843541145325,0.8399999737739563,0.7777777910232544
4,1,162,0.4842684268951416,0.5623156428337097,0.4842684268951416,0.5623156428337097,0.8399999737739563,0.7777777910232544
4,1,163,0.48212093114852905,0.5611863732337952,0.48212093114852905,0.5611863732337952,0.8399999737739563,0.7777777910232544
4,1,164,0.47996771335601807,0.5601022243499756,0.47996771335601807,0.5601022243499756,0.8399999737739563,0.7777777910232544
4,1,165,0.47778457403182983,0.5589571595191956,0.47778457403182983,0.5589571595191956,0.8399999737739563,0.7777777910232544
4,1,166,0.47558045387268066,0.5577349066734314,0.47558045387268066,0.5577349066734314,0.8399999737739563,0.7777777910232544
4,1,167,0.4733750820159912,0.5564722418785095,0.4733750820159912,0.5564722418785095,0.8399999737739563,0.7777777910232544
4,1,168,0.47116851806640625,0.555202841758728,0.47116851806640625,0.555202841758728,0.8600000143051147,0.7777777910232544
4,1,169,0.4689735174179077,0.553911566734314,0.4689735174179077,0.553911566734314,0.8600000143051147,0.7777777910232544
4,1,170,0.4667583107948303,0.5526112914085388,0.4667583107948303,0.5526112914085388,0.8799999952316284,0.7777777910232544
4,1,171,0.46450355648994446,0.5513290166854858,0.46450355648994446,0.5513290166854858,0.8799999952316284,0.7777777910232544
4,1,172,0.46224209666252136,0.5501602292060852,0.46224209666252136,0.5501602292060852,0.8799999952316284,0.7777777910232544
4,1,173,0.45997142791748047,0.5490326285362244,0.45997142791748047,0.5490326285362244,0.8799999952316284,0.7777777910232544
4,1,174,0.45767849683761597,0.5477817058563232,0.45767849683761597,0.5477817058563232,0.8799999952316284,0.7777777910232544
4,1,175,0.4553777277469635,0.546481728553772,0.4553777277469635,0.546481728553772,0.8799999952316284,0.7777777910232544
4,1,176,0.45307496190071106,0.5452029705047607,0.45307496190071106,0.5452029705047607,0.8799999952316284,0.7777777910232544
4,1,177,0.4507678151130676,0.5439538955688477,0.4507678151130676,0.5439538955688477,0.8799999952316284,0.7777777910232544
4,1,178,0.4484533667564392,0.5427469611167908,0.4484533667564392,0.5427469611167908,0.8799999952316284,0.7777777910232544
4,1,179,0.4461105763912201,0.5415732264518738,0.4461105763912201,0.5415732264518738,0.8799999952316284,0.7777777910232544
4,1,180,0.4437720775604248,0.5404137372970581,0.4437720775604248,0.5404137372970581,0.8799999952316284,0.7777777910232544
4,1,181,0.44139808416366577,0.5393039584159851,0.44139808416366577,0.5393039584159851,0.8799999952316284,0.7777777910232544
4,1,182,0.439055472612381,0.5381752848625183,0.439055472612381,0.5381752848625183,0.8799999952316284,0.7777777910232544
4,1,183,0.4367257058620453,0.5370146036148071,0.4367257058620453,0.5370146036148071,0.8799999952316284,0.7777777910232544
4,1,184,0.434380441904068,0.5359134078025818,0.434380441904068,0.5359134078025818,0.8799999952316284,0.7777777910232544
4,1,185,0.4320923686027527,0.5348361134529114,0.4320923686027527,0.5348361134529114,0.8799999952316284,0.7777777910232544
4,1,186,0.42985421419143677,0.5337615013122559,0.42985421419143677,0.5337615013122559,0.8600000143051147,0.7777777910232544
4,1,187,0.42761218547821045,0.5326932072639465,0.42761218547821045,0.5326932072639465,0.8600000143051147,0.7777777910232544
4,1,188,0.4253590404987335,0.5316286683082581,0.4253590404987335,0.5316286683082581,0.8600000143051147,0.7777777910232544
4,1,189,0.42311611771583557,0.5305753350257874,0.42311611771583557,0.5305753350257874,0.8600000143051147,0.7777777910232544
4,1,190,0.42087388038635254,0.5294878482818604,0.42087388038635254,0.5294878482818604,0.8600000143051147,0.7777777910232544
4,1,191,0.4186375141143799,0.5283646583557129,0.4186375141143799,0.5283646583557129,0.8600000143051147,0.7777777910232544
4,1,192,0.4163796901702881,0.5272414684295654,0.4163796901702881,0.5272414684295654,0.8600000143051147,0.7777777910232544
4,1,193,0.41410964727401733,0.5260998606681824,0.41410964727401733,0.5260998606681824,0.8600000143051147,0.7777777910232544
4,1,194,0.4118480682373047,0.5249297618865967,0.4118480682373047,0.5249297618865967,0.8600000143051147,0.7777777910232544
4,1,195,0.4096054136753082,0.5238074064254761,0.4096054136753082,0.5238074064254761,0.8799999952316284,0.7777777910232544
4,1,196,0.4073483943939209,0.5227816104888916,0.4073483943939209,0.5227816104888916,0.8799999952316284,0.7777777910232544
4,1,197,0.40508556365966797,0.5217792987823486,0.40508556365966797,0.5217792987823486,0.8799999952316284,0.7777777910232544
4,1,198,0.4027833938598633,0.5208492875099182,0.4027833938598633,0.5208492875099182,0.8999999761581421,0.7777777910232544
4,1,199,0.4004870653152466,0.5199556946754456,0.4004870653152466,0.5199556946754456,0.8999999761581421,0.7777777910232544
4,1,200,0.39820560812950134,0.5189827680587769,0.39820560812950134,0.5189827680587769,0.8999999761581421,0.7777777910232544
4,1,201,0.39592570066452026,0.5179371237754822,0.39592570066452026,0.5179371237754822,0.8999999761581421,0.7777777910232544
4,1,202,0.39363616704940796,0.5168810486793518,0.39363616704940796,0.5168810486793518,0.8999999761581421,0.7777777910232544
4,1,203,0.3913175165653229,0.5158687233924866,0.3913175165653229,0.5158687233924866,0.8999999761581421,0.7777777910232544
4,1,204,0.3889662027359009,0.5147724151611328,0.3889662027359009,0.5147724151611328,0.8999999761581421,0.7777777910232544
4,1,205,0.38661128282546997,0.5136216282844543,0.38661128282546997,0.5136216282844543,0.8999999761581421,0.7777777910232544
4,1,206,0.3842969834804535,0.512427568435669,0.3842969834804535,0.512427568435669,0.8999999761581421,0.7777777910232544
4,1,207,0.38198965787887573,0.511176347732544,0.38198965787887573,0.511176347732544,0.8999999761581421,0.7777777910232544
4,1,208,0.37970206141471863,0.5099465847015381,0.37970206141471863,0.5099465847015381,0.8999999761581421,0.7777777910232544
4,1,209,0.37737298011779785,0.5087413191795349,0.37737298011779785,0.5087413191795349,0.8999999761581421,0.7777777910232544
4,1,210,0.3750532567501068,0.5075411200523376,0.3750532567501068,0.5075411200523376,0.8999999761581421,0.7777777910232544
4,1,211,0.3727596700191498,0.5063113570213318,0.3727596700191498,0.5063113570213318,0.8999999761581421,0.7777777910232544
4,1,212,0.3704906702041626,0.5051028728485107,0.3704906702041626,0.5051028728485107,0.8999999761581421,0.7777777910232544
4,1,213,0.36821356415748596,0.5040316581726074,0.36821356415748596,0.5040316581726074,0.8999999761581421,0.7777777910232544
4,1,214,0.36593863368034363,0.5029972195625305,0.36593863368034363,0.5029972195625305,0.8999999761581421,0.7777777910232544
4,1,215,0.36366164684295654,0.5019915103912354,0.36366164684295654,0.5019915103912354,0.8999999761581421,0.7777777910232544
4,1,216,0.3614526391029358,0.5011526346206665,0.3614526391029358,0.5011526346206665,0.8999999761581421,0.7777777910232544
4,1,217,0.35925769805908203,0.5003292560577393,0.35925769805908203,0.5003292560577393,0.8999999761581421,0.7777777910232544
4,1,218,0.35707035660743713,0.49935123324394226,0.35707035660743713,0.49935123324394226,0.8999999761581421,0.7777777910232544
4,1,219,0.3548797369003296,0.49826580286026,0.3548797369003296,0.49826580286026,0.8999999761581421,0.7777777910232544
4,1,220,0.35278087854385376,0.49721479415893555,0.35278087854385376,0.49721479415893555,0.8999999761581421,0.7777777910232544
4,1,221,0.3506973385810852,0.4963075816631317,0.3506973385810852,0.4963075816631317,0.8999999761581421,0.7777777910232544
4,1,222,0.3485950529575348,0.49557411670684814,0.3485950529575348,0.49557411670684814,0.8999999761581421,0.7777777910232544
4,1,223,0.34646284580230713,0.4948737323284149,0.34646284580230713,0.4948737323284149,0.8999999761581421,0.7777777910232544
4,1,224,0.34435948729515076,0.4942634403705597,0.34435948729515076,0.4942634403705597,0.8999999761581421,0.7777777910232544
4,1,225,0.3422452211380005,0.49369049072265625,0.3422452211380005,0.49369049072265625,0.8999999761581421,0.7777777910232544
4,1,226,0.3401690721511841,0.49314117431640625,0.3401690721511841,0.49314117431640625,0.8999999761581421,0.7777777910232544
4,1,227,0.33811476826667786,0.4926682710647583,0.33811473846435547,0.4926682710647583,0.8999999761581421,0.7777777910232544
4,1,228,0.33607158064842224,0.49228641390800476,0.33607158064842224,0.49228641390800476,0.8999999761581421,0.7777777910232544
4,1,229,0.33401602506637573,0.49182048439979553,0.33401602506637573,0.49182048439979553,0.8999999761581421,0.7777777910232544
4,1,230,0.3319443166255951,0.491291880607605,0.3319443166255951,0.491291880607605,0.9200000166893005,0.7777777910232544
4,1,231,0.32991766929626465,0.49074655771255493,0.32991766929626465,0.49074655771255493,0.9200000166893005,0.7777777910232544
4,1,232,0.3279147744178772,0.490328848361969,0.3279147744178772,0.490328848361969,0.9200000166893005,0.7777777910232544
4,1,233,0.3259410858154297,0.4900926947593689,0.3259410858154297,0.4900926947593689,0.9200000166893005,0.7777777910232544
4,1,234,0.323954701423645,0.4897894859313965,0.323954701423645,0.4897894859313965,0.9200000166893005,0.7777777910232544
4,1,235,0.3219251334667206,0.4891563057899475,0.3219251334667206,0.4891563057899475,0.9200000166893005,0.7777777910232544
4,1,236,0.31992602348327637,0.4885093867778778,0.31992602348327637,0.4885093867778778,0.9200000166893005,0.7777777910232544
4,1,237,0.31796661019325256,0.48807430267333984,0.31796661019325256,0.48807430267333984,0.9200000166893005,0.7777777910232544
4,1,238,0.3160027265548706,0.48786380887031555,0.3160027265548706,0.48786380887031555,0.9200000166893005,0.7777777910232544
4,1,239,0.3140285611152649,0.4876188039779663,0.3140285611152649,0.4876188039779663,0.9399999976158142,0.7777777910232544
4,1,240,0.3120753765106201,0.48712804913520813,0.3120753765106201,0.48712804913520813,0.9399999976158142,0.7777777910232544
4,1,241,0.3101114332675934,0.48651885986328125,0.3101114332675934,0.48651885986328125,0.9399999976158142,0.7777777910232544
4,1,242,0.30816277861595154,0.4859578311443329,0.30816277861595154,0.4859578311443329,0.9399999976158142,0.7777777910232544
4,1,243,0.306268572807312,0.48556602001190186,0.306268572807312,0.48556602001190186,0.9399999976158142,0.7777777910232544
4,1,244,0.30432820320129395,0.48544371128082275,0.30432820320129395,0.48544371128082275,0.9399999976158142,0.7777777910232544
4,1,245,0.30236202478408813,0.48529380559921265,0.30236202478408813,0.48529380559921265,0.9399999976158142,0.7777777910232544
4,1,246,0.30046069622039795,0.48505842685699463,0.30046069622039795,0.48505842685699463,0.9399999976158142,0.7777777910232544
4,1,247,0.29851844906806946,0.48480379581451416,0.29851844906806946,0.48480379581451416,0.9399999976158142,0.7777777910232544
4,1,248,0.2965833246707916,0.4845427870750427,0.2965833246707916,0.4845427870750427,0.9399999976158142,0.7777777910232544
4,1,249,0.29465702176094055,0.48439204692840576,0.29465702176094055,0.48439204692840576,0.9399999976158142,0.7777777910232544
4,1,250,0.2927081286907196,0.4842613935470581,0.2927081286907196,0.4842613935470581,0.9399999976158142,0.7777777910232544
4,1,251,0.29072579741477966,0.48398903012275696,0.29072579741477966,0.48398903012275696,0.9399999976158142,0.7777777910232544
4,1,252,0.28880414366722107,0.4837416410446167,0.28880414366722107,0.4837416410446167,0.9399999976158142,0.7777777910232544
4,1,253,0.2868978977203369,0.48359596729278564,0.2868978977203369,0.48359596729278564,0.9399999976158142,0.7777777910232544
4,1,254,0.28501397371292114,0.48353201150894165,0.28501397371292114,0.48353201150894165,0.9399999976158142,0.7777777910232544
4,1,255,0.2831265926361084,0.48343425989151,0.2831265926361084,0.48343425989151,0.9399999976158142,0.7777777910232544
4,1,256,0.28117015957832336,0.4832797050476074,0.28117015957832336,0.4832797050476074,0.9399999976158142,0.7777777910232544
4,1,257,0.2792474329471588,0.48326751589775085,0.2792474329471588,0.48326751589775085,0.9399999976158142,0.7777777910232544
4,1,258,0.2773459553718567,0.4832216799259186,0.2773459553718567,0.4832216799259186,0.9399999976158142,0.7777777910232544
4,1,259,0.27543067932128906,0.48298460245132446,0.27543067932128906,0.48298460245132446,0.9399999976158142,0.7777777910232544
4,1,260,0.27353352308273315,0.48276519775390625,0.27353352308273315,0.48276519775390625,0.9599999785423279,0.7777777910232544
4,1,261,0.2716113030910492,0.4825478196144104,0.2716113030910492,0.4825478196144104,0.9599999785423279,0.7777777910232544
4,1,262,0.2696897089481354,0.4821971654891968,0.2696897089481354,0.4821971654891968,0.9599999785423279,0.7777777910232544
4,1,263,0.26773008704185486,0.48182371258735657,0.26773008704185486,0.48182371258735657,0.9599999785423279,0.7777777910232544
4,1,264,0.2657555043697357,0.4815426468849182,0.2657555043697357,0.4815426468849182,0.9599999785423279,0.7777777910232544
4,1,265,0.263816237449646,0.48153892159461975,0.263816237449646,0.48153892159461975,0.9599999785423279,0.7777777910232544
4,1,266,0.26185673475265503,0.48169177770614624,0.26185673475265503,0.48169177770614624,0.9599999785423279,0.7777777910232544
4,1,267,0.2599025368690491,0.48161226511001587,0.2599025368690491,0.48161226511001587,0.9599999785423279,0.7777777910232544
4,1,268,0.25793692469596863,0.48103204369544983,0.25793692469596863,0.48103204369544983,0.9599999785423279,0.7777777910232544
4,1,269,0.2559637725353241,0.48067113757133484,0.2559637725353241,0.48067113757133484,0.9599999785423279,0.7777777910232544
4,1,270,0.2539784610271454,0.48063787817955017,0.2539784610271454,0.48063787817955017,0.9599999785423279,0.7777777910232544
4,1,271,0.2520279586315155,0.48071929812431335,0.2520279586315155,0.48071929812431335,0.9599999785423279,0.7777777910232544
4,1,272,0.25014010071754456,0.4808103144168854,0.25014010071754456,0.4808103144168854,0.9599999785423279,0.7777777910232544
4,1,273,0.248350128531456,0.4809534251689911,0.248350128531456,0.4809534251689911,0.9599999785423279,0.7777777910232544
4,1,274,0.24653850495815277,0.4807552695274353,0.24653850495815277,0.4807552695274353,0.9599999785423279,0.7777777910232544
4,1,275,0.2447395771741867,0.4803985357284546,0.2447395771741867,0.4803985357284546,0.9599999785423279,0.7777777910232544
4,1,276,0.24294930696487427,0.48034313321113586,0.24294930696487427,0.48034313321113586,0.9599999785423279,0.7777777910232544
4,1,277,0.24112434685230255,0.48042741417884827,0.24112434685230255,0.48042741417884827,0.9599999785423279,0.7777777910232544
4,1,278,0.23935188353061676,0.48058196902275085,0.23935188353061676,0.48058196902275085,0.9599999785423279,0.7777777910232544
4,1,279,0.23758667707443237,0.480638712644577,0.23758667707443237,0.480638712644577,0.9599999785423279,0.7777777910232544
4,1,280,0.23581233620643616,0.4807471036911011,0.23581233620643616,0.4807471036911011,0.9599999785423279,0.7777777910232544
4,1,281,0.2340741604566574,0.4808671772480011,0.2340741604566574,0.4808671772480011,0.9599999785423279,0.7777777910232544
4,1,282,0.23235613107681274,0.4811088740825653,0.23235613107681274,0.4811088740825653,0.9599999785423279,0.7777777910232544
4,1,283,0.2306116223335266,0.4811156988143921,0.2306116223335266,0.4811156988143921,0.9599999785423279,0.7777777910232544
4,1,284,0.22889497876167297,0.4809837341308594,0.22889497876167297,0.4809837341308594,0.9599999785423279,0.7777777910232544
4,1,285,0.22718574106693268,0.4808940887451172,0.22718574106693268,0.4808940887451172,0.9599999785423279,0.7777777910232544
4,1,286,0.22549770772457123,0.48093974590301514,0.22549770772457123,0.48093974590301514,0.9599999785423279,0.7777777910232544
4,1,287,0.2238132357597351,0.4809566140174866,0.2238132357597351,0.4809566140174866,0.9599999785423279,0.6666666865348816
4,1,288,0.22216635942459106,0.4811231791973114,0.22216635942459106,0.4811231791973114,0.9599999785423279,0.6666666865348816
4,1,289,0.22053943574428558,0.48144081234931946,0.22053943574428558,0.48144081234931946,0.9599999785423279,0.6666666865348816
4,1,290,0.21891149878501892,0.4816046953201294,0.21891149878501892,0.4816046953201294,0.9599999785423279,0.6666666865348816
4,1,291,0.2172558754682541,0.481737345457077,0.2172558754682541,0.481737345457077,0.9599999785423279,0.6666666865348816
4,1,292,0.2155834585428238,0.4816974103450775,0.2155834585428238,0.4816974103450775,0.9599999785423279,0.6666666865348816
4,1,293,0.2139400839805603,0.4817834496498108,0.2139400839805603,0.4817834496498108,0.9599999785423279,0.6666666865348816
4,1,294,0.21230754256248474,0.48187604546546936,0.21230754256248474,0.48187604546546936,0.9599999785423279,0.6666666865348816
4,1,295,0.21071022748947144,0.4819619357585907,0.21071022748947144,0.4819619357585907,0.9599999785423279,0.6666666865348816
4,1,296,0.20908412337303162,0.48219034075737,0.20908412337303162,0.48219034075737,0.9599999785423279,0.6666666865348816
4,1,297,0.20748449862003326,0.4823914170265198,0.20748449862003326,0.4823914170265198,0.9599999785423279,0.6666666865348816
4,1,298,0.20588961243629456,0.48240911960601807,0.20588961243629456,0.48240911960601807,0.9599999785423279,0.6666666865348816
4,1,299,0.2043014019727707,0.48240458965301514,0.2043014019727707,0.48240458965301514,0.9599999785423279,0.6666666865348816
4,1,300,0.20274312794208527,0.4824712574481964,0.20274312794208527,0.4824712574481964,0.9599999785423279,0.6666666865348816
5,1,1,0.7041258811950684,0.720511257648468,0.7041258811950684,0.720511257648468,0.4000000059604645,0.3333333432674408
5,1,2,0.702097475528717,0.7203271985054016,0.702097475528717,0.7203271985054016,0.41999998688697815,0.2222222238779068
5,1,3,0.7005035281181335,0.7201895713806152,0.7005035281181335,0.7201895713806152,0.4399999976158142,0.2222222238779068
5,1,4,0.6990306377410889,0.7199770212173462,0.6990306377410889,0.7199770212173462,0.46000000834465027,0.2222222238779068
5,1,5,0.6976158618927002,0.7197082042694092,0.6976158618927002,0.7197082042694092,0.5199999809265137,0.2222222238779068
5,1,6,0.6962670683860779,0.7194768190383911,0.6962670683860779,0.7194768190383911,0.5,0.2222222238779068
5,1,7,0.6949459910392761,0.719237208366394,0.6949459910392761,0.719237208366394,0.5199999809265137,0.2222222238779068
5,1,8,0.6936260461807251,0.7189416885375977,0.6936260461807251,0.7189416885375977,0.47999998927116394,0.2222222238779068
5,1,9,0.6923007369041443,0.718584418296814,0.6923007369041443,0.718584418296814,0.47999998927116394,0.2222222238779068
5,1,10,0.6909724473953247,0.7182841300964355,0.6909724473953247,0.7182841300964355,0.46000000834465027,0.2222222238779068
5,1,11,0.6896924376487732,0.717979907989502,0.6896924376487732,0.717979907989502,0.5,0.2222222238779068
5,1,12,0.6884469389915466,0.7175993323326111,0.6884468793869019,0.7175993323326111,0.5199999809265137,0.2222222238779068
5,1,13,0.6872163414955139,0.7173154354095459,0.6872163414955139,0.7173154354095459,0.5199999809265137,0.2222222238779068
5,1,14,0.6860383749008179,0.7170614004135132,0.6860383749008179,0.7170614004135132,0.5400000214576721,0.2222222238779068
5,1,15,0.6848727464675903,0.7168864607810974,0.6848728060722351,0.7168864607810974,0.5,0.3333333432674408
5,1,16,0.6837144494056702,0.7168024182319641,0.6837144494056702,0.7168024182319641,0.5199999809265137,0.3333333432674408
5,1,17,0.6825722455978394,0.7166357636451721,0.6825722455978394,0.7166357636451721,0.5199999809265137,0.3333333432674408
5,1,18,0.6814555525779724,0.7164135575294495,0.6814555525779724,0.7164135575294495,0.5600000023841858,0.3333333432674408
5,1,19,0.6803556680679321,0.7161766290664673,0.6803556680679321,0.7161766290664673,0.6200000047683716,0.3333333432674408
5,1,20,0.6792793273925781,0.7159056663513184,0.6792793273925781,0.7159056663513184,0.6399999856948853,0.3333333432674408
5,1,21,0.678212583065033,0.7156689167022705,0.678212583065033,0.7156689167022705,0.6399999856948853,0.3333333432674408
5,1,22,0.6771793365478516,0.7155284881591797,0.6771793365478516,0.7155284881591797,0.6600000262260437,0.3333333432674408
5,1,23,0.6762021780014038,0.7154463529586792,0.6762021780014038,0.7154463529586792,0.6600000262260437,0.3333333432674408
5,1,24,0.6752358078956604,0.7153556942939758,0.6752358078956604,0.7153556942939758,0.6600000262260437,0.3333333432674408
5,1,25,0.6742730140686035,0.7152759432792664,0.6742730140686035,0.7152759432792664,0.6600000262260437,0.3333333432674408
5,1,26,0.6733223795890808,0.7151997089385986,0.6733223795890808,0.7151997089385986,0.6600000262260437,0.3333333432674408
5,1,27,0.6723724603652954,0.7151687741279602,0.6723724603652954,0.7151687741279602,0.6800000071525574,0.3333333432674408
5,1,28,0.6714328527450562,0.7151163816452026,0.6714328527450562,0.7151163816452026,0.6800000071525574,0.3333333432674408
5,1,29,0.6704936027526855,0.7150310277938843,0.6704936027526855,0.7150310277938843,0.6800000071525574,0.3333333432674408
5,1,30,0.6695300340652466,0.7149330973625183,0.6695300340652466,0.7149330973625183,0.6600000262260437,0.3333333432674408
5,1,31,0.6685411334037781,0.7148804664611816,0.6685411334037781,0.7148804664611816,0.6600000262260437,0.4444444477558136
5,1,32,0.6675567626953125,0.7148457765579224,0.6675568222999573,0.7148457765579224,0.6600000262260437,0.4444444477558136
5,1,33,0.6665557622909546,0.7147960662841797,0.6665557622909546,0.7147960662841797,0.6600000262260437,0.5555555820465088
5,1,34,0.6655471324920654,0.7147592306137085,0.6655471324920654,0.7147592306137085,0.6600000262260437,0.5555555820465088
5,1,35,0.6645188927650452,0.7147708535194397,0.6645188927650452,0.7147708535194397,0.6800000071525574,0.5555555820465088
5,1,36,0.66349196434021,0.7148057222366333,0.66349196434021,0.7148057222366333,0.6800000071525574,0.5555555820465088
5,1,37,0.6624768972396851,0.7148454785346985,0.6624768972396851,0.7148454785346985,0.6800000071525574,0.5555555820465088
5,1,38,0.6614528894424438,0.7148895263671875,0.6614528894424438,0.7148895263671875,0.699999988079071,0.5555555820465088
5,1,39,0.6604263782501221,0.7149131298065186,0.6604263782501221,0.7149131298065186,0.699999988079071,0.4444444477558136
5,1,40,0.6593756675720215,0.7149007320404053,0.6593756675720215,0.7149007320404053,0.699999988079071,0.4444444477558136
5,1,41,0.6583124399185181,0.7149441242218018,0.6583124399185181,0.7149441242218018,0.699999988079071,0.4444444477558136
5,1,42,0.6572292447090149,0.7150582671165466,0.6572292447090149,0.7150582671165466,0.699999988079071,0.4444444477558136
5,1,43,0.6561448574066162,0.7151907086372375,0.6561447978019714,0.7151907086372375,0.699999988079071,0.4444444477558136
5,1,44,0.6550542712211609,0.7153305411338806,0.6550542712211609,0.7153305411338806,0.699999988079071,0.4444444477558136
5,1,45,0.6539646983146667,0.7154804468154907,0.6539646983146667,0.7154804468154907,0.699999988079071,0.4444444477558136
5,1,46,0.6528728008270264,0.7156517505645752,0.6528728008270264,0.7156517505645752,0.699999988079071,0.4444444477558136
5,1,47,0.6518031358718872,0.7158482074737549,0.6518031358718872,0.7158482074737549,0.699999988079071,0.4444444477558136
5,1,48,0.6507262587547302,0.7161437273025513,0.6507262587547302,0.7161437273025513,0.699999988079071,0.4444444477558136
5,1,49,0.649631679058075,0.7164604663848877,0.649631679058075,0.7164604663848877,0.699999988079071,0.4444444477558136
5,1,50,0.6485185027122498,0.7167543172836304,0.6485185027122498,0.7167543172836304,0.699999988079071,0.4444444477558136
5,1,51,0.6473753452301025,0.7170175313949585,0.6473753452301025,0.7170175313949585,0.699999988079071,0.4444444477558136
5,1,52,0.6462284326553345,0.717291533946991,0.6462284326553345,0.717291533946991,0.699999988079071,0.4444444477558136
5,1,53,0.6450897455215454,0.7175744771957397,0.6450897455215454,0.7175744771957397,0.699999988079071,0.4444444477558136
5,1,54,0.6439454555511475,0.7178853750228882,0.6439454555511475,0.7178853750228882,0.699999988079071,0.4444444477558136
5,1,55,0.642794668674469,0.7182295918464661,0.642794668674469,0.7182295918464661,0.699999988079071,0.4444444477558136
5,1,56,0.641645073890686,0.718623161315918,0.641645073890686,0.718623161315918,0.699999988079071,0.4444444477558136
5,1,57,0.6404794454574585,0.7190344333648682,0.6404794454574585,0.7190344333648682,0.699999988079071,0.4444444477558136
5,1,58,0.6393173336982727,0.7194508910179138,0.6393173336982727,0.7194508910179138,0.699999988079071,0.4444444477558136
5,1,59,0.6381316184997559,0.719845712184906,0.6381316184997559,0.719845712184906,0.699999988079071,0.4444444477558136
6,1,1,0.6974027752876282,0.697263240814209,0.6974027752876282,0.697263240814209,0.47999998927116394,0.4444444477558136
6,1,2,0.6957550644874573,0.6961231827735901,0.6957550644874573,0.6961231827735901,0.47999998927116394,0.4444444477558136
6,1,3,0.6943854689598083,0.6950528025627136,0.6943854689598083,0.6950528025627136,0.5,0.4444444477558136
6,1,4,0.693094789981842,0.6940225958824158,0.693094789981842,0.6940225958824158,0.5199999809265137,0.5555555820465088
6,1,5,0.6918326616287231,0.6929787397384644,0.6918326616287231,0.6929787397384644,0.5,0.5555555820465088
6,1,6,0.6906094551086426,0.6919909715652466,0.6906094551086426,0.6919909715652466,0.5199999809265137,0.5555555820465088
6,1,7,0.6894307732582092,0.6910305023193359,0.6894307732582092,0.6910305023193359,0.5199999809265137,0.5555555820465088
6,1,8,0.6882816553115845,0.6901487708091736,0.6882816553115845,0.6901487708091736,0.6000000238418579,0.5555555820465088
6,1,9,0.6871631145477295,0.689305305480957,0.6871631145477295,0.689305305480957,0.6600000262260437,0.6666666865348816
6,1,10,0.6860852241516113,0.6885409355163574,0.6860852241516113,0.6885409355163574,0.6600000262260437,0.5555555820465088
6,1,11,0.6850373148918152,0.6877955794334412,0.6850373148918152,0.6877955794334412,0.6600000262260437,0.5555555820465088
6,1,12,0.6839956045150757,0.6870954036712646,0.6839956045150757,0.6870954036712646,0.6600000262260437,0.5555555820465088
6,1,13,0.682971179485321,0.6864460110664368,0.682971179485321,0.6864460110664368,0.6399999856948853,0.5555555820465088
6,1,14,0.6819713711738586,0.6858568787574768,0.6819713711738586,0.6858568787574768,0.6399999856948853,0.5555555820465088
6,1,15,0.6809811592102051,0.6852763295173645,0.6809811592102051,0.6852763295173645,0.6600000262260437,0.5555555820465088
6,1,16,0.6799952983856201,0.6846979856491089,0.6799952983856201,0.6846979856491089,0.6600000262260437,0.5555555820465088
6,1,17,0.6790035367012024,0.6841533780097961,0.6790035367012024,0.6841533780097961,0.6800000071525574,0.5555555820465088
6,1,18,0.678026020526886,0.6836495399475098,0.678026020526886,0.6836495399475098,0.6800000071525574,0.5555555820465088
6,1,19,0.6770596504211426,0.6831624507904053,0.6770596504211426,0.6831624507904053,0.6800000071525574,0.5555555820465088
6,1,20,0.6760938763618469,0.682708740234375,0.6760938763618469,0.682708740234375,0.6800000071525574,0.5555555820465088
6,1,21,0.6751272678375244,0.6822869777679443,0.6751272678375244,0.6822869777679443,0.699999988079071,0.5555555820465088
6,1,22,0.674170970916748,0.6818761229515076,0.674170970916748,0.6818761229515076,0.6800000071525574,0.5555555820465088
6,1,23,0.6732115745544434,0.6814915537834167,0.6732115745544434,0.6814915537834167,0.6800000071525574,0.5555555820465088
6,1,24,0.6722415089607239,0.6811059713363647,0.6722415089607239,0.6811059713363647,0.6800000071525574,0.5555555820465088
6,1,25,0.671272337436676,0.6807117462158203,0.671272337436676,0.6807117462158203,0.6800000071525574,0.5555555820465088
6,1,26,0.6703022718429565,0.6803057193756104,0.6703022718429565,0.6803057193756104,0.6800000071525574,0.5555555820465088
6,1,27,0.6693302989006042,0.6799145936965942,0.6693302989006042,0.6799145936965942,0.699999988079071,0.5555555820465088
6,1,28,0.6683764457702637,0.6795352101325989,0.6683764457702637,0.6795352101325989,0.699999988079071,0.5555555820465088
6,1,29,0.6674267053604126,0.6791450381278992,0.6674267053604126,0.6791450381278992,0.699999988079071,0.5555555820465088
6,1,30,0.6664840579032898,0.6787559986114502,0.6664840579032898,0.6787559986114502,0.699999988079071,0.5555555820465088
6,1,31,0.6655290126800537,0.6783842444419861,0.6655290126800537,0.6783842444419861,0.699999988079071,0.5555555820465088
6,1,32,0.6645699143409729,0.678076446056366,0.6645699143409729,0.678076446056366,0.699999988079071,0.5555555820465088
6,1,33,0.6636121869087219,0.6777552366256714,0.6636121869087219,0.6777552366256714,0.699999988079071,0.5555555820465088
6,1,34,0.6626652479171753,0.6774431467056274,0.6626652479171753,0.6774431467056274,0.699999988079071,0.5555555820465088
6,1,35,0.6617047786712646,0.677130937576294,0.6617047786712646,0.677130937576294,0.699999988079071,0.5555555820465088
6,1,36,0.6607380509376526,0.6767828464508057,0.6607380509376526,0.6767828464508057,0.699999988079071,0.5555555820465088
6,1,37,0.659760057926178,0.6764010190963745,0.659760057926178,0.6764010190963745,0.699999988079071,0.5555555820465088
6,1,38,0.6587870717048645,0.676019549369812,0.6587870717048645,0.676019549369812,0.699999988079071,0.5555555820465088
6,1,39,0.6578100323677063,0.6756381392478943,0.6578100323677063,0.6756381392478943,0.699999988079071,0.5555555820465088
6,1,40,0.6568406820297241,0.675261914730072,0.6568407416343689,0.675261914730072,0.699999988079071,0.5555555820465088
6,1,41,0.6558650732040405,0.6748791933059692,0.6558650732040405,0.6748791933059692,0.699999988079071,0.5555555820465088
6,1,42,0.654887855052948,0.6744850873947144,0.654887855052948,0.6744850873947144,0.699999988079071,0.5555555820465088
6,1,43,0.6539086103439331,0.6740825176239014,0.6539086103439331,0.6740825176239014,0.699999988079071,0.5555555820465088
6,1,44,0.6529058218002319,0.6736681461334229,0.6529058218002319,0.6736681461334229,0.699999988079071,0.5555555820465088
6,1,45,0.6518666744232178,0.6732298135757446,0.6518666744232178,0.6732298135757446,0.7200000286102295,0.5555555820465088
6,1,46,0.650804877281189,0.6727617383003235,0.650804877281189,0.6727617383003235,0.7200000286102295,0.5555555820465088
6,1,47,0.6497287750244141,0.6722527742385864,0.6497287750244141,0.6722527742385864,0.7200000286102295,0.5555555820465088
6,1,48,0.6486324071884155,0.6717077493667603,0.6486324071884155,0.6717077493667603,0.7200000286102295,0.5555555820465088
6,1,49,0.6474998593330383,0.6711716055870056,0.6474998593330383,0.6711716055870056,0.7200000286102295,0.5555555820465088
6,1,50,0.6463596820831299,0.6706547141075134,0.6463596820831299,0.6706547141075134,0.7200000286102295,0.5555555820465088
6,1,51,0.6451974511146545,0.6701173782348633,0.6451974511146545,0.6701173782348633,0.7200000286102295,0.5555555820465088
6,1,52,0.6439938545227051,0.6695683002471924,0.6439938545227051,0.6695683002471924,0.7200000286102295,0.5555555820465088
6,1,53,0.6427932977676392,0.6690247058868408,0.6427931785583496,0.6690247058868408,0.7200000286102295,0.5555555820465088
6,1,54,0.6415901184082031,0.6684877872467041,0.6415901184082031,0.6684877872467041,0.7400000095367432,0.5555555820465088
6,1,55,0.6403761506080627,0.6679261922836304,0.6403761506080627,0.6679261922836304,0.7400000095367432,0.5555555820465088
6,1,56,0.6391393542289734,0.6673355102539062,0.6391393542289734,0.6673355102539062,0.7400000095367432,0.5555555820465088
6,1,57,0.6378650665283203,0.6666964292526245,0.6378650665283203,0.6666964292526245,0.7400000095367432,0.5555555820465088
6,1,58,0.6365655660629272,0.6660091876983643,0.6365655660629272,0.6660091876983643,0.7400000095367432,0.5555555820465088
6,1,59,0.6352642178535461,0.6653382182121277,0.6352642178535461,0.6653382182121277,0.7400000095367432,0.5555555820465088
6,1,60,0.6339714527130127,0.6646928787231445,0.6339714527130127,0.6646928787231445,0.7400000095367432,0.5555555820465088
6,1,61,0.6326825618743896,0.6640443801879883,0.6326825618743896,0.6640443801879883,0.7400000095367432,0.5555555820465088
6,1,62,0.6313779950141907,0.6633708477020264,0.6313779950141907,0.6633708477020264,0.7400000095367432,0.5555555820465088
6,1,63,0.6300740242004395,0.6626773476600647,0.6300740242004395,0.6626773476600647,0.7400000095367432,0.5555555820465088
6,1,64,0.6287776827812195,0.661984920501709,0.6287776827812195,0.661984920501709,0.7400000095367432,0.5555555820465088
6,1,65,0.6274945139884949,0.6613008975982666,0.6274945139884949,0.6613008975982666,0.7400000095367432,0.5555555820465088
6,1,66,0.6261844635009766,0.6605995297431946,0.6261844635009766,0.6605995297431946,0.7400000095367432,0.5555555820465088
6,1,67,0.6248478889465332,0.6598166823387146,0.6248478889465332,0.6598166823387146,0.7400000095367432,0.5555555820465088
6,1,68,0.6234992742538452,0.6591531038284302,0.6234992742538452,0.6591531038284302,0.7400000095367432,0.5555555820465088
6,1,69,0.6221283674240112,0.6585155725479126,0.6221283674240112,0.6585155725479126,0.7400000095367432,0.5555555820465088
6,1,70,0.6207526922225952,0.6579241752624512,0.6207526326179504,0.6579241752624512,0.7599999904632568,0.5555555820465088
6,1,71,0.6193757057189941,0.6573430299758911,0.6193757057189941,0.6573430299758911,0.7599999904632568,0.5555555820465088
6,1,72,0.6180033683776855,0.6568321585655212,0.6180033683776855,0.6568321585655212,0.7599999904632568,0.5555555820465088
6,1,73,0.6166243553161621,0.6563636660575867,0.6166243553161621,0.6563636660575867,0.7599999904632568,0.5555555820465088
6,1,74,0.6152445077896118,0.6559021472930908,0.6152445077896118,0.6559021472930908,0.7599999904632568,0.5555555820465088
6,1,75,0.6138496994972229,0.6554163694381714,0.6138496994972229,0.6554163694381714,0.7599999904632568,0.5555555820465088
6,1,76,0.6124524474143982,0.6548543572425842,0.6124524474143982,0.6548543572425842,0.7599999904632568,0.5555555820465088
6,1,77,0.6110722422599792,0.6542676687240601,0.6110722422599792,0.6542676687240601,0.7599999904632568,0.5555555820465088
6,1,78,0.6096967458724976,0.6537086367607117,0.6096967458724976,0.6537086367607117,0.7400000095367432,0.5555555820465088
6,1,79,0.6083362698554993,0.6532480716705322,0.6083362698554993,0.6532480716705322,0.7400000095367432,0.5555555820465088
6,1,80,0.6069710850715637,0.6528494358062744,0.6069710850715637,0.6528494358062744,0.7400000095367432,0.5555555820465088
6,1,81,0.6055886745452881,0.6524555683135986,0.6055886745452881,0.6524555683135986,0.7400000095367432,0.5555555820465088
6,1,82,0.604188084602356,0.6520974636077881,0.604188084602356,0.6520974636077881,0.7400000095367432,0.5555555820465088
6,1,83,0.6028029322624207,0.6517354249954224,0.6028029322624207,0.6517354249954224,0.7400000095367432,0.5555555820465088
6,1,84,0.601397693157196,0.6513715982437134,0.601397693157196,0.6513715982437134,0.7400000095367432,0.5555555820465088
6,1,85,0.5999919772148132,0.6510199308395386,0.5999919772148132,0.6510199308395386,0.7400000095367432,0.5555555820465088
6,1,86,0.5985755920410156,0.6506626605987549,0.5985755920410156,0.6506626605987549,0.7400000095367432,0.5555555820465088
6,1,87,0.5971556901931763,0.6503106951713562,0.5971556901931763,0.6503106951713562,0.7400000095367432,0.5555555820465088
6,1,88,0.5957410335540771,0.6499777436256409,0.5957410335540771,0.6499777436256409,0.7400000095367432,0.5555555820465088
6,1,89,0.5943232774734497,0.6496713161468506,0.5943232774734497,0.6496713161468506,0.7400000095367432,0.5555555820465088
6,1,90,0.592897355556488,0.649365246295929,0.592897355556488,0.649365246295929,0.7400000095367432,0.5555555820465088
6,1,91,0.5914633274078369,0.6490398645401001,0.5914633274078369,0.6490398645401001,0.7400000095367432,0.5555555820465088
6,1,92,0.590017557144165,0.6486818194389343,0.590017557144165,0.6486818194389343,0.7400000095367432,0.5555555820465088
6,1,93,0.5885645151138306,0.6483240127563477,0.5885645151138306,0.6483240127563477,0.7400000095367432,0.5555555820465088
6,1,94,0.5871120691299438,0.6479701995849609,0.5871120691299438,0.6479701995849609,0.7400000095367432,0.5555555820465088
6,1,95,0.5856665372848511,0.6476242542266846,0.5856665372848511,0.6476242542266846,0.7400000095367432,0.5555555820465088
6,1,96,0.5842210054397583,0.6472785472869873,0.5842210054397583,0.6472785472869873,0.7400000095367432,0.5555555820465088
6,1,97,0.5827367305755615,0.6469630599021912,0.5827367305755615,0.6469630599021912,0.7400000095367432,0.5555555820465088
6,1,98,0.581241250038147,0.646683931350708,0.581241250038147,0.646683931350708,0.7400000095367432,0.5555555820465088
6,1,99,0.5797283053398132,0.6464000940322876,0.5797283053398132,0.6464000940322876,0.7400000095367432,0.5555555820465088
6,1,100,0.5782050490379333,0.6461076736450195,0.5782050490379333,0.6461076736450195,0.7400000095367432,0.5555555820465088
6,1,101,0.5766533017158508,0.6458327770233154,0.5766533017158508,0.6458327770233154,0.7400000095367432,0.5555555820465088
6,1,102,0.5750932097434998,0.6456366181373596,0.5750932097434998,0.6456366181373596,0.7400000095367432,0.5555555820465088
6,1,103,0.573556661605835,0.6455060839653015,0.573556661605835,0.6455060839653015,0.7400000095367432,0.5555555820465088
6,1,104,0.5720169544219971,0.6453930139541626,0.5720169544219971,0.6453930139541626,0.7400000095367432,0.5555555820465088
6,1,105,0.5704794526100159,0.6453043222427368,0.5704794526100159,0.6453043222427368,0.7400000095367432,0.5555555820465088
6,1,106,0.568946897983551,0.6452837586402893,0.568946897983551,0.6452837586402893,0.7400000095367432,0.5555555820465088
6,1,107,0.5674002766609192,0.6453391909599304,0.5674002766609192,0.6453391909599304,0.7400000095367432,0.5555555820465088
6,1,108,0.5658368468284607,0.645436704158783,0.5658368468284607,0.645436704158783,0.7400000095367432,0.5555555820465088
6,1,109,0.5642549991607666,0.6455204486846924,0.5642549991607666,0.6455204486846924,0.7400000095367432,0.6666666865348816
6,1,110,0.5626773834228516,0.6456053256988525,0.5626773834228516,0.6456053256988525,0.7400000095367432,0.6666666865348816
6,1,111,0.5610923171043396,0.6457138061523438,0.5610923171043396,0.6457138061523438,0.7400000095367432,0.6666666865348816
6,1,112,0.55949467420578,0.64583420753479,0.55949467420578,0.64583420753479,0.7400000095367432,0.6666666865348816
6,1,113,0.5579109787940979,0.6459572315216064,0.5579109787940979,0.6459572315216064,0.7400000095367432,0.6666666865348816
6,1,114,0.5563251972198486,0.6461064219474792,0.5563251972198486,0.6461064219474792,0.7400000095367432,0.6666666865348816
6,1,115,0.554725170135498,0.6462939381599426,0.554725170135498,0.6462939381599426,0.7400000095367432,0.6666666865348816
6,1,116,0.5531052947044373,0.6465710401535034,0.5531052947044373,0.6465710401535034,0.7400000095367432,0.6666666865348816
6,1,117,0.5514666438102722,0.6468899250030518,0.5514666438102722,0.6468899250030518,0.7400000095367432,0.6666666865348816
6,1,118,0.5498170256614685,0.6472031474113464,0.5498170256614685,0.6472031474113464,0.7400000095367432,0.6666666865348816
6,1,119,0.5481674075126648,0.6475817561149597,0.5481674075126648,0.6475817561149597,0.7400000095367432,0.6666666865348816
6,1,120,0.5464995503425598,0.6480552554130554,0.5464995503425598,0.6480552554130554,0.7400000095367432,0.6666666865348816
6,1,121,0.5448195934295654,0.6485642790794373,0.5448195934295654,0.6485642790794373,0.7400000095367432,0.6666666865348816
6,1,122,0.5431337356567383,0.6490716338157654,0.5431337356567383,0.6490716338157654,0.7400000095367432,0.6666666865348816
6,1,123,0.5414435267448425,0.6496143937110901,0.5414434671401978,0.6496143937110901,0.7400000095367432,0.6666666865348816
6,1,124,0.5397275686264038,0.6501805186271667,0.5397275686264038,0.6501805186271667,0.7400000095367432,0.6666666865348816
6,1,125,0.5380180478096008,0.6507428884506226,0.5380180478096008,0.6507428884506226,0.7400000095367432,0.6666666865348816
6,1,126,0.5363064408302307,0.6512999534606934,0.5363064408302307,0.6512999534606934,0.7400000095367432,0.6666666865348816
6,1,127,0.5346091985702515,0.651950478553772,0.5346091985702515,0.651950478553772,0.7599999904632568,0.6666666865348816
6,1,128,0.5329008102416992,0.652725875377655,0.5329008102416992,0.652725875377655,0.7799999713897705,0.6666666865348816
6,1,129,0.5311912298202515,0.6535131931304932,0.5311912298202515,0.6535131931304932,0.7799999713897705,0.6666666865348816
6,1,130,0.5294800400733948,0.6542715430259705,0.5294800400733948,0.6542715430259705,0.7799999713897705,0.6666666865348816
6,1,131,0.527782678604126,0.6550459265708923,0.527782678604126,0.6550459265708923,0.7799999713897705,0.6666666865348816
7,1,1,0.6915886998176575,0.6875025629997253,0.6915886998176575,0.6875025629997253,0.529411792755127,0.6666666865348816
7,1,2,0.6892490983009338,0.6871649026870728,0.6892490983009338,0.6871649026870728,0.5490196347236633,0.5555555820465088
7,1,3,0.687201976776123,0.6867694854736328,0.687201976776123,0.6867694854736328,0.5490196347236633,0.5555555820465088
7,1,4,0.6851841807365417,0.6864261627197266,0.6851841807365417,0.6864261627197266,0.5686274766921997,0.5555555820465088
7,1,5,0.6832116842269897,0.6860905885696411,0.6832116842269897,0.6860905885696411,0.6078431606292725,0.5555555820465088
7,1,6,0.6813092231750488,0.6857653856277466,0.6813092231750488,0.6857653856277466,0.6274510025978088,0.5555555820465088
7,1,7,0.6794658899307251,0.685469925403595,0.6794658899307251,0.685469925403595,0.6470588445663452,0.5555555820465088
7,1,8,0.6776744723320007,0.6851241588592529,0.6776744723320007,0.6851241588592529,0.686274528503418,0.5555555820465088
7,1,9,0.6759085655212402,0.6848052740097046,0.6759085059165955,0.6848052740097046,0.686274528503418,0.5555555820465088
7,1,10,0.6741577386856079,0.6845772862434387,0.6741577386856079,0.6845772862434387,0.686274528503418,0.5555555820465088
7,1,11,0.6724069118499756,0.6843698620796204,0.6724069118499756,0.6843698620796204,0.6666666865348816,0.5555555820465088
7,1,12,0.6706542372703552,0.6841204166412354,0.6706542372703552,0.6841204166412354,0.686274528503418,0.5555555820465088
7,1,13,0.6689048409461975,0.6838676929473877,0.6689048409461975,0.6838676929473877,0.686274528503418,0.5555555820465088
7,1,14,0.6671561598777771,0.6835870742797852,0.6671561598777771,0.6835870742797852,0.6470588445663452,0.5555555820465088
7,1,15,0.6654139757156372,0.6833909749984741,0.6654139757156372,0.6833909749984741,0.6666666865348816,0.5555555820465088
7,1,16,0.6636608242988586,0.6832709312438965,0.6636608242988586,0.6832709312438965,0.6666666865348816,0.5555555820465088
7,1,17,0.6618881821632385,0.6832016706466675,0.6618881821632385,0.6832016706466675,0.6666666865348816,0.5555555820465088
7,1,18,0.6601252555847168,0.6832548379898071,0.6601252555847168,0.6832548379898071,0.6666666865348816,0.5555555820465088
7,1,19,0.6583594679832458,0.6832835674285889,0.6583594679832458,0.6832835674285889,0.6666666865348816,0.5555555820465088
7,1,20,0.6566223502159119,0.6833347678184509,0.6566223502159119,0.6833347678184509,0.6666666865348816,0.5555555820465088
7,1,21,0.6549137830734253,0.6834775805473328,0.6549137830734253,0.6834775805473328,0.6666666865348816,0.5555555820465088
7,1,22,0.6532187461853027,0.6836217045783997,0.6532187461853027,0.6836217045783997,0.6666666865348816,0.5555555820465088
7,1,23,0.651529848575592,0.6837587356567383,0.651529848575592,0.6837587356567383,0.6666666865348816,0.5555555820465088
7,1,24,0.6498565673828125,0.6839044094085693,0.6498565673828125,0.6839044094085693,0.6666666865348816,0.5555555820465088
7,1,25,0.6482030153274536,0.6840547323226929,0.6482030153274536,0.6840547323226929,0.6666666865348816,0.5555555820465088
7,1,26,0.6465817093849182,0.6842286586761475,0.6465817093849182,0.6842286586761475,0.6666666865348816,0.5555555820465088
7,1,27,0.6449417471885681,0.6844227910041809,0.6449417471885681,0.6844227910041809,0.6666666865348816,0.5555555820465088
7,1,28,0.6432853937149048,0.6846635341644287,0.6432853937149048,0.6846635341644287,0.6666666865348816,0.5555555820465088
7,1,29,0.6416121125221252,0.6849284768104553,0.6416121125221252,0.6849284768104553,0.6666666865348816,0.5555555820465088
7,1,30,0.6399504542350769,0.6852820515632629,0.6399504542350769,0.6852820515632629,0.686274528503418,0.5555555820465088
7,1,31,0.6383106112480164,0.6855849623680115,0.6383106112480164,0.6855849623680115,0.686274528503418,0.5555555820465088
7,1,32,0.6366925835609436,0.6859020590782166,0.6366925835609436,0.6859020590782166,0.686274528503418,0.5555555820465088
7,1,33,0.6351098418235779,0.6861964464187622,0.6351098418235779,0.6861964464187622,0.686274528503418,0.5555555820465088
7,1,34,0.6335334181785583,0.6864960193634033,0.6335334181785583,0.6864960193634033,0.686274528503418,0.5555555820465088
7,1,35,0.6319630146026611,0.6868045330047607,0.6319630146026611,0.6868045330047607,0.686274528503418,0.5555555820465088
7,1,36,0.6303980350494385,0.6871008276939392,0.6303980350494385,0.6871008276939392,0.686274528503418,0.5555555820465088
7,1,37,0.6288290023803711,0.687399685382843,0.6288290023803711,0.687399685382843,0.686274528503418,0.5555555820465088
7,1,38,0.6272604465484619,0.6876752972602844,0.6272604465484619,0.6876752972602844,0.686274528503418,0.5555555820465088
7,1,39,0.6256822943687439,0.6879830956459045,0.6256822943687439,0.6879830956459045,0.7058823704719543,0.5555555820465088
7,1,40,0.624100387096405,0.6882882118225098,0.624100387096405,0.6882882118225098,0.7058823704719543,0.5555555820465088
7,1,41,0.6224910020828247,0.6885798573493958,0.6224910020828247,0.6885798573493958,0.7058823704719543,0.5555555820465088
7,1,42,0.6208722591400146,0.6888734698295593,0.6208722591400146,0.6888734698295593,0.7058823704719543,0.5555555820465088
8,1,1,0.7315483689308167,0.7265914082527161,0.7315483689308167,0.7265914082527161,0.4117647111415863,0.4444444477558136
8,1,2,0.7280924320220947,0.7249484658241272,0.7280924320220947,0.7249484658241272,0.4117647111415863,0.4444444477558136
8,1,3,0.7249501347541809,0.7233958840370178,0.7249501347541809,0.7233958840370178,0.4117647111415863,0.4444444477558136
8,1,4,0.7219470143318176,0.7218862771987915,0.7219470143318176,0.7218862771987915,0.4117647111415863,0.4444444477558136
8,1,5,0.7190357446670532,0.7205064296722412,0.7190357446670532,0.7205064296722412,0.4117647111415863,0.4444444477558136
8,1,6,0.7162185311317444,0.7192097306251526,0.7162185311317444,0.7192097306251526,0.4117647111415863,0.4444444477558136
8,1,7,0.7134764194488525,0.7179368734359741,0.7134764194488525,0.7179368734359741,0.4117647111415863,0.4444444477558136
8,1,8,0.710853636264801,0.7166727185249329,0.710853636264801,0.7166727185249329,0.4313725531101227,0.4444444477558136
8,1,9,0.7083271145820618,0.7154783010482788,0.7083271145820618,0.7154783010482788,0.4313725531101227,0.4444444477558136
8,1,10,0.7058768272399902,0.7143488526344299,0.7058768272399902,0.7143488526344299,0.4313725531101227,0.4444444477558136
8,1,11,0.7035285234451294,0.7132327556610107,0.7035285234451294,0.7132327556610107,0.4313725531101227,0.4444444477558136
8,1,12,0.701279878616333,0.7121533751487732,0.701279878616333,0.7121533751487732,0.4313725531101227,0.4444444477558136
8,1,13,0.6991028189659119,0.7111492156982422,0.6991028189659119,0.7111492156982422,0.47058823704719543,0.4444444477558136
8,1,14,0.6969745755195618,0.7101569175720215,0.6969745755195618,0.7101569175720215,0.47058823704719543,0.4444444477558136
8,1,15,0.6949060559272766,0.709219753742218,0.6949060559272766,0.709219753742218,0.47058823704719543,0.5555555820465088
8,1,16,0.6928768754005432,0.7083247303962708,0.6928768754005432,0.7083247303962708,0.4901960790157318,0.5555555820465088
8,1,17,0.6908872723579407,0.7074806690216064,0.6908872723579407,0.7074806690216064,0.4901960790157318,0.5555555820465088
8,1,18,0.6889771223068237,0.7067018747329712,0.6889771223068237,0.7067018747329712,0.4901960790157318,0.5555555820465088
8,1,19,0.6871038675308228,0.7059657573699951,0.6871038675308228,0.7059657573699951,0.5098039507865906,0.4444444477558136
8,1,20,0.685236930847168,0.705251157283783,0.685236930847168,0.705251157283783,0.5686274766921997,0.4444444477558136
8,1,21,0.6833932995796204,0.7045584917068481,0.6833932995796204,0.7045584917068481,0.6274510025978088,0.3333333432674408
8,1,22,0.6815875172615051,0.7039095163345337,0.6815875172615051,0.7039095163345337,0.6470588445663452,0.4444444477558136
8,1,23,0.679827868938446,0.7032997608184814,0.679827868938446,0.7032997608184814,0.6666666865348816,0.4444444477558136
8,1,24,0.678109884262085,0.7027640342712402,0.678109884262085,0.7027640342712402,0.686274528503418,0.4444444477558136
8,1,25,0.6764203906059265,0.7022807598114014,0.6764203906059265,0.7022807598114014,0.686274528503418,0.4444444477558136
8,1,26,0.6747783422470093,0.701834499835968,0.6747783422470093,0.701834499835968,0.7254902124404907,0.4444444477558136
8,1,27,0.6731764674186707,0.7013815641403198,0.6731764674186707,0.7013815641403198,0.7450980544090271,0.4444444477558136
8,1,28,0.6716116070747375,0.7009334564208984,0.6716116070747375,0.7009334564208984,0.7647058963775635,0.5555555820465088
8,1,29,0.6700624227523804,0.7005188465118408,0.6700624227523804,0.7005188465118408,0.7450980544090271,0.5555555820465088
8,1,30,0.6685287356376648,0.7001271843910217,0.6685287356376648,0.7001271843910217,0.7450980544090271,0.5555555820465088
8,1,31,0.6670089364051819,0.6997466087341309,0.6670089364051819,0.6997466087341309,0.7450980544090271,0.4444444477558136
8,1,32,0.6655291318893433,0.699388861656189,0.6655291318893433,0.699388861656189,0.7647058963775635,0.4444444477558136
8,1,33,0.6640530824661255,0.6990517973899841,0.6640530824661255,0.6990517973899841,0.8039215803146362,0.4444444477558136
8,1,34,0.6625601053237915,0.6987558007240295,0.6625600457191467,0.6987558007240295,0.7843137383460999,0.4444444477558136
8,1,35,0.6610459089279175,0.6985082626342773,0.6610459089279175,0.6985082626342773,0.7843137383460999,0.4444444477558136
8,1,36,0.6595333814620972,0.698366105556488,0.6595333814620972,0.698366105556488,0.7647058963775635,0.4444444477558136
8,1,37,0.6580228805541992,0.6982520818710327,0.658022940158844,0.6982520818710327,0.7647058963775635,0.4444444477558136
8,1,38,0.6564984321594238,0.6981439590454102,0.6564984321594238,0.6981439590454102,0.7647058963775635,0.4444444477558136
8,1,39,0.6549742221832275,0.6980297565460205,0.6549742221832275,0.6980297565460205,0.7647058963775635,0.4444444477558136
8,1,40,0.6534289121627808,0.6979935169219971,0.6534289121627808,0.6979935169219971,0.7450980544090271,0.4444444477558136
8,1,41,0.6518560647964478,0.6979649066925049,0.6518560647964478,0.6979649066925049,0.7647058963775635,0.4444444477558136
8,1,42,0.6503010392189026,0.6979241371154785,0.6503010392189026,0.6979241371154785,0.7843137383460999,0.4444444477558136
8,1,43,0.6487301588058472,0.697853684425354,0.6487301588058472,0.697853684425354,0.7843137383460999,0.4444444477558136
8,1,44,0.6471519470214844,0.6977812051773071,0.6471519470214844,0.6977812051773071,0.7843137383460999,0.4444444477558136
8,1,45,0.6455869674682617,0.6978067755699158,0.6455869674682617,0.6978067755699158,0.7843137383460999,0.4444444477558136
8,1,46,0.6440335512161255,0.6978895664215088,0.6440335512161255,0.6978895664215088,0.7843137383460999,0.4444444477558136
8,1,47,0.642473578453064,0.6979251503944397,0.642473578453064,0.6979251503944397,0.7843137383460999,0.4444444477558136
8,1,48,0.6409490704536438,0.6979399919509888,0.6409490704536438,0.6979399919509888,0.7843137383460999,0.4444444477558136
8,1,49,0.6394568085670471,0.6979801654815674,0.6394568085670471,0.6979801654815674,0.7647058963775635,0.4444444477558136
8,1,50,0.6379832029342651,0.6980814337730408,0.6379832029342651,0.6980814337730408,0.7647058963775635,0.4444444477558136
8,1,51,0.6365060210227966,0.6982372999191284,0.6365060210227966,0.6982372999191284,0.7450980544090271,0.4444444477558136
8,1,52,0.6350011825561523,0.6984393000602722,0.6350011825561523,0.6984393000602722,0.7450980544090271,0.4444444477558136
8,1,53,0.6334656476974487,0.698714017868042,0.6334656476974487,0.698714017868042,0.7647058963775635,0.4444444477558136
8,1,54,0.6319042444229126,0.6990125179290771,0.6319042444229126,0.6990125179290771,0.7647058963775635,0.4444444477558136
8,1,55,0.6303367018699646,0.6993201375007629,0.6303367018699646,0.6993201375007629,0.7647058963775635,0.4444444477558136
8,1,56,0.6287572383880615,0.6996396780014038,0.6287572383880615,0.6996396780014038,0.7647058963775635,0.4444444477558136
8,1,57,0.6271965503692627,0.6999588012695312,0.6271966099739075,0.6999588012695312,0.7647058963775635,0.4444444477558136
8,1,58,0.6256206035614014,0.7003210186958313,0.6256206035614014,0.7003210186958313,0.7647058963775635,0.4444444477558136
8,1,59,0.6240214109420776,0.7008451819419861,0.6240214109420776,0.7008451819419861,0.7450980544090271,0.4444444477558136
8,1,60,0.6224105954170227,0.7014105319976807,0.6224105954170227,0.7014105319976807,0.7450980544090271,0.4444444477558136
8,1,61,0.6208078861236572,0.7019872069358826,0.6208078861236572,0.7019872069358826,0.7450980544090271,0.4444444477558136
8,1,62,0.6192334294319153,0.7025976181030273,0.6192334294319153,0.7025976181030273,0.7450980544090271,0.4444444477558136
8,1,63,0.6176602840423584,0.7032490372657776,0.6176602840423584,0.7032490372657776,0.7450980544090271,0.4444444477558136
8,1,64,0.6160910129547119,0.7038619518280029,0.6160910129547119,0.7038619518280029,0.7450980544090271,0.4444444477558136
8,1,65,0.6145137548446655,0.7044728994369507,0.6145137548446655,0.7044728994369507,0.7647058963775635,0.4444444477558136
8,1,66,0.6129141449928284,0.7051016688346863,0.6129141449928284,0.7051016688346863,0.7843137383460999,0.4444444477558136
8,1,67,0.611308217048645,0.7057212591171265,0.611308217048645,0.7057212591171265,0.7843137383460999,0.4444444477558136
8,1,68,0.6096648573875427,0.7063426375389099,0.6096648573875427,0.7063426375389099,0.7843137383460999,0.4444444477558136
8,1,69,0.6079895496368408,0.7069894671440125,0.6079895496368408,0.7069894671440125,0.7843137383460999,0.4444444477558136
9,1,1,0.6937944293022156,0.6899397969245911,0.6937944293022156,0.6899397969245911,0.529411792755127,0.6666666865348816
9,1,2,0.6917286515235901,0.6894100308418274,0.6917286515235901,0.6894100308418274,0.5490196347236633,0.6666666865348816
9,1,3,0.690034031867981,0.6888492107391357,0.690034031867981,0.6888492107391357,0.529411792755127,0.6666666865348816
9,1,4,0.6884055733680725,0.6883178949356079,0.6884055733680725,0.6883178949356079,0.529411792755127,0.6666666865348816
9,1,5,0.6868517994880676,0.687824010848999,0.6868517994880676,0.687824010848999,0.529411792755127,0.6666666865348816
9,1,6,0.6853135228157043,0.6873781085014343,0.6853135228157043,0.6873781085014343,0.529411792755127,0.6666666865348816
9,1,7,0.68381267786026,0.6870080828666687,0.68381267786026,0.6870080828666687,0.5490196347236633,0.6666666865348816
9,1,8,0.6823803782463074,0.6866626739501953,0.6823803782463074,0.6866626739501953,0.5490196347236633,0.6666666865348816
9,1,9,0.6810033321380615,0.6863715648651123,0.6810033321380615,0.6863715648651123,0.5686274766921997,0.6666666865348816
9,1,10,0.6796537041664124,0.6860828399658203,0.6796537041664124,0.6860828399658203,0.5686274766921997,0.6666666865348816
9,1,11,0.6783453226089478,0.6858198642730713,0.6783453226089478,0.6858198642730713,0.5686274766921997,0.6666666865348816
9,1,12,0.6770442724227905,0.6855462789535522,0.6770442724227905,0.6855462789535522,0.5686274766921997,0.5555555820465088
9,1,13,0.6757556796073914,0.685239315032959,0.6757556796073914,0.685239315032959,0.5882353186607361,0.4444444477558136
9,1,14,0.6744900941848755,0.6849827766418457,0.6744900941848755,0.6849827766418457,0.5882353186607361,0.4444444477558136
9,1,15,0.6732404828071594,0.6847590208053589,0.6732404828071594,0.6847590208053589,0.5882353186607361,0.4444444477558136
9,1,16,0.6720067262649536,0.6845341324806213,0.6720067262649536,0.6845341324806213,0.5882353186607361,0.4444444477558136
9,1,17,0.6707745790481567,0.6843233108520508,0.6707745790481567,0.6843233108520508,0.5882353186607361,0.4444444477558136
9,1,18,0.6695588231086731,0.6840990781784058,0.6695588231086731,0.6840990781784058,0.5882353186607361,0.4444444477558136
9,1,19,0.6683787107467651,0.6838503479957581,0.6683787703514099,0.6838503479957581,0.6078431606292725,0.4444444477558136
9,1,20,0.6672307252883911,0.6836287975311279,0.6672307252883911,0.6836287975311279,0.6274510025978088,0.4444444477558136
9,1,21,0.666086733341217,0.6833992600440979,0.666086733341217,0.6833992600440979,0.6274510025978088,0.4444444477558136
9,1,22,0.6649170517921448,0.6831519603729248,0.6649169921875,0.6831519603729248,0.6274510025978088,0.4444444477558136
9,1,23,0.6637569665908813,0.6828848123550415,0.6637569665908813,0.6828848123550415,0.6274510025978088,0.4444444477558136
9,1,24,0.6626130938529968,0.6826345324516296,0.6626130938529968,0.6826345324516296,0.6274510025978088,0.4444444477558136
9,1,25,0.6614829897880554,0.6824111938476562,0.6614829897880554,0.6824111938476562,0.6470588445663452,0.4444444477558136
9,1,26,0.6603731513023376,0.6821606755256653,0.6603731513023376,0.6821606755256653,0.6470588445663452,0.4444444477558136
9,1,27,0.6592773199081421,0.6818243861198425,0.6592773199081421,0.6818243861198425,0.6666666865348816,0.4444444477558136
9,1,28,0.6581752896308899,0.6814161539077759,0.6581752896308899,0.6814161539077759,0.6666666865348816,0.4444444477558136
9,1,29,0.6570702195167542,0.6809729933738708,0.6570702195167542,0.6809729933738708,0.6666666865348816,0.4444444477558136
9,1,30,0.6559756994247437,0.6804975271224976,0.6559756994247437,0.6804975271224976,0.6666666865348816,0.4444444477558136
9,1,31,0.6549033522605896,0.6799904108047485,0.6549033522605896,0.6799904108047485,0.6666666865348816,0.4444444477558136
9,1,32,0.6538599133491516,0.6794617176055908,0.6538599133491516,0.6794617176055908,0.6666666865348816,0.4444444477558136
9,1,33,0.6528137922286987,0.6789581775665283,0.6528137922286987,0.6789581775665283,0.6666666865348816,0.4444444477558136
9,1,34,0.6517588496208191,0.6783754825592041,0.6517588496208191,0.6783754825592041,0.6666666865348816,0.4444444477558136
9,1,35,0.65069580078125,0.6777682900428772,0.65069580078125,0.6777682900428772,0.6666666865348816,0.4444444477558136
9,1,36,0.6496390700340271,0.6771507263183594,0.6496390700340271,0.6771507263183594,0.6666666865348816,0.4444444477558136
9,1,37,0.6485871076583862,0.6765089631080627,0.6485871076583862,0.6765089631080627,0.6666666865348816,0.4444444477558136
9,1,38,0.6475232243537903,0.6758541464805603,0.6475232243537903,0.6758541464805603,0.686274528503418,0.4444444477558136
9,1,39,0.646451473236084,0.6751792430877686,0.646451473236084,0.6751792430877686,0.6666666865348816,0.5555555820465088
9,1,40,0.6453622579574585,0.6745131015777588,0.6453622579574585,0.6745131015777588,0.6666666865348816,0.5555555820465088
9,1,41,0.6442775130271912,0.6738198399543762,0.6442775130271912,0.6738198399543762,0.6666666865348816,0.5555555820465088
9,1,42,0.6431820392608643,0.6731225252151489,0.6431820392608643,0.6731225252151489,0.6666666865348816,0.5555555820465088
9,1,43,0.6420719623565674,0.6724600195884705,0.6420719623565674,0.6724600195884705,0.6666666865348816,0.5555555820465088
9,1,44,0.6409581303596497,0.6717965602874756,0.6409581303596497,0.6717965602874756,0.6666666865348816,0.5555555820465088
9,1,45,0.6398341059684753,0.6711335182189941,0.6398341059684753,0.6711335182189941,0.6666666865348816,0.5555555820465088
9,1,46,0.6387037634849548,0.6704978942871094,0.6387037634849548,0.6704978942871094,0.7058823704719543,0.5555555820465088
9,1,47,0.6375597715377808,0.6699308753013611,0.6375597715377808,0.6699308753013611,0.7058823704719543,0.5555555820465088
9,1,48,0.6364187598228455,0.6694367527961731,0.6364187598228455,0.6694367527961731,0.7058823704719543,0.5555555820465088
9,1,49,0.6352792382240295,0.6689614057540894,0.6352792382240295,0.6689614057540894,0.686274528503418,0.5555555820465088
9,1,50,0.634128749370575,0.668502926826477,0.634128749370575,0.668502926826477,0.686274528503418,0.5555555820465088
9,1,51,0.6329830288887024,0.6680567264556885,0.6329830288887024,0.6680567264556885,0.6666666865348816,0.5555555820465088
9,1,52,0.6318263411521912,0.6676365733146667,0.6318263411521912,0.6676365733146667,0.6666666865348816,0.6666666865348816
9,1,53,0.6306459307670593,0.6672134399414062,0.6306459307670593,0.6672134399414062,0.6666666865348816,0.6666666865348816
9,1,54,0.629454493522644,0.666774332523346,0.629454493522644,0.666774332523346,0.6666666865348816,0.6666666865348816
9,1,55,0.6282702684402466,0.666339635848999,0.6282702684402466,0.666339635848999,0.6666666865348816,0.6666666865348816
9,1,56,0.627084493637085,0.6659042835235596,0.627084493637085,0.6659042835235596,0.6666666865348816,0.6666666865348816
9,1,57,0.6258882284164429,0.665477454662323,0.6258882284164429,0.665477454662323,0.6666666865348816,0.6666666865348816
9,1,58,0.6246916651725769,0.6650158166885376,0.6246916651725769,0.6650158166885376,0.6666666865348816,0.6666666865348816
9,1,59,0.6235135197639465,0.6645308136940002,0.6235135197639465,0.6645308136940002,0.686274528503418,0.7777777910232544
9,1,60,0.622338593006134,0.6640048623085022,0.622338593006134,0.6640048623085022,0.6666666865348816,0.7777777910232544
9,1,61,0.6211523413658142,0.6634122133255005,0.6211523413658142,0.6634122133255005,0.6666666865348816,0.7777777910232544
9,1,62,0.6199604272842407,0.662800669670105,0.6199604272842407,0.662800669670105,0.6666666865348816,0.7777777910232544
9,1,63,0.6187666058540344,0.6621931791305542,0.6187666058540344,0.6621931791305542,0.6666666865348816,0.6666666865348816
9,1,64,0.6175717115402222,0.6616125106811523,0.6175717115402222,0.6616125106811523,0.686274528503418,0.6666666865348816
9,1,65,0.6163614988327026,0.6610601544380188,0.6163614988327026,0.6610601544380188,0.686274528503418,0.6666666865348816
9,1,66,0.6151331663131714,0.6605271697044373,0.6151331663131714,0.6605271697044373,0.686274528503418,0.6666666865348816
9,1,67,0.6138895153999329,0.6600315570831299,0.6138895153999329,0.6600315570831299,0.7058823704719543,0.6666666865348816
9,1,68,0.6126317977905273,0.6595630645751953,0.6126317977905273,0.6595630645751953,0.7254902124404907,0.6666666865348816
9,1,69,0.6113678812980652,0.6591293811798096,0.6113678812980652,0.6591293811798096,0.7254902124404907,0.6666666865348816
9,1,70,0.6101068258285522,0.6586360335350037,0.6101067662239075,0.6586360335350037,0.7254902124404907,0.6666666865348816
9,1,71,0.6088260412216187,0.6581361293792725,0.6088260412216187,0.6581361293792725,0.7450980544090271,0.6666666865348816
9,1,72,0.6075472235679626,0.6576406955718994,0.6075472235679626,0.6576406955718994,0.7450980544090271,0.6666666865348816
9,1,73,0.606259286403656,0.657172441482544,0.606259286403656,0.657172441482544,0.7450980544090271,0.6666666865348816
9,1,74,0.6049734950065613,0.6566790342330933,0.6049734950065613,0.6566790342330933,0.7450980544090271,0.6666666865348816
9,1,75,0.6036853790283203,0.6561299562454224,0.6036853790283203,0.6561299562454224,0.7450980544090271,0.6666666865348816
9,1,76,0.6023818254470825,0.6555530428886414,0.6023818254470825,0.6555530428886414,0.7647058963775635,0.6666666865348816
9,1,77,0.6010717749595642,0.6550263166427612,0.6010717749595642,0.6550263166427612,0.7647058963775635,0.6666666865348816
9,1,78,0.5997443199157715,0.654548704624176,0.5997443795204163,0.654548704624176,0.7647058963775635,0.6666666865348816
9,1,79,0.5984200239181519,0.6540997624397278,0.5984200239181519,0.6540997624397278,0.7647058963775635,0.6666666865348816
9,1,80,0.5971104502677917,0.6536732912063599,0.5971104502677917,0.6536732912063599,0.7647058963775635,0.6666666865348816
9,1,81,0.5957950353622437,0.6532355546951294,0.5957950353622437,0.6532355546951294,0.7647058963775635,0.6666666865348816
9,1,82,0.594479501247406,0.6528264880180359,0.594479501247406,0.6528264880180359,0.7647058963775635,0.6666666865348816
9,1,83,0.593167781829834,0.6524569988250732,0.593167781829834,0.6524569988250732,0.7647058963775635,0.6666666865348816
9,1,84,0.5918532609939575,0.6520974636077881,0.5918532609939575,0.6520974636077881,0.7647058963775635,0.6666666865348816
9,1,85,0.5905349850654602,0.6517326235771179,0.5905349850654602,0.6517326235771179,0.7647058963775635,0.6666666865348816
9,1,86,0.589208722114563,0.6513864994049072,0.589208722114563,0.6513864994049072,0.7647058963775635,0.6666666865348816
9,1,87,0.5878741145133972,0.651052713394165,0.5878741145133972,0.651052713394165,0.7647058963775635,0.6666666865348816
9,1,88,0.5865384340286255,0.6507502794265747,0.5865384340286255,0.6507502794265747,0.7647058963775635,0.6666666865348816
9,1,89,0.5851882696151733,0.6504858136177063,0.5851882696151733,0.6504858136177063,0.7647058963775635,0.6666666865348816
9,1,90,0.5838198661804199,0.6501913666725159,0.5838198661804199,0.6501913666725159,0.7647058963775635,0.6666666865348816
9,1,91,0.5824302434921265,0.6498398780822754,0.5824302434921265,0.6498398780822754,0.7647058963775635,0.6666666865348816
9,1,92,0.5810357928276062,0.6495392322540283,0.5810357928276062,0.6495392322540283,0.7647058963775635,0.6666666865348816
9,1,93,0.5796307325363159,0.6492729783058167,0.5796307325363159,0.6492729783058167,0.7647058963775635,0.6666666865348816
9,1,94,0.5782086849212646,0.6490588784217834,0.5782086849212646,0.6490588784217834,0.7647058963775635,0.6666666865348816
9,1,95,0.5767699480056763,0.6489289999008179,0.5767699480056763,0.6489289999008179,0.7647058963775635,0.6666666865348816
9,1,96,0.5753340721130371,0.6487963199615479,0.5753340721130371,0.6487963199615479,0.7647058963775635,0.6666666865348816
9,1,97,0.5738868117332458,0.648607075214386,0.5738868117332458,0.648607075214386,0.7647058963775635,0.6666666865348816
9,1,98,0.5724199414253235,0.6484853625297546,0.5724199414253235,0.6484853625297546,0.7647058963775635,0.6666666865348816
9,1,99,0.5709331035614014,0.6484200954437256,0.5709331035614014,0.6484200954437256,0.7647058963775635,0.6666666865348816
9,1,100,0.5694440007209778,0.6482757329940796,0.5694440007209778,0.6482757329940796,0.7647058963775635,0.6666666865348816
9,1,101,0.5679422616958618,0.6481062769889832,0.5679423213005066,0.6481062769889832,0.7647058963775635,0.6666666865348816
9,1,102,0.5664426684379578,0.6479686498641968,0.5664426684379578,0.6479686498641968,0.7647058963775635,0.6666666865348816
9,1,103,0.564950168132782,0.647930383682251,0.564950168132782,0.647930383682251,0.7647058963775635,0.6666666865348816
9,1,104,0.5634527206420898,0.6479099988937378,0.5634527206420898,0.6479099988937378,0.7647058963775635,0.6666666865348816
9,1,105,0.5619550943374634,0.6478678584098816,0.5619550943374634,0.6478678584098816,0.7647058963775635,0.6666666865348816
9,1,106,0.5604486465454102,0.6478793621063232,0.5604486465454102,0.6478793621063232,0.7647058963775635,0.6666666865348816
9,1,107,0.5589146614074707,0.6479648947715759,0.5589146614074707,0.6479648947715759,0.7647058963775635,0.6666666865348816
9,1,108,0.5573742985725403,0.6481561660766602,0.5573742985725403,0.6481561660766602,0.7647058963775635,0.6666666865348816
9,1,109,0.5557727813720703,0.6484947204589844,0.5557727813720703,0.6484947204589844,0.7647058963775635,0.6666666865348816
9,1,110,0.5541442632675171,0.6489182114601135,0.5541442632675171,0.6489182114601135,0.7647058963775635,0.6666666865348816
9,1,111,0.5524957180023193,0.6495479941368103,0.5524957776069641,0.6495479941368103,0.7843137383460999,0.6666666865348816
9,1,112,0.5508337616920471,0.6502630710601807,0.5508337616920471,0.6502630710601807,0.7843137383460999,0.6666666865348816
9,1,113,0.5491573214530945,0.6510676145553589,0.5491573214530945,0.6510676145553589,0.7843137383460999,0.6666666865348816
9,1,114,0.5474702715873718,0.6518427729606628,0.5474702715873718,0.6518427729606628,0.7843137383460999,0.6666666865348816
9,1,115,0.5457842350006104,0.6526373624801636,0.5457842350006104,0.6526373624801636,0.7843137383460999,0.6666666865348816
9,1,116,0.5440965890884399,0.6534044146537781,0.5440965890884399,0.6534044146537781,0.7843137383460999,0.6666666865348816
9,1,117,0.5423867702484131,0.6541915535926819,0.5423867702484131,0.6541915535926819,0.7843137383460999,0.6666666865348816
9,1,118,0.5406808853149414,0.6550018787384033,0.5406808853149414,0.6550018787384033,0.7843137383460999,0.6666666865348816
9,1,119,0.5390005111694336,0.6557164788246155,0.5390005111694336,0.6557164788246155,0.7843137383460999,0.6666666865348816
9,1,120,0.5374377369880676,0.6562871336936951,0.5374377369880676,0.6562871336936951,0.7843137383460999,0.6666666865348816
9,1,121,0.5358781814575195,0.6567702293395996,0.5358781814575195,0.6567702293395996,0.7843137383460999,0.6666666865348816
9,1,122,0.5343468189239502,0.6571950912475586,0.5343468189239502,0.6571950912475586,0.7843137383460999,0.6666666865348816
9,1,123,0.5328101515769958,0.657585859298706,0.5328101515769958,0.657585859298706,0.7843137383460999,0.6666666865348816
9,1,124,0.5312789678573608,0.6578915119171143,0.5312789678573608,0.6578915119171143,0.7843137383460999,0.6666666865348816
9,1,125,0.5297344326972961,0.6582574248313904,0.5297344326972961,0.6582574248313904,0.8039215803146362,0.6666666865348816
9,1,126,0.5281829833984375,0.6586418747901917,0.5281829833984375,0.6586418747901917,0.8039215803146362,0.6666666865348816
9,1,127,0.5266327261924744,0.659062385559082,0.5266327261924744,0.659062385559082,0.8039215803146362,0.6666666865348816
9,1,128,0.5250721573829651,0.6595275402069092,0.5250721573829651,0.6595275402069092,0.8039215803146362,0.6666666865348816
9,1,129,0.5235071182250977,0.6599277853965759,0.5235071182250977,0.6599277853965759,0.8039215803146362,0.6666666865348816
9,1,130,0.5219472050666809,0.66026771068573,0.5219472050666809,0.66026771068573,0.8039215803146362,0.6666666865348816
10,1,1,0.6923904418945312,0.6758449077606201,0.6923904418945312,0.6758449077606201,0.45098039507865906,0.5555555820465088
10,1,2,0.6907945275306702,0.6760977506637573,0.6907945275306702,0.6760977506637573,0.45098039507865906,0.5555555820465088
10,1,3,0.6894296407699585,0.6763652563095093,0.6894296407699585,0.6763652563095093,0.45098039507865906,0.5555555820465088
10,1,4,0.6880985498428345,0.6765857338905334,0.6880985498428345,0.6765857338905334,0.47058823704719543,0.4444444477558136
10,1,5,0.6868072152137756,0.6767222285270691,0.6868072152137756,0.6767222285270691,0.47058823704719543,0.4444444477558136
10,1,6,0.6855390667915344,0.6768738031387329,0.6855390667915344,0.6768738031387329,0.4901960790157318,0.4444444477558136
10,1,7,0.6843100190162659,0.6770074367523193,0.6843100190162659,0.6770074367523193,0.5098039507865906,0.4444444477558136
10,1,8,0.6831516027450562,0.6771285533905029,0.6831516027450562,0.6771285533905029,0.5490196347236633,0.5555555820465088
10,1,9,0.6820015907287598,0.6772114634513855,0.6820015907287598,0.6772114634513855,0.5490196347236633,0.5555555820465088
10,1,10,0.680857241153717,0.6772862076759338,0.680857241153717,0.6772862076759338,0.5686274766921997,0.5555555820465088
10,1,11,0.6797215938568115,0.6773785948753357,0.6797215938568115,0.6773785948753357,0.5686274766921997,0.5555555820465088
10,1,12,0.6785935163497925,0.6774305701255798,0.6785935163497925,0.6774305701255798,0.5686274766921997,0.5555555820465088
10,1,13,0.6774773001670837,0.6774804592132568,0.6774773001670837,0.6774804592132568,0.5686274766921997,0.5555555820465088
10,1,14,0.6763564348220825,0.6775972843170166,0.6763564348220825,0.6775972843170166,0.5686274766921997,0.5555555820465088
10,1,15,0.6752046942710876,0.6776968836784363,0.6752046942710876,0.6776968836784363,0.5686274766921997,0.5555555820465088
10,1,16,0.6740575432777405,0.6777623295783997,0.6740575432777405,0.6777623295783997,0.5686274766921997,0.5555555820465088
10,1,17,0.6729344129562378,0.6778435707092285,0.6729344129562378,0.6778435707092285,0.5686274766921997,0.5555555820465088
10,1,18,0.6718118786811829,0.6779056191444397,0.6718118786811829,0.6779056191444397,0.5686274766921997,0.5555555820465088
10,1,19,0.6706953048706055,0.6779263019561768,0.6706953644752502,0.6779263019561768,0.5686274766921997,0.5555555820465088
10,1,20,0.6695911288261414,0.6778832077980042,0.6695911288261414,0.6778832077980042,0.5686274766921997,0.5555555820465088
10,1,21,0.6685013771057129,0.6777999401092529,0.6685013771057129,0.6777999401092529,0.5686274766921997,0.5555555820465088
10,1,22,0.6674164533615112,0.6776914000511169,0.6674164533615112,0.6776914000511169,0.5686274766921997,0.5555555820465088
10,1,23,0.6663287281990051,0.677553653717041,0.6663287281990051,0.677553653717041,0.5686274766921997,0.5555555820465088
10,1,24,0.6652179956436157,0.6773557662963867,0.6652179956436157,0.6773557662963867,0.5686274766921997,0.5555555820465088
10,1,25,0.6641151309013367,0.6771272420883179,0.6641151309013367,0.6771272420883179,0.5686274766921997,0.5555555820465088
10,1,26,0.6630093455314636,0.6768938899040222,0.6630093455314636,0.6768938899040222,0.5882353186607361,0.5555555820465088
11,2,1,0.6741341948509216,0.7092060446739197,0.6741341948509216,0.7092060446739197,0.6000000238418579,0.4444444477558136
11,2,2,0.6720632910728455,0.7102475166320801,0.6720632910728455,0.7102475166320801,0.6000000238418579,0.4444444477558136
11,2,3,0.6703405976295471,0.7112838625907898,0.6703405976295471,0.7112838625907898,0.6200000047683716,0.4444444477558136
11,2,4,0.6686962842941284,0.7124101519584656,0.6686962842941284,0.7124101519584656,0.6399999856948853,0.4444444477558136
11,2,5,0.6671314835548401,0.7135354280471802,0.6671314835548401,0.7135354280471802,0.6399999856948853,0.4444444477558136
11,2,6,0.6655818223953247,0.7146114110946655,0.6655818223953247,0.7146114110946655,0.6399999856948853,0.4444444477558136
11,2,7,0.664048433303833,0.7155253291130066,0.664048433303833,0.7155253291130066,0.6399999856948853,0.4444444477558136
11,2,8,0.6625309586524963,0.7164390683174133,0.6625309586524963,0.7164390683174133,0.6399999856948853,0.4444444477558136
11,2,9,0.6610592603683472,0.7173379063606262,0.6610592603683472,0.7173379063606262,0.6399999856948853,0.4444444477558136
11,2,10,0.6595911979675293,0.7182978987693787,0.6595911979675293,0.7182978987693787,0.6600000262260437,0.4444444477558136
11,2,11,0.6581083536148071,0.7191953659057617,0.6581083536148071,0.7191953659057617,0.6600000262260437,0.4444444477558136
11,2,12,0.6566285490989685,0.7200983762741089,0.6566285490989685,0.7200983762741089,0.6600000262260437,0.4444444477558136
11,2,13,0.6551105976104736,0.7209556102752686,0.6551105976104736,0.7209556102752686,0.6800000071525574,0.3333333432674408
11,2,14,0.6535830497741699,0.7218048572540283,0.6535830497741699,0.7218048572540283,0.699999988079071,0.3333333432674408
11,2,15,0.6520454287528992,0.7226539850234985,0.6520454287528992,0.7226539850234985,0.7200000286102295,0.3333333432674408
11,2,16,0.6504939794540405,0.7235214114189148,0.6504939794540405,0.7235214114189148,0.7200000286102295,0.3333333432674408
11,2,17,0.6489389538764954,0.7243160605430603,0.6489389538764954,0.7243160605430603,0.7200000286102295,0.3333333432674408
11,2,18,0.6473762392997742,0.7250731587409973,0.6473762392997742,0.7250731587409973,0.7200000286102295,0.3333333432674408
11,2,19,0.6458175778388977,0.7258694171905518,0.6458175778388977,0.7258694171905518,0.7200000286102295,0.3333333432674408
11,2,20,0.6442478895187378,0.7266813516616821,0.6442478895187378,0.7266813516616821,0.7200000286102295,0.3333333432674408
11,2,21,0.6426537036895752,0.7275328636169434,0.6426537036895752,0.7275328636169434,0.7200000286102295,0.3333333432674408
11,2,22,0.6410430669784546,0.7282795310020447,0.6410430669784546,0.7282795310020447,0.7200000286102295,0.3333333432674408
11,2,23,0.6394237279891968,0.729121208190918,0.6394237279891968,0.729121208190918,0.7200000286102295,0.3333333432674408
11,2,24,0.6378130912780762,0.7300187349319458,0.6378130912780762,0.7300187349319458,0.7200000286102295,0.3333333432674408
11,2,25,0.6362020373344421,0.7310099601745605,0.6362020373344421,0.7310099601745605,0.7200000286102295,0.3333333432674408
11,2,26,0.6345993280410767,0.732085108757019,0.6345993280410767,0.732085108757019,0.7200000286102295,0.3333333432674408
12,2,1,0.7130404710769653,0.7099384665489197,0.7130404710769653,0.7099384665489197,0.41999998688697815,0.3333333432674408
12,2,2,0.7099255919456482,0.7087457180023193,0.7099255919456482,0.7087457180023193,0.4399999976158142,0.3333333432674408
12,2,3,0.7071735262870789,0.7077109217643738,0.7071735262870789,0.7077109217643738,0.46000000834465027,0.3333333432674408
12,2,4,0.7045726776123047,0.7067499160766602,0.7045726776123047,0.7067499160766602,0.47999998927116394,0.3333333432674408
12,2,5,0.7021572589874268,0.7058635354042053,0.7021572589874268,0.7058635354042053,0.41999998688697815,0.3333333432674408
12,2,6,0.6998105645179749,0.7051154375076294,0.6998105645179749,0.7051154375076294,0.4000000059604645,0.3333333432674408
12,2,7,0.6975569128990173,0.7045431733131409,0.6975569128990173,0.7045431733131409,0.4000000059604645,0.3333333432674408
12,2,8,0.6954076886177063,0.7040212750434875,0.6954076886177063,0.7040212750434875,0.4000000059604645,0.3333333432674408
12,2,9,0.6933184862136841,0.7036144733428955,0.6933184862136841,0.7036144733428955,0.41999998688697815,0.3333333432674408
12,2,10,0.6913667917251587,0.7032411098480225,0.6913667917251587,0.7032411098480225,0.5,0.3333333432674408
12,2,11,0.6894989013671875,0.7027033567428589,0.6894989013671875,0.7027033567428589,0.5,0.4444444477558136
12,2,12,0.6876494884490967,0.7022373676300049,0.6876494884490967,0.7022373676300049,0.5199999809265137,0.5555555820465088
12,2,13,0.685873806476593,0.7018516659736633,0.685873806476593,0.7018516659736633,0.5799999833106995,0.4444444477558136
12,2,14,0.6841509342193604,0.7015522122383118,0.6841509342193604,0.7015522122383118,0.6000000238418579,0.4444444477558136
12,2,15,0.6824989318847656,0.7012228965759277,0.6824989318847656,0.7012228965759277,0.6399999856948853,0.4444444477558136
12,2,16,0.6809208393096924,0.7008885145187378,0.6809208393096924,0.7008885145187378,0.699999988079071,0.4444444477558136
12,2,17,0.6793460249900818,0.700509786605835,0.6793460249900818,0.700509786605835,0.699999988079071,0.4444444477558136
12,2,18,0.6778689622879028,0.7001937627792358,0.6778689622879028,0.7001937627792358,0.699999988079071,0.4444444477558136
12,2,19,0.6764628887176514,0.7000110745429993,0.6764628887176514,0.7000110745429993,0.7200000286102295,0.4444444477558136
12,2,20,0.675201416015625,0.6998286843299866,0.675201416015625,0.6998286843299866,0.7200000286102295,0.5555555820465088
12,2,21,0.6739780902862549,0.6996342539787292,0.6739780902862549,0.6996342539787292,0.7200000286102295,0.5555555820465088
12,2,22,0.6727828979492188,0.6994491219520569,0.6727828979492188,0.6994491219520569,0.699999988079071,0.4444444477558136
12,2,23,0.6716431975364685,0.6993289589881897,0.6716431975364685,0.6993289589881897,0.6600000262260437,0.5555555820465088
12,2,24,0.6706054210662842,0.6992972493171692,0.6706054210662842,0.6992972493171692,0.6600000262260437,0.5555555820465088
12,2,25,0.6696233153343201,0.6993377208709717,0.6696233153343201,0.6993377208709717,0.6600000262260437,0.5555555820465088
12,2,26,0.6686831712722778,0.6993578672409058,0.6686831712722778,0.6993578672409058,0.6600000262260437,0.5555555820465088
12,2,27,0.6678308248519897,0.699409008026123,0.6678308248519897,0.699409008026123,0.6200000047683716,0.5555555820465088
12,2,28,0.6669975519180298,0.6994893550872803,0.6669975519180298,0.6994893550872803,0.6000000238418579,0.5555555820465088
12,2,29,0.6661562323570251,0.699607789516449,0.6661562323570251,0.699607789516449,0.6000000238418579,0.5555555820465088
12,2,30,0.6653012037277222,0.6997750997543335,0.6653012037277222,0.6997750997543335,0.6000000238418579,0.5555555820465088
12,2,31,0.6644464731216431,0.6999797224998474,0.6644464731216431,0.6999797224998474,0.6000000238418579,0.5555555820465088
12,2,32,0.6636068820953369,0.7001864910125732,0.6636068820953369,0.7001864910125732,0.6000000238418579,0.5555555820465088
12,2,33,0.6627652049064636,0.7003688216209412,0.6627652049064636,0.7003688216209412,0.6000000238418579,0.5555555820465088
12,2,34,0.6619309782981873,0.7004854679107666,0.6619310975074768,0.7004854679107666,0.6000000238418579,0.5555555820465088
12,2,35,0.6610862612724304,0.7006113529205322,0.6610862612724304,0.7006113529205322,0.6000000238418579,0.5555555820465088
12,2,36,0.6602120995521545,0.7007603049278259,0.6602120995521545,0.7007603049278259,0.5799999833106995,0.5555555820465088
12,2,37,0.6593295931816101,0.7009114027023315,0.6593295931816101,0.7009114027023315,0.5799999833106995,0.5555555820465088
12,2,38,0.6584460735321045,0.7010210752487183,0.6584460735321045,0.7010210752487183,0.5799999833106995,0.5555555820465088
12,2,39,0.6575437188148499,0.701119065284729,0.6575437188148499,0.701119065284729,0.5799999833106995,0.5555555820465088
12,2,40,0.656643271446228,0.7011721134185791,0.656643271446228,0.7011721134185791,0.5799999833106995,0.5555555820465088
12,2,41,0.6557592153549194,0.7011503577232361,0.6557592153549194,0.7011503577232361,0.5799999833106995,0.5555555820465088
12,2,42,0.6548863053321838,0.7010983228683472,0.6548863053321838,0.7010983228683472,0.5799999833106995,0.5555555820465088
12,2,43,0.6540248394012451,0.701045572757721,0.6540248394012451,0.701045572757721,0.5799999833106995,0.5555555820465088
12,2,44,0.6531631946563721,0.7009735107421875,0.6531631946563721,0.7009735107421875,0.5799999833106995,0.5555555820465088
12,2,45,0.652309775352478,0.700850248336792,0.652309775352478,0.700850248336792,0.5799999833106995,0.5555555820465088
12,2,46,0.6514729261398315,0.7006986737251282,0.6514729261398315,0.7006986737251282,0.5799999833106995,0.5555555820465088
12,2,47,0.650633692741394,0.7005696296691895,0.650633692741394,0.7005696296691895,0.5799999833106995,0.5555555820465088
12,2,48,0.6497793793678284,0.700497031211853,0.6497793793678284,0.700497031211853,0.5799999833106995,0.5555555820465088
12,2,49,0.6489236354827881,0.700455904006958,0.6489236354827881,0.700455904006958,0.5799999833106995,0.5555555820465088
13,2,1,0.6931602954864502,0.6908956170082092,0.6931602954864502,0.6908956170082092,0.5799999833106995,0.5555555820465088
13,2,2,0.6915993690490723,0.6907691359519958,0.6915993690490723,0.6907691359519958,0.5799999833106995,0.5555555820465088
13,2,3,0.6903265118598938,0.6906251907348633,0.6903265118598938,0.6906251907348633,0.5799999833106995,0.5555555820465088
13,2,4,0.6891375184059143,0.6904445886611938,0.6891375184059143,0.6904445886611938,0.5799999833106995,0.5555555820465088
13,2,5,0.6880406141281128,0.6902621984481812,0.6880406737327576,0.6902621984481812,0.5799999833106995,0.5555555820465088
13,2,6,0.6869900226593018,0.6901721954345703,0.6869900226593018,0.6901721954345703,0.5799999833106995,0.5555555820465088
13,2,7,0.6859567165374756,0.6901295185089111,0.6859567165374756,0.6901295185089111,0.5799999833106995,0.5555555820465088
13,2,8,0.6849373579025269,0.6900627017021179,0.6849373579025269,0.6900627017021179,0.5799999833106995,0.5555555820465088
13,2,9,0.6839469075202942,0.6899647116661072,0.6839469075202942,0.6899647116661072,0.5799999833106995,0.5555555820465088
13,2,10,0.6829711198806763,0.6898977160453796,0.6829711198806763,0.6898977160453796,0.5799999833106995,0.5555555820465088
13,2,11,0.682030200958252,0.6898519396781921,0.682030200958252,0.6898519396781921,0.5799999833106995,0.5555555820465088
13,2,12,0.6811280846595764,0.6898244619369507,0.6811280846595764,0.6898244619369507,0.5799999833106995,0.5555555820465088
13,2,13,0.6802513003349304,0.6897832155227661,0.6802513003349304,0.6897832155227661,0.5799999833106995,0.5555555820465088
13,2,14,0.6793624758720398,0.6897260546684265,0.6793624758720398,0.6897260546684265,0.5799999833106995,0.5555555820465088
13,2,15,0.6784713864326477,0.6896264553070068,0.6784713864326477,0.6896264553070068,0.5799999833106995,0.5555555820465088
13,2,16,0.6775749325752258,0.6895428895950317,0.6775749325752258,0.6895428895950317,0.5799999833106995,0.5555555820465088
13,2,17,0.6766621470451355,0.689436674118042,0.6766621470451355,0.689436674118042,0.5799999833106995,0.5555555820465088
13,2,18,0.6757423281669617,0.689315915107727,0.6757423877716064,0.689315915107727,0.5799999833106995,0.5555555820465088
13,2,19,0.6748157739639282,0.6892306804656982,0.6748157739639282,0.6892306804656982,0.5799999833106995,0.5555555820465088
13,2,20,0.6738889813423157,0.689236044883728,0.6738889813423157,0.689236044883728,0.5799999833106995,0.5555555820465088
13,2,21,0.6729662418365479,0.6892368793487549,0.6729662418365479,0.6892368793487549,0.5799999833106995,0.5555555820465088
13,2,22,0.6720635294914246,0.6892552375793457,0.6720635294914246,0.6892552375793457,0.5799999833106995,0.5555555820465088
13,2,23,0.6711798310279846,0.6892681121826172,0.6711798310279846,0.6892681121826172,0.5799999833106995,0.5555555820465088
13,2,24,0.6703060269355774,0.6892613172531128,0.6703060269355774,0.6892613172531128,0.5799999833106995,0.5555555820465088
13,2,25,0.6694344282150269,0.6892157196998596,0.6694344282150269,0.6892157196998596,0.5799999833106995,0.5555555820465088
13,2,26,0.6685716509819031,0.6891907453536987,0.6685716509819031,0.6891907453536987,0.5799999833106995,0.5555555820465088
13,2,27,0.6676805019378662,0.6891739368438721,0.6676805019378662,0.6891739368438721,0.5799999833106995,0.5555555820465088
13,2,28,0.6667821407318115,0.6892154812812805,0.6667821407318115,0.6892154812812805,0.5799999833106995,0.5555555820465088
13,2,29,0.6658662557601929,0.6892911791801453,0.6658662557601929,0.6892911791801453,0.5799999833106995,0.5555555820465088
13,2,30,0.6649430990219116,0.6893983483314514,0.6649430990219116,0.6893983483314514,0.5799999833106995,0.5555555820465088
13,2,31,0.664021909236908,0.6895794868469238,0.664021909236908,0.6895794868469238,0.5799999833106995,0.5555555820465088
13,2,32,0.6630672216415405,0.6898084282875061,0.6630672216415405,0.6898084282875061,0.5799999833106995,0.5555555820465088
13,2,33,0.6620988249778748,0.6900209188461304,0.6620988249778748,0.6900209188461304,0.5799999833106995,0.5555555820465088
13,2,34,0.6611308455467224,0.6902211904525757,0.6611308455467224,0.6902211904525757,0.5799999833106995,0.5555555820465088
13,2,35,0.6601603627204895,0.6904928684234619,0.6601603031158447,0.6904928684234619,0.5799999833106995,0.5555555820465088
13,2,36,0.6591968536376953,0.6907274723052979,0.6591968536376953,0.6907274723052979,0.5799999833106995,0.5555555820465088
13,2,37,0.6582143902778625,0.690929651260376,0.6582143902778625,0.690929651260376,0.5799999833106995,0.5555555820465088
13,2,38,0.6572309136390686,0.6910783648490906,0.6572309136390686,0.6910783648490906,0.5799999833106995,0.5555555820465088
13,2,39,0.6562191247940063,0.6911422610282898,0.6562191247940063,0.6911422610282898,0.5799999833106995,0.5555555820465088
13,2,40,0.6551693677902222,0.6911938190460205,0.6551693677902222,0.6911938190460205,0.5799999833106995,0.5555555820465088
13,2,41,0.6540881395339966,0.6912334561347961,0.6540881395339966,0.6912334561347961,0.5799999833106995,0.5555555820465088
13,2,42,0.653006911277771,0.6912597417831421,0.653006911277771,0.6912597417831421,0.5799999833106995,0.5555555820465088
13,2,43,0.65191650390625,0.6912651062011719,0.65191650390625,0.6912651062011719,0.5799999833106995,0.5555555820465088
13,2,44,0.6507916450500488,0.6913408041000366,0.6507916450500488,0.6913408041000366,0.5799999833106995,0.5555555820465088
13,2,45,0.649655818939209,0.6913838386535645,0.649655818939209,0.6913838386535645,0.5799999833106995,0.5555555820465088
13,2,46,0.6485034823417664,0.6914191246032715,0.6485034823417664,0.6914191246032715,0.6000000238418579,0.5555555820465088
13,2,47,0.6473132371902466,0.6914622187614441,0.6473132371902466,0.6914622187614441,0.6000000238418579,0.5555555820465088
13,2,48,0.6460950970649719,0.6915671825408936,0.6460950970649719,0.6915671825408936,0.6000000238418579,0.5555555820465088
13,2,49,0.6448306441307068,0.691696286201477,0.6448306441307068,0.691696286201477,0.6000000238418579,0.5555555820465088
13,2,50,0.6435105800628662,0.6917949318885803,0.6435105800628662,0.6917949318885803,0.6000000238418579,0.5555555820465088
13,2,51,0.6421573758125305,0.6918541789054871,0.6421573758125305,0.6918541789054871,0.6000000238418579,0.5555555820465088
13,2,52,0.640796959400177,0.6919123530387878,0.640796959400177,0.6919123530387878,0.6000000238418579,0.5555555820465088
14,2,1,0.6981002688407898,0.7013205289840698,0.6981002688407898,0.7013205289840698,0.5,0.5555555820465088
14,2,2,0.6958962082862854,0.7004067301750183,0.6958962082862854,0.7004067301750183,0.5,0.5555555820465088
14,2,3,0.6939486861228943,0.6995787024497986,0.6939486861228943,0.6995787024497986,0.5,0.5555555820465088
14,2,4,0.6921217441558838,0.6988201141357422,0.6921217441558838,0.6988201141357422,0.47999998927116394,0.4444444477558136
14,2,5,0.690377414226532,0.6980969905853271,0.690377414226532,0.6980969905853271,0.5199999809265137,0.4444444477558136
14,2,6,0.6887271404266357,0.6974136829376221,0.6887271404266357,0.6974136829376221,0.5400000214576721,0.4444444477558136
14,2,7,0.6871395111083984,0.6967957019805908,0.6871395111083984,0.6967957019805908,0.5199999809265137,0.3333333432674408
14,2,8,0.6855804324150085,0.6961634159088135,0.6855804324150085,0.6961634159088135,0.5199999809265137,0.5555555820465088
14,2,9,0.6840830445289612,0.6954774856567383,0.6840830445289612,0.6954774856567383,0.5199999809265137,0.4444444477558136
14,2,10,0.6826295256614685,0.6948429942131042,0.6826295256614685,0.6948429942131042,0.5799999833106995,0.4444444477558136
14,2,11,0.6812036037445068,0.6942174434661865,0.6812036037445068,0.6942174434661865,0.6000000238418579,0.4444444477558136
14,2,12,0.679818868637085,0.6935997009277344,0.679818868637085,0.6935997009277344,0.6200000047683716,0.4444444477558136
14,2,13,0.6784939765930176,0.6929612159729004,0.6784939765930176,0.6929612159729004,0.6399999856948853,0.4444444477558136
14,2,14,0.6772308349609375,0.6923291087150574,0.6772308349609375,0.6923291087150574,0.6000000238418579,0.4444444477558136
14,2,15,0.6759896874427795,0.6917447447776794,0.6759896874427795,0.6917447447776794,0.6000000238418579,0.4444444477558136
14,2,16,0.6747809052467346,0.691230058670044,0.6747809052467346,0.691230058670044,0.6000000238418579,0.4444444477558136
14,2,17,0.6735764145851135,0.6907517910003662,0.6735764145851135,0.6907517910003662,0.6000000238418579,0.4444444477558136
14,2,18,0.6723959445953369,0.6903332471847534,0.6723959445953369,0.6903332471847534,0.6000000238418579,0.4444444477558136
14,2,19,0.6712382435798645,0.6899529695510864,0.6712382435798645,0.6899529695510864,0.6000000238418579,0.4444444477558136
14,2,20,0.6700991988182068,0.6896138191223145,0.6700991988182068,0.6896138191223145,0.6200000047683716,0.5555555820465088
14,2,21,0.6690017580986023,0.689304530620575,0.6690017580986023,0.689304530620575,0.6200000047683716,0.5555555820465088
14,2,22,0.6679263114929199,0.6889961957931519,0.6679263114929199,0.6889961957931519,0.6200000047683716,0.5555555820465088
14,2,23,0.6668619513511658,0.6886965036392212,0.6668619513511658,0.6886965036392212,0.6200000047683716,0.5555555820465088
14,2,24,0.6658155918121338,0.6884429454803467,0.6658155918121338,0.6884429454803467,0.6200000047683716,0.5555555820465088
14,2,25,0.6647763252258301,0.6882225871086121,0.6647763252258301,0.6882225871086121,0.6200000047683716,0.5555555820465088
14,2,26,0.6637346744537354,0.6879910230636597,0.6637346744537354,0.6879910230636597,0.6200000047683716,0.5555555820465088
14,2,27,0.6626872420310974,0.6877579689025879,0.6626872420310974,0.6877579689025879,0.6399999856948853,0.5555555820465088
14,2,28,0.6616269946098328,0.6875583529472351,0.6616269946098328,0.6875583529472351,0.6399999856948853,0.5555555820465088
14,2,29,0.6605624556541443,0.6873482465744019,0.6605624556541443,0.6873482465744019,0.6399999856948853,0.5555555820465088
14,2,30,0.659452497959137,0.6871033310890198,0.659452497959137,0.6871033310890198,0.6399999856948853,0.5555555820465088
14,2,31,0.6583014726638794,0.6868876218795776,0.6583014726638794,0.6868876218795776,0.6399999856948853,0.5555555820465088
14,2,32,0.6571481823921204,0.6867831349372864,0.6571481823921204,0.6867831349372864,0.6399999856948853,0.5555555820465088
14,2,33,0.6559832096099854,0.6866810321807861,0.6559832096099854,0.6866810321807861,0.6399999856948853,0.5555555820465088
14,2,34,0.6548069715499878,0.6866358518600464,0.6548069715499878,0.6866358518600464,0.6399999856948853,0.5555555820465088
14,2,35,0.6536295413970947,0.6865954995155334,0.6536295413970947,0.6865954995155334,0.6399999856948853,0.5555555820465088
14,2,36,0.6524583697319031,0.6865130662918091,0.6524583697319031,0.6865130662918091,0.6399999856948853,0.5555555820465088
14,2,37,0.6512791514396667,0.6863840818405151,0.6512791514396667,0.6863840818405151,0.6399999856948853,0.5555555820465088
14,2,38,0.6500802636146545,0.6862434148788452,0.6500802636146545,0.6862434148788452,0.6399999856948853,0.5555555820465088
14,2,39,0.6488819122314453,0.686093270778656,0.6488819122314453,0.686093270778656,0.6399999856948853,0.5555555820465088
14,2,40,0.6477002501487732,0.685953676700592,0.6477002501487732,0.685953676700592,0.6399999856948853,0.5555555820465088
14,2,41,0.6464908123016357,0.6857892870903015,0.6464908123016357,0.6857892870903015,0.6399999856948853,0.5555555820465088
14,2,42,0.6452845931053162,0.6855997443199158,0.6452845931053162,0.6855997443199158,0.6600000262260437,0.5555555820465088
14,2,43,0.6440800428390503,0.685418963432312,0.6440800428390503,0.685418963432312,0.6600000262260437,0.5555555820465088
14,2,44,0.642880380153656,0.6852037906646729,0.642880380153656,0.6852037906646729,0.6600000262260437,0.5555555820465088
14,2,45,0.6416691541671753,0.6850095987319946,0.6416691541671753,0.6850095987319946,0.6600000262260437,0.5555555820465088
14,2,46,0.6404517889022827,0.6848410367965698,0.6404517889022827,0.6848410367965698,0.6600000262260437,0.5555555820465088
14,2,47,0.6391991376876831,0.6846500039100647,0.6391991376876831,0.6846500039100647,0.6800000071525574,0.5555555820465088
14,2,48,0.6379430890083313,0.6844248175621033,0.6379430890083313,0.6844248175621033,0.6800000071525574,0.5555555820465088
14,2,49,0.6367091536521912,0.6842188239097595,0.6367091536521912,0.6842188239097595,0.6800000071525574,0.5555555820465088
14,2,50,0.6354833841323853,0.6840348839759827,0.6354833841323853,0.6840348839759827,0.699999988079071,0.5555555820465088
14,2,51,0.6342543959617615,0.6838707327842712,0.6342543959617615,0.6838707327842712,0.699999988079071,0.4444444477558136
14,2,52,0.6330305337905884,0.6837363243103027,0.6330305337905884,0.6837363243103027,0.699999988079071,0.4444444477558136
14,2,53,0.6317932605743408,0.6836450099945068,0.6317932605743408,0.6836450099945068,0.7200000286102295,0.4444444477558136
14,2,54,0.630548357963562,0.6835296154022217,0.630548357963562,0.6835296154022217,0.7200000286102295,0.4444444477558136
14,2,55,0.6292957067489624,0.6834031939506531,0.6292957067489624,0.6834031939506531,0.7200000286102295,0.4444444477558136
14,2,56,0.6280271410942078,0.6832786798477173,0.6280271410942078,0.6832786798477173,0.7200000286102295,0.4444444477558136
14,2,57,0.6267510056495667,0.6831767559051514,0.6267510056495667,0.6831767559051514,0.7200000286102295,0.4444444477558136
14,2,58,0.625437319278717,0.6830771565437317,0.625437319278717,0.6830771565437317,0.7200000286102295,0.4444444477558136
14,2,59,0.6240909099578857,0.6829910278320312,0.6240909099578857,0.6829910278320312,0.7200000286102295,0.4444444477558136
14,2,60,0.6227295398712158,0.682915449142456,0.6227295398712158,0.682915449142456,0.7200000286102295,0.4444444477558136
14,2,61,0.6213349103927612,0.6828334331512451,0.6213349103927612,0.6828334331512451,0.7200000286102295,0.4444444477558136
14,2,62,0.6199506521224976,0.682761013507843,0.6199506521224976,0.682761013507843,0.7200000286102295,0.4444444477558136
14,2,63,0.6185705661773682,0.6826303005218506,0.6185705661773682,0.6826303005218506,0.7200000286102295,0.4444444477558136
14,2,64,0.6171950697898865,0.6824551820755005,0.6171950697898865,0.6824551820755005,0.7200000286102295,0.4444444477558136
14,2,65,0.6158338785171509,0.6822312474250793,0.6158338785171509,0.6822312474250793,0.7200000286102295,0.4444444477558136
14,2,66,0.6144488453865051,0.6819314360618591,0.6144488453865051,0.6819314360618591,0.7200000286102295,0.4444444477558136
14,2,67,0.613049328327179,0.6816926598548889,0.613049328327179,0.6816926598548889,0.7400000095367432,0.4444444477558136
14,2,68,0.6116412281990051,0.6814343333244324,0.6116412281990051,0.6814343333244324,0.7400000095367432,0.4444444477558136
14,2,69,0.6102113127708435,0.6811456680297852,0.6102113127708435,0.6811456680297852,0.7400000095367432,0.4444444477558136
14,2,70,0.6087740063667297,0.6808502078056335,0.6087740063667297,0.6808502078056335,0.7400000095367432,0.4444444477558136
14,2,71,0.6073110103607178,0.680530309677124,0.607310950756073,0.680530309677124,0.7599999904632568,0.5555555820465088
14,2,72,0.605833113193512,0.6801983118057251,0.605833113193512,0.6801983118057251,0.7599999904632568,0.5555555820465088
14,2,73,0.6043331027030945,0.6798669695854187,0.6043331027030945,0.6798669695854187,0.7599999904632568,0.5555555820465088
14,2,74,0.6028316020965576,0.6795403361320496,0.6028316020965576,0.6795403361320496,0.7599999904632568,0.5555555820465088
14,2,75,0.6013333201408386,0.679318368434906,0.6013333201408386,0.679318368434906,0.7599999904632568,0.5555555820465088
14,2,76,0.5998281836509705,0.6791011691093445,0.5998281836509705,0.6791011691093445,0.7599999904632568,0.5555555820465088
14,2,77,0.5983132719993591,0.6789023876190186,0.5983132719993591,0.6789023876190186,0.7599999904632568,0.5555555820465088
14,2,78,0.5967874526977539,0.6787252426147461,0.5967874526977539,0.6787252426147461,0.7799999713897705,0.5555555820465088
14,2,79,0.5952603220939636,0.6786487102508545,0.5952603220939636,0.6786487102508545,0.7799999713897705,0.5555555820465088
14,2,80,0.5937376618385315,0.6785793304443359,0.5937376618385315,0.6785793304443359,0.7799999713897705,0.5555555820465088
14,2,81,0.5922060012817383,0.6785469055175781,0.5922060012817383,0.6785469055175781,0.7799999713897705,0.5555555820465088
14,2,82,0.5906832218170166,0.6785813570022583,0.5906832218170166,0.6785813570022583,0.7799999713897705,0.5555555820465088
14,2,83,0.5891567468643188,0.6786952018737793,0.5891567468643188,0.6786952018737793,0.7799999713897705,0.5555555820465088
14,2,84,0.5876394510269165,0.6789018511772156,0.5876394510269165,0.6789018511772156,0.7799999713897705,0.5555555820465088
14,2,85,0.5861100554466248,0.6791718602180481,0.5861100554466248,0.6791718602180481,0.7799999713897705,0.5555555820465088
14,2,86,0.5845832824707031,0.679419755935669,0.5845832824707031,0.679419755935669,0.7599999904632568,0.5555555820465088
14,2,87,0.5830510854721069,0.6796347498893738,0.5830510854721069,0.6796347498893738,0.7599999904632568,0.5555555820465088
14,2,88,0.5815203785896301,0.6798272132873535,0.5815203785896301,0.6798272132873535,0.7599999904632568,0.5555555820465088
14,2,89,0.5799831748008728,0.679962694644928,0.5799832344055176,0.679962694644928,0.7599999904632568,0.5555555820465088
14,2,90,0.578442394733429,0.6800739765167236,0.578442394733429,0.6800739765167236,0.7599999904632568,0.5555555820465088
14,2,91,0.5768851041793823,0.6802037954330444,0.5768851041793823,0.6802037954330444,0.7599999904632568,0.5555555820465088
14,2,92,0.5753136873245239,0.6803549528121948,0.5753136873245239,0.6803549528121948,0.7599999904632568,0.5555555820465088
14,2,93,0.5737290978431702,0.6805012226104736,0.5737290978431702,0.6805012226104736,0.7599999904632568,0.5555555820465088
14,2,94,0.5721395611763,0.6806547045707703,0.5721395611763,0.6806547045707703,0.7799999713897705,0.5555555820465088
14,2,95,0.5705493688583374,0.6808265447616577,0.5705493688583374,0.6808265447616577,0.7799999713897705,0.6666666865348816
14,2,96,0.5689571499824524,0.6810329556465149,0.5689571499824524,0.6810329556465149,0.7799999713897705,0.6666666865348816
14,2,97,0.5673620104789734,0.6812593340873718,0.5673620104789734,0.6812593340873718,0.7799999713897705,0.6666666865348816
14,2,98,0.5657603740692139,0.6815118193626404,0.5657603740692139,0.6815118193626404,0.7799999713897705,0.6666666865348816
14,2,99,0.5641527771949768,0.6817740797996521,0.5641527771949768,0.6817740797996521,0.7799999713897705,0.6666666865348816
14,2,100,0.5625371932983398,0.6820209622383118,0.5625371932983398,0.6820209622383118,0.7799999713897705,0.6666666865348816
14,2,101,0.560906171798706,0.6822713613510132,0.560906171798706,0.6822713613510132,0.7799999713897705,0.6666666865348816
14,2,102,0.5592809319496155,0.6825668811798096,0.5592809319496155,0.6825668811798096,0.7799999713897705,0.6666666865348816
14,2,103,0.557644784450531,0.6828850507736206,0.557644784450531,0.6828850507736206,0.7799999713897705,0.6666666865348816
14,2,104,0.5559844374656677,0.6831963062286377,0.5559844374656677,0.6831963062286377,0.7799999713897705,0.6666666865348816
14,2,105,0.5543019771575928,0.6835029721260071,0.5543019771575928,0.6835029721260071,0.7799999713897705,0.6666666865348816
14,2,106,0.5526015758514404,0.6838108897209167,0.5526015758514404,0.6838108897209167,0.7799999713897705,0.6666666865348816
15,2,1,0.685563325881958,0.7085587978363037,0.685563325881958,0.7085587978363037,0.5799999833106995,0.5555555820465088
15,2,2,0.6843962073326111,0.7082650065422058,0.6843962073326111,0.7082650065422058,0.5799999833106995,0.5555555820465088
15,2,3,0.6833981871604919,0.7080098390579224,0.6833981871604919,0.7080098390579224,0.5799999833106995,0.5555555820465088
15,2,4,0.6824291944503784,0.7077541351318359,0.6824291944503784,0.7077541351318359,0.5799999833106995,0.5555555820465088
15,2,5,0.6814765930175781,0.7074411511421204,0.6814765930175781,0.7074411511421204,0.5799999833106995,0.5555555820465088
15,2,6,0.6805222034454346,0.707143247127533,0.6805222034454346,0.707143247127533,0.5799999833106995,0.5555555820465088
15,2,7,0.6796020269393921,0.7069035172462463,0.6796020269393921,0.7069035172462463,0.5799999833106995,0.5555555820465088
15,2,8,0.678687334060669,0.7066377997398376,0.678687334060669,0.7066377997398376,0.5799999833106995,0.5555555820465088
15,2,9,0.6777839660644531,0.7063283920288086,0.6777839660644531,0.7063283920288086,0.5799999833106995,0.5555555820465088
15,2,10,0.6768810749053955,0.7059956192970276,0.6768810749053955,0.7059956192970276,0.5799999833106995,0.5555555820465088
15,2,11,0.6759846210479736,0.7056770324707031,0.6759846210479736,0.7056770324707031,0.5799999833106995,0.5555555820465088
15,2,12,0.675097644329071,0.7052962779998779,0.675097644329071,0.7052962779998779,0.5799999833106995,0.5555555820465088
15,2,13,0.6742215156555176,0.7048885226249695,0.6742215156555176,0.7048885226249695,0.5799999833106995,0.5555555820465088
15,2,14,0.673360288143158,0.7044378519058228,0.673360288143158,0.7044378519058228,0.5799999833106995,0.5555555820465088
15,2,15,0.6724866628646851,0.7039393782615662,0.6724866628646851,0.7039393782615662,0.5799999833106995,0.5555555820465088
15,2,16,0.6716122627258301,0.7034180164337158,0.6716122627258301,0.7034180164337158,0.5799999833106995,0.5555555820465088
15,2,17,0.6707385778427124,0.7028799057006836,0.6707385778427124,0.7028799057006836,0.5799999833106995,0.5555555820465088
15,2,18,0.6698782444000244,0.7023473978042603,0.6698782444000244,0.7023473978042603,0.5799999833106995,0.5555555820465088
15,2,19,0.6690337657928467,0.7017895579338074,0.6690337657928467,0.7017895579338074,0.5799999833106995,0.5555555820465088
15,2,20,0.6681640148162842,0.7011955976486206,0.6681640148162842,0.7011955976486206,0.5799999833106995,0.5555555820465088
15,2,21,0.6672812104225159,0.700568437576294,0.6672812104225159,0.700568437576294,0.5799999833106995,0.5555555820465088
15,2,22,0.6663911938667297,0.699944794178009,0.6663911938667297,0.699944794178009,0.5799999833106995,0.5555555820465088
15,2,23,0.6654927134513855,0.699329674243927,0.6654927134513855,0.699329674243927,0.5799999833106995,0.5555555820465088
15,2,24,0.6646061539649963,0.6987518072128296,0.6646061539649963,0.6987518072128296,0.5799999833106995,0.5555555820465088
15,2,25,0.6637388467788696,0.6981510519981384,0.6637388467788696,0.6981510519981384,0.5799999833106995,0.5555555820465088
15,2,26,0.6628857254981995,0.6975510120391846,0.6628857254981995,0.6975510120391846,0.5799999833106995,0.5555555820465088
15,2,27,0.6620431542396545,0.6969446539878845,0.6620431542396545,0.6969446539878845,0.5799999833106995,0.5555555820465088
15,2,28,0.661193311214447,0.6962844133377075,0.661193311214447,0.6962844133377075,0.5799999833106995,0.5555555820465088
15,2,29,0.6603485941886902,0.6956161856651306,0.6603485941886902,0.6956161856651306,0.5799999833106995,0.5555555820465088
15,2,30,0.6594831943511963,0.6949288845062256,0.6594831943511963,0.6949288845062256,0.5799999833106995,0.5555555820465088
15,2,31,0.6586129665374756,0.6942256093025208,0.6586129665374756,0.6942256093025208,0.5799999833106995,0.5555555820465088
15,2,32,0.6577343940734863,0.693509042263031,0.6577343940734863,0.693509042263031,0.5799999833106995,0.5555555820465088
15,2,33,0.6568517088890076,0.6927731037139893,0.6568517088890076,0.6927731037139893,0.5799999833106995,0.5555555820465088
15,2,34,0.6559410095214844,0.6920217871665955,0.6559410095214844,0.6920217871665955,0.5799999833106995,0.5555555820465088
15,2,35,0.6550126671791077,0.69124835729599,0.6550126671791077,0.69124835729599,0.5799999833106995,0.5555555820465088
15,2,36,0.6540647745132446,0.6904603242874146,0.6540647745132446,0.6904603242874146,0.5799999833106995,0.5555555820465088
15,2,37,0.6531063914299011,0.6896436214447021,0.6531063914299011,0.6896436214447021,0.5799999833106995,0.5555555820465088
15,2,38,0.6521620154380798,0.6886818408966064,0.6521620154380798,0.6886818408966064,0.5799999833106995,0.5555555820465088
15,2,39,0.651213526725769,0.6877245903015137,0.651213526725769,0.6877245903015137,0.5799999833106995,0.5555555820465088
15,2,40,0.650277853012085,0.6867765784263611,0.650277853012085,0.6867765784263611,0.5799999833106995,0.5555555820465088
15,2,41,0.6493459939956665,0.6858165264129639,0.6493459939956665,0.6858165264129639,0.5799999833106995,0.5555555820465088
15,2,42,0.6483958959579468,0.6848554015159607,0.6483958959579468,0.6848554015159607,0.5799999833106995,0.5555555820465088
15,2,43,0.647432804107666,0.6839023232460022,0.647432804107666,0.6839023232460022,0.5799999833106995,0.5555555820465088
15,2,44,0.6464564800262451,0.6829514503479004,0.6464564800262451,0.6829514503479004,0.5799999833106995,0.5555555820465088
15,2,45,0.6454676985740662,0.6820157766342163,0.6454676985740662,0.6820157766342163,0.5799999833106995,0.5555555820465088
15,2,46,0.6444745063781738,0.6810891032218933,0.6444745063781738,0.6810891032218933,0.5799999833106995,0.5555555820465088
15,2,47,0.6434533596038818,0.6801834106445312,0.6434533596038818,0.6801834106445312,0.5799999833106995,0.5555555820465088
15,2,48,0.6424069404602051,0.6793062686920166,0.6424069404602051,0.6793062686920166,0.6000000238418579,0.5555555820465088
15,2,49,0.6413629055023193,0.678448498249054,0.6413629055023193,0.678448498249054,0.6200000047683716,0.5555555820465088
15,2,50,0.6403154134750366,0.6775944232940674,0.6403154134750366,0.6775944232940674,0.6200000047683716,0.5555555820465088
15,2,51,0.6392538547515869,0.6767371296882629,0.6392538547515869,0.6767371296882629,0.6200000047683716,0.5555555820465088
15,2,52,0.6381837129592896,0.6758922338485718,0.6381837129592896,0.6758922338485718,0.6200000047683716,0.5555555820465088
15,2,53,0.6370960474014282,0.6750770211219788,0.6370960474014282,0.6750770211219788,0.6200000047683716,0.5555555820465088
15,2,54,0.6359936594963074,0.674306333065033,0.6359936594963074,0.674306333065033,0.6200000047683716,0.5555555820465088
15,2,55,0.6348891258239746,0.673542857170105,0.6348891258239746,0.673542857170105,0.6200000047683716,0.5555555820465088
15,2,56,0.6337820291519165,0.6727771759033203,0.6337820291519165,0.6727771759033203,0.6399999856948853,0.5555555820465088
15,2,57,0.6326664686203003,0.6720110177993774,0.6326664686203003,0.6720110177993774,0.6399999856948853,0.5555555820465088
15,2,58,0.631551206111908,0.6712575554847717,0.631551206111908,0.6712575554847717,0.6399999856948853,0.5555555820465088
15,2,59,0.6304231882095337,0.6705288887023926,0.6304231882095337,0.6705288887023926,0.6399999856948853,0.5555555820465088
15,2,60,0.6292891502380371,0.6697995662689209,0.6292891502380371,0.6697995662689209,0.6399999856948853,0.5555555820465088
15,2,61,0.6281339526176453,0.6690627932548523,0.6281339526176453,0.6690627932548523,0.6600000262260437,0.5555555820465088
15,2,62,0.6269642114639282,0.6683225631713867,0.6269642114639282,0.6683225631713867,0.6600000262260437,0.5555555820465088
15,2,63,0.6257814764976501,0.6675894260406494,0.6257814764976501,0.6675894260406494,0.6600000262260437,0.5555555820465088
15,2,64,0.6245875954627991,0.6668598651885986,0.6245875954627991,0.6668598651885986,0.6800000071525574,0.5555555820465088
15,2,65,0.6233855485916138,0.6661494374275208,0.6233855485916138,0.6661494374275208,0.6800000071525574,0.5555555820465088
15,2,66,0.6221699118614197,0.6654107570648193,0.6221699118614197,0.6654107570648193,0.699999988079071,0.5555555820465088
15,2,67,0.6209392547607422,0.6646570563316345,0.6209392547607422,0.6646570563316345,0.699999988079071,0.5555555820465088
15,2,68,0.6197091341018677,0.6638732552528381,0.6197091341018677,0.6638732552528381,0.699999988079071,0.5555555820465088
15,2,69,0.6184634566307068,0.6630701422691345,0.6184634566307068,0.6630701422691345,0.699999988079071,0.5555555820465088
15,2,70,0.6171987056732178,0.6622304916381836,0.6171987056732178,0.6622304916381836,0.699999988079071,0.5555555820465088
15,2,71,0.6159180998802185,0.6613984704017639,0.6159180998802185,0.6613984704017639,0.699999988079071,0.5555555820465088
15,2,72,0.6146198511123657,0.660565972328186,0.6146199107170105,0.660565972328186,0.6800000071525574,0.5555555820465088
15,2,73,0.6132920980453491,0.6597324013710022,0.6132921576499939,0.6597324013710022,0.7200000286102295,0.5555555820465088
15,2,74,0.6119664311408997,0.6589000225067139,0.6119664311408997,0.6589000225067139,0.7200000286102295,0.5555555820465088
15,2,75,0.6106162071228027,0.6580649018287659,0.6106162071228027,0.6580649018287659,0.7400000095367432,0.5555555820465088
15,2,76,0.6092560291290283,0.6572383046150208,0.6092560291290283,0.6572383046150208,0.7200000286102295,0.5555555820465088
15,2,77,0.6078846454620361,0.6564586758613586,0.6078846454620361,0.6564586758613586,0.699999988079071,0.5555555820465088
15,2,78,0.6064988970756531,0.6557244658470154,0.6064988970756531,0.6557244658470154,0.699999988079071,0.5555555820465088
15,2,79,0.6050994992256165,0.6549510955810547,0.6050994992256165,0.6549510955810547,0.699999988079071,0.5555555820465088
15,2,80,0.6036851406097412,0.6541541218757629,0.6036851406097412,0.6541541218757629,0.7200000286102295,0.5555555820465088
15,2,81,0.6022538542747498,0.6533843278884888,0.6022538542747498,0.6533843278884888,0.7200000286102295,0.5555555820465088
15,2,82,0.6008060574531555,0.6525800824165344,0.6008060574531555,0.6525800824165344,0.7200000286102295,0.5555555820465088
15,2,83,0.5993515253067017,0.6517583727836609,0.5993515253067017,0.6517583727836609,0.7200000286102295,0.5555555820465088
15,2,84,0.597892701625824,0.6509256362915039,0.597892701625824,0.6509256362915039,0.7200000286102295,0.5555555820465088
15,2,85,0.5964052677154541,0.6501131057739258,0.5964052677154541,0.6501131057739258,0.7200000286102295,0.5555555820465088
15,2,86,0.594882607460022,0.6492790579795837,0.594882607460022,0.6492790579795837,0.7200000286102295,0.5555555820465088
15,2,87,0.5933440327644348,0.6484421491622925,0.5933440327644348,0.6484421491622925,0.7200000286102295,0.5555555820465088
15,2,88,0.5917920470237732,0.6476403474807739,0.5917920470237732,0.6476403474807739,0.7400000095367432,0.5555555820465088
15,2,89,0.5902166962623596,0.6468918919563293,0.5902166962623596,0.6468918919563293,0.7400000095367432,0.5555555820465088
15,2,90,0.5886282920837402,0.6461823582649231,0.5886282920837402,0.6461823582649231,0.7400000095367432,0.5555555820465088
15,2,91,0.5870258808135986,0.6454883813858032,0.5870258808135986,0.6454883813858032,0.7400000095367432,0.5555555820465088
15,2,92,0.5853970050811768,0.6447814106941223,0.5853970050811768,0.6447814106941223,0.7400000095367432,0.5555555820465088
15,2,93,0.5837507843971252,0.6441187262535095,0.5837507843971252,0.6441187262535095,0.7400000095367432,0.5555555820465088
15,2,94,0.5820907354354858,0.6435055732727051,0.5820907354354858,0.6435055732727051,0.7400000095367432,0.5555555820465088
15,2,95,0.5804265737533569,0.6428831815719604,0.5804265737533569,0.6428831815719604,0.7400000095367432,0.5555555820465088
15,2,96,0.5787453651428223,0.6422725319862366,0.5787453651428223,0.6422725319862366,0.7400000095367432,0.5555555820465088
15,2,97,0.5770521759986877,0.6417199969291687,0.5770521759986877,0.6417199969291687,0.7400000095367432,0.5555555820465088
15,2,98,0.575351893901825,0.6412104368209839,0.575351893901825,0.6412104368209839,0.7400000095367432,0.5555555820465088
15,2,99,0.5736402273178101,0.6407535672187805,0.5736402273178101,0.6407535672187805,0.7400000095367432,0.5555555820465088
15,2,100,0.571889340877533,0.6402295827865601,0.571889340877533,0.6402295827865601,0.7400000095367432,0.6666666865348816
15,2,101,0.570120632648468,0.6396629810333252,0.570120632648468,0.6396629810333252,0.7400000095367432,0.6666666865348816
15,2,102,0.5683504343032837,0.6390673518180847,0.5683504343032837,0.6390673518180847,0.7400000095367432,0.6666666865348816
15,2,103,0.5665796399116516,0.6385073065757751,0.5665796399116516,0.6385073065757751,0.7400000095367432,0.6666666865348816
15,2,104,0.5648244023323059,0.6380166411399841,0.5648244023323059,0.6380166411399841,0.7400000095367432,0.6666666865348816
15,2,105,0.5630653500556946,0.6375525593757629,0.5630653500556946,0.6375525593757629,0.7400000095367432,0.6666666865348816
15,2,106,0.5612902641296387,0.6370899081230164,0.5612902045249939,0.6370899081230164,0.7400000095367432,0.6666666865348816
15,2,107,0.5595051050186157,0.6366267204284668,0.5595051050186157,0.6366267204284668,0.7400000095367432,0.6666666865348816
15,2,108,0.5577117800712585,0.6361693739891052,0.5577117800712585,0.6361693739891052,0.7400000095367432,0.6666666865348816
15,2,109,0.555919885635376,0.6357132196426392,0.555919885635376,0.6357132196426392,0.7400000095367432,0.6666666865348816
15,2,110,0.5541203022003174,0.6352850794792175,0.5541203022003174,0.6352850794792175,0.7400000095367432,0.6666666865348816
15,2,111,0.5523051619529724,0.634868860244751,0.5523051619529724,0.634868860244751,0.7400000095367432,0.6666666865348816
15,2,112,0.5504977703094482,0.63448166847229,0.5504977703094482,0.63448166847229,0.7400000095367432,0.6666666865348816
15,2,113,0.5486942529678345,0.634131133556366,0.5486942529678345,0.634131133556366,0.7400000095367432,0.6666666865348816
15,2,114,0.5469144582748413,0.6338092088699341,0.5469144582748413,0.6338092088699341,0.7400000095367432,0.6666666865348816
15,2,115,0.5451306104660034,0.633473813533783,0.5451306104660034,0.633473813533783,0.7400000095367432,0.6666666865348816
15,2,116,0.543343186378479,0.6331198215484619,0.543343186378479,0.6331198215484619,0.7400000095367432,0.5555555820465088
15,2,117,0.5415613055229187,0.6327490210533142,0.5415613055229187,0.6327490210533142,0.7400000095367432,0.5555555820465088
15,2,118,0.5397605895996094,0.6323764324188232,0.5397605895996094,0.6323764324188232,0.7400000095367432,0.5555555820465088
15,2,119,0.5379630923271179,0.6320326924324036,0.5379630923271179,0.6320326924324036,0.7400000095367432,0.5555555820465088
15,2,120,0.5361697673797607,0.6316952705383301,0.5361697673797607,0.6316952705383301,0.7400000095367432,0.5555555820465088
15,2,121,0.5343787670135498,0.6313986778259277,0.5343787670135498,0.6313986778259277,0.7400000095367432,0.5555555820465088
15,2,122,0.5325887203216553,0.6311641931533813,0.5325887203216553,0.6311641931533813,0.7400000095367432,0.5555555820465088
15,2,123,0.530800998210907,0.6309317946434021,0.530800998210907,0.6309317946434021,0.7400000095367432,0.5555555820465088
15,2,124,0.5290131568908691,0.6306779980659485,0.5290131568908691,0.6306779980659485,0.7400000095367432,0.5555555820465088
15,2,125,0.5272281169891357,0.630439281463623,0.5272281169891357,0.630439281463623,0.7400000095367432,0.5555555820465088
15,2,126,0.5254502296447754,0.630264937877655,0.5254502296447754,0.630264937877655,0.7400000095367432,0.5555555820465088
15,2,127,0.5236586928367615,0.6301190853118896,0.5236586928367615,0.6301190853118896,0.7400000095367432,0.5555555820465088
15,2,128,0.5218772292137146,0.629995584487915,0.5218772292137146,0.629995584487915,0.7400000095367432,0.5555555820465088
15,2,129,0.5200862288475037,0.6298640370368958,0.5200862288475037,0.6298640370368958,0.7400000095367432,0.5555555820465088
15,2,130,0.5182881951332092,0.6297630667686462,0.5182881951332092,0.6297630667686462,0.7400000095367432,0.5555555820465088
15,2,131,0.5164933800697327,0.629675567150116,0.5164933800697327,0.629675567150116,0.7400000095367432,0.5555555820465088
15,2,132,0.5146996974945068,0.6296316385269165,0.5146996974945068,0.6296316385269165,0.7400000095367432,0.5555555820465088
15,2,133,0.5129123330116272,0.6295876502990723,0.512912392616272,0.6295876502990723,0.7400000095367432,0.5555555820465088
15,2,134,0.5111042261123657,0.6296105980873108,0.5111042261123657,0.6296105980873108,0.7400000095367432,0.5555555820465088
15,2,135,0.5092928409576416,0.6296406984329224,0.5092928409576416,0.6296406984329224,0.7400000095367432,0.5555555820465088
15,2,136,0.5074977278709412,0.6296713352203369,0.5074977278709412,0.6296713352203369,0.7400000095367432,0.5555555820465088
15,2,137,0.5057055354118347,0.6297338604927063,0.5057055354118347,0.6297338604927063,0.7400000095367432,0.5555555820465088
15,2,138,0.5039100646972656,0.6298601627349854,0.5039100646972656,0.6298601627349854,0.7400000095367432,0.5555555820465088
15,2,139,0.5021267533302307,0.6300147175788879,0.5021267533302307,0.6300147175788879,0.7599999904632568,0.5555555820465088
15,2,140,0.5003302693367004,0.6300947666168213,0.5003302693367004,0.6300947666168213,0.7599999904632568,0.5555555820465088
15,2,141,0.49854356050491333,0.6301891803741455,0.49854356050491333,0.6301891803741455,0.7599999904632568,0.5555555820465088
15,2,142,0.49676787853240967,0.6303640604019165,0.49676787853240967,0.6303640604019165,0.7799999713897705,0.5555555820465088
15,2,143,0.4949970245361328,0.6305825710296631,0.4949970245361328,0.6305825710296631,0.800000011920929,0.5555555820465088
15,2,144,0.49321478605270386,0.6307892799377441,0.49321478605270386,0.6307892799377441,0.800000011920929,0.5555555820465088
15,2,145,0.49143874645233154,0.6309963464736938,0.49143874645233154,0.6309963464736938,0.800000011920929,0.5555555820465088
15,2,146,0.48965635895729065,0.6312180757522583,0.48965635895729065,0.6312180757522583,0.800000011920929,0.5555555820465088
15,2,147,0.4878808557987213,0.6314660310745239,0.4878808557987213,0.6314660310745239,0.800000011920929,0.5555555820465088
15,2,148,0.48609814047813416,0.6317447423934937,0.48609814047813416,0.6317447423934937,0.800000011920929,0.5555555820465088
15,2,149,0.4843084216117859,0.6320194602012634,0.4843084216117859,0.6320194602012634,0.800000011920929,0.5555555820465088
15,2,150,0.4825100302696228,0.6322889924049377,0.4825100302696228,0.6322889924049377,0.800000011920929,0.5555555820465088
15,2,151,0.4806993901729584,0.6325809955596924,0.4806993901729584,0.6325809955596924,0.800000011920929,0.5555555820465088
15,2,152,0.47889044880867004,0.6328315734863281,0.47889044880867004,0.6328315734863281,0.800000011920929,0.5555555820465088
15,2,153,0.4770820736885071,0.6330835819244385,0.4770820736885071,0.6330835819244385,0.800000011920929,0.5555555820465088
15,2,154,0.47529900074005127,0.6333693265914917,0.47529900074005127,0.6333693265914917,0.800000011920929,0.5555555820465088
15,2,155,0.4735148549079895,0.6336796283721924,0.4735148549079895,0.6336796283721924,0.800000011920929,0.5555555820465088
15,2,156,0.4717447757720947,0.6340110301971436,0.4717447757720947,0.6340110301971436,0.800000011920929,0.5555555820465088
15,2,157,0.46996113657951355,0.6343182325363159,0.46996113657951355,0.6343182325363159,0.800000011920929,0.5555555820465088
15,2,158,0.46818825602531433,0.6346399784088135,0.46818825602531433,0.6346399784088135,0.800000011920929,0.5555555820465088
16,2,1,0.6886833310127258,0.6927825212478638,0.6886833310127258,0.6927825212478638,0.5600000023841858,0.5555555820465088
16,2,2,0.6869069933891296,0.6917803287506104,0.6869069933891296,0.6917803287506104,0.5600000023841858,0.3333333432674408
16,2,3,0.6853910684585571,0.6908496022224426,0.6853910684585571,0.6908496022224426,0.6000000238418579,0.4444444477558136
16,2,4,0.6839784979820251,0.6900055408477783,0.6839784979820251,0.6900055408477783,0.6000000238418579,0.5555555820465088
16,2,5,0.682651162147522,0.6892645955085754,0.682651162147522,0.6892645955085754,0.6200000047683716,0.5555555820465088
16,2,6,0.6813564896583557,0.6886112093925476,0.6813564896583557,0.6886112093925476,0.6399999856948853,0.5555555820465088
16,2,7,0.6801285743713379,0.6880156993865967,0.6801285743713379,0.6880156993865967,0.6200000047683716,0.5555555820465088
16,2,8,0.6789505481719971,0.6874438524246216,0.6789505481719971,0.6874438524246216,0.6200000047683716,0.5555555820465088
16,2,9,0.6777901649475098,0.6868516206741333,0.6777901649475098,0.6868516206741333,0.6399999856948853,0.5555555820465088
16,2,10,0.6766395568847656,0.6862717270851135,0.6766395568847656,0.6862717270851135,0.6600000262260437,0.4444444477558136
16,2,11,0.675509512424469,0.6857020258903503,0.675509512424469,0.6857020258903503,0.6800000071525574,0.5555555820465088
16,2,12,0.6743989586830139,0.6851376295089722,0.6743989586830139,0.6851376295089722,0.699999988079071,0.6666666865348816
16,2,13,0.6733278632164001,0.684593915939331,0.6733278632164001,0.684593915939331,0.699999988079071,0.6666666865348816
16,2,14,0.6722687482833862,0.6840647459030151,0.6722687482833862,0.6840647459030151,0.699999988079071,0.6666666865348816
16,2,15,0.6712383031845093,0.6835393309593201,0.6712383031845093,0.6835393309593201,0.7400000095367432,0.6666666865348816
16,2,16,0.6702315807342529,0.6831077337265015,0.6702315807342529,0.6831077337265015,0.7400000095367432,0.6666666865348816
16,2,17,0.6692428588867188,0.6827216744422913,0.6692428588867188,0.6827216744422913,0.7400000095367432,0.6666666865348816
16,2,18,0.6682562828063965,0.6823649406433105,0.6682562828063965,0.6823649406433105,0.7400000095367432,0.6666666865348816
16,2,19,0.667266845703125,0.6820090413093567,0.667266845703125,0.6820090413093567,0.7400000095367432,0.6666666865348816
16,2,20,0.666280210018158,0.6816533207893372,0.666280210018158,0.6816533207893372,0.7400000095367432,0.6666666865348816
16,2,21,0.6652900576591492,0.6813085079193115,0.6652900576591492,0.6813085079193115,0.7400000095367432,0.6666666865348816
16,2,22,0.664307177066803,0.6809825897216797,0.664307177066803,0.6809825897216797,0.7400000095367432,0.6666666865348816
16,2,23,0.6633257269859314,0.6806662082672119,0.6633257269859314,0.6806662082672119,0.7400000095367432,0.6666666865348816
16,2,24,0.6623393297195435,0.6803486943244934,0.6623392701148987,0.6803486943244934,0.7400000095367432,0.6666666865348816
16,2,25,0.6613500118255615,0.6800267696380615,0.6613500118255615,0.6800267696380615,0.7400000095367432,0.6666666865348816
16,2,26,0.6603402495384216,0.6796988248825073,0.6603402495384216,0.6796988248825073,0.7400000095367432,0.6666666865348816
16,2,27,0.6593524217605591,0.6793602705001831,0.6593524217605591,0.6793602705001831,0.7400000095367432,0.6666666865348816
16,2,28,0.6583636403083801,0.6790211200714111,0.6583636403083801,0.6790211200714111,0.7400000095367432,0.6666666865348816
16,2,29,0.6573875546455383,0.6786763072013855,0.6573875546455383,0.6786763072013855,0.7400000095367432,0.6666666865348816
16,2,30,0.6563942432403564,0.6782424449920654,0.6563942432403564,0.6782424449920654,0.7200000286102295,0.6666666865348816
16,2,31,0.6553752422332764,0.6777219176292419,0.6553752422332764,0.6777219176292419,0.7200000286102295,0.6666666865348816
16,2,32,0.6543359160423279,0.6772346496582031,0.6543359160423279,0.6772346496582031,0.7200000286102295,0.6666666865348816
16,2,33,0.6533058285713196,0.6767776012420654,0.6533058285713196,0.6767776012420654,0.7200000286102295,0.6666666865348816
16,2,34,0.6522773504257202,0.6763265132904053,0.6522773504257202,0.6763265132904053,0.7200000286102295,0.6666666865348816
16,2,35,0.6512438058853149,0.6758868098258972,0.6512438058853149,0.6758868098258972,0.7400000095367432,0.6666666865348816
16,2,36,0.6502137780189514,0.6754758954048157,0.6502137780189514,0.6754758954048157,0.7400000095367432,0.6666666865348816
16,2,37,0.6491764783859253,0.6750690937042236,0.6491764187812805,0.6750690937042236,0.7400000095367432,0.6666666865348816
16,2,38,0.648128867149353,0.6746280193328857,0.648128867149353,0.6746280193328857,0.7400000095367432,0.6666666865348816
16,2,39,0.6470612287521362,0.674153745174408,0.6470612287521362,0.674153745174408,0.7400000095367432,0.6666666865348816
16,2,40,0.6459885239601135,0.6736583709716797,0.6459885239601135,0.6736583709716797,0.7400000095367432,0.6666666865348816
16,2,41,0.6449170708656311,0.6731442213058472,0.6449170708656311,0.6731442213058472,0.7400000095367432,0.6666666865348816
16,2,42,0.6438277959823608,0.6726806163787842,0.6438277959823608,0.6726806163787842,0.7400000095367432,0.6666666865348816
16,2,43,0.6427503824234009,0.6723008751869202,0.6427503824234009,0.6723008751869202,0.7400000095367432,0.6666666865348816
16,2,44,0.6416879892349243,0.6719515919685364,0.6416879892349243,0.6719515919685364,0.7400000095367432,0.6666666865348816
16,2,45,0.6406288146972656,0.671626627445221,0.6406288146972656,0.671626627445221,0.7400000095367432,0.6666666865348816
16,2,46,0.6395748257637024,0.671302080154419,0.6395748257637024,0.671302080154419,0.7400000095367432,0.6666666865348816
16,2,47,0.6385217308998108,0.6709736585617065,0.6385217308998108,0.6709736585617065,0.7400000095367432,0.6666666865348816
16,2,48,0.6374502778053284,0.6706849932670593,0.6374502778053284,0.6706849932670593,0.7400000095367432,0.6666666865348816
16,2,49,0.6363648176193237,0.6704254746437073,0.6363648176193237,0.6704254746437073,0.7400000095367432,0.6666666865348816
16,2,50,0.6352587938308716,0.6701810956001282,0.6352587938308716,0.6701810956001282,0.7400000095367432,0.6666666865348816
16,2,51,0.6341342329978943,0.6699388027191162,0.6341342329978943,0.6699388027191162,0.7400000095367432,0.6666666865348816
16,2,52,0.6330034136772156,0.669715940952301,0.6330034136772156,0.669715940952301,0.7400000095367432,0.6666666865348816
16,2,53,0.631864607334137,0.6694808602333069,0.631864607334137,0.6694808602333069,0.7400000095367432,0.6666666865348816
16,2,54,0.630698561668396,0.6692079305648804,0.630698561668396,0.6692079305648804,0.7400000095367432,0.6666666865348816
16,2,55,0.6295286417007446,0.6689179539680481,0.6295286417007446,0.6689179539680481,0.7400000095367432,0.6666666865348816
16,2,56,0.6283639669418335,0.6686298847198486,0.6283639669418335,0.6686298847198486,0.7400000095367432,0.6666666865348816
16,2,57,0.6271884441375732,0.6683400869369507,0.6271884441375732,0.6683400869369507,0.7400000095367432,0.6666666865348816
16,2,58,0.6260305643081665,0.6680741310119629,0.6260305643081665,0.6680741310119629,0.7200000286102295,0.6666666865348816
16,2,59,0.624873161315918,0.6678268909454346,0.624873161315918,0.6678268909454346,0.7200000286102295,0.6666666865348816
16,2,60,0.6237073540687561,0.6675986647605896,0.6237073540687561,0.6675986647605896,0.7200000286102295,0.6666666865348816
16,2,61,0.6225202679634094,0.6673600077629089,0.6225202679634094,0.6673600077629089,0.7200000286102295,0.6666666865348816
16,2,62,0.6213226914405823,0.6671282052993774,0.6213226914405823,0.6671282052993774,0.7200000286102295,0.6666666865348816
16,2,63,0.6201176047325134,0.6669375896453857,0.6201176047325134,0.6669375896453857,0.7200000286102295,0.6666666865348816
16,2,64,0.6189023852348328,0.6667622327804565,0.6189023852348328,0.6667622327804565,0.7200000286102295,0.6666666865348816
16,2,65,0.6176823973655701,0.6666015982627869,0.6176823973655701,0.6666015982627869,0.7200000286102295,0.6666666865348816
16,2,66,0.6164587736129761,0.6664186120033264,0.6164587736129761,0.6664186120033264,0.699999988079071,0.6666666865348816
16,2,67,0.6152341365814209,0.6662132740020752,0.6152341365814209,0.6662132740020752,0.699999988079071,0.6666666865348816
16,2,68,0.6140090227127075,0.6659886240959167,0.6140090227127075,0.6659886240959167,0.699999988079071,0.6666666865348816
16,2,69,0.6127757430076599,0.6657496690750122,0.6127757430076599,0.6657496690750122,0.699999988079071,0.6666666865348816
16,2,70,0.6115421056747437,0.6655264496803284,0.6115421056747437,0.6655264496803284,0.699999988079071,0.6666666865348816
16,2,71,0.6103076338768005,0.6652990579605103,0.6103076338768005,0.6652990579605103,0.699999988079071,0.6666666865348816
16,2,72,0.6090788245201111,0.6650559902191162,0.6090788245201111,0.6650559902191162,0.699999988079071,0.6666666865348816
16,2,73,0.6078577637672424,0.664818525314331,0.6078577637672424,0.664818525314331,0.699999988079071,0.6666666865348816
16,2,74,0.6066292524337769,0.66458660364151,0.6066292524337769,0.66458660364151,0.699999988079071,0.6666666865348816
16,2,75,0.605393648147583,0.6643967628479004,0.605393648147583,0.6643967628479004,0.699999988079071,0.6666666865348816
16,2,76,0.6041595339775085,0.6641891002655029,0.6041595339775085,0.6641891002655029,0.6800000071525574,0.6666666865348816
16,2,77,0.6029159426689148,0.6639694571495056,0.6029159426689148,0.6639694571495056,0.6800000071525574,0.6666666865348816
16,2,78,0.6016654968261719,0.6637541055679321,0.6016654968261719,0.6637541055679321,0.6800000071525574,0.6666666865348816
16,2,79,0.600426197052002,0.6635270714759827,0.600426197052002,0.6635270714759827,0.6800000071525574,0.6666666865348816
16,2,80,0.5991788506507874,0.6633152365684509,0.5991788506507874,0.6633152365684509,0.6800000071525574,0.6666666865348816
16,2,81,0.5979289412498474,0.6630899906158447,0.5979289412498474,0.6630899906158447,0.6800000071525574,0.6666666865348816
16,2,82,0.5966745018959045,0.6628428101539612,0.5966745018959045,0.6628428101539612,0.6800000071525574,0.6666666865348816
16,2,83,0.595414400100708,0.6626182198524475,0.595414400100708,0.6626182198524475,0.6800000071525574,0.6666666865348816
16,2,84,0.594154953956604,0.6624802947044373,0.594154953956604,0.6624802947044373,0.6800000071525574,0.6666666865348816
16,2,85,0.5928924679756165,0.6623344421386719,0.5928924679756165,0.6623344421386719,0.7200000286102295,0.6666666865348816
16,2,86,0.5916268825531006,0.6621703505516052,0.5916268825531006,0.6621703505516052,0.7200000286102295,0.6666666865348816
16,2,87,0.5903522372245789,0.6620187759399414,0.5903522372245789,0.6620187759399414,0.7200000286102295,0.6666666865348816
16,2,88,0.5890694260597229,0.6618666052818298,0.5890694260597229,0.6618666052818298,0.7200000286102295,0.6666666865348816
16,2,89,0.5877728462219238,0.6617269515991211,0.5877728462219238,0.6617269515991211,0.7400000095367432,0.6666666865348816
16,2,90,0.5864708423614502,0.6616182327270508,0.5864708423614502,0.6616182327270508,0.7400000095367432,0.6666666865348816
16,2,91,0.5851783156394958,0.6614972352981567,0.5851783156394958,0.6614972352981567,0.7400000095367432,0.6666666865348816
16,2,92,0.5838886499404907,0.6613177061080933,0.5838886499404907,0.6613177061080933,0.7400000095367432,0.6666666865348816
16,2,93,0.5825894474983215,0.6611318588256836,0.5825894474983215,0.6611318588256836,0.7400000095367432,0.6666666865348816
16,2,94,0.5812789797782898,0.6609734892845154,0.5812789797782898,0.6609734892845154,0.7400000095367432,0.6666666865348816
16,2,95,0.5799598693847656,0.660844624042511,0.5799598693847656,0.660844624042511,0.7400000095367432,0.6666666865348816
16,2,96,0.578650951385498,0.6607105731964111,0.578650951385498,0.6607105731964111,0.7400000095367432,0.6666666865348816
16,2,97,0.577340304851532,0.6605431437492371,0.577340304851532,0.6605431437492371,0.7400000095367432,0.6666666865348816
16,2,98,0.5760185122489929,0.6603753566741943,0.5760185122489929,0.6603753566741943,0.7400000095367432,0.6666666865348816
16,2,99,0.5746946930885315,0.6602316498756409,0.5746946930885315,0.6602316498756409,0.7400000095367432,0.6666666865348816
16,2,100,0.5733665823936462,0.6600863933563232,0.5733665823936462,0.6600863933563232,0.7400000095367432,0.6666666865348816
16,2,101,0.5720294713973999,0.6599083542823792,0.5720294713973999,0.6599083542823792,0.7400000095367432,0.6666666865348816
16,2,102,0.5707065463066101,0.6597060561180115,0.5707065463066101,0.6597060561180115,0.7400000095367432,0.6666666865348816
16,2,103,0.5693954229354858,0.6594927906990051,0.5693954229354858,0.6594927906990051,0.7400000095367432,0.6666666865348816
16,2,104,0.5680810809135437,0.6592543125152588,0.5680810809135437,0.6592543125152588,0.7400000095367432,0.6666666865348816
16,2,105,0.5667722821235657,0.6589959263801575,0.5667722821235657,0.6589959263801575,0.7400000095367432,0.6666666865348816
16,2,106,0.5654418468475342,0.6587188243865967,0.5654418468475342,0.6587188243865967,0.7400000095367432,0.6666666865348816
16,2,107,0.5640907287597656,0.658465564250946,0.5640907287597656,0.658465564250946,0.7400000095367432,0.6666666865348816
16,2,108,0.5627267360687256,0.6581843495368958,0.5627267360687256,0.6581843495368958,0.7599999904632568,0.6666666865348816
16,2,109,0.5613528490066528,0.6578546762466431,0.5613528490066528,0.6578546762466431,0.7599999904632568,0.6666666865348816
16,2,110,0.5599751472473145,0.6575417518615723,0.5599751472473145,0.6575417518615723,0.7599999904632568,0.6666666865348816
16,2,111,0.5585792660713196,0.6572282314300537,0.5585792660713196,0.6572282314300537,0.7599999904632568,0.6666666865348816
16,2,112,0.5571804046630859,0.6569445729255676,0.5571804046630859,0.6569445729255676,0.7599999904632568,0.6666666865348816
16,2,113,0.5557924509048462,0.6566709280014038,0.5557924509048462,0.6566709280014038,0.7599999904632568,0.6666666865348816
16,2,114,0.5544232726097107,0.656381368637085,0.5544232726097107,0.656381368637085,0.7599999904632568,0.6666666865348816
16,2,115,0.5530598163604736,0.6560667753219604,0.5530598163604736,0.6560667753219604,0.7599999904632568,0.6666666865348816
16,2,116,0.5516932606697083,0.6557803153991699,0.5516932606697083,0.6557803153991699,0.7599999904632568,0.6666666865348816
16,2,117,0.5503222346305847,0.6555169224739075,0.5503222346305847,0.6555169224739075,0.7599999904632568,0.6666666865348816
16,2,118,0.5489457845687866,0.6552636027336121,0.5489457845687866,0.6552636027336121,0.7599999904632568,0.6666666865348816
16,2,119,0.5475687384605408,0.655034065246582,0.5475687384605408,0.655034065246582,0.7599999904632568,0.6666666865348816
16,2,120,0.54618901014328,0.6548606157302856,0.54618901014328,0.6548606157302856,0.7599999904632568,0.6666666865348816
16,2,121,0.5448136329650879,0.6547339558601379,0.5448136329650879,0.6547339558601379,0.7599999904632568,0.6666666865348816
16,2,122,0.5434406995773315,0.6546125411987305,0.5434406995773315,0.6546125411987305,0.7599999904632568,0.6666666865348816
16,2,123,0.5420684218406677,0.6545012593269348,0.5420684218406677,0.6545012593269348,0.7599999904632568,0.6666666865348816
16,2,124,0.5406767725944519,0.6543912887573242,0.5406767725944519,0.6543912887573242,0.7599999904632568,0.6666666865348816
16,2,125,0.539289653301239,0.6542994379997253,0.539289653301239,0.6542994379997253,0.7599999904632568,0.6666666865348816
16,2,126,0.5379034280776978,0.6542186141014099,0.5379034280776978,0.6542186141014099,0.7599999904632568,0.6666666865348816
16,2,127,0.5365244150161743,0.6542348861694336,0.5365244150161743,0.6542348861694336,0.7599999904632568,0.6666666865348816
16,2,128,0.5351293683052063,0.6542529463768005,0.5351293683052063,0.6542529463768005,0.7599999904632568,0.6666666865348816
16,2,129,0.5337299108505249,0.6542341709136963,0.5337299108505249,0.6542341709136963,0.7599999904632568,0.6666666865348816
16,2,130,0.5323308110237122,0.6542217135429382,0.5323308110237122,0.6542217135429382,0.7599999904632568,0.6666666865348816
16,2,131,0.5309352278709412,0.6542346477508545,0.5309352278709412,0.6542346477508545,0.7599999904632568,0.6666666865348816
16,2,132,0.529544472694397,0.6542742252349854,0.529544472694397,0.6542742252349854,0.7599999904632568,0.6666666865348816
16,2,133,0.5281625986099243,0.654332160949707,0.5281625986099243,0.654332160949707,0.7599999904632568,0.6666666865348816
16,2,134,0.5267979502677917,0.6544073820114136,0.5267979502677917,0.6544073820114136,0.7599999904632568,0.6666666865348816
16,2,135,0.5254247784614563,0.6544643044471741,0.5254247784614563,0.6544643044471741,0.7599999904632568,0.6666666865348816
16,2,136,0.5240607261657715,0.6545572876930237,0.5240607261657715,0.6545572876930237,0.7599999904632568,0.6666666865348816
16,2,137,0.5226953625679016,0.6546823382377625,0.5226953625679016,0.6546823382377625,0.7599999904632568,0.6666666865348816
16,2,138,0.5213091373443604,0.6548354029655457,0.5213091373443604,0.6548354029655457,0.7599999904632568,0.6666666865348816
16,2,139,0.5199187397956848,0.6550366878509521,0.5199187397956848,0.6550366878509521,0.7599999904632568,0.6666666865348816
16,2,140,0.5185429453849792,0.6552417278289795,0.5185429453849792,0.6552417278289795,0.7599999904632568,0.6666666865348816
16,2,141,0.5171703100204468,0.6554331183433533,0.5171703100204468,0.6554331183433533,0.7599999904632568,0.6666666865348816
16,2,142,0.515781581401825,0.6556504964828491,0.515781581401825,0.6556504964828491,0.7599999904632568,0.6666666865348816
16,2,143,0.514384925365448,0.6558554768562317,0.514384925365448,0.6558554768562317,0.7599999904632568,0.6666666865348816
16,2,144,0.5129873752593994,0.6560244560241699,0.5129873752593994,0.6560244560241699,0.7599999904632568,0.6666666865348816
16,2,145,0.5115688443183899,0.6561674475669861,0.5115688443183899,0.6561674475669861,0.7599999904632568,0.6666666865348816
16,2,146,0.5101552605628967,0.656275749206543,0.5101552605628967,0.656275749206543,0.7599999904632568,0.6666666865348816
16,2,147,0.5087194442749023,0.6563613414764404,0.5087194442749023,0.6563613414764404,0.7599999904632568,0.6666666865348816
16,2,148,0.5072965025901794,0.6564690470695496,0.5072965025901794,0.6564690470695496,0.7599999904632568,0.6666666865348816
16,2,149,0.5058837532997131,0.6566483974456787,0.5058837532997131,0.6566483974456787,0.7599999904632568,0.6666666865348816
16,2,150,0.5044707655906677,0.6569288372993469,0.5044707655906677,0.6569288372993469,0.7599999904632568,0.6666666865348816
16,2,151,0.5030472278594971,0.6571840643882751,0.5030472278594971,0.6571840643882751,0.7599999904632568,0.6666666865348816
17,2,1,0.7236274480819702,0.6969363689422607,0.7236274480819702,0.6969363689422607,0.4117647111415863,0.4444444477558136
17,2,2,0.7207988500595093,0.695559561252594,0.7207988500595093,0.695559561252594,0.4117647111415863,0.4444444477558136
17,2,3,0.7182513475418091,0.6942011117935181,0.7182513475418091,0.6942011117935181,0.4117647111415863,0.4444444477558136
17,2,4,0.715822696685791,0.692984402179718,0.715822696685791,0.692984402179718,0.4117647111415863,0.4444444477558136
17,2,5,0.7135587334632874,0.6918466091156006,0.7135587334632874,0.6918466091156006,0.3921568691730499,0.4444444477558136
17,2,6,0.7114271521568298,0.6907380819320679,0.7114271521568298,0.6907380819320679,0.3921568691730499,0.4444444477558136
17,2,7,0.7093641757965088,0.6896980404853821,0.7093641757965088,0.6896980404853821,0.3921568691730499,0.5555555820465088
17,2,8,0.7073652148246765,0.6886914372444153,0.7073652148246765,0.6886914372444153,0.4117647111415863,0.5555555820465088
17,2,9,0.7054174542427063,0.687744677066803,0.7054174542427063,0.687744677066803,0.4117647111415863,0.5555555820465088
17,2,10,0.7035374641418457,0.6868347525596619,0.7035374641418457,0.6868347525596619,0.4117647111415863,0.5555555820465088
17,2,11,0.7017171382904053,0.6859694123268127,0.7017171382904053,0.6859694123268127,0.45098039507865906,0.5555555820465088
17,2,12,0.6998944282531738,0.6851894855499268,0.6998944282531738,0.6851894855499268,0.45098039507865906,0.5555555820465088
17,2,13,0.6980890035629272,0.6845090389251709,0.6980890035629272,0.6845090389251709,0.4901960790157318,0.5555555820465088
17,2,14,0.6963111758232117,0.6838415861129761,0.6963111758232117,0.6838415861129761,0.47058823704719543,0.5555555820465088
17,2,15,0.6945817470550537,0.6832900047302246,0.6945817470550537,0.6832900047302246,0.4901960790157318,0.5555555820465088
17,2,16,0.692890465259552,0.682794451713562,0.692890465259552,0.682794451713562,0.5098039507865906,0.5555555820465088
17,2,17,0.6912432909011841,0.6823304891586304,0.6912432909011841,0.6823304891586304,0.5098039507865906,0.7777777910232544
17,2,18,0.6896353363990784,0.6819148063659668,0.6896353363990784,0.6819148063659668,0.5098039507865906,0.7777777910232544
17,2,19,0.6880714297294617,0.6815593242645264,0.6880714297294617,0.6815593242645264,0.5686274766921997,0.7777777910232544
17,2,20,0.6865679621696472,0.6812951564788818,0.6865679621696472,0.6812951564788818,0.6078431606292725,0.7777777910232544
17,2,21,0.6850932240486145,0.6811702847480774,0.6850932836532593,0.6811702847480774,0.6274510025978088,0.6666666865348816
17,2,22,0.6836746335029602,0.6811094284057617,0.6836746335029602,0.6811094284057617,0.6666666865348816,0.7777777910232544
17,2,23,0.6822947859764099,0.6810900568962097,0.6822947859764099,0.6810900568962097,0.686274528503418,0.5555555820465088
17,2,24,0.6809277534484863,0.6811177730560303,0.6809277534484863,0.6811177730560303,0.686274528503418,0.5555555820465088
17,2,25,0.6795804500579834,0.6811894178390503,0.6795804500579834,0.6811894178390503,0.6666666865348816,0.5555555820465088
17,2,26,0.6782461404800415,0.6812812089920044,0.6782461404800415,0.6812812089920044,0.686274528503418,0.5555555820465088
17,2,27,0.6769506335258484,0.6813254356384277,0.6769506335258484,0.6813254356384277,0.6470588445663452,0.5555555820465088
17,2,28,0.6756947636604309,0.6813685894012451,0.6756947636604309,0.6813685894012451,0.6470588445663452,0.5555555820465088
17,2,29,0.6744804978370667,0.6814180612564087,0.6744804978370667,0.6814180612564087,0.6470588445663452,0.5555555820465088
17,2,30,0.6733139753341675,0.6814777851104736,0.6733139753341675,0.6814777851104736,0.6470588445663452,0.5555555820465088
17,2,31,0.6721743941307068,0.6815152764320374,0.6721743941307068,0.6815152764320374,0.6470588445663452,0.5555555820465088
17,2,32,0.6710498332977295,0.6815409064292908,0.6710498332977295,0.6815409064292908,0.6470588445663452,0.6666666865348816
17,2,33,0.6699351072311401,0.681614339351654,0.6699351072311401,0.681614339351654,0.6470588445663452,0.6666666865348816
17,2,34,0.6688405275344849,0.681731641292572,0.6688405275344849,0.681731641292572,0.6274510025978088,0.5555555820465088
17,2,35,0.6677603125572205,0.6818957924842834,0.6677603125572205,0.6818957924842834,0.6274510025978088,0.5555555820465088
17,2,36,0.666695773601532,0.6820923686027527,0.666695773601532,0.6820923686027527,0.6274510025978088,0.5555555820465088
17,2,37,0.6656360030174255,0.6823175549507141,0.6656360030174255,0.6823175549507141,0.6274510025978088,0.5555555820465088
17,2,38,0.6645883321762085,0.6825761198997498,0.6645883321762085,0.6825761198997498,0.6274510025978088,0.5555555820465088
17,2,39,0.6635534167289734,0.6828349828720093,0.6635534167289734,0.6828349828720093,0.6274510025978088,0.5555555820465088
17,2,40,0.6625315546989441,0.6830869913101196,0.6625315546989441,0.6830869913101196,0.6078431606292725,0.5555555820465088
17,2,41,0.6615310311317444,0.6833800077438354,0.6615310311317444,0.6833800077438354,0.6078431606292725,0.5555555820465088
17,2,42,0.6605444550514221,0.6837373375892639,0.6605444550514221,0.6837373375892639,0.6078431606292725,0.5555555820465088
17,2,43,0.6595772504806519,0.6840760111808777,0.6595772504806519,0.6840760111808777,0.6078431606292725,0.5555555820465088
17,2,44,0.65861976146698,0.684394121170044,0.65861976146698,0.684394121170044,0.6078431606292725,0.5555555820465088
17,2,45,0.6576746702194214,0.6847242116928101,0.6576746702194214,0.6847242116928101,0.6078431606292725,0.5555555820465088
17,2,46,0.6567559242248535,0.6850466132164001,0.6567559242248535,0.6850466132164001,0.6078431606292725,0.5555555820465088
17,2,47,0.655827522277832,0.6853553652763367,0.655827522277832,0.6853553652763367,0.6078431606292725,0.5555555820465088
17,2,48,0.6548945307731628,0.6856635808944702,0.6548945307731628,0.6856635808944702,0.6078431606292725,0.5555555820465088
18,2,1,0.7036639451980591,0.6884908676147461,0.7036639451980591,0.6884908676147461,0.3921568691730499,0.5555555820465088
18,2,2,0.7014455795288086,0.687752366065979,0.7014455795288086,0.687752366065979,0.4313725531101227,0.4444444477558136
18,2,3,0.6994706988334656,0.6870264410972595,0.6994706988334656,0.6870264410972595,0.4313725531101227,0.5555555820465088
18,2,4,0.6976436376571655,0.686318039894104,0.6976436376571655,0.686318039894104,0.45098039507865906,0.5555555820465088
18,2,5,0.6959642171859741,0.6857208013534546,0.6959642171859741,0.6857208013534546,0.47058823704719543,0.5555555820465088
18,2,6,0.694350004196167,0.685121476650238,0.694350004196167,0.685121476650238,0.47058823704719543,0.5555555820465088
18,2,7,0.6928009390830994,0.684575080871582,0.6928009390830994,0.684575080871582,0.45098039507865906,0.4444444477558136
18,2,8,0.6913126707077026,0.6840528249740601,0.6913126707077026,0.6840528249740601,0.47058823704719543,0.4444444477558136
18,2,9,0.6899059414863586,0.6835957765579224,0.6899059414863586,0.6835957765579224,0.47058823704719543,0.4444444477558136
18,2,10,0.6885554194450378,0.6832001209259033,0.6885554194450378,0.6832001209259033,0.5490196347236633,0.6666666865348816
18,2,11,0.6872519850730896,0.682868480682373,0.6872519850730896,0.682868480682373,0.6078431606292725,0.6666666865348816
18,2,12,0.6859952807426453,0.6825591921806335,0.68599534034729,0.6825591921806335,0.6470588445663452,0.6666666865348816
18,2,13,0.6847866177558899,0.6822555661201477,0.6847866177558899,0.6822555661201477,0.6470588445663452,0.6666666865348816
18,2,14,0.6836158037185669,0.6819689273834229,0.6836158037185669,0.6819689273834229,0.686274528503418,0.6666666865348816
18,2,15,0.6824862360954285,0.6816995143890381,0.6824862360954285,0.6816995143890381,0.6666666865348816,0.5555555820465088
18,2,16,0.6813749670982361,0.6814587712287903,0.6813749670982361,0.6814587712287903,0.6470588445663452,0.5555555820465088
18,2,17,0.6802687644958496,0.6812403202056885,0.6802687644958496,0.6812403202056885,0.6666666865348816,0.5555555820465088
18,2,18,0.6791864037513733,0.6810252666473389,0.6791864037513733,0.6810252666473389,0.6666666865348816,0.5555555820465088
18,2,19,0.6781242489814758,0.6807997226715088,0.6781242489814758,0.6807997226715088,0.6666666865348816,0.5555555820465088
18,2,20,0.6770774126052856,0.6805703043937683,0.6770774126052856,0.6805703043937683,0.6274510025978088,0.5555555820465088
18,2,21,0.6760563850402832,0.6803464889526367,0.6760563850402832,0.6803464889526367,0.6274510025978088,0.5555555820465088
18,2,22,0.6750528812408447,0.6801244020462036,0.6750528812408447,0.6801244020462036,0.6274510025978088,0.5555555820465088
18,2,23,0.6740657687187195,0.679930567741394,0.6740657687187195,0.679930567741394,0.6274510025978088,0.5555555820465088
18,2,24,0.6730763912200928,0.6797645092010498,0.6730763912200928,0.6797645092010498,0.6274510025978088,0.5555555820465088
18,2,25,0.672096848487854,0.6796301603317261,0.672096848487854,0.6796301603317261,0.6274510025978088,0.5555555820465088
18,2,26,0.6711359024047852,0.6795087456703186,0.6711359024047852,0.6795087456703186,0.6274510025978088,0.5555555820465088
18,2,27,0.6701707243919373,0.6794002056121826,0.6701707243919373,0.6794002056121826,0.6274510025978088,0.5555555820465088
18,2,28,0.669217586517334,0.6792712807655334,0.669217586517334,0.6792712807655334,0.6274510025978088,0.5555555820465088
18,2,29,0.6682847738265991,0.6791256666183472,0.6682847738265991,0.6791256666183472,0.6274510025978088,0.5555555820465088
18,2,30,0.667357325553894,0.6789746880531311,0.667357325553894,0.6789746880531311,0.6274510025978088,0.5555555820465088
18,2,31,0.666424036026001,0.6787988543510437,0.666424036026001,0.6787988543510437,0.6274510025978088,0.5555555820465088
18,2,32,0.6654789447784424,0.6785937547683716,0.6654789447784424,0.6785937547683716,0.6274510025978088,0.5555555820465088
18,2,33,0.66451096534729,0.6783915758132935,0.66451096534729,0.6783915758132935,0.6274510025978088,0.5555555820465088
18,2,34,0.663541316986084,0.6782121062278748,0.663541316986084,0.6782121062278748,0.6274510025978088,0.5555555820465088
18,2,35,0.6625745892524719,0.678023636341095,0.6625745892524719,0.678023636341095,0.6274510025978088,0.5555555820465088
18,2,36,0.6616110801696777,0.6778143644332886,0.6616110801696777,0.6778143644332886,0.6274510025978088,0.5555555820465088
18,2,37,0.6606515645980835,0.6775930523872375,0.6606515645980835,0.6775930523872375,0.6274510025978088,0.5555555820465088
18,2,38,0.6596882343292236,0.6773925423622131,0.6596882343292236,0.6773925423622131,0.6274510025978088,0.5555555820465088
18,2,39,0.6587096452713013,0.677215039730072,0.6587096452713013,0.677215039730072,0.6274510025978088,0.5555555820465088
18,2,40,0.6577351689338684,0.6770833134651184,0.6577351689338684,0.6770833134651184,0.6274510025978088,0.5555555820465088
18,2,41,0.6567605137825012,0.6769576072692871,0.6567605137825012,0.6769576072692871,0.6274510025978088,0.5555555820465088
18,2,42,0.6557878255844116,0.6768254637718201,0.6557878255844116,0.6768254637718201,0.6274510025978088,0.5555555820465088
18,2,43,0.6548264622688293,0.6765775680541992,0.6548264622688293,0.6765775680541992,0.6274510025978088,0.5555555820465088
18,2,44,0.6538451910018921,0.6762993931770325,0.6538451910018921,0.6762993931770325,0.6274510025978088,0.5555555820465088
18,2,45,0.6528428196907043,0.6760222911834717,0.6528428196907043,0.6760222911834717,0.6274510025978088,0.5555555820465088
18,2,46,0.6518407464027405,0.6757526397705078,0.6518407464027405,0.6757526397705078,0.6470588445663452,0.5555555820465088
18,2,47,0.6508256793022156,0.6754720211029053,0.6508256793022156,0.6754720211029053,0.6470588445663452,0.5555555820465088
18,2,48,0.6498129367828369,0.6751574873924255,0.6498129367828369,0.6751574873924255,0.6470588445663452,0.5555555820465088
18,2,49,0.6487951278686523,0.674821138381958,0.6487951278686523,0.674821138381958,0.6470588445663452,0.5555555820465088
18,2,50,0.6477810144424438,0.6744434237480164,0.6477810144424438,0.6744434237480164,0.6470588445663452,0.5555555820465088
18,2,51,0.646763026714325,0.6740691065788269,0.646763026714325,0.6740691065788269,0.6470588445663452,0.5555555820465088
18,2,52,0.6457472443580627,0.6737101674079895,0.6457472443580627,0.6737101674079895,0.6470588445663452,0.5555555820465088
18,2,53,0.6447275876998901,0.6733859777450562,0.6447275876998901,0.6733859777450562,0.6470588445663452,0.5555555820465088
18,2,54,0.6437039971351624,0.6730740070343018,0.6437039971351624,0.6730740070343018,0.6470588445663452,0.5555555820465088
18,2,55,0.6426628828048706,0.6727390289306641,0.6426628828048706,0.6727390289306641,0.6470588445663452,0.5555555820465088
18,2,56,0.6416057348251343,0.6723651885986328,0.6416057348251343,0.6723651885986328,0.6470588445663452,0.5555555820465088
18,2,57,0.6405373215675354,0.6719850301742554,0.6405373215675354,0.6719850301742554,0.6470588445663452,0.5555555820465088
18,2,58,0.6394597887992859,0.6715977191925049,0.6394597887992859,0.6715977191925049,0.6470588445663452,0.5555555820465088
18,2,59,0.6383708715438843,0.6712208390235901,0.6383708715438843,0.6712208390235901,0.6470588445663452,0.5555555820465088
18,2,60,0.6372678279876709,0.6708298921585083,0.6372678279876709,0.6708298921585083,0.6470588445663452,0.5555555820465088
18,2,61,0.6361575126647949,0.670425295829773,0.6361575126647949,0.670425295829773,0.6470588445663452,0.5555555820465088
18,2,62,0.6350305080413818,0.6700229048728943,0.6350305080413818,0.6700229048728943,0.6470588445663452,0.5555555820465088
18,2,63,0.6338832974433899,0.6696376204490662,0.6338832974433899,0.6696376204490662,0.6470588445663452,0.5555555820465088
18,2,64,0.632732093334198,0.6692546010017395,0.632732093334198,0.6692546010017395,0.6470588445663452,0.5555555820465088
18,2,65,0.6315720677375793,0.6689032912254333,0.6315720677375793,0.6689032912254333,0.6470588445663452,0.5555555820465088
18,2,66,0.6304035782814026,0.6685283780097961,0.6304035782814026,0.6685283780097961,0.6470588445663452,0.5555555820465088
18,2,67,0.6292240023612976,0.6681346893310547,0.6292240023612976,0.6681346893310547,0.6666666865348816,0.5555555820465088
18,2,68,0.628035306930542,0.6677676439285278,0.628035306930542,0.6677676439285278,0.6666666865348816,0.5555555820465088
18,2,69,0.6268264055252075,0.6674121022224426,0.6268264055252075,0.6674121022224426,0.686274528503418,0.5555555820465088
18,2,70,0.6256247162818909,0.6670558452606201,0.6256247162818909,0.6670558452606201,0.7058823704719543,0.5555555820465088
18,2,71,0.624412477016449,0.6667127013206482,0.624412477016449,0.6667127013206482,0.7058823704719543,0.6666666865348816
18,2,72,0.623182475566864,0.6663578748703003,0.6231825351715088,0.6663578748703003,0.7254902124404907,0.6666666865348816
18,2,73,0.6219491362571716,0.6659533977508545,0.6219491362571716,0.6659533977508545,0.7254902124404907,0.6666666865348816
18,2,74,0.6206968426704407,0.665606677532196,0.6206968426704407,0.665606677532196,0.7254902124404907,0.6666666865348816
18,2,75,0.6194184422492981,0.6652731895446777,0.6194184422492981,0.6652731895446777,0.7254902124404907,0.6666666865348816
18,2,76,0.618121862411499,0.664871871471405,0.618121862411499,0.664871871471405,0.7254902124404907,0.6666666865348816
18,2,77,0.6168236136436462,0.6644185185432434,0.6168236136436462,0.6644185185432434,0.7254902124404907,0.6666666865348816
18,2,78,0.6155113577842712,0.6639788746833801,0.6155113577842712,0.6639788746833801,0.7254902124404907,0.6666666865348816
18,2,79,0.6142012476921082,0.6635420918464661,0.6142013072967529,0.6635420918464661,0.7254902124404907,0.6666666865348816
18,2,80,0.612888514995575,0.6630867719650269,0.612888514995575,0.6630867719650269,0.7254902124404907,0.6666666865348816
18,2,81,0.6115602850914001,0.6626186966896057,0.6115602850914001,0.6626186966896057,0.7254902124404907,0.6666666865348816
18,2,82,0.6102368235588074,0.6621920466423035,0.6102368235588074,0.6621920466423035,0.7254902124404907,0.6666666865348816
18,2,83,0.6089159846305847,0.6618035435676575,0.6089159846305847,0.6618035435676575,0.7254902124404907,0.6666666865348816
18,2,84,0.6075955629348755,0.6614392399787903,0.6075955629348755,0.6614392399787903,0.7254902124404907,0.6666666865348816
18,2,85,0.6062705516815186,0.6611030697822571,0.6062705516815186,0.6611030697822571,0.7254902124404907,0.6666666865348816
18,2,86,0.6049285531044006,0.6607716679573059,0.6049285531044006,0.6607716679573059,0.7254902124404907,0.6666666865348816
18,2,87,0.6035673022270203,0.6603976488113403,0.6035673022270203,0.6603976488113403,0.7254902124404907,0.6666666865348816
18,2,88,0.6021894812583923,0.6599546074867249,0.6021894812583923,0.6599546074867249,0.7254902124404907,0.5555555820465088
18,2,89,0.6008146405220032,0.6595243811607361,0.6008146405220032,0.6595243811607361,0.7254902124404907,0.5555555820465088
18,2,90,0.5994434952735901,0.6591521501541138,0.5994434952735901,0.6591521501541138,0.7254902124404907,0.5555555820465088
18,2,91,0.5980665683746338,0.6588239669799805,0.598066508769989,0.6588239669799805,0.7254902124404907,0.5555555820465088
18,2,92,0.5966830253601074,0.6584756374359131,0.5966830253601074,0.6584756374359131,0.7254902124404907,0.5555555820465088
18,2,93,0.5952826738357544,0.6580983996391296,0.5952826738357544,0.6580983996391296,0.7254902124404907,0.5555555820465088
18,2,94,0.5938721299171448,0.6576917171478271,0.5938721299171448,0.6576917171478271,0.7254902124404907,0.5555555820465088
18,2,95,0.5924420356750488,0.657244086265564,0.5924420356750488,0.657244086265564,0.7254902124404907,0.5555555820465088
18,2,96,0.5909799933433533,0.6567941904067993,0.5909799933433533,0.6567941904067993,0.7450980544090271,0.5555555820465088
18,2,97,0.589483916759491,0.6563413143157959,0.589483916759491,0.6563413143157959,0.7450980544090271,0.5555555820465088
18,2,98,0.5879592299461365,0.6558770537376404,0.5879592299461365,0.6558770537376404,0.7450980544090271,0.5555555820465088
18,2,99,0.5864436030387878,0.6554006934165955,0.5864436030387878,0.6554006934165955,0.7450980544090271,0.5555555820465088
18,2,100,0.5848972201347351,0.6548445820808411,0.5848972201347351,0.6548445820808411,0.7450980544090271,0.5555555820465088
18,2,101,0.5833667516708374,0.6542913913726807,0.5833667516708374,0.6542913913726807,0.7450980544090271,0.5555555820465088
18,2,102,0.5818142890930176,0.6537330150604248,0.5818142890930176,0.6537330150604248,0.7647058963775635,0.5555555820465088
18,2,103,0.5802485346794128,0.6532876491546631,0.5802485346794128,0.6532876491546631,0.7647058963775635,0.5555555820465088
18,2,104,0.5786661505699158,0.6528651714324951,0.5786661505699158,0.6528651714324951,0.7843137383460999,0.5555555820465088
18,2,105,0.5770692229270935,0.6524913311004639,0.5770692825317383,0.6524913311004639,0.7843137383460999,0.5555555820465088
18,2,106,0.5754767060279846,0.6521855592727661,0.5754767060279846,0.6521855592727661,0.7647058963775635,0.5555555820465088
18,2,107,0.5738771557807922,0.6519469022750854,0.5738771557807922,0.6519469022750854,0.7843137383460999,0.5555555820465088
18,2,108,0.5722788572311401,0.6517345905303955,0.5722788572311401,0.6517345905303955,0.7843137383460999,0.5555555820465088
18,2,109,0.5706560015678406,0.6514616012573242,0.5706560015678406,0.6514616012573242,0.7843137383460999,0.5555555820465088
18,2,110,0.5690194964408875,0.651151716709137,0.5690194964408875,0.651151716709137,0.7843137383460999,0.5555555820465088
18,2,111,0.5673657059669495,0.6508651971817017,0.5673657059669495,0.6508651971817017,0.7843137383460999,0.5555555820465088
18,2,112,0.5657013058662415,0.6506074070930481,0.5657013058662415,0.6506074070930481,0.7843137383460999,0.5555555820465088
18,2,113,0.5640206933021545,0.6504091620445251,0.5640206933021545,0.6504091620445251,0.7843137383460999,0.5555555820465088
18,2,114,0.5623387098312378,0.6502330303192139,0.5623387098312378,0.6502330303192139,0.7843137383460999,0.5555555820465088
18,2,115,0.5606443881988525,0.6500303745269775,0.5606443881988525,0.6500303745269775,0.7843137383460999,0.5555555820465088
18,2,116,0.5589417219161987,0.6497955918312073,0.5589417219161987,0.6497955918312073,0.7843137383460999,0.5555555820465088
18,2,117,0.5572240948677063,0.6494553089141846,0.5572240948677063,0.6494553089141846,0.7843137383460999,0.5555555820465088
18,2,118,0.5555067658424377,0.6491382122039795,0.5555067658424377,0.6491382122039795,0.7843137383460999,0.5555555820465088
18,2,119,0.5537846088409424,0.6488896012306213,0.5537846088409424,0.6488896012306213,0.7843137383460999,0.5555555820465088
18,2,120,0.5520615577697754,0.6486515402793884,0.5520616173744202,0.6486515402793884,0.7843137383460999,0.5555555820465088
18,2,121,0.5503438115119934,0.6484100222587585,0.5503438115119934,0.6484100222587585,0.7843137383460999,0.5555555820465088
18,2,122,0.5486302971839905,0.6481359004974365,0.5486302971839905,0.6481359004974365,0.7843137383460999,0.5555555820465088
18,2,123,0.5469074249267578,0.6479005217552185,0.5469074845314026,0.6479005217552185,0.7843137383460999,0.5555555820465088
18,2,124,0.5451566576957703,0.6477064490318298,0.5451566576957703,0.6477064490318298,0.7843137383460999,0.5555555820465088
18,2,125,0.5433632135391235,0.6475324630737305,0.5433632135391235,0.6475324630737305,0.7843137383460999,0.5555555820465088
18,2,126,0.5415420532226562,0.6474449634552002,0.5415420532226562,0.6474449634552002,0.7843137383460999,0.5555555820465088
18,2,127,0.5396990180015564,0.6474117636680603,0.5396990180015564,0.6474117636680603,0.7843137383460999,0.5555555820465088
18,2,128,0.5378276109695435,0.6473814845085144,0.5378276109695435,0.6473814845085144,0.7843137383460999,0.5555555820465088
18,2,129,0.5359272956848145,0.6473724246025085,0.5359272956848145,0.6473724246025085,0.7843137383460999,0.5555555820465088
18,2,130,0.5340374708175659,0.6474431157112122,0.5340374708175659,0.6474431157112122,0.7843137383460999,0.5555555820465088
18,2,131,0.5321223139762878,0.6475441455841064,0.5321223139762878,0.6475441455841064,0.8039215803146362,0.5555555820465088
18,2,132,0.5302305221557617,0.6475622653961182,0.5302305221557617,0.6475622653961182,0.8039215803146362,0.5555555820465088
18,2,133,0.5283144116401672,0.6476099491119385,0.5283144116401672,0.6476099491119385,0.8039215803146362,0.6666666865348816
18,2,134,0.5263912081718445,0.647701621055603,0.5263912081718445,0.647701621055603,0.8039215803146362,0.6666666865348816
18,2,135,0.5244779586791992,0.6477749347686768,0.5244779586791992,0.6477749347686768,0.8039215803146362,0.6666666865348816
18,2,136,0.5225521326065063,0.6479470133781433,0.5225521326065063,0.6479470133781433,0.8039215803146362,0.6666666865348816
18,2,137,0.5206189751625061,0.6482753157615662,0.5206189751625061,0.6482753157615662,0.8039215803146362,0.6666666865348816
18,2,138,0.5186824202537537,0.6485808491706848,0.5186824798583984,0.6485808491706848,0.8039215803146362,0.6666666865348816
18,2,139,0.5167534947395325,0.6487933993339539,0.5167534947395325,0.6487933993339539,0.8039215803146362,0.6666666865348816
18,2,140,0.5148096680641174,0.6490805149078369,0.5148096680641174,0.6490805149078369,0.7843137383460999,0.6666666865348816
18,2,141,0.5128757953643799,0.6494699120521545,0.5128757953643799,0.6494699120521545,0.7843137383460999,0.6666666865348816
18,2,142,0.5109394788742065,0.6498711705207825,0.5109394788742065,0.6498711705207825,0.7843137383460999,0.6666666865348816
18,2,143,0.5089890956878662,0.6503042578697205,0.5089890956878662,0.6503042578697205,0.8039215803146362,0.6666666865348816
18,2,144,0.5070266723632812,0.6508908867835999,0.5070266723632812,0.6508908867835999,0.8039215803146362,0.6666666865348816
18,2,145,0.5050187110900879,0.6515317559242249,0.5050187110900879,0.6515317559242249,0.8039215803146362,0.6666666865348816
18,2,146,0.5030385255813599,0.6521565318107605,0.5030385255813599,0.6521565318107605,0.8039215803146362,0.6666666865348816
18,2,147,0.501059889793396,0.6528009176254272,0.501059889793396,0.6528009176254272,0.8039215803146362,0.6666666865348816
18,2,148,0.4990918040275574,0.6534410119056702,0.4990918040275574,0.6534410119056702,0.8039215803146362,0.6666666865348816
18,2,149,0.4970928728580475,0.6540358066558838,0.4970928728580475,0.6540358066558838,0.8039215803146362,0.6666666865348816
18,2,150,0.4951099455356598,0.6546262502670288,0.4951099455356598,0.6546262502670288,0.8039215803146362,0.6666666865348816
18,2,151,0.4931310713291168,0.6552838087081909,0.4931310713291168,0.6552838087081909,0.8039215803146362,0.6666666865348816
18,2,152,0.49114781618118286,0.6560025811195374,0.49114781618118286,0.6560025811195374,0.8039215803146362,0.6666666865348816
18,2,153,0.48918402194976807,0.6566298007965088,0.48918402194976807,0.6566298007965088,0.8039215803146362,0.6666666865348816
19,2,1,0.689569890499115,0.6969212889671326,0.689569890499115,0.6969212889671326,0.5882353186607361,0.5555555820465088
19,2,2,0.6878587603569031,0.6969100832939148,0.6878587603569031,0.6969100832939148,0.6078431606292725,0.5555555820465088
19,2,3,0.686463475227356,0.6970890164375305,0.6864635348320007,0.6970890164375305,0.6078431606292725,0.5555555820465088
19,2,4,0.6851610541343689,0.697266161441803,0.6851610541343689,0.697266161441803,0.6078431606292725,0.5555555820465088
19,2,5,0.6838780641555786,0.6973622441291809,0.6838780641555786,0.6973622441291809,0.6078431606292725,0.5555555820465088
19,2,6,0.6826344132423401,0.6974029541015625,0.6826344132423401,0.6974029541015625,0.6078431606292725,0.5555555820465088
19,2,7,0.6814348101615906,0.697399377822876,0.6814348101615906,0.697399377822876,0.6078431606292725,0.5555555820465088
19,2,8,0.6802043318748474,0.6973568797111511,0.6802043318748474,0.6973568797111511,0.6078431606292725,0.5555555820465088
19,2,9,0.6789557337760925,0.6972807049751282,0.6789557337760925,0.6972807049751282,0.6078431606292725,0.5555555820465088
19,2,10,0.6776912808418274,0.6972370147705078,0.6776912808418274,0.6972370147705078,0.6078431606292725,0.5555555820465088
19,2,11,0.6764183640480042,0.6972196102142334,0.6764183640480042,0.6972196102142334,0.6274510025978088,0.5555555820465088
19,2,12,0.6751526594161987,0.6971609592437744,0.6751526594161987,0.6971609592437744,0.6470588445663452,0.5555555820465088
19,2,13,0.6739658117294312,0.6970930099487305,0.6739658117294312,0.6970930099487305,0.6470588445663452,0.5555555820465088
19,2,14,0.6728792190551758,0.6969688534736633,0.6728792190551758,0.6969688534736633,0.6470588445663452,0.5555555820465088
19,2,15,0.6718157529830933,0.6968491077423096,0.6718157529830933,0.6968491077423096,0.6666666865348816,0.5555555820465088
19,2,16,0.6708094477653503,0.6966140866279602,0.6708094477653503,0.6966140866279602,0.6666666865348816,0.5555555820465088
19,2,17,0.6698041558265686,0.6963372230529785,0.6698041558265686,0.6963372230529785,0.6666666865348816,0.5555555820465088
19,2,18,0.6687979698181152,0.6960989832878113,0.6687979698181152,0.6960989832878113,0.6666666865348816,0.5555555820465088
19,2,19,0.6677920818328857,0.6958116888999939,0.6677920818328857,0.6958116888999939,0.686274528503418,0.5555555820465088
19,2,20,0.6668016910552979,0.6955024003982544,0.6668016910552979,0.6955024003982544,0.686274528503418,0.5555555820465088
19,2,21,0.6658236980438232,0.6951829195022583,0.6658236980438232,0.6951829195022583,0.7058823704719543,0.5555555820465088
19,2,22,0.664851188659668,0.6948592662811279,0.664851188659668,0.6948592662811279,0.7058823704719543,0.5555555820465088
19,2,23,0.6638793349266052,0.6945333480834961,0.6638792157173157,0.6945333480834961,0.6666666865348816,0.5555555820465088
19,2,24,0.6629139184951782,0.6941918134689331,0.6629139184951782,0.6941918134689331,0.686274528503418,0.5555555820465088
19,2,25,0.661955714225769,0.6938448548316956,0.661955714225769,0.6938448548316956,0.686274528503418,0.5555555820465088
19,2,26,0.660991370677948,0.6934776306152344,0.660991370677948,0.6934776306152344,0.7058823704719543,0.5555555820465088
19,2,27,0.6600141525268555,0.6931185722351074,0.6600141525268555,0.6931185722351074,0.7058823704719543,0.5555555820465088
19,2,28,0.6590406894683838,0.6927488446235657,0.6590406894683838,0.6927488446235657,0.7058823704719543,0.5555555820465088
19,2,29,0.6580846309661865,0.6923654079437256,0.6580845713615417,0.6923654079437256,0.7058823704719543,0.5555555820465088
19,2,30,0.6571202278137207,0.6919815540313721,0.6571202278137207,0.6919815540313721,0.7058823704719543,0.5555555820465088
19,2,31,0.6561372876167297,0.6916015148162842,0.6561372876167297,0.6916015148162842,0.7058823704719543,0.5555555820465088
19,2,32,0.6551331281661987,0.6912416815757751,0.6551331281661987,0.6912416815757751,0.7058823704719543,0.5555555820465088
19,2,33,0.654112696647644,0.6908872723579407,0.654112696647644,0.6908872723579407,0.7058823704719543,0.5555555820465088
19,2,34,0.6530708074569702,0.6905273795127869,0.6530708074569702,0.6905273795127869,0.7254902124404907,0.5555555820465088
19,2,35,0.6520078182220459,0.6901957392692566,0.6520078182220459,0.6901957392692566,0.7254902124404907,0.5555555820465088
19,2,36,0.650928795337677,0.6899051070213318,0.650928795337677,0.6899051070213318,0.7254902124404907,0.5555555820465088
19,2,37,0.6498344540596008,0.6896147727966309,0.6498344540596008,0.6896147727966309,0.7254902124404907,0.5555555820465088
19,2,38,0.6487163305282593,0.6893599629402161,0.6487163305282593,0.6893599629402161,0.7254902124404907,0.5555555820465088
19,2,39,0.6475924849510193,0.6891539096832275,0.6475924849510193,0.6891539096832275,0.7254902124404907,0.5555555820465088
19,2,40,0.6464556455612183,0.6889616250991821,0.6464556455612183,0.6889616250991821,0.7254902124404907,0.5555555820465088
19,2,41,0.6453051567077637,0.6887686848640442,0.6453051567077637,0.6887686848640442,0.7254902124404907,0.5555555820465088
19,2,42,0.6441536545753479,0.6885668635368347,0.6441536545753479,0.6885668635368347,0.7254902124404907,0.5555555820465088
19,2,43,0.6429956555366516,0.6883327960968018,0.6429956555366516,0.6883327960968018,0.7254902124404907,0.5555555820465088
19,2,44,0.6418284773826599,0.6880785226821899,0.6418284773826599,0.6880785226821899,0.7254902124404907,0.5555555820465088
19,2,45,0.6406524777412415,0.687791109085083,0.6406524777412415,0.687791109085083,0.7254902124404907,0.5555555820465088
19,2,46,0.6394565105438232,0.6874516606330872,0.6394565105438232,0.6874516606330872,0.7254902124404907,0.5555555820465088
19,2,47,0.6382522583007812,0.687066376209259,0.6382522583007812,0.687066376209259,0.7254902124404907,0.5555555820465088
19,2,48,0.6370395421981812,0.686652421951294,0.6370395421981812,0.686652421951294,0.7254902124404907,0.5555555820465088
19,2,49,0.6358290910720825,0.6861811280250549,0.6358290910720825,0.6861811280250549,0.7647058963775635,0.5555555820465088
19,2,50,0.6346135139465332,0.6856470108032227,0.6346135139465332,0.6856470108032227,0.7647058963775635,0.5555555820465088
19,2,51,0.6333842277526855,0.685081958770752,0.6333842277526855,0.685081958770752,0.7647058963775635,0.5555555820465088
19,2,52,0.6321678161621094,0.6845760345458984,0.6321678161621094,0.6845760345458984,0.7843137383460999,0.5555555820465088
19,2,53,0.6309627294540405,0.6840976476669312,0.6309627294540405,0.6840976476669312,0.7843137383460999,0.5555555820465088
19,2,54,0.6297515630722046,0.6836154460906982,0.6297515630722046,0.6836154460906982,0.7843137383460999,0.5555555820465088
19,2,55,0.628545880317688,0.6831115484237671,0.628545880317688,0.6831115484237671,0.7843137383460999,0.5555555820465088
19,2,56,0.6273435950279236,0.6825891733169556,0.6273435950279236,0.6825891733169556,0.7843137383460999,0.5555555820465088
19,2,57,0.6261579394340515,0.682060956954956,0.6261579394340515,0.682060956954956,0.7843137383460999,0.5555555820465088
19,2,58,0.6249825954437256,0.681566059589386,0.6249825954437256,0.681566059589386,0.7843137383460999,0.5555555820465088
19,2,59,0.6237988471984863,0.6811048984527588,0.6237988471984863,0.6811048984527588,0.7843137383460999,0.5555555820465088
19,2,60,0.6225972771644592,0.6806718707084656,0.6225972771644592,0.6806718707084656,0.7843137383460999,0.5555555820465088
19,2,61,0.6213756799697876,0.680205225944519,0.6213756799697876,0.680205225944519,0.7843137383460999,0.5555555820465088
19,2,62,0.6201452612876892,0.6796633005142212,0.6201452612876892,0.6796633005142212,0.7843137383460999,0.5555555820465088
19,2,63,0.6189102530479431,0.6790949106216431,0.6189102530479431,0.6790949106216431,0.7843137383460999,0.5555555820465088
19,2,64,0.6176936030387878,0.6785447597503662,0.6176936030387878,0.6785447597503662,0.7843137383460999,0.5555555820465088
19,2,65,0.6164833307266235,0.6780474781990051,0.6164833307266235,0.6780474781990051,0.7843137383460999,0.5555555820465088
19,2,66,0.6152893900871277,0.6775661706924438,0.6152893900871277,0.6775661706924438,0.7843137383460999,0.5555555820465088
19,2,67,0.6140894889831543,0.6770782470703125,0.6140894293785095,0.6770782470703125,0.7843137383460999,0.5555555820465088
19,2,68,0.6128965616226196,0.6766169667243958,0.6128965616226196,0.6766169667243958,0.7843137383460999,0.5555555820465088
19,2,69,0.6116957664489746,0.6761987209320068,0.6116957664489746,0.6761987209320068,0.7843137383460999,0.5555555820465088
19,2,70,0.6105027794837952,0.6758081912994385,0.6105027794837952,0.6758081912994385,0.7843137383460999,0.5555555820465088
19,2,71,0.609326183795929,0.6754248738288879,0.609326183795929,0.6754248738288879,0.7843137383460999,0.5555555820465088
19,2,72,0.60813969373703,0.6750304698944092,0.60813969373703,0.6750304698944092,0.7843137383460999,0.5555555820465088
19,2,73,0.6069582104682922,0.6746344566345215,0.6069582104682922,0.6746344566345215,0.7843137383460999,0.5555555820465088
19,2,74,0.6057721972465515,0.6742408275604248,0.6057721972465515,0.6742408275604248,0.7843137383460999,0.5555555820465088
19,2,75,0.604581892490387,0.6738653182983398,0.604581892490387,0.6738653182983398,0.7647058963775635,0.5555555820465088
19,2,76,0.6033787727355957,0.6735451221466064,0.6033787727355957,0.6735451221466064,0.7450980544090271,0.5555555820465088
19,2,77,0.6021713018417358,0.6732860803604126,0.6021712422370911,0.6732860803604126,0.7450980544090271,0.5555555820465088
19,2,78,0.6009659767150879,0.6730349063873291,0.6009659767150879,0.6730349063873291,0.7450980544090271,0.5555555820465088
19,2,79,0.5997546315193176,0.6727480292320251,0.5997546315193176,0.6727480292320251,0.7450980544090271,0.5555555820465088
19,2,80,0.5985404253005981,0.6724088191986084,0.5985404253005981,0.6724088191986084,0.7450980544090271,0.5555555820465088
19,2,81,0.5973293781280518,0.6720302104949951,0.5973293781280518,0.6720302104949951,0.7450980544090271,0.5555555820465088
19,2,82,0.5961251854896545,0.6716548800468445,0.5961251854896545,0.6716548800468445,0.7450980544090271,0.5555555820465088
19,2,83,0.594917356967926,0.6713101863861084,0.594917356967926,0.6713101863861084,0.7450980544090271,0.5555555820465088
19,2,84,0.5937161445617676,0.670965313911438,0.5937161445617676,0.670965313911438,0.7450980544090271,0.5555555820465088
19,2,85,0.5925164222717285,0.6706020832061768,0.5925164222717285,0.6706020832061768,0.7450980544090271,0.5555555820465088
19,2,86,0.5913050174713135,0.6702077388763428,0.5913050174713135,0.6702077388763428,0.7450980544090271,0.5555555820465088
19,2,87,0.5900929570198059,0.6698124408721924,0.5900929570198059,0.6698124408721924,0.7450980544090271,0.5555555820465088
19,2,88,0.5888710618019104,0.6693950891494751,0.5888710618019104,0.6693950891494751,0.7450980544090271,0.5555555820465088
19,2,89,0.5876460075378418,0.6689682006835938,0.5876460075378418,0.6689682006835938,0.7450980544090271,0.5555555820465088
19,2,90,0.586429238319397,0.6685401201248169,0.586429238319397,0.6685401201248169,0.7450980544090271,0.5555555820465088
19,2,91,0.5852131247520447,0.6680867671966553,0.5852131247520447,0.6680867671966553,0.7450980544090271,0.5555555820465088
19,2,92,0.5839993953704834,0.6676101684570312,0.5839993953704834,0.6676101684570312,0.7450980544090271,0.5555555820465088
19,2,93,0.582783043384552,0.6671421527862549,0.582783043384552,0.6671421527862549,0.7450980544090271,0.5555555820465088
19,2,94,0.5815590023994446,0.666686475276947,0.5815590023994446,0.666686475276947,0.7450980544090271,0.5555555820465088
19,2,95,0.5803214907646179,0.666252851486206,0.5803214907646179,0.666252851486206,0.7450980544090271,0.5555555820465088
19,2,96,0.5790778994560242,0.6658518314361572,0.5790778994560242,0.6658518314361572,0.7450980544090271,0.5555555820465088
19,2,97,0.5778466463088989,0.6654565334320068,0.5778466463088989,0.6654565334320068,0.7450980544090271,0.5555555820465088
19,2,98,0.5766018033027649,0.6650387048721313,0.5766018033027649,0.6650387048721313,0.7450980544090271,0.5555555820465088
19,2,99,0.5753527283668518,0.6646102666854858,0.5753527283668518,0.6646102666854858,0.7450980544090271,0.5555555820465088
19,2,100,0.5741041898727417,0.6642086505889893,0.5741041898727417,0.6642086505889893,0.7450980544090271,0.5555555820465088
19,2,101,0.5728549361228943,0.6638476848602295,0.5728549361228943,0.6638476848602295,0.7450980544090271,0.5555555820465088
19,2,102,0.5715914964675903,0.6634973883628845,0.5715914964675903,0.6634973883628845,0.7450980544090271,0.5555555820465088
19,2,103,0.5703297853469849,0.6631462574005127,0.5703297853469849,0.6631462574005127,0.7450980544090271,0.5555555820465088
19,2,104,0.5690694451332092,0.6627753376960754,0.5690694451332092,0.6627753376960754,0.7450980544090271,0.5555555820465088
19,2,105,0.5678067803382874,0.6624072790145874,0.5678067803382874,0.6624072790145874,0.7450980544090271,0.5555555820465088
19,2,106,0.5665304064750671,0.6620233654975891,0.5665304064750671,0.6620233654975891,0.7450980544090271,0.5555555820465088
19,2,107,0.5652403235435486,0.6616865992546082,0.5652403235435486,0.6616865992546082,0.7450980544090271,0.5555555820465088
19,2,108,0.5639429092407227,0.6614077687263489,0.5639429688453674,0.6614077687263489,0.7450980544090271,0.5555555820465088
19,2,109,0.5626473426818848,0.6610965132713318,0.5626473426818848,0.6610965132713318,0.7450980544090271,0.6666666865348816
19,2,110,0.5613425970077515,0.6607828736305237,0.5613425970077515,0.6607828736305237,0.7450980544090271,0.6666666865348816
19,2,111,0.5600200295448303,0.6604578495025635,0.5600200295448303,0.6604578495025635,0.7450980544090271,0.6666666865348816
19,2,112,0.5586842894554138,0.6601224541664124,0.5586842894554138,0.6601224541664124,0.7450980544090271,0.6666666865348816
19,2,113,0.5573478937149048,0.6597442626953125,0.5573478937149048,0.6597442626953125,0.7450980544090271,0.7777777910232544
19,2,114,0.5560014247894287,0.6593689918518066,0.5560014247894287,0.6593689918518066,0.7450980544090271,0.7777777910232544
19,2,115,0.5546414256095886,0.6589686870574951,0.5546414256095886,0.6589686870574951,0.7450980544090271,0.7777777910232544
19,2,116,0.5532815456390381,0.6585422158241272,0.5532815456390381,0.6585422158241272,0.7450980544090271,0.7777777910232544
19,2,117,0.5519186854362488,0.6581159830093384,0.5519186854362488,0.6581159830093384,0.7450980544090271,0.7777777910232544
19,2,118,0.5505543947219849,0.6576827764511108,0.5505543947219849,0.6576827764511108,0.7450980544090271,0.7777777910232544
19,2,119,0.549197793006897,0.6572129726409912,0.549197793006897,0.6572129726409912,0.7450980544090271,0.7777777910232544
19,2,120,0.5478271245956421,0.6567346453666687,0.5478270649909973,0.6567346453666687,0.7450980544090271,0.7777777910232544
19,2,121,0.5464563369750977,0.6562839150428772,0.5464563369750977,0.6562839150428772,0.7450980544090271,0.7777777910232544
19,2,122,0.5450929999351501,0.6558973789215088,0.5450929999351501,0.6558973789215088,0.7450980544090271,0.7777777910232544
19,2,123,0.5437167882919312,0.6555389761924744,0.5437167882919312,0.6555389761924744,0.7450980544090271,0.7777777910232544
19,2,124,0.5423427820205688,0.6551376581192017,0.5423427820205688,0.6551376581192017,0.7450980544090271,0.7777777910232544
19,2,125,0.5409645438194275,0.6546656489372253,0.5409645438194275,0.6546656489372253,0.7450980544090271,0.7777777910232544
19,2,126,0.5395877361297607,0.6541973948478699,0.5395877361297607,0.6541973948478699,0.7450980544090271,0.7777777910232544
19,2,127,0.5382099151611328,0.6538320183753967,0.5382099151611328,0.6538320183753967,0.7450980544090271,0.7777777910232544
19,2,128,0.5368344783782959,0.6535097360610962,0.5368344783782959,0.6535097360610962,0.7450980544090271,0.7777777910232544
19,2,129,0.5354594588279724,0.6531368494033813,0.5354594588279724,0.6531368494033813,0.7647058963775635,0.7777777910232544
19,2,130,0.5340638756752014,0.6527163982391357,0.5340638160705566,0.6527163982391357,0.7647058963775635,0.7777777910232544
19,2,131,0.5326669216156006,0.6523410081863403,0.5326669216156006,0.6523410081863403,0.7647058963775635,0.7777777910232544
19,2,132,0.5312586426734924,0.6520206332206726,0.5312586426734924,0.6520206332206726,0.7647058963775635,0.7777777910232544
19,2,133,0.5298447608947754,0.6516557335853577,0.5298447608947754,0.6516557335853577,0.7843137383460999,0.7777777910232544
19,2,134,0.5284550786018372,0.6512545347213745,0.5284550786018372,0.6512545347213745,0.7843137383460999,0.7777777910232544
19,2,135,0.527070164680481,0.6508460640907288,0.527070164680481,0.6508460640907288,0.7843137383460999,0.7777777910232544
19,2,136,0.5256628394126892,0.6504256725311279,0.5256628394126892,0.6504256725311279,0.7843137383460999,0.7777777910232544
19,2,137,0.5242640376091003,0.6500270962715149,0.5242640376091003,0.6500270962715149,0.7843137383460999,0.7777777910232544
19,2,138,0.5228444933891296,0.6496684551239014,0.5228444933891296,0.6496684551239014,0.7843137383460999,0.7777777910232544
19,2,139,0.5214341282844543,0.6492990851402283,0.5214341282844543,0.6492990851402283,0.7843137383460999,0.7777777910232544
19,2,140,0.5200425982475281,0.6489412188529968,0.5200425982475281,0.6489412188529968,0.7843137383460999,0.7777777910232544
19,2,141,0.5186275243759155,0.6485577821731567,0.5186275243759155,0.6485577821731567,0.7843137383460999,0.7777777910232544
19,2,142,0.5172050595283508,0.6481236815452576,0.5172050595283508,0.6481236815452576,0.7843137383460999,0.7777777910232544
19,2,143,0.5157696008682251,0.6477064490318298,0.5157696008682251,0.6477064490318298,0.7843137383460999,0.7777777910232544
19,2,144,0.5143461227416992,0.6473082304000854,0.5143461227416992,0.6473082304000854,0.7843137383460999,0.7777777910232544
19,2,145,0.5128986239433289,0.6469096541404724,0.5128986239433289,0.6469096541404724,0.7843137383460999,0.7777777910232544
19,2,146,0.5114516615867615,0.6465356349945068,0.5114516615867615,0.6465356349945068,0.7843137383460999,0.7777777910232544
19,2,147,0.5100033283233643,0.646202027797699,0.5100033283233643,0.646202027797699,0.7843137383460999,0.7777777910232544
19,2,148,0.5085611343383789,0.6458240151405334,0.5085611343383789,0.6458240151405334,0.7843137383460999,0.7777777910232544
19,2,149,0.5071113705635071,0.6453295350074768,0.5071113705635071,0.6453295350074768,0.7843137383460999,0.7777777910232544
19,2,150,0.505667507648468,0.6448402404785156,0.505667507648468,0.6448402404785156,0.7843137383460999,0.7777777910232544
19,2,151,0.5042041540145874,0.644414484500885,0.5042041540145874,0.644414484500885,0.7843137383460999,0.7777777910232544
19,2,152,0.5027320981025696,0.6439648270606995,0.5027320981025696,0.6439648270606995,0.7843137383460999,0.7777777910232544
19,2,153,0.5012770891189575,0.6435452699661255,0.5012770891189575,0.6435452699661255,0.8039215803146362,0.7777777910232544
19,2,154,0.4998171329498291,0.6430906057357788,0.4998171329498291,0.6430906057357788,0.8039215803146362,0.7777777910232544
19,2,155,0.4983513653278351,0.6425816416740417,0.4983513653278351,0.6425816416740417,0.8039215803146362,0.7777777910232544
19,2,156,0.49687251448631287,0.6421014666557312,0.49687251448631287,0.6421014666557312,0.8039215803146362,0.7777777910232544
19,2,157,0.4953880310058594,0.6416716575622559,0.4953880310058594,0.6416716575622559,0.8039215803146362,0.7777777910232544
19,2,158,0.49388647079467773,0.6412079334259033,0.49388647079467773,0.6412079334259033,0.8039215803146362,0.7777777910232544
19,2,159,0.49238163232803345,0.6406846642494202,0.49238163232803345,0.6406846642494202,0.8039215803146362,0.7777777910232544
19,2,160,0.49086859822273254,0.6401169896125793,0.49086859822273254,0.6401169896125793,0.8039215803146362,0.7777777910232544
19,2,161,0.489363431930542,0.6395955681800842,0.489363431930542,0.6395955681800842,0.8039215803146362,0.7777777910232544
19,2,162,0.48782938718795776,0.6391395926475525,0.48782938718795776,0.6391395926475525,0.8039215803146362,0.7777777910232544
19,2,163,0.4863259494304657,0.6386497020721436,0.4863259494304657,0.6386497020721436,0.8039215803146362,0.7777777910232544
19,2,164,0.48482221364974976,0.6381628513336182,0.48482221364974976,0.6381628513336182,0.8039215803146362,0.7777777910232544
19,2,165,0.48329252004623413,0.6377437114715576,0.48329252004623413,0.6377437114715576,0.8039215803146362,0.7777777910232544
19,2,166,0.48177313804626465,0.6373981237411499,0.48177313804626465,0.6373981237411499,0.8039215803146362,0.7777777910232544
19,2,167,0.4802442193031311,0.6369101405143738,0.4802442193031311,0.6369101405143738,0.8039215803146362,0.7777777910232544
19,2,168,0.4787166118621826,0.6362677216529846,0.4787166118621826,0.6362677216529846,0.8039215803146362,0.7777777910232544
19,2,169,0.47719109058380127,0.6357294917106628,0.47719109058380127,0.6357294917106628,0.8039215803146362,0.7777777910232544
19,2,170,0.47566738724708557,0.6353203654289246,0.47566738724708557,0.6353203654289246,0.8039215803146362,0.7777777910232544
19,2,171,0.47413140535354614,0.6348621845245361,0.47413140535354614,0.6348621845245361,0.8039215803146362,0.7777777910232544
19,2,172,0.47258976101875305,0.6344093680381775,0.47258976101875305,0.6344093680381775,0.8039215803146362,0.7777777910232544
19,2,173,0.4710545241832733,0.6340183019638062,0.4710545241832733,0.6340183019638062,0.8039215803146362,0.7777777910232544
19,2,174,0.4695093035697937,0.6336219310760498,0.4695093035697937,0.6336219310760498,0.8039215803146362,0.7777777910232544
19,2,175,0.4679727852344513,0.6331616640090942,0.4679727852344513,0.6331616640090942,0.8039215803146362,0.7777777910232544
19,2,176,0.46641701459884644,0.6326798796653748,0.46641701459884644,0.6326798796653748,0.8039215803146362,0.7777777910232544
19,2,177,0.464852511882782,0.6321679353713989,0.464852511882782,0.6321679353713989,0.8039215803146362,0.7777777910232544
19,2,178,0.46329572796821594,0.631636381149292,0.46329572796821594,0.631636381149292,0.8039215803146362,0.7777777910232544
19,2,179,0.4617171287536621,0.63127201795578,0.4617171287536621,0.63127201795578,0.8039215803146362,0.7777777910232544
19,2,180,0.46015220880508423,0.6310138702392578,0.46015220880508423,0.6310138702392578,0.8039215803146362,0.7777777910232544
19,2,181,0.4585675299167633,0.6306115984916687,0.4585675299167633,0.6306115984916687,0.8235294222831726,0.7777777910232544
19,2,182,0.4569818377494812,0.6300144791603088,0.4569818377494812,0.6300144791603088,0.8235294222831726,0.7777777910232544
19,2,183,0.45539888739585876,0.6295239329338074,0.45539888739585876,0.6295239329338074,0.8235294222831726,0.7777777910232544
19,2,184,0.45381417870521545,0.6290842294692993,0.45381417870521545,0.6290842294692993,0.8235294222831726,0.7777777910232544
19,2,185,0.4522194266319275,0.6286587715148926,0.4522194266319275,0.6286587715148926,0.8235294222831726,0.7777777910232544
19,2,186,0.4506145119667053,0.6283279061317444,0.4506145119667053,0.6283279061317444,0.8235294222831726,0.7777777910232544
19,2,187,0.4490276277065277,0.6279531121253967,0.4490276277065277,0.6279531121253967,0.8235294222831726,0.7777777910232544
19,2,188,0.44741499423980713,0.6274047493934631,0.44741499423980713,0.6274047493934631,0.8235294222831726,0.7777777910232544
19,2,189,0.4457972049713135,0.6269299983978271,0.4457972049713135,0.6269299983978271,0.8235294222831726,0.7777777910232544
19,2,190,0.4442004859447479,0.6266399621963501,0.4442004859447479,0.6266399621963501,0.8235294222831726,0.7777777910232544
19,2,191,0.442561537027359,0.6263664960861206,0.442561537027359,0.6263664960861206,0.8235294222831726,0.7777777910232544
19,2,192,0.4409237205982208,0.6259199976921082,0.4409237205982208,0.6259199976921082,0.8235294222831726,0.7777777910232544
19,2,193,0.43929630517959595,0.6254613995552063,0.43929630517959595,0.6254613995552063,0.8235294222831726,0.7777777910232544
19,2,194,0.4376354515552521,0.6250318884849548,0.4376354515552521,0.6250318884849548,0.8235294222831726,0.7777777910232544
19,2,195,0.43597912788391113,0.6245914697647095,0.43597912788391113,0.6245914697647095,0.8235294222831726,0.7777777910232544
19,2,196,0.43432939052581787,0.6242497563362122,0.43432939052581787,0.6242497563362122,0.8235294222831726,0.7777777910232544
19,2,197,0.43268510699272156,0.6239615678787231,0.43268510699272156,0.6239615678787231,0.8235294222831726,0.7777777910232544
19,2,198,0.43105244636535645,0.6235370635986328,0.43105244636535645,0.6235370635986328,0.8235294222831726,0.7777777910232544
19,2,199,0.4294050931930542,0.6232085227966309,0.4294050931930542,0.6232085227966309,0.843137264251709,0.7777777910232544
19,2,200,0.42774829268455505,0.6228502988815308,0.42774829268455505,0.6228502988815308,0.843137264251709,0.7777777910232544
19,2,201,0.4260689616203308,0.6223897933959961,0.4260689616203308,0.6223897933959961,0.843137264251709,0.7777777910232544
19,2,202,0.4244028627872467,0.6220400929450989,0.4244028627872467,0.6220400929450989,0.843137264251709,0.7777777910232544
19,2,203,0.4227205812931061,0.6218367218971252,0.4227205812931061,0.6218367218971252,0.843137264251709,0.7777777910232544
19,2,204,0.4210527539253235,0.6215437054634094,0.4210527539253235,0.6215437054634094,0.843137264251709,0.7777777910232544
19,2,205,0.41937756538391113,0.6210892200469971,0.41937756538391113,0.6210892200469971,0.843137264251709,0.7777777910232544
19,2,206,0.4176728427410126,0.6206634044647217,0.4176728427410126,0.6206634044647217,0.843137264251709,0.7777777910232544
19,2,207,0.4159732758998871,0.6203162670135498,0.4159732758998871,0.6203162670135498,0.843137264251709,0.7777777910232544
19,2,208,0.41427087783813477,0.6199703216552734,0.41427087783813477,0.6199703216552734,0.843137264251709,0.7777777910232544
19,2,209,0.4125771224498749,0.6197142004966736,0.4125771224498749,0.6197142004966736,0.843137264251709,0.7777777910232544
19,2,210,0.41086694598197937,0.619446337223053,0.41086694598197937,0.619446337223053,0.843137264251709,0.7777777910232544
19,2,211,0.4091532230377197,0.6189935207366943,0.4091532230377197,0.6189935207366943,0.843137264251709,0.6666666865348816
19,2,212,0.407434344291687,0.618422269821167,0.407434344291687,0.618422269821167,0.843137264251709,0.6666666865348816
19,2,213,0.40571004152297974,0.6178799271583557,0.40571004152297974,0.6178799271583557,0.843137264251709,0.6666666865348816
19,2,214,0.4039725959300995,0.6173256039619446,0.4039725959300995,0.6173256039619446,0.843137264251709,0.6666666865348816
19,2,215,0.4022302031517029,0.6167723536491394,0.4022302031517029,0.6167723536491394,0.843137264251709,0.6666666865348816
19,2,216,0.40044721961021423,0.6162287592887878,0.40044721961021423,0.6162287592887878,0.843137264251709,0.6666666865348816
19,2,217,0.3986305296421051,0.6158303618431091,0.3986305296421051,0.6158303618431091,0.843137264251709,0.6666666865348816
19,2,218,0.3967985510826111,0.6153544783592224,0.3967985510826111,0.6153544783592224,0.843137264251709,0.6666666865348816
19,2,219,0.3949851095676422,0.6147584915161133,0.3949851095676422,0.6147584915161133,0.843137264251709,0.6666666865348816
19,2,220,0.39317288994789124,0.614179253578186,0.39317288994789124,0.614179253578186,0.843137264251709,0.6666666865348816
19,2,221,0.3913863003253937,0.6137168407440186,0.3913863003253937,0.6137168407440186,0.8627451062202454,0.6666666865348816
19,2,222,0.38960927724838257,0.6133015155792236,0.38960927724838257,0.6133015155792236,0.8627451062202454,0.6666666865348816
19,2,223,0.38781440258026123,0.6129780411720276,0.38781440258026123,0.6129780411720276,0.8627451062202454,0.6666666865348816
19,2,224,0.3860507905483246,0.6126448512077332,0.3860507905483246,0.6126448512077332,0.8627451062202454,0.6666666865348816
19,2,225,0.38427767157554626,0.6123552918434143,0.38427767157554626,0.6123552918434143,0.8627451062202454,0.6666666865348816
19,2,226,0.3824753761291504,0.6121589541435242,0.38247543573379517,0.6121589541435242,0.8627451062202454,0.6666666865348816
19,2,227,0.38067588210105896,0.6118378043174744,0.38067588210105896,0.6118378043174744,0.8627451062202454,0.6666666865348816
19,2,228,0.3788592517375946,0.6114072799682617,0.3788592517375946,0.6114072799682617,0.8627451062202454,0.6666666865348816
19,2,229,0.37707191705703735,0.6111226677894592,0.37707191705703735,0.6111226677894592,0.8627451062202454,0.6666666865348816
19,2,230,0.3752666115760803,0.6107778549194336,0.3752666115760803,0.6107778549194336,0.8627451062202454,0.6666666865348816
19,2,231,0.3734806180000305,0.6102662682533264,0.3734806180000305,0.6102662682533264,0.8627451062202454,0.6666666865348816
19,2,232,0.37167245149612427,0.6098013520240784,0.37167245149612427,0.6098013520240784,0.8627451062202454,0.6666666865348816
19,2,233,0.3698877692222595,0.6093280911445618,0.3698877692222595,0.6093280911445618,0.8627451062202454,0.6666666865348816
19,2,234,0.3681022822856903,0.6089247465133667,0.3681022822856903,0.6089247465133667,0.8627451062202454,0.6666666865348816
19,2,235,0.3662921190261841,0.6086373925209045,0.3662921190261841,0.6086373925209045,0.8627451062202454,0.6666666865348816
19,2,236,0.36448296904563904,0.608102560043335,0.36448296904563904,0.608102560043335,0.8627451062202454,0.6666666865348816
19,2,237,0.3626795709133148,0.6073479056358337,0.3626795709133148,0.6073479056358337,0.8627451062202454,0.6666666865348816
19,2,238,0.3608880937099457,0.6069386601448059,0.3608880937099457,0.6069386601448059,0.8627451062202454,0.6666666865348816
19,2,239,0.35905584692955017,0.6067675352096558,0.35905584692955017,0.6067675352096558,0.8627451062202454,0.6666666865348816
19,2,240,0.35722616314888,0.6064955592155457,0.35722616314888,0.6064955592155457,0.8627451062202454,0.6666666865348816
19,2,241,0.3554089367389679,0.6060624718666077,0.3554089367389679,0.6060624718666077,0.8627451062202454,0.6666666865348816
19,2,242,0.35356536507606506,0.6056432127952576,0.35356536507606506,0.6056432127952576,0.8627451062202454,0.6666666865348816
19,2,243,0.3517523407936096,0.6051567792892456,0.3517523407936096,0.6051567792892456,0.8627451062202454,0.6666666865348816
19,2,244,0.3499380052089691,0.6046048402786255,0.3499380052089691,0.6046048402786255,0.8627451062202454,0.6666666865348816
19,2,245,0.3481143116950989,0.6041311025619507,0.3481143116950989,0.6041311025619507,0.8627451062202454,0.6666666865348816
19,2,246,0.346265971660614,0.6036674380302429,0.346265971660614,0.6036674380302429,0.8627451062202454,0.6666666865348816
19,2,247,0.34442412853240967,0.6030356884002686,0.34442412853240967,0.6030356884002686,0.8627451062202454,0.6666666865348816
19,2,248,0.34259292483329773,0.6024543046951294,0.34259292483329773,0.6024543046951294,0.8627451062202454,0.6666666865348816
19,2,249,0.34073540568351746,0.6019270420074463,0.34073540568351746,0.6019270420074463,0.8627451062202454,0.6666666865348816
19,2,250,0.3389022946357727,0.601224422454834,0.3389022946357727,0.601224422454834,0.8627451062202454,0.6666666865348816
19,2,251,0.33703938126564026,0.6005170345306396,0.33703941106796265,0.6005170345306396,0.8823529481887817,0.6666666865348816
19,2,252,0.33516162633895874,0.5999643206596375,0.33516162633895874,0.5999643206596375,0.8823529481887817,0.6666666865348816
19,2,253,0.3332950472831726,0.5995079874992371,0.3332950472831726,0.5995079874992371,0.8823529481887817,0.6666666865348816
19,2,254,0.33142194151878357,0.5989245772361755,0.33142194151878357,0.5989245772361755,0.8823529481887817,0.6666666865348816
19,2,255,0.32956331968307495,0.5980610847473145,0.32956331968307495,0.5980610847473145,0.8823529481887817,0.6666666865348816
19,2,256,0.3277062177658081,0.5972015857696533,0.3277062177658081,0.5972015857696533,0.8823529481887817,0.6666666865348816
19,2,257,0.32586440443992615,0.5966678261756897,0.32586440443992615,0.5966678261756897,0.8823529481887817,0.6666666865348816
19,2,258,0.32394692301750183,0.596388578414917,0.32394692301750183,0.596388578414917,0.8823529481887817,0.6666666865348816
19,2,259,0.32204699516296387,0.5959924459457397,0.32204699516296387,0.5959924459457397,0.8823529481887817,0.6666666865348816
19,2,260,0.3201066851615906,0.5955292582511902,0.3201066851615906,0.5955292582511902,0.8823529481887817,0.6666666865348816
19,2,261,0.3181729018688202,0.5952062606811523,0.3181729018688202,0.5952062606811523,0.8823529481887817,0.6666666865348816
19,2,262,0.316214919090271,0.5948078632354736,0.316214919090271,0.5948078632354736,0.8823529481887817,0.6666666865348816
19,2,263,0.3142576813697815,0.5943349599838257,0.3142576813697815,0.5943349599838257,0.8823529481887817,0.6666666865348816
19,2,264,0.3122904300689697,0.5940321087837219,0.3122904300689697,0.5940321087837219,0.8823529481887817,0.6666666865348816
19,2,265,0.31031516194343567,0.5936315059661865,0.31031516194343567,0.5936315059661865,0.9019607901573181,0.6666666865348816
19,2,266,0.3083781898021698,0.5932501554489136,0.3083781898021698,0.5932501554489136,0.9019607901573181,0.6666666865348816
19,2,267,0.30640709400177,0.5930613279342651,0.30640709400177,0.5930613279342651,0.9019607901573181,0.6666666865348816
19,2,268,0.30445483326911926,0.5926986336708069,0.30445483326911926,0.5926986336708069,0.9019607901573181,0.6666666865348816
19,2,269,0.30250537395477295,0.5919820070266724,0.30250537395477295,0.5919820070266724,0.9019607901573181,0.6666666865348816
19,2,270,0.3005431592464447,0.591187059879303,0.3005431592464447,0.591187059879303,0.9019607901573181,0.6666666865348816
19,2,271,0.2985661029815674,0.590696394443512,0.2985661029815674,0.590696394443512,0.9019607901573181,0.6666666865348816
19,2,272,0.29661107063293457,0.5902576446533203,0.29661107063293457,0.5902576446533203,0.9019607901573181,0.6666666865348816
19,2,273,0.294635534286499,0.5898206233978271,0.294635534286499,0.5898206233978271,0.9215686321258545,0.6666666865348816
19,2,274,0.2926742434501648,0.5896814465522766,0.2926742434501648,0.5896814465522766,0.9215686321258545,0.6666666865348816
19,2,275,0.29069364070892334,0.5895665884017944,0.29069364070892334,0.5895665884017944,0.9215686321258545,0.6666666865348816
19,2,276,0.2887043058872223,0.5890476703643799,0.2887043058872223,0.5890476703643799,0.9215686321258545,0.6666666865348816
19,2,277,0.2867077887058258,0.5882292985916138,0.2867077887058258,0.5882292985916138,0.9215686321258545,0.6666666865348816
19,2,278,0.2847272455692291,0.5876763463020325,0.2847272455692291,0.5876763463020325,0.9215686321258545,0.6666666865348816
19,2,279,0.2827591300010681,0.5875346660614014,0.2827591300010681,0.5875346660614014,0.9215686321258545,0.6666666865348816
19,2,280,0.28077083826065063,0.5873668789863586,0.28077083826065063,0.5873668789863586,0.9215686321258545,0.6666666865348816
19,2,281,0.2787806987762451,0.5869461297988892,0.2787806987762451,0.5869461297988892,0.9215686321258545,0.6666666865348816
19,2,282,0.27679643034935,0.5864589214324951,0.27679643034935,0.5864589214324951,0.9215686321258545,0.6666666865348816
19,2,283,0.27483201026916504,0.5863096714019775,0.27483201026916504,0.5863096714019775,0.9411764740943909,0.6666666865348816
19,2,284,0.2728399634361267,0.5862109661102295,0.2728399634361267,0.5862109661102295,0.9607843160629272,0.6666666865348816
19,2,285,0.27088549733161926,0.5860193371772766,0.27088549733161926,0.5860193371772766,0.9607843160629272,0.6666666865348816
19,2,286,0.26893800497055054,0.5857598185539246,0.26893800497055054,0.5857598185539246,0.9607843160629272,0.6666666865348816
19,2,287,0.26697733998298645,0.5854107737541199,0.26697733998298645,0.5854107737541199,0.9607843160629272,0.6666666865348816
19,2,288,0.265034556388855,0.5853015184402466,0.265034556388855,0.5853015184402466,0.9607843160629272,0.6666666865348816
19,2,289,0.263109415769577,0.5851643085479736,0.263109415769577,0.5851643085479736,0.9607843160629272,0.6666666865348816
19,2,290,0.2611997127532959,0.584727942943573,0.2611997127532959,0.584727942943573,0.9607843160629272,0.6666666865348816
19,2,291,0.2593003213405609,0.5843184590339661,0.2593003213405609,0.5843184590339661,0.9607843160629272,0.6666666865348816
19,2,292,0.25737836956977844,0.5838648676872253,0.25737836956977844,0.5838648676872253,0.9607843160629272,0.6666666865348816
19,2,293,0.2554611563682556,0.5833966732025146,0.2554611563682556,0.5833966732025146,0.9607843160629272,0.6666666865348816
19,2,294,0.25356972217559814,0.5829929113388062,0.25356972217559814,0.5829929113388062,0.9607843160629272,0.6666666865348816
19,2,295,0.25165191292762756,0.5826184749603271,0.25165191292762756,0.5826184749603271,0.9803921580314636,0.6666666865348816
19,2,296,0.24971824884414673,0.582200288772583,0.24971824884414673,0.582200288772583,0.9803921580314636,0.6666666865348816
19,2,297,0.24781309068202972,0.5819300413131714,0.24781309068202972,0.5819300413131714,0.9803921580314636,0.6666666865348816
19,2,298,0.24593380093574524,0.5815922617912292,0.24593380093574524,0.5815922617912292,0.9803921580314636,0.6666666865348816
19,2,299,0.24403658509254456,0.5811843872070312,0.24403658509254456,0.5811843872070312,0.9803921580314636,0.6666666865348816
19,2,300,0.24216881394386292,0.5808566808700562,0.24216881394386292,0.5808566808700562,0.9803921580314636,0.6666666865348816
20,2,1,0.696824312210083,0.7024608254432678,0.696824312210083,0.7024608254432678,0.47058823704719543,0.4444444477558136
20,2,2,0.6949554681777954,0.7019109725952148,0.6949554681777954,0.7019109725952148,0.47058823704719543,0.4444444477558136
20,2,3,0.693256676197052,0.7013244032859802,0.693256676197052,0.7013244032859802,0.45098039507865906,0.4444444477558136
20,2,4,0.691585898399353,0.7006860375404358,0.691585898399353,0.7006860375404358,0.4313725531101227,0.3333333432674408
20,2,5,0.6899281740188599,0.7000873684883118,0.6899281740188599,0.7000873684883118,0.47058823704719543,0.3333333432674408
20,2,6,0.6882673501968384,0.6994894742965698,0.6882673501968384,0.6994894742965698,0.47058823704719543,0.3333333432674408
20,2,7,0.6866065263748169,0.698937177658081,0.6866065263748169,0.698937177658081,0.5098039507865906,0.3333333432674408
20,2,8,0.6849681735038757,0.6983580589294434,0.6849681735038757,0.6983580589294434,0.5882353186607361,0.3333333432674408
20,2,9,0.6834311485290527,0.6979075074195862,0.6834311485290527,0.6979075074195862,0.5882353186607361,0.3333333432674408
20,2,10,0.6819841265678406,0.6976533532142639,0.6819841861724854,0.6976533532142639,0.6274510025978088,0.3333333432674408
20,2,11,0.6805983185768127,0.6975287199020386,0.6805983185768127,0.6975287199020386,0.6274510025978088,0.3333333432674408
20,2,12,0.6792095303535461,0.6974345445632935,0.6792095303535461,0.6974345445632935,0.6274510025978088,0.3333333432674408
20,2,13,0.6778094172477722,0.6973590850830078,0.6778094172477722,0.6973590850830078,0.6470588445663452,0.3333333432674408
20,2,14,0.6764317154884338,0.6972916126251221,0.6764317154884338,0.6972916126251221,0.7058823704719543,0.2222222238779068
20,2,15,0.6750725507736206,0.6972516775131226,0.6750725507736206,0.6972516775131226,0.6666666865348816,0.2222222238779068
20,2,16,0.6737379431724548,0.6971390247344971,0.6737379431724548,0.6971390247344971,0.7058823704719543,0.3333333432674408
20,2,17,0.6724163889884949,0.697006344795227,0.6724163889884949,0.697006344795227,0.7058823704719543,0.3333333432674408
20,2,18,0.6711042523384094,0.6968536376953125,0.6711042523384094,0.6968536376953125,0.7254902124404907,0.4444444477558136
20,2,19,0.6697952151298523,0.6966965198516846,0.6697952151298523,0.6966965198516846,0.7254902124404907,0.5555555820465088
20,2,20,0.6684834957122803,0.6965451240539551,0.6684834957122803,0.6965451240539551,0.7254902124404907,0.5555555820465088
20,2,21,0.6671615839004517,0.6963656544685364,0.6671615839004517,0.6963656544685364,0.7254902124404907,0.5555555820465088
20,2,22,0.665813148021698,0.6961545944213867,0.665813148021698,0.6961545944213867,0.7450980544090271,0.5555555820465088
20,2,23,0.6644704341888428,0.6959007978439331,0.6644704341888428,0.6959007978439331,0.7450980544090271,0.4444444477558136
20,2,24,0.6631433963775635,0.6956344842910767,0.6631433963775635,0.6956344842910767,0.7254902124404907,0.4444444477558136
20,2,25,0.6618049740791321,0.695361852645874,0.6618049740791321,0.695361852645874,0.7254902124404907,0.4444444477558136
20,2,26,0.6604432463645935,0.6950784921646118,0.6604432463645935,0.6950784921646118,0.7058823704719543,0.4444444477558136
20,2,27,0.6590770483016968,0.6947977542877197,0.6590770483016968,0.6947977542877197,0.7058823704719543,0.4444444477558136
20,2,28,0.6577080488204956,0.694520890712738,0.6577080488204956,0.694520890712738,0.7058823704719543,0.5555555820465088
20,2,29,0.6563174724578857,0.6942430138587952,0.6563175320625305,0.6942430138587952,0.7058823704719543,0.5555555820465088
20,2,30,0.6549124717712402,0.6939471960067749,0.6549124717712402,0.6939471960067749,0.7058823704719543,0.5555555820465088
20,2,31,0.653486967086792,0.693636417388916,0.653486967086792,0.693636417388916,0.7058823704719543,0.5555555820465088
20,2,32,0.6520254015922546,0.693329930305481,0.6520254015922546,0.693329930305481,0.7058823704719543,0.5555555820465088
20,2,33,0.6505494117736816,0.6930426955223083,0.6505494117736816,0.6930426955223083,0.7058823704719543,0.5555555820465088
20,2,34,0.6490631699562073,0.692716121673584,0.6490631699562073,0.692716121673584,0.7058823704719543,0.5555555820465088
20,2,35,0.6475903391838074,0.6924146413803101,0.6475903391838074,0.6924146413803101,0.7058823704719543,0.5555555820465088
20,2,36,0.6461002826690674,0.6921469569206238,0.6461002826690674,0.6921469569206238,0.7058823704719543,0.5555555820465088
20,2,37,0.6446042656898499,0.6918749809265137,0.6446042656898499,0.6918749809265137,0.7254902124404907,0.5555555820465088
20,2,38,0.6431257128715515,0.6915934085845947,0.6431257128715515,0.6915934085845947,0.7254902124404907,0.5555555820465088
20,2,39,0.6416329741477966,0.6913390159606934,0.6416329741477966,0.6913390159606934,0.7254902124404907,0.5555555820465088
20,2,40,0.640139102935791,0.691050112247467,0.640139102935791,0.691050112247467,0.7058823704719543,0.5555555820465088
20,2,41,0.6386479139328003,0.6907128691673279,0.6386479139328003,0.6907128691673279,0.7058823704719543,0.5555555820465088
20,2,42,0.6371825933456421,0.6903199553489685,0.6371825933456421,0.6903199553489685,0.7058823704719543,0.5555555820465088
20,2,43,0.6357166767120361,0.6899479031562805,0.6357166767120361,0.6899479031562805,0.7254902124404907,0.5555555820465088
20,2,44,0.6342236399650574,0.6895382404327393,0.6342236399650574,0.6895382404327393,0.7254902124404907,0.5555555820465088
20,2,45,0.632719099521637,0.6891135573387146,0.632719099521637,0.6891135573387146,0.7254902124404907,0.5555555820465088
20,2,46,0.6312149167060852,0.6886860132217407,0.6312149167060852,0.6886860132217407,0.7254902124404907,0.5555555820465088
20,2,47,0.6297125816345215,0.6882359385490417,0.6297125816345215,0.6882359385490417,0.7254902124404907,0.5555555820465088
20,2,48,0.6282027959823608,0.6878259181976318,0.6282027959823608,0.6878259181976318,0.7058823704719543,0.5555555820465088
20,2,49,0.6266849040985107,0.6874417662620544,0.6266849040985107,0.6874417662620544,0.7058823704719543,0.5555555820465088
20,2,50,0.6251619458198547,0.6870715618133545,0.6251619458198547,0.6870715618133545,0.7058823704719543,0.5555555820465088
20,2,51,0.6236421465873718,0.686718225479126,0.6236421465873718,0.686718225479126,0.7058823704719543,0.5555555820465088
20,2,52,0.6221022605895996,0.686354398727417,0.6221022605895996,0.686354398727417,0.7058823704719543,0.5555555820465088
20,2,53,0.6205584406852722,0.6859734058380127,0.6205584406852722,0.6859734058380127,0.7058823704719543,0.5555555820465088
20,2,54,0.6190296411514282,0.685596227645874,0.6190296411514282,0.685596227645874,0.7058823704719543,0.5555555820465088
20,2,55,0.6174961924552917,0.6852152943611145,0.6174961924552917,0.6852152943611145,0.7058823704719543,0.5555555820465088
20,2,56,0.615953266620636,0.684870183467865,0.615953266620636,0.684870183467865,0.7058823704719543,0.5555555820465088
20,2,57,0.6143938899040222,0.6845450401306152,0.6143938899040222,0.6845450401306152,0.7058823704719543,0.5555555820465088
20,2,58,0.6128300428390503,0.6842459440231323,0.6128300428390503,0.6842459440231323,0.7058823704719543,0.5555555820465088
20,2,59,0.6112685203552246,0.6839253902435303,0.6112685203552246,0.6839253902435303,0.7254902124404907,0.5555555820465088
20,2,60,0.6096928715705872,0.6835801601409912,0.6096928715705872,0.6835801601409912,0.7254902124404907,0.5555555820465088
20,2,61,0.6080977320671082,0.6831891536712646,0.6080977320671082,0.6831891536712646,0.7450980544090271,0.5555555820465088
20,2,62,0.606513500213623,0.6828157901763916,0.606513500213623,0.6828157901763916,0.7450980544090271,0.5555555820465088
20,2,63,0.6049081683158875,0.6824201941490173,0.6049081683158875,0.6824201941490173,0.7450980544090271,0.6666666865348816
20,2,64,0.603279173374176,0.681985080242157,0.603279173374176,0.681985080242157,0.7450980544090271,0.6666666865348816
20,2,65,0.6016523838043213,0.6815059781074524,0.6016523838043213,0.6815059781074524,0.7647058963775635,0.6666666865348816
20,2,66,0.6000242233276367,0.6809964776039124,0.6000242233276367,0.6809964776039124,0.7647058963775635,0.6666666865348816
20,2,67,0.5983694195747375,0.6804985404014587,0.5983694195747375,0.6804985404014587,0.7647058963775635,0.6666666865348816
20,2,68,0.5966776609420776,0.6800081729888916,0.5966776609420776,0.6800081729888916,0.7647058963775635,0.6666666865348816
20,2,69,0.5949625968933105,0.6795531511306763,0.5949625968933105,0.6795531511306763,0.7647058963775635,0.6666666865348816
20,2,70,0.5932468771934509,0.679130494594574,0.5932468771934509,0.679130494594574,0.7647058963775635,0.6666666865348816
20,2,71,0.5915318131446838,0.6787222623825073,0.5915318131446838,0.6787222623825073,0.7647058963775635,0.6666666865348816
20,2,72,0.589805543422699,0.6783497333526611,0.589805543422699,0.6783497333526611,0.7647058963775635,0.6666666865348816
20,2,73,0.5880617499351501,0.6779863238334656,0.5880617499351501,0.6779863238334656,0.7647058963775635,0.6666666865348816
20,2,74,0.586315393447876,0.6775799989700317,0.586315393447876,0.6775799989700317,0.7647058963775635,0.6666666865348816
20,2,75,0.5845678448677063,0.6770877838134766,0.5845678448677063,0.6770877838134766,0.7647058963775635,0.6666666865348816
20,2,76,0.5828067660331726,0.6764861345291138,0.5828067660331726,0.6764861345291138,0.7647058963775635,0.6666666865348816
20,2,77,0.5810315012931824,0.675873875617981,0.5810315012931824,0.675873875617981,0.7647058963775635,0.6666666865348816
20,2,78,0.5792282819747925,0.675286054611206,0.5792282819747925,0.675286054611206,0.7647058963775635,0.6666666865348816
20,2,79,0.5774016380310059,0.6747455596923828,0.5774015784263611,0.6747455596923828,0.7647058963775635,0.6666666865348816
20,2,80,0.5755776166915894,0.674250602722168,0.5755776166915894,0.674250602722168,0.7647058963775635,0.6666666865348816
20,2,81,0.5737588405609131,0.6737306118011475,0.5737588405609131,0.6737306118011475,0.7647058963775635,0.6666666865348816
20,2,82,0.5719313025474548,0.673202633857727,0.5719313025474548,0.673202633857727,0.7647058963775635,0.6666666865348816
20,2,83,0.5700722932815552,0.6726651787757874,0.5700722932815552,0.6726651787757874,0.7647058963775635,0.6666666865348816
20,2,84,0.568199872970581,0.6721742153167725,0.568199872970581,0.6721742153167725,0.7647058963775635,0.6666666865348816
20,2,85,0.5663224458694458,0.6717003583908081,0.5663224458694458,0.6717003583908081,0.7647058963775635,0.6666666865348816
20,2,86,0.56443190574646,0.6711949110031128,0.56443190574646,0.6711949110031128,0.7647058963775635,0.6666666865348816
20,2,87,0.5625149607658386,0.6706562042236328,0.5625149607658386,0.6706562042236328,0.7647058963775635,0.6666666865348816
20,2,88,0.560564398765564,0.6700351238250732,0.560564398765564,0.6700351238250732,0.7647058963775635,0.6666666865348816
20,2,89,0.5585813522338867,0.6693822145462036,0.5585813522338867,0.6693822145462036,0.7647058963775635,0.6666666865348816
20,2,90,0.5565873980522156,0.6687192916870117,0.5565873980522156,0.6687192916870117,0.7647058963775635,0.6666666865348816
20,2,91,0.5545948147773743,0.6680956482887268,0.5545948147773743,0.6680956482887268,0.7843137383460999,0.6666666865348816
20,2,92,0.5525935888290405,0.6674298048019409,0.5525935888290405,0.6674298048019409,0.7843137383460999,0.6666666865348816
20,2,93,0.5505961179733276,0.666815996170044,0.5505961179733276,0.666815996170044,0.7843137383460999,0.6666666865348816
20,2,94,0.5485846996307373,0.6662353277206421,0.5485846996307373,0.6662353277206421,0.7843137383460999,0.5555555820465088
20,2,95,0.5465633273124695,0.6656829118728638,0.5465633273124695,0.6656829118728638,0.7843137383460999,0.5555555820465088
20,2,96,0.544529914855957,0.6651491522789001,0.544529914855957,0.6651491522789001,0.7843137383460999,0.5555555820465088
20,2,97,0.5425034165382385,0.6646435856819153,0.5425034165382385,0.6646435856819153,0.7843137383460999,0.5555555820465088
20,2,98,0.5404881238937378,0.6641750931739807,0.5404881238937378,0.6641750931739807,0.7843137383460999,0.6666666865348816
20,2,99,0.5384682416915894,0.6637609601020813,0.5384682416915894,0.6637609601020813,0.7843137383460999,0.6666666865348816
20,2,100,0.5364441871643066,0.6634106636047363,0.5364441871643066,0.6634106636047363,0.7843137383460999,0.6666666865348816
20,2,101,0.5344396829605103,0.6631386280059814,0.5344396829605103,0.6631386280059814,0.7843137383460999,0.6666666865348816
20,2,102,0.5324496626853943,0.6628807783126831,0.5324496626853943,0.6628807783126831,0.7843137383460999,0.6666666865348816
20,2,103,0.5304677486419678,0.6626508831977844,0.5304677486419678,0.6626508831977844,0.7843137383460999,0.6666666865348816
20,2,104,0.5284892320632935,0.6625774502754211,0.5284892320632935,0.6625774502754211,0.7843137383460999,0.6666666865348816
20,2,105,0.5265287160873413,0.662569522857666,0.5265287160873413,0.662569522857666,0.7843137383460999,0.6666666865348816
20,2,106,0.5245807766914368,0.6626079082489014,0.5245807766914368,0.6626079082489014,0.7843137383460999,0.6666666865348816
20,2,107,0.5226194858551025,0.6626455187797546,0.5226194858551025,0.6626455187797546,0.7843137383460999,0.6666666865348816
20,2,108,0.5206565260887146,0.662696123123169,0.5206565260887146,0.662696123123169,0.7843137383460999,0.6666666865348816
20,2,109,0.5186893939971924,0.6627720594406128,0.5186893939971924,0.6627720594406128,0.7843137383460999,0.6666666865348816
20,2,110,0.5167295932769775,0.6628136038780212,0.5167295932769775,0.6628136038780212,0.7843137383460999,0.6666666865348816
20,2,111,0.5147556662559509,0.6628795862197876,0.5147556662559509,0.6628795862197876,0.7843137383460999,0.6666666865348816
20,2,112,0.5127419829368591,0.6629628539085388,0.5127419829368591,0.6629628539085388,0.7843137383460999,0.6666666865348816
20,2,113,0.5107057690620422,0.6630743741989136,0.5107057690620422,0.6630743741989136,0.7843137383460999,0.6666666865348816
20,2,114,0.5086610913276672,0.6632101535797119,0.5086610913276672,0.6632101535797119,0.7843137383460999,0.6666666865348816
20,2,115,0.5066072344779968,0.6633769869804382,0.5066072344779968,0.6633769869804382,0.7843137383460999,0.6666666865348816
20,2,116,0.5045382380485535,0.6635494828224182,0.5045382380485535,0.6635494828224182,0.7843137383460999,0.6666666865348816
20,2,117,0.5024707317352295,0.6637885570526123,0.5024707317352295,0.6637885570526123,0.7843137383460999,0.6666666865348816
20,2,118,0.5004462599754333,0.6640180945396423,0.5004462599754333,0.6640180945396423,0.7843137383460999,0.6666666865348816
20,2,119,0.49844127893447876,0.6642178297042847,0.49844127893447876,0.6642178297042847,0.7843137383460999,0.6666666865348816
20,2,120,0.49641385674476624,0.6643906235694885,0.49641385674476624,0.6643906235694885,0.7843137383460999,0.6666666865348816
20,2,121,0.49440255761146545,0.6645695567131042,0.49440255761146545,0.6645695567131042,0.7843137383460999,0.6666666865348816
20,2,122,0.4923911988735199,0.6648118495941162,0.4923911988735199,0.6648118495941162,0.7843137383460999,0.6666666865348816
20,2,123,0.4903610050678253,0.6651297807693481,0.4903610050678253,0.6651297807693481,0.7843137383460999,0.6666666865348816
20,2,124,0.4883210361003876,0.6654954552650452,0.4883210361003876,0.6654954552650452,0.7843137383460999,0.6666666865348816
20,2,125,0.48625969886779785,0.6658675670623779,0.48625969886779785,0.6658675670623779,0.7843137383460999,0.6666666865348816
20,2,126,0.4842033386230469,0.6662026047706604,0.4842033386230469,0.6662026047706604,0.7843137383460999,0.6666666865348816
20,2,127,0.4821649193763733,0.6664752960205078,0.4821649193763733,0.6664752960205078,0.7843137383460999,0.6666666865348816
20,2,128,0.4801159203052521,0.666740894317627,0.4801159203052521,0.666740894317627,0.7843137383460999,0.6666666865348816
20,2,129,0.47807610034942627,0.6671273112297058,0.47807615995407104,0.6671273112297058,0.7843137383460999,0.6666666865348816
21,3,1,0.6884196400642395,0.7052149176597595,0.6884196400642395,0.7052149176597595,0.5600000023841858,0.5555555820465088
21,3,2,0.6861686110496521,0.7043628692626953,0.6861686110496521,0.7043628692626953,0.5600000023841858,0.5555555820465088
21,3,3,0.6843785047531128,0.7034559845924377,0.6843785047531128,0.7034559845924377,0.5600000023841858,0.5555555820465088
21,3,4,0.68263840675354,0.7025177478790283,0.68263840675354,0.7025177478790283,0.5600000023841858,0.5555555820465088
21,3,5,0.6809428334236145,0.7014885544776917,0.6809428334236145,0.7014885544776917,0.5799999833106995,0.5555555820465088
21,3,6,0.6792656779289246,0.700432538986206,0.6792656779289246,0.700432538986206,0.5799999833106995,0.5555555820465088
21,3,7,0.6776124835014343,0.6994725465774536,0.6776124835014343,0.6994725465774536,0.6000000238418579,0.4444444477558136
21,3,8,0.6760025024414062,0.6985713243484497,0.6760025024414062,0.6985713243484497,0.5799999833106995,0.5555555820465088
21,3,9,0.6744241118431091,0.6976916790008545,0.6744241118431091,0.6976916790008545,0.6000000238418579,0.4444444477558136
21,3,10,0.6729040741920471,0.6968551278114319,0.6729040741920471,0.6968551278114319,0.6000000238418579,0.4444444477558136
21,3,11,0.6714289784431458,0.6961771845817566,0.6714289784431458,0.6961771845817566,0.6000000238418579,0.4444444477558136
21,3,12,0.6699684858322144,0.6955472230911255,0.6699684858322144,0.6955472230911255,0.6000000238418579,0.4444444477558136
21,3,13,0.6685012578964233,0.6948720216751099,0.6685012578964233,0.6948720216751099,0.5799999833106995,0.4444444477558136
21,3,14,0.6670263409614563,0.6941320896148682,0.6670263409614563,0.6941320896148682,0.5799999833106995,0.4444444477558136
21,3,15,0.6655523777008057,0.6933874487876892,0.6655523777008057,0.6933874487876892,0.6000000238418579,0.4444444477558136
21,3,16,0.6640684604644775,0.692688524723053,0.6640684604644775,0.692688524723053,0.6000000238418579,0.4444444477558136
21,3,17,0.6625968813896179,0.6920144557952881,0.6625968813896179,0.6920144557952881,0.6000000238418579,0.4444444477558136
21,3,18,0.6611689925193787,0.6913964748382568,0.6611689925193787,0.6913964748382568,0.6000000238418579,0.4444444477558136
21,3,19,0.659758985042572,0.6907237768173218,0.659758985042572,0.6907237768173218,0.6000000238418579,0.4444444477558136
21,3,20,0.6583535671234131,0.6900368332862854,0.6583535671234131,0.6900368332862854,0.6000000238418579,0.4444444477558136
21,3,21,0.6569860577583313,0.6893802285194397,0.6569860577583313,0.6893802285194397,0.6000000238418579,0.4444444477558136
21,3,22,0.65565025806427,0.6887946724891663,0.65565025806427,0.6887946724891663,0.6000000238418579,0.4444444477558136
21,3,23,0.6543450951576233,0.6882677674293518,0.6543450951576233,0.6882677674293518,0.6000000238418579,0.4444444477558136
21,3,24,0.6530573964118958,0.6878564357757568,0.6530573964118958,0.6878564357757568,0.6000000238418579,0.4444444477558136
21,3,25,0.6517519950866699,0.6875383257865906,0.6517519950866699,0.6875383257865906,0.6000000238418579,0.4444444477558136
21,3,26,0.650472104549408,0.6872690916061401,0.650472104549408,0.6872690916061401,0.6000000238418579,0.4444444477558136
21,3,27,0.6491962671279907,0.6870222091674805,0.6491962671279907,0.6870222091674805,0.6000000238418579,0.4444444477558136
21,3,28,0.6479250192642212,0.686806321144104,0.6479250192642212,0.686806321144104,0.6000000238418579,0.5555555820465088
21,3,29,0.646659255027771,0.6866591572761536,0.646659255027771,0.6866591572761536,0.6000000238418579,0.5555555820465088
21,3,30,0.6454046368598938,0.6865456104278564,0.6454046368598938,0.6865456104278564,0.6000000238418579,0.5555555820465088
21,3,31,0.6441580057144165,0.686470627784729,0.6441580057144165,0.686470627784729,0.6000000238418579,0.6666666865348816
21,3,32,0.6429060101509094,0.6864204406738281,0.6429060101509094,0.6864204406738281,0.6000000238418579,0.6666666865348816
21,3,33,0.6416484117507935,0.6864134669303894,0.6416484117507935,0.6864134669303894,0.6200000047683716,0.6666666865348816
21,3,34,0.6403816342353821,0.6864185929298401,0.6403816342353821,0.6864185929298401,0.6200000047683716,0.7777777910232544
21,3,35,0.6391134858131409,0.6864376068115234,0.6391134858131409,0.6864376068115234,0.6200000047683716,0.7777777910232544
21,3,36,0.6378599405288696,0.6864790320396423,0.6378599405288696,0.6864790320396423,0.6200000047683716,0.7777777910232544
21,3,37,0.6366108655929565,0.68657386302948,0.6366108655929565,0.68657386302948,0.6200000047683716,0.7777777910232544
21,3,38,0.6353675127029419,0.6866812109947205,0.6353675127029419,0.6866812109947205,0.6200000047683716,0.7777777910232544
21,3,39,0.6341435313224792,0.6868381500244141,0.6341435313224792,0.6868381500244141,0.6200000047683716,0.7777777910232544
21,3,40,0.6329319477081299,0.6870036721229553,0.6329319477081299,0.6870036721229553,0.6200000047683716,0.7777777910232544
21,3,41,0.6317116618156433,0.6871846318244934,0.6317116618156433,0.6871846318244934,0.6200000047683716,0.7777777910232544
21,3,42,0.6304802894592285,0.6873995065689087,0.6304802894592285,0.6873995065689087,0.6200000047683716,0.7777777910232544
21,3,43,0.6292586326599121,0.6876547336578369,0.6292586326599121,0.6876547336578369,0.6200000047683716,0.7777777910232544
21,3,44,0.62803053855896,0.6879514455795288,0.62803053855896,0.6879514455795288,0.6200000047683716,0.7777777910232544
21,3,45,0.6267973184585571,0.6882620453834534,0.6267973184585571,0.6882620453834534,0.6200000047683716,0.7777777910232544
21,3,46,0.625562310218811,0.6885380744934082,0.625562310218811,0.6885380744934082,0.6200000047683716,0.7777777910232544
21,3,47,0.6243190169334412,0.6888090372085571,0.6243190169334412,0.6888090372085571,0.6200000047683716,0.7777777910232544
21,3,48,0.6230883002281189,0.6890979409217834,0.6230883002281189,0.6890979409217834,0.6200000047683716,0.7777777910232544
21,3,49,0.6218597888946533,0.6894036531448364,0.6218597888946533,0.6894036531448364,0.6200000047683716,0.7777777910232544
21,3,50,0.6206071972846985,0.689659059047699,0.6206071972846985,0.689659059047699,0.6200000047683716,0.7777777910232544
21,3,51,0.6193416714668274,0.6899188160896301,0.6193416714668274,0.6899188160896301,0.6200000047683716,0.7777777910232544
21,3,52,0.6180668473243713,0.6901806592941284,0.6180668473243713,0.6901806592941284,0.6200000047683716,0.7777777910232544
21,3,53,0.6167650818824768,0.6904457211494446,0.6167650818824768,0.6904457211494446,0.6200000047683716,0.7777777910232544
21,3,54,0.6154524087905884,0.6907196044921875,0.6154524087905884,0.6907196044921875,0.6200000047683716,0.7777777910232544
21,3,55,0.614129900932312,0.6909955739974976,0.614129900932312,0.6909955739974976,0.6399999856948853,0.7777777910232544
21,3,56,0.6128076314926147,0.6912539601325989,0.6128076314926147,0.6912539601325989,0.6399999856948853,0.7777777910232544
21,3,57,0.6114816069602966,0.6915042996406555,0.6114816069602966,0.6915042996406555,0.6399999856948853,0.7777777910232544
22,3,1,0.7348264455795288,0.7062989473342896,0.7348264455795288,0.7062989473342896,0.41999998688697815,0.4444444477558136
22,3,2,0.7308875918388367,0.7032536268234253,0.7308875918388367,0.7032536268234253,0.41999998688697815,0.4444444477558136
22,3,3,0.7272415161132812,0.7003254890441895,0.7272415161132812,0.7003254890441895,0.41999998688697815,0.4444444477558136
22,3,4,0.723714292049408,0.6975457668304443,0.723714292049408,0.6975457668304443,0.41999998688697815,0.4444444477558136
22,3,5,0.7203148603439331,0.6948752999305725,0.7203148603439331,0.6948752999305725,0.41999998688697815,0.4444444477558136
22,3,6,0.7171288132667542,0.6924328207969666,0.7171288132667542,0.6924328207969666,0.41999998688697815,0.4444444477558136
22,3,7,0.7140859961509705,0.6901148557662964,0.7140859961509705,0.6901148557662964,0.41999998688697815,0.4444444477558136
22,3,8,0.7111900448799133,0.6879352927207947,0.7111900448799133,0.6879352927207947,0.41999998688697815,0.4444444477558136
22,3,9,0.7084187269210815,0.6859285235404968,0.7084187269210815,0.6859285235404968,0.41999998688697815,0.4444444477558136
22,3,10,0.7057457566261292,0.6839895248413086,0.7057457566261292,0.6839895248413086,0.41999998688697815,0.4444444477558136
22,3,11,0.7031947374343872,0.6820756196975708,0.7031947374343872,0.6820756196975708,0.41999998688697815,0.4444444477558136
22,3,12,0.7007589936256409,0.680237352848053,0.7007589936256409,0.680237352848053,0.41999998688697815,0.4444444477558136
22,3,13,0.698381245136261,0.6785303950309753,0.698381245136261,0.6785303950309753,0.4399999976158142,0.5555555820465088
22,3,14,0.696030855178833,0.676954984664917,0.696030855178833,0.676954984664917,0.4399999976158142,0.5555555820465088
22,3,15,0.6937568783760071,0.6754650473594666,0.6937568783760071,0.6754650473594666,0.4399999976158142,0.5555555820465088
22,3,16,0.6915409564971924,0.6740062236785889,0.6915409564971924,0.6740062236785889,0.5199999809265137,0.5555555820465088
22,3,17,0.689328134059906,0.6726830005645752,0.689328134059906,0.6726830005645752,0.5600000023841858,0.5555555820465088
22,3,18,0.6871733069419861,0.6715067028999329,0.6871733069419861,0.6715067028999329,0.6000000238418579,0.5555555820465088
22,3,19,0.685010552406311,0.6704780459403992,0.685010552406311,0.6704780459403992,0.6000000238418579,0.6666666865348816
22,3,20,0.6828756928443909,0.6694071292877197,0.6828756928443909,0.6694071292877197,0.6200000047683716,0.6666666865348816
22,3,21,0.6808024644851685,0.6682804822921753,0.6808024644851685,0.6682804822921753,0.6200000047683716,0.5555555820465088
22,3,22,0.6787684559822083,0.6671536564826965,0.6787684559822083,0.6671536564826965,0.6200000047683716,0.6666666865348816
22,3,23,0.6767651438713074,0.6661310195922852,0.6767651438713074,0.6661310195922852,0.6200000047683716,0.6666666865348816
22,3,24,0.6748064160346985,0.6652225255966187,0.6748064160346985,0.6652225255966187,0.6399999856948853,0.6666666865348816
22,3,25,0.6728378534317017,0.6643292903900146,0.6728378534317017,0.6643292903900146,0.6600000262260437,0.6666666865348816
22,3,26,0.6708583831787109,0.6634671688079834,0.6708583831787109,0.6634671688079834,0.6399999856948853,0.6666666865348816
22,3,27,0.6688857078552246,0.6626737713813782,0.6688857078552246,0.6626737713813782,0.6800000071525574,0.5555555820465088
22,3,28,0.6669322848320007,0.6619768738746643,0.6669322848320007,0.6619768738746643,0.699999988079071,0.5555555820465088
22,3,29,0.6649810075759888,0.6613368391990662,0.6649810075759888,0.6613368391990662,0.7400000095367432,0.5555555820465088
22,3,30,0.6630363464355469,0.6607991456985474,0.6630363464355469,0.6607991456985474,0.7400000095367432,0.5555555820465088
22,3,31,0.6610974073410034,0.6602389216423035,0.6610974073410034,0.6602389216423035,0.7400000095367432,0.5555555820465088
22,3,32,0.6591878533363342,0.6597027778625488,0.6591878533363342,0.6597027778625488,0.699999988079071,0.5555555820465088
22,3,33,0.6573207378387451,0.6591439843177795,0.6573207378387451,0.6591439843177795,0.6800000071525574,0.5555555820465088
22,3,34,0.6554660797119141,0.6586348414421082,0.6554660797119141,0.6586348414421082,0.699999988079071,0.5555555820465088
22,3,35,0.6536304354667664,0.6582047343254089,0.6536304354667664,0.6582047343254089,0.699999988079071,0.5555555820465088
22,3,36,0.6518003940582275,0.6578252911567688,0.6518003940582275,0.6578252911567688,0.699999988079071,0.5555555820465088
22,3,37,0.6500047445297241,0.6574585437774658,0.6500047445297241,0.6574585437774658,0.699999988079071,0.5555555820465088
22,3,38,0.6482052803039551,0.6570947170257568,0.6482052803039551,0.6570947170257568,0.699999988079071,0.5555555820465088
22,3,39,0.6464372277259827,0.6567516326904297,0.6464372277259827,0.6567516326904297,0.7200000286102295,0.5555555820465088
22,3,40,0.6446927785873413,0.6564891338348389,0.6446927785873413,0.6564891338348389,0.7200000286102295,0.5555555820465088
22,3,41,0.6429598927497864,0.6562551856040955,0.6429598927497864,0.6562551856040955,0.7200000286102295,0.5555555820465088
22,3,42,0.6412237286567688,0.656044065952301,0.6412237286567688,0.656044065952301,0.7200000286102295,0.5555555820465088
22,3,43,0.6395007371902466,0.6557905673980713,0.6395007371902466,0.6557905673980713,0.7200000286102295,0.5555555820465088
22,3,44,0.6377829909324646,0.655569851398468,0.6377829909324646,0.655569851398468,0.7200000286102295,0.5555555820465088
22,3,45,0.63605135679245,0.6553826928138733,0.63605135679245,0.6553826928138733,0.7200000286102295,0.5555555820465088
22,3,46,0.6343016028404236,0.6551948189735413,0.6343016028404236,0.6551948189735413,0.7200000286102295,0.5555555820465088
22,3,47,0.6325274705886841,0.6550257205963135,0.6325274705886841,0.6550257205963135,0.7200000286102295,0.5555555820465088
22,3,48,0.6307392716407776,0.6548624038696289,0.6307392716407776,0.6548624038696289,0.7200000286102295,0.5555555820465088
22,3,49,0.6289322972297668,0.6547195315361023,0.6289322972297668,0.6547195315361023,0.7200000286102295,0.5555555820465088
22,3,50,0.6271207332611084,0.6545652747154236,0.6271207332611084,0.6545652747154236,0.7200000286102295,0.5555555820465088
22,3,51,0.6253109574317932,0.6543850302696228,0.6253109574317932,0.6543850302696228,0.7200000286102295,0.5555555820465088
22,3,52,0.6234910488128662,0.6542031168937683,0.6234910488128662,0.6542031168937683,0.7200000286102295,0.5555555820465088
22,3,53,0.6216514110565186,0.6540306806564331,0.6216514110565186,0.6540306806564331,0.7200000286102295,0.5555555820465088
22,3,54,0.6197969317436218,0.65389084815979,0.6197969317436218,0.65389084815979,0.7200000286102295,0.5555555820465088
22,3,55,0.6178945302963257,0.6537783741950989,0.6178945302963257,0.6537783741950989,0.7400000095367432,0.5555555820465088
22,3,56,0.6159687042236328,0.6536843180656433,0.6159687042236328,0.6536843180656433,0.7599999904632568,0.5555555820465088
22,3,57,0.6140174269676208,0.6536028981208801,0.6140174269676208,0.6536028981208801,0.7599999904632568,0.5555555820465088
22,3,58,0.6120331287384033,0.6535478830337524,0.6120331287384033,0.6535478830337524,0.7599999904632568,0.5555555820465088
22,3,59,0.6100213527679443,0.6535730957984924,0.6100213527679443,0.6535730957984924,0.7599999904632568,0.5555555820465088
22,3,60,0.6079998016357422,0.6535919904708862,0.6079998016357422,0.6535919904708862,0.7599999904632568,0.5555555820465088
22,3,61,0.60594642162323,0.6536506414413452,0.60594642162323,0.6536506414413452,0.7799999713897705,0.5555555820465088
22,3,62,0.6038990020751953,0.6537473201751709,0.6038990020751953,0.6537473201751709,0.7599999904632568,0.5555555820465088
22,3,63,0.6018399596214294,0.6538785099983215,0.6018399596214294,0.6538785099983215,0.7799999713897705,0.5555555820465088
22,3,64,0.5997694134712219,0.6540224552154541,0.5997694134712219,0.6540224552154541,0.7799999713897705,0.5555555820465088
22,3,65,0.5976649522781372,0.6541519165039062,0.5976649522781372,0.6541519165039062,0.7799999713897705,0.5555555820465088
22,3,66,0.5955334305763245,0.654281735420227,0.5955334305763245,0.654281735420227,0.7799999713897705,0.5555555820465088
22,3,67,0.5933878421783447,0.6544132232666016,0.5933878421783447,0.6544132232666016,0.7799999713897705,0.5555555820465088
22,3,68,0.591200053691864,0.6545518040657043,0.591200053691864,0.6545518040657043,0.7799999713897705,0.5555555820465088
22,3,69,0.5889818072319031,0.6546475887298584,0.5889818072319031,0.6546475887298584,0.7799999713897705,0.5555555820465088
22,3,70,0.5867475867271423,0.6547073721885681,0.5867475867271423,0.6547073721885681,0.7799999713897705,0.5555555820465088
22,3,71,0.5844924449920654,0.6548521518707275,0.5844924449920654,0.6548521518707275,0.7799999713897705,0.5555555820465088
22,3,72,0.5821966528892517,0.6550374627113342,0.5821966528892517,0.6550374627113342,0.7799999713897705,0.5555555820465088
22,3,73,0.5798776745796204,0.655189573764801,0.5798776745796204,0.655189573764801,0.800000011920929,0.5555555820465088
22,3,74,0.5775535106658936,0.6553013324737549,0.5775535106658936,0.6553013324737549,0.800000011920929,0.5555555820465088
22,3,75,0.5751998424530029,0.6554333567619324,0.5751998424530029,0.6554333567619324,0.800000011920929,0.5555555820465088
22,3,76,0.5728315114974976,0.655543863773346,0.5728315114974976,0.655543863773346,0.800000011920929,0.5555555820465088
22,3,77,0.5704529881477356,0.6556949615478516,0.5704529881477356,0.6556949615478516,0.800000011920929,0.5555555820465088
22,3,78,0.5680341720581055,0.6558777093887329,0.5680341124534607,0.6558777093887329,0.7799999713897705,0.5555555820465088
22,3,79,0.5656444430351257,0.6561580896377563,0.5656444430351257,0.6561580896377563,0.7799999713897705,0.5555555820465088
22,3,80,0.5632630586624146,0.6564986705780029,0.5632630586624146,0.6564986705780029,0.7799999713897705,0.5555555820465088
22,3,81,0.5608603954315186,0.6568158864974976,0.5608603954315186,0.6568158864974976,0.7799999713897705,0.5555555820465088
22,3,82,0.5584540367126465,0.6572863459587097,0.5584540367126465,0.6572863459587097,0.7799999713897705,0.5555555820465088
22,3,83,0.5560328960418701,0.6579031944274902,0.5560328960418701,0.6579031944274902,0.7799999713897705,0.5555555820465088
23,3,1,0.69132399559021,0.6806437373161316,0.69132399559021,0.6806437373161316,0.5600000023841858,0.5555555820465088
23,3,2,0.6898703575134277,0.6805004477500916,0.6898703575134277,0.6805004477500916,0.5600000023841858,0.5555555820465088
23,3,3,0.6889030933380127,0.680402398109436,0.6889030933380127,0.680402398109436,0.5600000023841858,0.5555555820465088
23,3,4,0.6879827976226807,0.6803475022315979,0.6879827976226807,0.6803475022315979,0.5600000023841858,0.5555555820465088
23,3,5,0.6870886087417603,0.6802864670753479,0.6870886087417603,0.6802864670753479,0.5600000023841858,0.5555555820465088
23,3,6,0.6862459778785706,0.6802141070365906,0.6862459778785706,0.6802141070365906,0.5600000023841858,0.5555555820465088
23,3,7,0.6854363083839417,0.6801830530166626,0.6854363083839417,0.6801830530166626,0.5799999833106995,0.5555555820465088
23,3,8,0.6846371293067932,0.6801833510398865,0.6846371293067932,0.6801833510398865,0.5799999833106995,0.5555555820465088
23,3,9,0.6838498711585999,0.6801608800888062,0.6838498711585999,0.6801608800888062,0.5799999833106995,0.5555555820465088
23,3,10,0.6830718517303467,0.6801338195800781,0.6830718517303467,0.6801338195800781,0.5799999833106995,0.5555555820465088
23,3,11,0.682313859462738,0.6801282167434692,0.682313859462738,0.6801282167434692,0.5799999833106995,0.5555555820465088
23,3,12,0.681580662727356,0.6801291704177856,0.681580662727356,0.6801291704177856,0.5799999833106995,0.5555555820465088
23,3,13,0.6808459758758545,0.6800532341003418,0.6808460354804993,0.6800532341003418,0.5799999833106995,0.5555555820465088
23,3,14,0.6800945997238159,0.6798972487449646,0.6800945997238159,0.6798972487449646,0.5799999833106995,0.5555555820465088
23,3,15,0.6793469786643982,0.6797394752502441,0.6793469786643982,0.6797394752502441,0.5799999833106995,0.5555555820465088
23,3,16,0.6786209344863892,0.6795613765716553,0.6786209344863892,0.6795613765716553,0.5799999833106995,0.5555555820465088
23,3,17,0.6779011487960815,0.6793558597564697,0.6779011487960815,0.6793558597564697,0.5799999833106995,0.5555555820465088
23,3,18,0.6772074103355408,0.679236650466919,0.6772074103355408,0.679236650466919,0.5799999833106995,0.5555555820465088
23,3,19,0.6765069365501404,0.6791561841964722,0.6765069365501404,0.6791561841964722,0.5799999833106995,0.5555555820465088
23,3,20,0.67582106590271,0.6791360378265381,0.67582106590271,0.6791360378265381,0.5799999833106995,0.5555555820465088
23,3,21,0.6751468777656555,0.6791379451751709,0.6751468777656555,0.6791379451751709,0.5799999833106995,0.5555555820465088
23,3,22,0.6744981408119202,0.67913818359375,0.6744981408119202,0.67913818359375,0.5799999833106995,0.5555555820465088
23,3,23,0.6738712787628174,0.6791225671768188,0.6738712787628174,0.6791225671768188,0.5799999833106995,0.5555555820465088
23,3,24,0.673269510269165,0.6791025400161743,0.673269510269165,0.6791025400161743,0.5799999833106995,0.5555555820465088
23,3,25,0.6726681590080261,0.6791051030158997,0.6726681590080261,0.6791051030158997,0.5799999833106995,0.5555555820465088
23,3,26,0.6720747947692871,0.6791014075279236,0.6720747947692871,0.6791014075279236,0.5799999833106995,0.5555555820465088
23,3,27,0.6714991927146912,0.6790792346000671,0.6714991927146912,0.6790792346000671,0.5799999833106995,0.5555555820465088
23,3,28,0.6709234118461609,0.6790487766265869,0.6709234118461609,0.6790487766265869,0.5799999833106995,0.5555555820465088
23,3,29,0.6703539490699768,0.6790750026702881,0.6703539490699768,0.6790750026702881,0.5799999833106995,0.5555555820465088
23,3,30,0.6697842478752136,0.6791582107543945,0.6697842478752136,0.6791582107543945,0.5799999833106995,0.5555555820465088
23,3,31,0.6692027449607849,0.6792777180671692,0.6692027449607849,0.6792777180671692,0.5799999833106995,0.5555555820465088
23,3,32,0.6686180830001831,0.6794365048408508,0.6686180830001831,0.6794365048408508,0.5799999833106995,0.5555555820465088
23,3,33,0.6680423021316528,0.679594099521637,0.6680423021316528,0.679594099521637,0.5799999833106995,0.5555555820465088
23,3,34,0.6674701571464539,0.6797865629196167,0.6674701571464539,0.6797865629196167,0.5799999833106995,0.5555555820465088
23,3,35,0.6669098138809204,0.6799769401550293,0.6669098138809204,0.6799769401550293,0.5799999833106995,0.5555555820465088
23,3,36,0.6663587093353271,0.6801668405532837,0.6663587093353271,0.6801668405532837,0.5799999833106995,0.5555555820465088
23,3,37,0.6658062934875488,0.6803492307662964,0.6658062934875488,0.6803492307662964,0.5799999833106995,0.5555555820465088
23,3,38,0.665244460105896,0.6805192232131958,0.665244460105896,0.6805192232131958,0.5799999833106995,0.5555555820465088
23,3,39,0.6646850109100342,0.6806931495666504,0.6646850109100342,0.6806931495666504,0.5799999833106995,0.5555555820465088
23,3,40,0.664131224155426,0.6808428764343262,0.664131224155426,0.6808428764343262,0.5799999833106995,0.5555555820465088
23,3,41,0.6635845303535461,0.6809759140014648,0.6635845303535461,0.6809759140014648,0.5799999833106995,0.5555555820465088
23,3,42,0.663046658039093,0.6810960173606873,0.663046658039093,0.6810960173606873,0.5799999833106995,0.5555555820465088
23,3,43,0.662505030632019,0.6812191605567932,0.662505030632019,0.6812191605567932,0.5799999833106995,0.5555555820465088
23,3,44,0.6619493365287781,0.6813415288925171,0.6619492173194885,0.6813415288925171,0.5799999833106995,0.5555555820465088
23,3,45,0.6613820791244507,0.6814597249031067,0.6613820791244507,0.6814597249031067,0.5799999833106995,0.5555555820465088
23,3,46,0.6608185768127441,0.6815897822380066,0.6608185768127441,0.6815897822380066,0.5799999833106995,0.5555555820465088
23,3,47,0.6602447032928467,0.6817319393157959,0.6602447032928467,0.6817319393157959,0.5799999833106995,0.5555555820465088
23,3,48,0.6596719622612,0.681873083114624,0.6596719622612,0.681873083114624,0.5799999833106995,0.5555555820465088
23,3,49,0.659107506275177,0.6820006966590881,0.659107506275177,0.6820006966590881,0.5799999833106995,0.5555555820465088
23,3,50,0.6585319638252258,0.6821302771568298,0.6585319638252258,0.6821302771568298,0.5799999833106995,0.5555555820465088
23,3,51,0.6579642295837402,0.6822636127471924,0.6579642295837402,0.6822636127471924,0.5799999833106995,0.5555555820465088
23,3,52,0.6573975086212158,0.6824109554290771,0.6573975086212158,0.6824109554290771,0.5799999833106995,0.5555555820465088
23,3,53,0.6568251252174377,0.6825783848762512,0.6568251252174377,0.6825783848762512,0.5799999833106995,0.5555555820465088
24,3,1,0.686845064163208,0.6949431896209717,0.686845064163208,0.6949431896209717,0.5799999833106995,0.5555555820465088
24,3,2,0.6850752234458923,0.6933597326278687,0.6850752234458923,0.6933597326278687,0.5799999833106995,0.5555555820465088
24,3,3,0.6835586428642273,0.6918275952339172,0.6835586428642273,0.6918275952339172,0.5799999833106995,0.5555555820465088
24,3,4,0.6821447014808655,0.690423309803009,0.6821447014808655,0.690423309803009,0.5799999833106995,0.5555555820465088
24,3,5,0.6807966828346252,0.6890472173690796,0.6807966828346252,0.6890472173690796,0.5799999833106995,0.5555555820465088
24,3,6,0.6794922351837158,0.6877279877662659,0.6794922351837158,0.6877279877662659,0.5799999833106995,0.5555555820465088
24,3,7,0.6782261729240417,0.6865309476852417,0.6782261729240417,0.6865309476852417,0.5799999833106995,0.5555555820465088
24,3,8,0.6769851446151733,0.6853939294815063,0.6769851446151733,0.6853939294815063,0.5799999833106995,0.5555555820465088
24,3,9,0.6757689118385315,0.6843249797821045,0.6757689118385315,0.6843249797821045,0.5799999833106995,0.5555555820465088
24,3,10,0.6745930314064026,0.6833992004394531,0.6745930314064026,0.6833992004394531,0.5799999833106995,0.5555555820465088
24,3,11,0.6734959483146667,0.6825418472290039,0.6734959483146667,0.6825418472290039,0.5799999833106995,0.5555555820465088
24,3,12,0.67242830991745,0.6817137002944946,0.67242830991745,0.6817137002944946,0.5799999833106995,0.5555555820465088
24,3,13,0.6713595390319824,0.6809408664703369,0.6713595390319824,0.6809408664703369,0.5799999833106995,0.5555555820465088
24,3,14,0.6702946424484253,0.6801815032958984,0.6702946424484253,0.6801815032958984,0.5799999833106995,0.5555555820465088
24,3,15,0.669230043888092,0.6795016527175903,0.669230043888092,0.6795016527175903,0.5799999833106995,0.5555555820465088
24,3,16,0.6681939959526062,0.6788401007652283,0.6681939959526062,0.6788401007652283,0.5799999833106995,0.5555555820465088
24,3,17,0.6671931743621826,0.6781902313232422,0.6671931743621826,0.6781902313232422,0.5799999833106995,0.5555555820465088
24,3,18,0.6662011742591858,0.6775916218757629,0.6662011742591858,0.6775916218757629,0.5799999833106995,0.5555555820465088
24,3,19,0.6652243733406067,0.6770093441009521,0.6652243733406067,0.6770093441009521,0.5799999833106995,0.5555555820465088
24,3,20,0.6642723083496094,0.6764494776725769,0.6642723083496094,0.6764494776725769,0.5799999833106995,0.5555555820465088
24,3,21,0.6633422374725342,0.6759430766105652,0.6633422374725342,0.6759430766105652,0.5799999833106995,0.5555555820465088
24,3,22,0.6624444723129272,0.6754906177520752,0.6624444723129272,0.6754906177520752,0.5799999833106995,0.5555555820465088
24,3,23,0.6615455746650696,0.6751072406768799,0.6615455746650696,0.6751072406768799,0.5799999833106995,0.5555555820465088
24,3,24,0.6606597900390625,0.6747215986251831,0.6606597900390625,0.6747215986251831,0.5799999833106995,0.5555555820465088
24,3,25,0.6597749590873718,0.6743404865264893,0.6597749590873718,0.6743404865264893,0.5799999833106995,0.5555555820465088
24,3,26,0.6589111089706421,0.6739780902862549,0.6589111089706421,0.6739780902862549,0.5799999833106995,0.5555555820465088
24,3,27,0.6580608487129211,0.6736030578613281,0.6580608487129211,0.6736030578613281,0.5799999833106995,0.5555555820465088
24,3,28,0.6572142243385315,0.6732236742973328,0.6572142243385315,0.6732236742973328,0.5799999833106995,0.5555555820465088
24,3,29,0.6563658118247986,0.6728276014328003,0.6563658118247986,0.6728276014328003,0.5799999833106995,0.5555555820465088
24,3,30,0.6555221676826477,0.6723743081092834,0.6555221676826477,0.6723743081092834,0.5799999833106995,0.5555555820465088
24,3,31,0.6546745300292969,0.6718025207519531,0.6546745300292969,0.6718025207519531,0.5799999833106995,0.5555555820465088
24,3,32,0.6538063287734985,0.6712135672569275,0.653806209564209,0.6712135672569275,0.5799999833106995,0.5555555820465088
24,3,33,0.652937650680542,0.6707016229629517,0.652937650680542,0.6707016229629517,0.5799999833106995,0.5555555820465088
24,3,34,0.652057945728302,0.6701905727386475,0.652057945728302,0.6701905727386475,0.5799999833106995,0.5555555820465088
24,3,35,0.6511748433113098,0.6696978211402893,0.6511748433113098,0.6696978211402893,0.5799999833106995,0.5555555820465088
24,3,36,0.6502898335456848,0.6692264080047607,0.6502898335456848,0.6692264080047607,0.5799999833106995,0.5555555820465088
24,3,37,0.6494062542915344,0.6687618494033813,0.6494062542915344,0.6687618494033813,0.5799999833106995,0.5555555820465088
24,3,38,0.6485252380371094,0.6682560443878174,0.6485252380371094,0.6682560443878174,0.5799999833106995,0.5555555820465088
24,3,39,0.6476542949676514,0.6677846312522888,0.6476542949676514,0.6677846312522888,0.5799999833106995,0.5555555820465088
24,3,40,0.6467860341072083,0.6673205494880676,0.6467860341072083,0.6673205494880676,0.5799999833106995,0.5555555820465088
24,3,41,0.6459176540374756,0.6668740510940552,0.6459176540374756,0.6668740510940552,0.5799999833106995,0.5555555820465088
24,3,42,0.6450595259666443,0.6664014458656311,0.6450595259666443,0.6664014458656311,0.5799999833106995,0.5555555820465088
24,3,43,0.6442015171051025,0.6658700108528137,0.6442015171051025,0.6658700108528137,0.5799999833106995,0.5555555820465088
24,3,44,0.6433413624763489,0.6653011441230774,0.6433413624763489,0.6653011441230774,0.5799999833106995,0.5555555820465088
24,3,45,0.6424765586853027,0.6647275686264038,0.6424765586853027,0.6647275686264038,0.5799999833106995,0.5555555820465088
24,3,46,0.6416047811508179,0.6641817092895508,0.6416047811508179,0.6641817092895508,0.5799999833106995,0.5555555820465088
24,3,47,0.640734076499939,0.6636732220649719,0.640734076499939,0.6636732220649719,0.5799999833106995,0.5555555820465088
24,3,48,0.6398574709892273,0.6632166504859924,0.6398574709892273,0.6632166504859924,0.5799999833106995,0.5555555820465088
24,3,49,0.6389693021774292,0.6628024578094482,0.6389693021774292,0.6628024578094482,0.5799999833106995,0.5555555820465088
24,3,50,0.6380733847618103,0.6623960137367249,0.6380733847618103,0.6623960137367249,0.5799999833106995,0.5555555820465088
24,3,51,0.6371665000915527,0.6619728803634644,0.6371665000915527,0.6619728803634644,0.5799999833106995,0.5555555820465088
24,3,52,0.6362522840499878,0.6615391969680786,0.6362522840499878,0.6615391969680786,0.5799999833106995,0.5555555820465088
24,3,53,0.6353325843811035,0.6610937118530273,0.6353325843811035,0.6610937118530273,0.5799999833106995,0.5555555820465088
24,3,54,0.634401798248291,0.6606133580207825,0.634401798248291,0.6606133580207825,0.5799999833106995,0.5555555820465088
24,3,55,0.6334530115127563,0.6600823998451233,0.6334530115127563,0.6600823998451233,0.5799999833106995,0.5555555820465088
24,3,56,0.6324809193611145,0.6595352292060852,0.6324809193611145,0.6595352292060852,0.5799999833106995,0.5555555820465088
24,3,57,0.631485104560852,0.6589780449867249,0.631485104560852,0.6589780449867249,0.5799999833106995,0.5555555820465088
24,3,58,0.6304680109024048,0.6584653258323669,0.6304680109024048,0.6584653258323669,0.5799999833106995,0.5555555820465088
24,3,59,0.6294357180595398,0.6579632759094238,0.6294357180595398,0.6579632759094238,0.5799999833106995,0.5555555820465088
24,3,60,0.6283926963806152,0.6573883295059204,0.6283926963806152,0.6573883295059204,0.5799999833106995,0.5555555820465088
24,3,61,0.6273403167724609,0.6567742228507996,0.6273403167724609,0.6567742228507996,0.5799999833106995,0.5555555820465088
24,3,62,0.6262764930725098,0.656161367893219,0.6262764930725098,0.656161367893219,0.5799999833106995,0.5555555820465088
24,3,63,0.6252062320709229,0.6555051803588867,0.6252062320709229,0.6555051803588867,0.5799999833106995,0.5555555820465088
24,3,64,0.624134361743927,0.6548051834106445,0.624134361743927,0.6548051834106445,0.5799999833106995,0.5555555820465088
24,3,65,0.6230488419532776,0.6541118025779724,0.6230488419532776,0.6541118025779724,0.6000000238418579,0.5555555820465088
24,3,66,0.6219610571861267,0.6533983945846558,0.6219610571861267,0.6533983945846558,0.6000000238418579,0.5555555820465088
24,3,67,0.6208680868148804,0.6526792645454407,0.6208680868148804,0.6526792645454407,0.6000000238418579,0.5555555820465088
24,3,68,0.6197477579116821,0.6519602537155151,0.6197477579116821,0.6519602537155151,0.6200000047683716,0.5555555820465088
24,3,69,0.6185998320579529,0.6512396335601807,0.6185998320579529,0.6512396335601807,0.6399999856948853,0.5555555820465088
24,3,70,0.6174184083938599,0.6505440473556519,0.6174184083938599,0.6505440473556519,0.6399999856948853,0.5555555820465088
24,3,71,0.6162252426147461,0.6498277187347412,0.6162252426147461,0.6498277187347412,0.6399999856948853,0.5555555820465088
24,3,72,0.6150308847427368,0.6490444540977478,0.6150308847427368,0.6490444540977478,0.6399999856948853,0.5555555820465088
24,3,73,0.6138232350349426,0.6482181549072266,0.6138232350349426,0.6482181549072266,0.6399999856948853,0.5555555820465088
24,3,74,0.6125909686088562,0.6473221778869629,0.6125909686088562,0.6473221778869629,0.6600000262260437,0.5555555820465088
24,3,75,0.6113414168357849,0.6463687419891357,0.6113414168357849,0.6463687419891357,0.6600000262260437,0.5555555820465088
24,3,76,0.6100623607635498,0.6454558968544006,0.6100623607635498,0.6454558968544006,0.6600000262260437,0.5555555820465088
24,3,77,0.6087679862976074,0.6446413397789001,0.6087679862976074,0.6446413397789001,0.6600000262260437,0.5555555820465088
24,3,78,0.6074487566947937,0.6438263654708862,0.6074487566947937,0.6438263654708862,0.6800000071525574,0.5555555820465088
24,3,79,0.6061233282089233,0.6429415345191956,0.6061233282089233,0.6429415345191956,0.6800000071525574,0.5555555820465088
24,3,80,0.6047961711883545,0.6420196294784546,0.6047961711883545,0.6420196294784546,0.6800000071525574,0.5555555820465088
24,3,81,0.6034549474716187,0.6411182880401611,0.6034549474716187,0.6411182880401611,0.6800000071525574,0.5555555820465088
24,3,82,0.6020835041999817,0.6402449011802673,0.6020835041999817,0.6402449011802673,0.6800000071525574,0.5555555820465088
24,3,83,0.6007013916969299,0.6394101977348328,0.6007013916969299,0.6394101977348328,0.6800000071525574,0.5555555820465088
24,3,84,0.5993064641952515,0.6385740041732788,0.5993064641952515,0.6385740041732788,0.6800000071525574,0.5555555820465088
24,3,85,0.5978865623474121,0.6376749277114868,0.5978865623474121,0.6376749277114868,0.6800000071525574,0.5555555820465088
24,3,86,0.5964484214782715,0.6367383599281311,0.5964484214782715,0.6367383599281311,0.6800000071525574,0.5555555820465088
24,3,87,0.5950066447257996,0.6358028650283813,0.5950066447257996,0.6358028650283813,0.6800000071525574,0.5555555820465088
24,3,88,0.5935453176498413,0.6348629593849182,0.5935453176498413,0.6348629593849182,0.6800000071525574,0.5555555820465088
24,3,89,0.5920669436454773,0.6339075565338135,0.5920669436454773,0.6339075565338135,0.6800000071525574,0.5555555820465088
24,3,90,0.5905628800392151,0.6329662203788757,0.5905628204345703,0.6329662203788757,0.6800000071525574,0.6666666865348816
24,3,91,0.5890520215034485,0.6320228576660156,0.5890520215034485,0.6320228576660156,0.6800000071525574,0.6666666865348816
24,3,92,0.5875116586685181,0.6310728192329407,0.5875116586685181,0.6310728192329407,0.6800000071525574,0.6666666865348816
24,3,93,0.5859509706497192,0.6300914287567139,0.5859509706497192,0.6300914287567139,0.6800000071525574,0.6666666865348816
24,3,94,0.5843759775161743,0.6291244029998779,0.5843759775161743,0.6291244029998779,0.699999988079071,0.6666666865348816
24,3,95,0.5827850103378296,0.6281638145446777,0.5827850103378296,0.6281638145446777,0.699999988079071,0.6666666865348816
24,3,96,0.5811821818351746,0.6271864771842957,0.5811821818351746,0.6271864771842957,0.699999988079071,0.6666666865348816
24,3,97,0.5795656442642212,0.626163899898529,0.5795656442642212,0.626163899898529,0.699999988079071,0.6666666865348816
24,3,98,0.5779335498809814,0.6251159310340881,0.5779335498809814,0.6251159310340881,0.699999988079071,0.6666666865348816
24,3,99,0.5763018131256104,0.6241357922554016,0.5763018131256104,0.6241357922554016,0.7200000286102295,0.7777777910232544
24,3,100,0.5746698379516602,0.6232483386993408,0.5746698379516602,0.6232483386993408,0.7200000286102295,0.7777777910232544
24,3,101,0.5730254054069519,0.6224234700202942,0.5730254054069519,0.6224234700202942,0.7200000286102295,0.6666666865348816
24,3,102,0.5713825821876526,0.6216049194335938,0.5713825821876526,0.6216049194335938,0.7200000286102295,0.6666666865348816
24,3,103,0.5697349309921265,0.6207684278488159,0.5697349309921265,0.6207684278488159,0.7200000286102295,0.6666666865348816
24,3,104,0.568092405796051,0.6199781894683838,0.568092405796051,0.6199781894683838,0.7200000286102295,0.6666666865348816
24,3,105,0.5664597153663635,0.6192561388015747,0.5664597153663635,0.6192561388015747,0.7200000286102295,0.6666666865348816
24,3,106,0.5648014545440674,0.6185629367828369,0.5648014545440674,0.6185629367828369,0.7200000286102295,0.6666666865348816
24,3,107,0.563102662563324,0.6178567409515381,0.563102662563324,0.6178567409515381,0.7200000286102295,0.6666666865348816
24,3,108,0.5613870024681091,0.6170716881752014,0.5613870024681091,0.6170716881752014,0.699999988079071,0.6666666865348816
24,3,109,0.5596382021903992,0.6162850856781006,0.5596382021903992,0.6162850856781006,0.699999988079071,0.6666666865348816
24,3,110,0.5578782558441162,0.6154876351356506,0.5578782558441162,0.6154876351356506,0.699999988079071,0.6666666865348816
24,3,111,0.5560892224311829,0.6146461367607117,0.5560892224311829,0.6146461367607117,0.699999988079071,0.6666666865348816
24,3,112,0.554282546043396,0.6137834787368774,0.554282546043396,0.6137834787368774,0.699999988079071,0.6666666865348816
24,3,113,0.5524576306343079,0.6129900217056274,0.5524576306343079,0.6129900217056274,0.699999988079071,0.6666666865348816
24,3,114,0.5506187677383423,0.6122313737869263,0.5506187677383423,0.6122313737869263,0.699999988079071,0.6666666865348816
24,3,115,0.5487557053565979,0.6115452647209167,0.5487557053565979,0.6115452647209167,0.7200000286102295,0.6666666865348816
24,3,116,0.5468754768371582,0.6109894514083862,0.5468754768371582,0.6109894514083862,0.7200000286102295,0.6666666865348816
24,3,117,0.5449674725532532,0.6106445789337158,0.5449674725532532,0.6106445789337158,0.7200000286102295,0.6666666865348816
24,3,118,0.5430660247802734,0.6103708744049072,0.5430660247802734,0.6103708744049072,0.7200000286102295,0.6666666865348816
24,3,119,0.541149914264679,0.610156774520874,0.541149914264679,0.610156774520874,0.7400000095367432,0.7777777910232544
24,3,120,0.5392154455184937,0.6100097298622131,0.5392154455184937,0.6100097298622131,0.7599999904632568,0.7777777910232544
24,3,121,0.5372791290283203,0.6099599599838257,0.5372791290283203,0.6099599599838257,0.7599999904632568,0.7777777910232544
24,3,122,0.5353166460990906,0.6099761724472046,0.5353166460990906,0.6099761724472046,0.7599999904632568,0.7777777910232544
24,3,123,0.5333254933357239,0.6098912954330444,0.5333254933357239,0.6098912954330444,0.7799999713897705,0.7777777910232544
24,3,124,0.5313341021537781,0.609757125377655,0.5313341021537781,0.609757125377655,0.7799999713897705,0.7777777910232544
24,3,125,0.5293270349502563,0.6096570491790771,0.5293270349502563,0.6096570491790771,0.7799999713897705,0.7777777910232544
24,3,126,0.5273017287254333,0.6096119284629822,0.5273017287254333,0.6096119284629822,0.7799999713897705,0.7777777910232544
24,3,127,0.5252869129180908,0.6095046401023865,0.5252869129180908,0.6095046401023865,0.7799999713897705,0.7777777910232544
24,3,128,0.5232508182525635,0.60936039686203,0.5232508182525635,0.60936039686203,0.800000011920929,0.7777777910232544
24,3,129,0.5211805701255798,0.609302818775177,0.5211805701255798,0.609302818775177,0.800000011920929,0.7777777910232544
24,3,130,0.5190933346748352,0.6093173623085022,0.5190933346748352,0.6093173623085022,0.800000011920929,0.7777777910232544
24,3,131,0.5169883966445923,0.6093650460243225,0.5169883966445923,0.6093650460243225,0.800000011920929,0.7777777910232544
24,3,132,0.5148637294769287,0.6093952655792236,0.5148637294769287,0.6093952655792236,0.800000011920929,0.7777777910232544
24,3,133,0.512748122215271,0.6094010472297668,0.512748122215271,0.6094010472297668,0.800000011920929,0.7777777910232544
24,3,134,0.510613203048706,0.6094350218772888,0.510613203048706,0.6094350218772888,0.800000011920929,0.7777777910232544
24,3,135,0.5084445476531982,0.6096280813217163,0.5084445476531982,0.6096280813217163,0.800000011920929,0.7777777910232544
24,3,136,0.5062623620033264,0.609809160232544,0.5062623620033264,0.609809160232544,0.800000011920929,0.7777777910232544
24,3,137,0.5040825605392456,0.6099298000335693,0.5040825605392456,0.6099298000335693,0.800000011920929,0.6666666865348816
24,3,138,0.5018983483314514,0.6100373268127441,0.5018983483314514,0.6100373268127441,0.800000011920929,0.6666666865348816
24,3,139,0.49971404671669006,0.6101100444793701,0.49971404671669006,0.6101100444793701,0.800000011920929,0.6666666865348816
24,3,140,0.4975147247314453,0.6100714802742004,0.4975147247314453,0.6100714802742004,0.800000011920929,0.6666666865348816
24,3,141,0.4953334927558899,0.6101477146148682,0.4953334927558899,0.6101477146148682,0.800000011920929,0.6666666865348816
24,3,142,0.49313995242118835,0.6104576587677002,0.49313995242118835,0.6104576587677002,0.7799999713897705,0.6666666865348816
24,3,143,0.49095600843429565,0.61081862449646,0.49095600843429565,0.61081862449646,0.7799999713897705,0.6666666865348816
24,3,144,0.488796591758728,0.6110957860946655,0.488796591758728,0.6110957860946655,0.7799999713897705,0.6666666865348816
24,3,145,0.486623615026474,0.6112001538276672,0.486623615026474,0.6112001538276672,0.7799999713897705,0.6666666865348816
24,3,146,0.4844464063644409,0.6113449335098267,0.4844464063644409,0.6113449335098267,0.7799999713897705,0.6666666865348816
24,3,147,0.48228591680526733,0.6115885376930237,0.48228591680526733,0.6115885376930237,0.800000011920929,0.6666666865348816
24,3,148,0.4801396131515503,0.6117735505104065,0.4801396131515503,0.6117735505104065,0.800000011920929,0.6666666865348816
24,3,149,0.4780034124851227,0.612019419670105,0.4780034124851227,0.612019419670105,0.800000011920929,0.6666666865348816
24,3,150,0.47585922479629517,0.612297773361206,0.47585922479629517,0.612297773361206,0.800000011920929,0.6666666865348816
24,3,151,0.4737277328968048,0.6125702857971191,0.4737277328968048,0.6125702857971191,0.800000011920929,0.6666666865348816
24,3,152,0.4716154932975769,0.6127904057502747,0.4716154932975769,0.6127904057502747,0.800000011920929,0.6666666865348816
24,3,153,0.46950608491897583,0.6130042672157288,0.46950608491897583,0.6130042672157288,0.800000011920929,0.6666666865348816
24,3,154,0.46739813685417175,0.6132963299751282,0.46739813685417175,0.6132963299751282,0.800000011920929,0.6666666865348816
25,3,1,0.6931318640708923,0.6761167049407959,0.6931318640708923,0.6761167049407959,0.47999998927116394,0.5555555820465088
25,3,2,0.6906266808509827,0.6773207187652588,0.6906266808509827,0.6773207187652588,0.5,0.4444444477558136
25,3,3,0.6884950399398804,0.6784807443618774,0.6884950399398804,0.6784807443618774,0.6000000238418579,0.5555555820465088
25,3,4,0.6864122152328491,0.6797136664390564,0.6864122152328491,0.6797136664390564,0.6200000047683716,0.6666666865348816
25,3,5,0.6844439506530762,0.6810269951820374,0.6844439506530762,0.6810269951820374,0.6800000071525574,0.6666666865348816
25,3,6,0.6825677752494812,0.6824294924736023,0.6825677752494812,0.6824294924736023,0.6200000047683716,0.6666666865348816
25,3,7,0.6808292269706726,0.6837512850761414,0.6808292269706726,0.6837512850761414,0.5799999833106995,0.7777777910232544
25,3,8,0.6791865825653076,0.6849914789199829,0.6791865825653076,0.6849914789199829,0.6000000238418579,0.6666666865348816
25,3,9,0.6775932312011719,0.686244010925293,0.6775932312011719,0.686244010925293,0.6000000238418579,0.6666666865348816
25,3,10,0.6761236786842346,0.687532365322113,0.6761236786842346,0.687532365322113,0.6200000047683716,0.5555555820465088
25,3,11,0.674736738204956,0.6889038681983948,0.674736738204956,0.6889038681983948,0.6200000047683716,0.5555555820465088
25,3,12,0.6733888387680054,0.6902834177017212,0.6733888387680054,0.6902834177017212,0.6200000047683716,0.5555555820465088
25,3,13,0.6720845699310303,0.691687822341919,0.6720845699310303,0.691687822341919,0.6399999856948853,0.5555555820465088
25,3,14,0.6708205938339233,0.6930252313613892,0.6708205938339233,0.6930252313613892,0.6399999856948853,0.5555555820465088
25,3,15,0.6696028113365173,0.6943018436431885,0.6696028113365173,0.6943018436431885,0.6399999856948853,0.5555555820465088
25,3,16,0.6684412360191345,0.6955441236495972,0.6684412360191345,0.6955441236495972,0.6399999856948853,0.5555555820465088
25,3,17,0.6672961711883545,0.6967236995697021,0.6672961711883545,0.6967236995697021,0.6399999856948853,0.5555555820465088
25,3,18,0.6661813259124756,0.6978411078453064,0.6661813259124756,0.6978411078453064,0.6399999856948853,0.5555555820465088
25,3,19,0.6650894284248352,0.698927104473114,0.6650894284248352,0.698927104473114,0.6200000047683716,0.5555555820465088
25,3,20,0.6640107035636902,0.6999819278717041,0.6640107035636902,0.6999819278717041,0.6200000047683716,0.5555555820465088
25,3,21,0.6629359722137451,0.7009912133216858,0.6629359722137451,0.7009912133216858,0.6200000047683716,0.5555555820465088
25,3,22,0.6618725061416626,0.701931357383728,0.6618725061416626,0.701931357383728,0.6000000238418579,0.5555555820465088
25,3,23,0.6608319282531738,0.7028311491012573,0.6608319282531738,0.7028311491012573,0.6000000238418579,0.5555555820465088
25,3,24,0.6597962975502014,0.7037087082862854,0.6597962975502014,0.7037087082862854,0.6000000238418579,0.5555555820465088
25,3,25,0.6587647795677185,0.7045789361000061,0.6587647795677185,0.7045789361000061,0.6000000238418579,0.5555555820465088
25,3,26,0.6577501893043518,0.7054030299186707,0.6577501893043518,0.7054030299186707,0.6000000238418579,0.5555555820465088
26,3,1,0.6893965005874634,0.7067496180534363,0.6893965005874634,0.7067496180534363,0.6000000238418579,0.3333333432674408
26,3,2,0.6877896189689636,0.7057705521583557,0.6877896189689636,0.7057705521583557,0.6399999856948853,0.3333333432674408
26,3,3,0.6863894462585449,0.7048832774162292,0.6863894462585449,0.7048832774162292,0.6399999856948853,0.3333333432674408
26,3,4,0.6850591897964478,0.7040557861328125,0.6850591897964478,0.7040557861328125,0.6200000047683716,0.3333333432674408
26,3,5,0.6837653517723083,0.7032589316368103,0.6837653517723083,0.7032589316368103,0.6399999856948853,0.4444444477558136
26,3,6,0.6824963092803955,0.7025167942047119,0.6824963092803955,0.7025167942047119,0.6399999856948853,0.3333333432674408
26,3,7,0.6812530755996704,0.7019370198249817,0.6812530755996704,0.7019370198249817,0.6200000047683716,0.3333333432674408
26,3,8,0.6800245642662048,0.7013558149337769,0.6800245642662048,0.7013558149337769,0.6000000238418579,0.3333333432674408
26,3,9,0.6787983775138855,0.7007768154144287,0.6787983775138855,0.7007768154144287,0.5799999833106995,0.3333333432674408
26,3,10,0.6775883436203003,0.7001444697380066,0.6775883436203003,0.7001444697380066,0.6000000238418579,0.4444444477558136
26,3,11,0.676422655582428,0.6995437145233154,0.676422655582428,0.6995437145233154,0.6200000047683716,0.4444444477558136
26,3,12,0.6752915978431702,0.6988968849182129,0.6752915978431702,0.6988968849182129,0.6200000047683716,0.5555555820465088
26,3,13,0.6741846203804016,0.6983071565628052,0.6741846203804016,0.6983071565628052,0.6200000047683716,0.5555555820465088
26,3,14,0.6730712056159973,0.6977439522743225,0.6730712056159973,0.6977439522743225,0.6000000238418579,0.5555555820465088
26,3,15,0.671974778175354,0.6971110105514526,0.671974778175354,0.6971110105514526,0.6000000238418579,0.5555555820465088
26,3,16,0.6709226965904236,0.6964579224586487,0.6709226965904236,0.6964579224586487,0.6000000238418579,0.5555555820465088
26,3,17,0.6699246764183044,0.6957641243934631,0.6699246764183044,0.6957641243934631,0.6000000238418579,0.5555555820465088
26,3,18,0.6689410209655762,0.6951009035110474,0.6689410209655762,0.6951009035110474,0.6000000238418579,0.5555555820465088
26,3,19,0.6679801940917969,0.6944879293441772,0.6679801940917969,0.6944879293441772,0.6000000238418579,0.5555555820465088
26,3,20,0.6670427918434143,0.6939617991447449,0.6670427918434143,0.6939617991447449,0.6000000238418579,0.5555555820465088
26,3,21,0.6661410331726074,0.693517804145813,0.6661410331726074,0.693517804145813,0.6000000238418579,0.5555555820465088
26,3,22,0.6652548313140869,0.6931006908416748,0.6652548313140869,0.6931006908416748,0.6000000238418579,0.5555555820465088
26,3,23,0.6643513441085815,0.6926936507225037,0.6643513441085815,0.6926936507225037,0.6000000238418579,0.5555555820465088
26,3,24,0.6634507775306702,0.6922596096992493,0.6634507775306702,0.6922596096992493,0.5799999833106995,0.5555555820465088
26,3,25,0.6625463962554932,0.6918538212776184,0.6625463962554932,0.6918538212776184,0.5799999833106995,0.5555555820465088
26,3,26,0.6616552472114563,0.691457986831665,0.6616552472114563,0.691457986831665,0.5799999833106995,0.5555555820465088
26,3,27,0.6607805490493774,0.6910664439201355,0.6607805490493774,0.6910664439201355,0.5799999833106995,0.5555555820465088
26,3,28,0.6598973870277405,0.690671980381012,0.6598973870277405,0.690671980381012,0.5799999833106995,0.5555555820465088
26,3,29,0.6590019464492798,0.6902531981468201,0.6590019464492798,0.6902531981468201,0.5799999833106995,0.5555555820465088
26,3,30,0.6581013202667236,0.6898434162139893,0.6581013202667236,0.6898434162139893,0.5799999833106995,0.5555555820465088
26,3,31,0.6571912169456482,0.6894877552986145,0.6571912169456482,0.6894877552986145,0.5799999833106995,0.5555555820465088
26,3,32,0.6562739014625549,0.6891332268714905,0.6562739014625549,0.6891332268714905,0.5799999833106995,0.5555555820465088
26,3,33,0.655354380607605,0.6887520551681519,0.655354380607605,0.6887520551681519,0.5799999833106995,0.5555555820465088
26,3,34,0.6544256806373596,0.6883813738822937,0.6544256806373596,0.6883813738822937,0.5799999833106995,0.5555555820465088
26,3,35,0.653486967086792,0.6880381107330322,0.653486967086792,0.6880381107330322,0.5799999833106995,0.5555555820465088
26,3,36,0.6525500416755676,0.6877514123916626,0.6525500416755676,0.6877514123916626,0.6000000238418579,0.5555555820465088
26,3,37,0.6516115665435791,0.6874749660491943,0.6516115665435791,0.6874749660491943,0.6000000238418579,0.5555555820465088
26,3,38,0.6506660580635071,0.6871585845947266,0.6506661176681519,0.6871585845947266,0.6000000238418579,0.5555555820465088
26,3,39,0.6497328281402588,0.6868566870689392,0.6497328877449036,0.6868566870689392,0.6000000238418579,0.5555555820465088
26,3,40,0.6488427519798279,0.6865463256835938,0.6488427519798279,0.6865463256835938,0.6000000238418579,0.5555555820465088
26,3,41,0.647956132888794,0.6862375736236572,0.647956132888794,0.6862375736236572,0.6000000238418579,0.5555555820465088
26,3,42,0.6470592021942139,0.685951292514801,0.6470592021942139,0.685951292514801,0.6000000238418579,0.5555555820465088
26,3,43,0.6461498737335205,0.6856926083564758,0.6461498737335205,0.6856926083564758,0.6000000238418579,0.5555555820465088
26,3,44,0.6452343463897705,0.685460090637207,0.6452343463897705,0.685460090637207,0.6000000238418579,0.5555555820465088
26,3,45,0.6443044543266296,0.6852090954780579,0.6443044543266296,0.6852090954780579,0.6000000238418579,0.5555555820465088
26,3,46,0.6433688998222351,0.6849539875984192,0.6433688998222351,0.6849539875984192,0.6000000238418579,0.5555555820465088
26,3,47,0.6424326300621033,0.6847114562988281,0.6424326300621033,0.6847114562988281,0.6000000238418579,0.5555555820465088
26,3,48,0.6414852142333984,0.6844470500946045,0.6414852142333984,0.6844470500946045,0.6000000238418579,0.5555555820465088
26,3,49,0.6405258774757385,0.6841697096824646,0.6405258774757385,0.6841697096824646,0.6000000238418579,0.5555555820465088
26,3,50,0.6395422220230103,0.6838544607162476,0.6395422220230103,0.6838544607162476,0.6000000238418579,0.5555555820465088
26,3,51,0.6385417580604553,0.683535099029541,0.6385417580604553,0.683535099029541,0.6000000238418579,0.5555555820465088
26,3,52,0.6375217437744141,0.683258056640625,0.6375217437744141,0.683258056640625,0.6000000238418579,0.5555555820465088
26,3,53,0.6364902853965759,0.6829982995986938,0.6364902853965759,0.6829982995986938,0.6000000238418579,0.5555555820465088
26,3,54,0.6354455351829529,0.6827417016029358,0.6354455351829529,0.6827417016029358,0.6000000238418579,0.5555555820465088
26,3,55,0.6344020962715149,0.6824885606765747,0.6344021558761597,0.6824885606765747,0.6200000047683716,0.5555555820465088
26,3,56,0.6333451271057129,0.6822355389595032,0.6333451271057129,0.6822355389595032,0.6200000047683716,0.5555555820465088
26,3,57,0.6323054432868958,0.6819648146629333,0.6323054432868958,0.6819648146629333,0.6200000047683716,0.5555555820465088
26,3,58,0.6312597393989563,0.6816310882568359,0.6312597393989563,0.6816310882568359,0.6200000047683716,0.5555555820465088
26,3,59,0.630207359790802,0.6812627911567688,0.630207359790802,0.6812627911567688,0.6200000047683716,0.5555555820465088
26,3,60,0.6291636824607849,0.6809118986129761,0.6291636824607849,0.6809118986129761,0.6200000047683716,0.5555555820465088
26,3,61,0.6281080842018127,0.6805588006973267,0.6281080842018127,0.6805588006973267,0.6200000047683716,0.5555555820465088
26,3,62,0.6270379424095154,0.6802189350128174,0.6270379424095154,0.6802189350128174,0.6200000047683716,0.5555555820465088
26,3,63,0.6259686350822449,0.679905891418457,0.6259686350822449,0.679905891418457,0.6200000047683716,0.5555555820465088
26,3,64,0.6248874068260193,0.6795961856842041,0.6248874068260193,0.6795961856842041,0.6200000047683716,0.5555555820465088
26,3,65,0.6237921118736267,0.679280161857605,0.6237921118736267,0.679280161857605,0.6399999856948853,0.5555555820465088
26,3,66,0.6226890683174133,0.6789973378181458,0.6226890683174133,0.6789973378181458,0.6399999856948853,0.5555555820465088
26,3,67,0.6215638518333435,0.6787458658218384,0.6215638518333435,0.6787458658218384,0.6399999856948853,0.5555555820465088
26,3,68,0.6204349398612976,0.6785050630569458,0.6204349398612976,0.6785050630569458,0.6600000262260437,0.5555555820465088
26,3,69,0.6193080544471741,0.6782428026199341,0.6193080544471741,0.6782428026199341,0.6800000071525574,0.5555555820465088
26,3,70,0.6181759834289551,0.678051233291626,0.6181759834289551,0.678051233291626,0.6800000071525574,0.5555555820465088
26,3,71,0.6170326471328735,0.6778414249420166,0.6170326471328735,0.6778414249420166,0.6800000071525574,0.5555555820465088
26,3,72,0.6158679127693176,0.6775943636894226,0.6158679127693176,0.6775943636894226,0.6800000071525574,0.5555555820465088
26,3,73,0.6147037744522095,0.6773894429206848,0.6147037744522095,0.6773894429206848,0.6800000071525574,0.5555555820465088
26,3,74,0.6135314702987671,0.6771804094314575,0.6135314702987671,0.6771804094314575,0.6800000071525574,0.5555555820465088
26,3,75,0.612341046333313,0.6769059300422668,0.612341046333313,0.6769059300422668,0.6800000071525574,0.5555555820465088
26,3,76,0.6111375689506531,0.6765888929367065,0.6111375689506531,0.6765888929367065,0.699999988079071,0.5555555820465088
26,3,77,0.6099122762680054,0.6762079000473022,0.6099122762680054,0.6762079000473022,0.7200000286102295,0.5555555820465088
26,3,78,0.6086866855621338,0.6758921146392822,0.6086866855621338,0.6758921146392822,0.7200000286102295,0.5555555820465088
26,3,79,0.60744708776474,0.6756482720375061,0.60744708776474,0.6756482720375061,0.7200000286102295,0.5555555820465088
26,3,80,0.6061937808990479,0.6753666400909424,0.6061937808990479,0.6753666400909424,0.7200000286102295,0.5555555820465088
26,3,81,0.6049298048019409,0.6750245094299316,0.6049298048019409,0.6750245094299316,0.7200000286102295,0.5555555820465088
26,3,82,0.6036720871925354,0.6746683716773987,0.6036720871925354,0.6746683716773987,0.7200000286102295,0.5555555820465088
26,3,83,0.6024010181427002,0.6743804216384888,0.6024010181427002,0.6743804216384888,0.7200000286102295,0.5555555820465088
26,3,84,0.6011186838150024,0.6740584969520569,0.6011186838150024,0.6740584969520569,0.7200000286102295,0.5555555820465088
26,3,85,0.5998207330703735,0.6737926006317139,0.5998207330703735,0.6737926006317139,0.7200000286102295,0.5555555820465088
26,3,86,0.5984959006309509,0.6735654473304749,0.5984959006309509,0.6735654473304749,0.7200000286102295,0.5555555820465088
26,3,87,0.5971526503562927,0.6733399033546448,0.5971526503562927,0.6733399033546448,0.7200000286102295,0.5555555820465088
26,3,88,0.5957987308502197,0.6731380820274353,0.5957987308502197,0.6731380820274353,0.7200000286102295,0.5555555820465088
26,3,89,0.5944293737411499,0.672878623008728,0.5944293737411499,0.672878623008728,0.7200000286102295,0.5555555820465088
26,3,90,0.5930540561676025,0.6725901365280151,0.5930540561676025,0.6725901365280151,0.7200000286102295,0.6666666865348816
26,3,91,0.5916550159454346,0.6723998785018921,0.5916550159454346,0.6723998785018921,0.7400000095367432,0.6666666865348816
26,3,92,0.5902263522148132,0.6721885204315186,0.5902263522148132,0.6721885204315186,0.7400000095367432,0.6666666865348816
26,3,93,0.5887898802757263,0.6719635725021362,0.5887898802757263,0.6719635725021362,0.7400000095367432,0.6666666865348816
26,3,94,0.5873396396636963,0.671687126159668,0.5873396396636963,0.671687126159668,0.7400000095367432,0.6666666865348816
26,3,95,0.585860013961792,0.6714130640029907,0.5858600735664368,0.6714130640029907,0.7400000095367432,0.6666666865348816
26,3,96,0.5843668580055237,0.6711819171905518,0.5843668580055237,0.6711819171905518,0.7400000095367432,0.6666666865348816
26,3,97,0.5828474760055542,0.6708990335464478,0.5828474760055542,0.6708990335464478,0.7400000095367432,0.6666666865348816
26,3,98,0.5812991857528687,0.6705787777900696,0.5812991857528687,0.6705787777900696,0.7599999904632568,0.6666666865348816
26,3,99,0.5797272324562073,0.6703658699989319,0.5797272324562073,0.6703658699989319,0.7599999904632568,0.6666666865348816
26,3,100,0.5781185626983643,0.6701351404190063,0.5781185626983643,0.6701351404190063,0.7599999904632568,0.6666666865348816
26,3,101,0.576469898223877,0.669934868812561,0.576469898223877,0.669934868812561,0.7599999904632568,0.6666666865348816
26,3,102,0.574824869632721,0.6697413921356201,0.574824869632721,0.6697413921356201,0.7599999904632568,0.6666666865348816
26,3,103,0.573168933391571,0.6695637106895447,0.573168933391571,0.6695637106895447,0.7599999904632568,0.6666666865348816
26,3,104,0.5714930891990662,0.669360876083374,0.5714930891990662,0.669360876083374,0.7599999904632568,0.6666666865348816
26,3,105,0.5698081254959106,0.6690710783004761,0.5698081254959106,0.6690710783004761,0.7599999904632568,0.6666666865348816
26,3,106,0.5680847764015198,0.6687589883804321,0.5680847764015198,0.6687589883804321,0.7599999904632568,0.6666666865348816
26,3,107,0.5663628578186035,0.6685305237770081,0.5663628578186035,0.6685305237770081,0.7599999904632568,0.6666666865348816
26,3,108,0.5646281242370605,0.6683785915374756,0.5646281242370605,0.6683785915374756,0.7599999904632568,0.6666666865348816
26,3,109,0.5628865361213684,0.6682465672492981,0.5628865361213684,0.6682465672492981,0.7799999713897705,0.6666666865348816
26,3,110,0.5611163973808289,0.6681387424468994,0.5611163973808289,0.6681387424468994,0.800000011920929,0.6666666865348816
26,3,111,0.5593078136444092,0.6679865121841431,0.5593078136444092,0.6679865121841431,0.800000011920929,0.6666666865348816
26,3,112,0.5574779510498047,0.6678613424301147,0.5574779510498047,0.6678613424301147,0.800000011920929,0.6666666865348816
26,3,113,0.5556468367576599,0.6677659749984741,0.5556468367576599,0.6677659749984741,0.800000011920929,0.6666666865348816
26,3,114,0.5537984371185303,0.6675809025764465,0.5537984371185303,0.6675809025764465,0.800000011920929,0.6666666865348816
26,3,115,0.5519537329673767,0.667353093624115,0.5519537329673767,0.667353093624115,0.800000011920929,0.6666666865348816
26,3,116,0.5501108765602112,0.6671767234802246,0.5501108765602112,0.6671767234802246,0.800000011920929,0.6666666865348816
26,3,117,0.548259973526001,0.6669998168945312,0.548259973526001,0.6669998168945312,0.800000011920929,0.6666666865348816
26,3,118,0.5463725924491882,0.6667979955673218,0.5463725924491882,0.6667979955673218,0.800000011920929,0.6666666865348816
26,3,119,0.544464647769928,0.6665875315666199,0.544464647769928,0.6665875315666199,0.7799999713897705,0.6666666865348816
26,3,120,0.5425342321395874,0.666426956653595,0.5425342321395874,0.666426956653595,0.7799999713897705,0.6666666865348816
26,3,121,0.540611743927002,0.6662992238998413,0.540611743927002,0.6662992238998413,0.7599999904632568,0.6666666865348816
26,3,122,0.5387054681777954,0.6662395596504211,0.5387054681777954,0.6662395596504211,0.7599999904632568,0.6666666865348816
26,3,123,0.5367870330810547,0.6661785840988159,0.5367870330810547,0.6661785840988159,0.7799999713897705,0.6666666865348816
26,3,124,0.5348702073097229,0.6661261320114136,0.5348702073097229,0.6661261320114136,0.7799999713897705,0.6666666865348816
26,3,125,0.5329375267028809,0.6661182045936584,0.5329375267028809,0.6661182045936584,0.7799999713897705,0.6666666865348816
26,3,126,0.531005859375,0.6661732196807861,0.531005859375,0.6661732196807861,0.800000011920929,0.6666666865348816
26,3,127,0.5290715098381042,0.6662828922271729,0.5290715098381042,0.6662828922271729,0.800000011920929,0.6666666865348816
26,3,128,0.5271308422088623,0.6664972305297852,0.5271308422088623,0.6664972305297852,0.800000011920929,0.6666666865348816
26,3,129,0.5251718759536743,0.6667546629905701,0.5251718759536743,0.6667546629905701,0.800000011920929,0.6666666865348816
26,3,130,0.5232121348381042,0.6669813394546509,0.5232121348381042,0.6669813394546509,0.800000011920929,0.6666666865348816
26,3,131,0.5212385058403015,0.6672680974006653,0.5212385058403015,0.6672680974006653,0.800000011920929,0.6666666865348816
26,3,132,0.5192501544952393,0.6675764918327332,0.5192501544952393,0.6675764918327332,0.800000011920929,0.6666666865348816
26,3,133,0.5172704458236694,0.6678750514984131,0.5172704458236694,0.6678750514984131,0.800000011920929,0.6666666865348816
26,3,134,0.5152936577796936,0.6680874228477478,0.5152936577796936,0.6680874228477478,0.800000011920929,0.6666666865348816
26,3,135,0.5133220553398132,0.6681963801383972,0.5133220553398132,0.6681963801383972,0.800000011920929,0.6666666865348816
26,3,136,0.5113618969917297,0.6683303117752075,0.5113618969917297,0.6683303117752075,0.800000011920929,0.6666666865348816
26,3,137,0.5094215869903564,0.6686109304428101,0.5094215869903564,0.6686109304428101,0.800000011920929,0.6666666865348816
26,3,138,0.5074381828308105,0.6690438985824585,0.5074381828308105,0.6690438985824585,0.800000011920929,0.6666666865348816
26,3,139,0.5054786205291748,0.6695764064788818,0.5054786205291748,0.6695764064788818,0.800000011920929,0.6666666865348816
26,3,140,0.5035322904586792,0.6701041460037231,0.5035322904586792,0.6701041460037231,0.800000011920929,0.6666666865348816
26,3,141,0.501578688621521,0.670595645904541,0.501578688621521,0.670595645904541,0.800000011920929,0.7777777910232544
26,3,142,0.49961310625076294,0.6710727214813232,0.49961310625076294,0.6710727214813232,0.800000011920929,0.7777777910232544
26,3,143,0.49767008423805237,0.6716184616088867,0.49767008423805237,0.6716184616088867,0.800000011920929,0.7777777910232544
26,3,144,0.495739221572876,0.672296404838562,0.495739221572876,0.672296404838562,0.7799999713897705,0.7777777910232544
26,3,145,0.49379998445510864,0.6730341911315918,0.49379998445510864,0.6730341911315918,0.7799999713897705,0.7777777910232544
26,3,146,0.4918588399887085,0.6737785339355469,0.4918588399887085,0.6737785339355469,0.7799999713897705,0.7777777910232544
26,3,147,0.4899177849292755,0.6744948625564575,0.4899177849292755,0.6744948625564575,0.7799999713897705,0.7777777910232544
26,3,148,0.48799899220466614,0.6752213835716248,0.48799899220466614,0.6752213835716248,0.7799999713897705,0.7777777910232544
26,3,149,0.4860760569572449,0.6760027408599854,0.4860760569572449,0.6760027408599854,0.7799999713897705,0.7777777910232544
27,3,1,0.7019734978675842,0.6922568678855896,0.7019734978675842,0.6922568678855896,0.47058823704719543,0.4444444477558136
27,3,2,0.6993985772132874,0.6917060017585754,0.6993985772132874,0.6917060017585754,0.45098039507865906,0.4444444477558136
27,3,3,0.6970517039299011,0.6912249326705933,0.6970517039299011,0.6912249326705933,0.45098039507865906,0.5555555820465088
27,3,4,0.6948482990264893,0.6908336877822876,0.6948482990264893,0.6908336877822876,0.4901960790157318,0.4444444477558136
27,3,5,0.6927521824836731,0.6905723214149475,0.6927521824836731,0.6905723214149475,0.5098039507865906,0.4444444477558136
27,3,6,0.690788209438324,0.690395712852478,0.690788209438324,0.690395712852478,0.47058823704719543,0.4444444477558136
27,3,7,0.6889283657073975,0.6902549266815186,0.6889283657073975,0.6902549266815186,0.5098039507865906,0.4444444477558136
27,3,8,0.6871379017829895,0.6901357173919678,0.6871379017829895,0.6901357173919678,0.5098039507865906,0.5555555820465088
27,3,9,0.685450553894043,0.6900606155395508,0.685450553894043,0.6900606155395508,0.6470588445663452,0.4444444477558136
27,3,10,0.6838443279266357,0.6899866461753845,0.6838443279266357,0.6899866461753845,0.6666666865348816,0.6666666865348816
27,3,11,0.6823084354400635,0.6899149417877197,0.6823084354400635,0.6899149417877197,0.6274510025978088,0.5555555820465088
27,3,12,0.6808329820632935,0.6898778676986694,0.6808329820632935,0.6898778676986694,0.6274510025978088,0.5555555820465088
27,3,13,0.679424524307251,0.6898775100708008,0.679424524307251,0.6898775100708008,0.6666666865348816,0.5555555820465088
27,3,14,0.6780828833580017,0.6898995041847229,0.6780828833580017,0.6898995041847229,0.6470588445663452,0.5555555820465088
27,3,15,0.676788330078125,0.6898840665817261,0.676788330078125,0.6898840665817261,0.6470588445663452,0.5555555820465088
27,3,16,0.67551589012146,0.6899386644363403,0.67551589012146,0.6899386644363403,0.6078431606292725,0.5555555820465088
27,3,17,0.6742724776268005,0.69003826379776,0.6742724776268005,0.69003826379776,0.5882353186607361,0.5555555820465088
27,3,18,0.6730683445930481,0.690127432346344,0.6730683445930481,0.690127432346344,0.5882353186607361,0.5555555820465088
27,3,19,0.6718882918357849,0.6902241706848145,0.6718882918357849,0.6902241706848145,0.5882353186607361,0.5555555820465088
27,3,20,0.67075514793396,0.6903377771377563,0.67075514793396,0.6903377771377563,0.5882353186607361,0.5555555820465088
27,3,21,0.6696330308914185,0.6905012130737305,0.6696330308914185,0.6905012130737305,0.5882353186607361,0.5555555820465088
27,3,22,0.668542742729187,0.6907627582550049,0.668542742729187,0.6907627582550049,0.5882353186607361,0.5555555820465088
27,3,23,0.6674728393554688,0.6910406947135925,0.6674728393554688,0.6910406947135925,0.5882353186607361,0.5555555820465088
27,3,24,0.6664247512817383,0.6913245916366577,0.6664247512817383,0.6913245916366577,0.5882353186607361,0.5555555820465088
27,3,25,0.6653866767883301,0.6916078329086304,0.6653866767883301,0.6916078329086304,0.5882353186607361,0.5555555820465088
27,3,26,0.6643623113632202,0.6918948888778687,0.6643623113632202,0.6918948888778687,0.5882353186607361,0.5555555820465088
27,3,27,0.663334846496582,0.6921986937522888,0.663334846496582,0.6921986937522888,0.5882353186607361,0.5555555820465088
27,3,28,0.6623326539993286,0.6925471425056458,0.6623326539993286,0.6925471425056458,0.5882353186607361,0.5555555820465088
27,3,29,0.6613253951072693,0.692946195602417,0.6613253951072693,0.692946195602417,0.5882353186607361,0.5555555820465088
27,3,30,0.6603269577026367,0.6933038234710693,0.6603269577026367,0.6933038234710693,0.5882353186607361,0.5555555820465088
27,3,31,0.6593351364135742,0.6936227083206177,0.6593351364135742,0.6936227083206177,0.5882353186607361,0.5555555820465088
27,3,32,0.6583406329154968,0.6939632296562195,0.6583406329154968,0.6939632296562195,0.5882353186607361,0.5555555820465088
27,3,33,0.6573476791381836,0.6943637132644653,0.6573476791381836,0.6943637132644653,0.5882353186607361,0.5555555820465088
27,3,34,0.6563718914985657,0.6947553157806396,0.6563718914985657,0.6947553157806396,0.5882353186607361,0.5555555820465088
27,3,35,0.6554074287414551,0.6951858997344971,0.6554074287414551,0.6951858997344971,0.5882353186607361,0.5555555820465088
27,3,36,0.6544512510299683,0.6956446170806885,0.6544512510299683,0.6956446170806885,0.5882353186607361,0.5555555820465088
27,3,37,0.6534940004348755,0.6961230039596558,0.6534940004348755,0.6961230039596558,0.5882353186607361,0.5555555820465088
28,3,1,0.6926552057266235,0.7152278423309326,0.6926552057266235,0.7152278423309326,0.47058823704719543,0.4444444477558136
28,3,2,0.6902296543121338,0.7152476906776428,0.6902296543121338,0.7152476906776428,0.4901960790157318,0.4444444477558136
28,3,3,0.688132107257843,0.7153610587120056,0.688132107257843,0.7153610587120056,0.4901960790157318,0.4444444477558136
28,3,4,0.6861187219619751,0.7155575156211853,0.6861187219619751,0.7155575156211853,0.529411792755127,0.5555555820465088
28,3,5,0.6841532588005066,0.7157992720603943,0.6841532588005066,0.7157992720603943,0.529411792755127,0.5555555820465088
28,3,6,0.6822477579116821,0.7160481810569763,0.6822477579116821,0.7160481810569763,0.6078431606292725,0.4444444477558136
28,3,7,0.6804070472717285,0.7163837552070618,0.6804070472717285,0.7163837552070618,0.6470588445663452,0.3333333432674408
28,3,8,0.6785772442817688,0.7168000936508179,0.6785772442817688,0.7168000936508179,0.7058823704719543,0.3333333432674408
28,3,9,0.6767700910568237,0.717229425907135,0.6767700910568237,0.717229425907135,0.7647058963775635,0.2222222238779068
28,3,10,0.6750012636184692,0.7177033424377441,0.6750012636184692,0.7177033424377441,0.7843137383460999,0.2222222238779068
28,3,11,0.6732332110404968,0.7182641625404358,0.6732332110404968,0.7182641625404358,0.8039215803146362,0.2222222238779068
28,3,12,0.6714838743209839,0.7188547253608704,0.6714838743209839,0.7188547253608704,0.8039215803146362,0.2222222238779068
28,3,13,0.669725775718689,0.7194831371307373,0.669725775718689,0.7194831371307373,0.7647058963775635,0.2222222238779068
28,3,14,0.6680063009262085,0.7200534343719482,0.6680063605308533,0.7200534343719482,0.8039215803146362,0.2222222238779068
28,3,15,0.6663058400154114,0.7206400632858276,0.6663057804107666,0.7206400632858276,0.8039215803146362,0.2222222238779068
28,3,16,0.6645587682723999,0.7211528420448303,0.6645587682723999,0.7211528420448303,0.8039215803146362,0.2222222238779068
28,3,17,0.6627852320671082,0.7214134931564331,0.6627852320671082,0.7214134931564331,0.8039215803146362,0.2222222238779068
28,3,18,0.6610856652259827,0.7216222882270813,0.6610856652259827,0.7216222882270813,0.8235294222831726,0.2222222238779068
28,3,19,0.6594030261039734,0.7218000292778015,0.6594030261039734,0.7218000292778015,0.8235294222831726,0.2222222238779068
28,3,20,0.6577355861663818,0.721997857093811,0.6577355861663818,0.721997857093811,0.8235294222831726,0.2222222238779068
28,3,21,0.6560572385787964,0.7222272753715515,0.6560572385787964,0.7222272753715515,0.8235294222831726,0.2222222238779068
28,3,22,0.654417872428894,0.7224788665771484,0.654417872428894,0.7224788665771484,0.8235294222831726,0.2222222238779068
28,3,23,0.6527774333953857,0.7227928638458252,0.6527774333953857,0.7227928638458252,0.8235294222831726,0.2222222238779068
28,3,24,0.6510523557662964,0.7230403423309326,0.6510523557662964,0.7230403423309326,0.8039215803146362,0.2222222238779068
28,3,25,0.6493226885795593,0.7232550978660583,0.6493226885795593,0.7232550978660583,0.8039215803146362,0.2222222238779068
28,3,26,0.6476012468338013,0.723338782787323,0.6476012468338013,0.723338782787323,0.8039215803146362,0.2222222238779068
29,3,1,0.6817864775657654,0.6975701451301575,0.6817864775657654,0.6975701451301575,0.5686274766921997,0.5555555820465088
29,3,2,0.6803204417228699,0.6966003179550171,0.6803204417228699,0.6966003179550171,0.5686274766921997,0.5555555820465088
29,3,3,0.6791231036186218,0.6957002282142639,0.6791231036186218,0.6957002282142639,0.5686274766921997,0.5555555820465088
29,3,4,0.6779918074607849,0.6948468685150146,0.6779918074607849,0.6948468685150146,0.5686274766921997,0.5555555820465088
29,3,5,0.6768994331359863,0.6939889192581177,0.6768994331359863,0.6939889192581177,0.5686274766921997,0.5555555820465088
29,3,6,0.675814151763916,0.6931419372558594,0.675814151763916,0.6931419372558594,0.5686274766921997,0.5555555820465088
29,3,7,0.674734354019165,0.6923263072967529,0.674734354019165,0.6923263072967529,0.5686274766921997,0.5555555820465088
29,3,8,0.6736680865287781,0.6915938258171082,0.6736680865287781,0.6915938258171082,0.5686274766921997,0.5555555820465088
29,3,9,0.6726047396659851,0.6908866763114929,0.6726047396659851,0.6908866763114929,0.5686274766921997,0.5555555820465088
29,3,10,0.6715512871742249,0.6902563571929932,0.6715512871742249,0.6902563571929932,0.5686274766921997,0.5555555820465088
29,3,11,0.6705184578895569,0.6895935535430908,0.6705184578895569,0.6895935535430908,0.5686274766921997,0.5555555820465088
29,3,12,0.6695184707641602,0.6889031529426575,0.6695184707641602,0.6889031529426575,0.5686274766921997,0.5555555820465088
29,3,13,0.6685258746147156,0.6882312297821045,0.6685258746147156,0.6882312297821045,0.5686274766921997,0.5555555820465088
29,3,14,0.6675726771354675,0.6874982714653015,0.6675726771354675,0.6874982714653015,0.5686274766921997,0.5555555820465088
29,3,15,0.666628360748291,0.6867575645446777,0.6666283011436462,0.6867575645446777,0.5686274766921997,0.5555555820465088
29,3,16,0.6656826734542847,0.6859885454177856,0.6656826734542847,0.6859885454177856,0.5686274766921997,0.5555555820465088
29,3,17,0.6647382378578186,0.6851785182952881,0.6647382378578186,0.6851785182952881,0.5686274766921997,0.5555555820465088
29,3,18,0.6638056635856628,0.6843451261520386,0.6638056635856628,0.6843451261520386,0.5686274766921997,0.5555555820465088
29,3,19,0.6628649830818176,0.683476448059082,0.6628649830818176,0.683476448059082,0.5686274766921997,0.5555555820465088
29,3,20,0.6619147658348083,0.6825807094573975,0.6619147658348083,0.6825807094573975,0.5686274766921997,0.5555555820465088
29,3,21,0.6609344482421875,0.6817114949226379,0.6609344482421875,0.6817114949226379,0.5686274766921997,0.5555555820465088
29,3,22,0.6599034070968628,0.6808398962020874,0.6599034070968628,0.6808398962020874,0.5686274766921997,0.5555555820465088
29,3,23,0.6588615775108337,0.6799668073654175,0.6588615775108337,0.6799668073654175,0.6274510025978088,0.5555555820465088
29,3,24,0.6578157544136047,0.6790773868560791,0.6578157544136047,0.6790773868560791,0.6274510025978088,0.5555555820465088
29,3,25,0.6567720770835876,0.6781393885612488,0.6567720770835876,0.6781393885612488,0.6274510025978088,0.5555555820465088
29,3,26,0.6557256579399109,0.6772367358207703,0.6557256579399109,0.6772367358207703,0.6274510025978088,0.5555555820465088
29,3,27,0.654668927192688,0.6763962507247925,0.6546689867973328,0.6763962507247925,0.6274510025978088,0.5555555820465088
29,3,28,0.6536245346069336,0.6755752563476562,0.6536245346069336,0.6755752563476562,0.6274510025978088,0.5555555820465088
29,3,29,0.652582049369812,0.6747264862060547,0.652582049369812,0.6747264862060547,0.6274510025978088,0.5555555820465088
29,3,30,0.6515576243400574,0.6738369464874268,0.6515576839447021,0.6738369464874268,0.6274510025978088,0.5555555820465088
29,3,31,0.6505393385887146,0.6729263067245483,0.6505393385887146,0.6729263067245483,0.6274510025978088,0.5555555820465088
29,3,32,0.6495218276977539,0.6719965934753418,0.6495218276977539,0.6719965934753418,0.6274510025978088,0.5555555820465088
29,3,33,0.6484925746917725,0.6710219979286194,0.6484925746917725,0.6710219979286194,0.6274510025978088,0.5555555820465088
29,3,34,0.647456169128418,0.6700323820114136,0.647456169128418,0.6700323820114136,0.6274510025978088,0.5555555820465088
29,3,35,0.646404504776001,0.6690285205841064,0.646404504776001,0.6690285205841064,0.6274510025978088,0.6666666865348816
29,3,36,0.6453454494476318,0.6680142879486084,0.6453454494476318,0.6680142879486084,0.6274510025978088,0.6666666865348816
29,3,37,0.6442633271217346,0.6670060157775879,0.6442633271217346,0.6670060157775879,0.6274510025978088,0.6666666865348816
29,3,38,0.6431626081466675,0.6660250425338745,0.6431626081466675,0.6660250425338745,0.6470588445663452,0.6666666865348816
29,3,39,0.6420524716377258,0.66499924659729,0.6420524716377258,0.66499924659729,0.6470588445663452,0.6666666865348816
29,3,40,0.6409309506416321,0.6639766097068787,0.6409309506416321,0.6639766097068787,0.6470588445663452,0.6666666865348816
29,3,41,0.6398038864135742,0.6629709601402283,0.6398038864135742,0.6629709601402283,0.6666666865348816,0.6666666865348816
29,3,42,0.6386741399765015,0.6619623899459839,0.6386741399765015,0.6619623899459839,0.6666666865348816,0.6666666865348816
29,3,43,0.637537956237793,0.660943329334259,0.637537956237793,0.660943329334259,0.6666666865348816,0.6666666865348816
29,3,44,0.6363987922668457,0.6599312424659729,0.6363987922668457,0.6599312424659729,0.6666666865348816,0.6666666865348816
29,3,45,0.6352706551551819,0.6589125394821167,0.6352706551551819,0.6589125394821167,0.6666666865348816,0.6666666865348816
29,3,46,0.6341441869735718,0.6578977108001709,0.6341441869735718,0.6578977108001709,0.6666666865348816,0.6666666865348816
29,3,47,0.633028507232666,0.6568801403045654,0.633028507232666,0.6568801403045654,0.6666666865348816,0.6666666865348816
29,3,48,0.6319136023521423,0.6558309197425842,0.6319136023521423,0.6558309197425842,0.6666666865348816,0.6666666865348816
29,3,49,0.6307854652404785,0.6547606587409973,0.6307854652404785,0.6547606587409973,0.6666666865348816,0.6666666865348816
29,3,50,0.6296471357345581,0.653667688369751,0.6296471953392029,0.653667688369751,0.6666666865348816,0.6666666865348816
29,3,51,0.6285018920898438,0.6525418758392334,0.6285018920898438,0.6525418758392334,0.6666666865348816,0.6666666865348816
29,3,52,0.6273580193519592,0.6513698101043701,0.6273580193519592,0.6513698101043701,0.6470588445663452,0.6666666865348816
29,3,53,0.6261950731277466,0.6501896977424622,0.6261950731277466,0.6501896977424622,0.6470588445663452,0.6666666865348816
29,3,54,0.625025749206543,0.6490235328674316,0.625025749206543,0.6490235328674316,0.6470588445663452,0.6666666865348816
29,3,55,0.6238501071929932,0.6478574872016907,0.6238501071929932,0.6478574872016907,0.6666666865348816,0.6666666865348816
29,3,56,0.622663676738739,0.6467008590698242,0.622663676738739,0.6467008590698242,0.6666666865348816,0.6666666865348816
29,3,57,0.6214880347251892,0.6455126404762268,0.6214880347251892,0.6455126404762268,0.6666666865348816,0.6666666865348816
29,3,58,0.6203057169914246,0.6443234086036682,0.6203056573867798,0.6443234086036682,0.6666666865348816,0.6666666865348816
29,3,59,0.6191192865371704,0.6431558132171631,0.6191192865371704,0.6431558132171631,0.6666666865348816,0.6666666865348816
29,3,60,0.6179256439208984,0.6420053839683533,0.6179256439208984,0.6420053839683533,0.6666666865348816,0.6666666865348816
29,3,61,0.6167387366294861,0.6408631801605225,0.6167387366294861,0.6408631801605225,0.686274528503418,0.6666666865348816
29,3,62,0.6155335903167725,0.6397048234939575,0.6155335903167725,0.6397048234939575,0.686274528503418,0.6666666865348816
29,3,63,0.6142988204956055,0.6385415196418762,0.6142988204956055,0.6385415196418762,0.686274528503418,0.6666666865348816
29,3,64,0.613044798374176,0.6373754143714905,0.613044798374176,0.6373754143714905,0.686274528503418,0.6666666865348816
29,3,65,0.611775815486908,0.6362160444259644,0.611775815486908,0.6362160444259644,0.686274528503418,0.6666666865348816
29,3,66,0.6104949712753296,0.6350639462471008,0.6104949712753296,0.6350639462471008,0.686274528503418,0.6666666865348816
29,3,67,0.6091973781585693,0.6338706612586975,0.6091973781585693,0.6338706612586975,0.686274528503418,0.6666666865348816
29,3,68,0.607877790927887,0.632732093334198,0.607877790927887,0.632732093334198,0.6666666865348816,0.6666666865348816
29,3,69,0.6065564751625061,0.6315903663635254,0.6065564751625061,0.6315903663635254,0.6666666865348816,0.6666666865348816
29,3,70,0.6052507758140564,0.6304618120193481,0.6052507758140564,0.6304618120193481,0.6666666865348816,0.6666666865348816
29,3,71,0.6039382219314575,0.6293346881866455,0.6039382219314575,0.6293346881866455,0.6666666865348816,0.6666666865348816
29,3,72,0.6026157736778259,0.6282535195350647,0.6026157736778259,0.6282535195350647,0.6666666865348816,0.6666666865348816
29,3,73,0.601296603679657,0.6271781921386719,0.601296603679657,0.6271781921386719,0.6666666865348816,0.6666666865348816
29,3,74,0.599972665309906,0.6261257529258728,0.599972665309906,0.6261257529258728,0.6666666865348816,0.6666666865348816
29,3,75,0.5986399054527283,0.625085175037384,0.5986399054527283,0.625085175037384,0.6470588445663452,0.6666666865348816
29,3,76,0.5972815752029419,0.6240078806877136,0.5972815752029419,0.6240078806877136,0.6470588445663452,0.6666666865348816
29,3,77,0.5959120392799377,0.6228955388069153,0.5959120392799377,0.6228955388069153,0.6470588445663452,0.6666666865348816
29,3,78,0.5945203304290771,0.6218115091323853,0.5945203304290771,0.6218115091323853,0.6666666865348816,0.6666666865348816
29,3,79,0.5931061506271362,0.6207537055015564,0.5931061506271362,0.6207537055015564,0.6666666865348816,0.6666666865348816
29,3,80,0.5916876196861267,0.619692862033844,0.5916876196861267,0.619692862033844,0.6666666865348816,0.6666666865348816
29,3,81,0.5902600884437561,0.618678629398346,0.5902600884437561,0.618678629398346,0.6666666865348816,0.6666666865348816
29,3,82,0.5888052582740784,0.617669939994812,0.5888052582740784,0.617669939994812,0.6666666865348816,0.6666666865348816
29,3,83,0.5873585343360901,0.61665278673172,0.5873585343360901,0.61665278673172,0.6666666865348816,0.6666666865348816
29,3,84,0.5859163403511047,0.6156386733055115,0.5859163403511047,0.6156386733055115,0.6666666865348816,0.6666666865348816
29,3,85,0.5844709873199463,0.6146401166915894,0.5844709873199463,0.6146401166915894,0.6666666865348816,0.6666666865348816
29,3,86,0.5830265283584595,0.6136392951011658,0.5830265283584595,0.6136392951011658,0.6666666865348816,0.6666666865348816
29,3,87,0.5815785527229309,0.6126518249511719,0.5815785527229309,0.6126518249511719,0.6666666865348816,0.6666666865348816
29,3,88,0.5801196098327637,0.6116576194763184,0.5801196098327637,0.6116576194763184,0.6666666865348816,0.6666666865348816
29,3,89,0.5786662697792053,0.6106142401695251,0.5786662697792053,0.6106142401695251,0.6666666865348816,0.7777777910232544
29,3,90,0.5772161483764648,0.6095428466796875,0.5772161483764648,0.6095428466796875,0.6666666865348816,0.7777777910232544
29,3,91,0.5757492780685425,0.6084482073783875,0.5757492780685425,0.6084482073783875,0.686274528503418,0.7777777910232544
29,3,92,0.5742698311805725,0.6073461174964905,0.5742698311805725,0.6073461174964905,0.7058823704719543,0.7777777910232544
29,3,93,0.5727682709693909,0.6062782406806946,0.5727682709693909,0.6062782406806946,0.7254902124404907,0.7777777910232544
29,3,94,0.5712547302246094,0.605268120765686,0.5712547302246094,0.605268120765686,0.7254902124404907,0.7777777910232544
29,3,95,0.5697258114814758,0.6042962670326233,0.5697258114814758,0.6042962670326233,0.7254902124404907,0.7777777910232544
29,3,96,0.5682065486907959,0.6033396124839783,0.5682065486907959,0.6033396124839783,0.7254902124404907,0.7777777910232544
29,3,97,0.5666728019714355,0.6023740768432617,0.5666728019714355,0.6023740768432617,0.7254902124404907,0.7777777910232544
29,3,98,0.5651195645332336,0.6014308333396912,0.5651195645332336,0.6014308333396912,0.7254902124404907,0.7777777910232544
29,3,99,0.563524067401886,0.6005074381828308,0.563524067401886,0.6005074381828308,0.7254902124404907,0.7777777910232544
29,3,100,0.5619140863418579,0.5996332168579102,0.5619140267372131,0.5996332168579102,0.7254902124404907,0.7777777910232544
29,3,101,0.5603262782096863,0.598784327507019,0.5603262782096863,0.598784327507019,0.7058823704719543,0.7777777910232544
29,3,102,0.5587637424468994,0.597821831703186,0.5587637424468994,0.597821831703186,0.7254902124404907,0.7777777910232544
29,3,103,0.5571975111961365,0.5967513918876648,0.5571975111961365,0.5967513918876648,0.7254902124404907,0.7777777910232544
29,3,104,0.5556219220161438,0.5955924987792969,0.5556219220161438,0.5955924987792969,0.7254902124404907,0.7777777910232544
29,3,105,0.5540413856506348,0.5943502187728882,0.5540413856506348,0.5943502187728882,0.7254902124404907,0.7777777910232544
29,3,106,0.5524716973304749,0.5930691957473755,0.5524716973304749,0.5930691957473755,0.7254902124404907,0.7777777910232544
29,3,107,0.5509188175201416,0.591793954372406,0.5509188175201416,0.591793954372406,0.7254902124404907,0.7777777910232544
29,3,108,0.5493791699409485,0.5905689597129822,0.5493791699409485,0.5905689597129822,0.7254902124404907,0.7777777910232544
29,3,109,0.5478433966636658,0.5893834233283997,0.5478433966636658,0.5893834233283997,0.7450980544090271,0.7777777910232544
29,3,110,0.5462992191314697,0.5881720185279846,0.5462992191314697,0.5881720185279846,0.7450980544090271,0.7777777910232544
29,3,111,0.5447834134101868,0.5869532227516174,0.5447834134101868,0.5869532227516174,0.7450980544090271,0.7777777910232544
29,3,112,0.543286144733429,0.5857494473457336,0.543286144733429,0.5857494473457336,0.7450980544090271,0.7777777910232544
29,3,113,0.5418060421943665,0.5845407247543335,0.5418060421943665,0.5845407247543335,0.7450980544090271,0.7777777910232544
29,3,114,0.540339469909668,0.5833103060722351,0.540339469909668,0.5833103060722351,0.7450980544090271,0.7777777910232544
29,3,115,0.5388675928115845,0.5820642113685608,0.5388675928115845,0.5820642113685608,0.7450980544090271,0.7777777910232544
29,3,116,0.537386953830719,0.5808644890785217,0.537386953830719,0.5808644890785217,0.7450980544090271,0.7777777910232544
29,3,117,0.535903811454773,0.5797314047813416,0.535903811454773,0.5797314047813416,0.7450980544090271,0.7777777910232544
29,3,118,0.534421443939209,0.5786174535751343,0.534421443939209,0.5786174535751343,0.7450980544090271,0.7777777910232544
29,3,119,0.5329492688179016,0.577559769153595,0.5329492688179016,0.577559769153595,0.7450980544090271,0.7777777910232544
29,3,120,0.5314772129058838,0.5764979124069214,0.5314772129058838,0.5764979124069214,0.7450980544090271,0.7777777910232544
29,3,121,0.5299975275993347,0.5753534436225891,0.5299975275993347,0.5753534436225891,0.7450980544090271,0.7777777910232544
29,3,122,0.5285143852233887,0.5742741823196411,0.5285143852233887,0.5742741823196411,0.7647058963775635,0.7777777910232544
29,3,123,0.527011513710022,0.5733332633972168,0.527011513710022,0.5733332633972168,0.7647058963775635,0.7777777910232544
29,3,124,0.5255147814750671,0.5724068880081177,0.5255147814750671,0.5724068880081177,0.7647058963775635,0.7777777910232544
29,3,125,0.5240052342414856,0.5714472532272339,0.5240052342414856,0.5714472532272339,0.7647058963775635,0.7777777910232544
29,3,126,0.5224788188934326,0.5705065727233887,0.5224788188934326,0.5705065727233887,0.7843137383460999,0.7777777910232544
29,3,127,0.5209532976150513,0.5695844292640686,0.5209532976150513,0.5695844292640686,0.7843137383460999,0.7777777910232544
29,3,128,0.5194135308265686,0.5686500072479248,0.5194135308265686,0.5686500072479248,0.7843137383460999,0.7777777910232544
29,3,129,0.5178574323654175,0.567711591720581,0.5178574323654175,0.567711591720581,0.7843137383460999,0.7777777910232544
29,3,130,0.5163019895553589,0.5668428540229797,0.5163019895553589,0.5668428540229797,0.7843137383460999,0.7777777910232544
29,3,131,0.514756441116333,0.566017746925354,0.514756441116333,0.566017746925354,0.8039215803146362,0.7777777910232544
29,3,132,0.5132067799568176,0.5651346445083618,0.5132067799568176,0.5651346445083618,0.8039215803146362,0.7777777910232544
29,3,133,0.5116450786590576,0.5641564130783081,0.5116450786590576,0.5641564130783081,0.8039215803146362,0.7777777910232544
29,3,134,0.5100597143173218,0.5630906820297241,0.5100597143173218,0.5630906820297241,0.8039215803146362,0.7777777910232544
29,3,135,0.5084776282310486,0.5620958805084229,0.5084776282310486,0.5620958805084229,0.8039215803146362,0.7777777910232544
29,3,136,0.5068879127502441,0.5611839294433594,0.5068879127502441,0.5611839294433594,0.8039215803146362,0.7777777910232544
29,3,137,0.5053060054779053,0.5602484941482544,0.5053060054779053,0.5602484941482544,0.8039215803146362,0.7777777910232544
29,3,138,0.503742516040802,0.5593491792678833,0.503742516040802,0.5593491792678833,0.8039215803146362,0.7777777910232544
29,3,139,0.5021838545799255,0.5584352612495422,0.5021838545799255,0.5584352612495422,0.8039215803146362,0.7777777910232544
29,3,140,0.5006347298622131,0.5575070977210999,0.5006347298622131,0.5575070977210999,0.8039215803146362,0.7777777910232544
29,3,141,0.49906688928604126,0.556617021560669,0.49906688928604126,0.556617021560669,0.8039215803146362,0.7777777910232544
29,3,142,0.4975001811981201,0.5557791590690613,0.4975001811981201,0.5557791590690613,0.8039215803146362,0.7777777910232544
29,3,143,0.49591416120529175,0.5549807548522949,0.49591416120529175,0.5549807548522949,0.8039215803146362,0.7777777910232544
29,3,144,0.49430644512176514,0.5541341304779053,0.49430644512176514,0.5541341304779053,0.8039215803146362,0.7777777910232544
29,3,145,0.49267253279685974,0.5532521605491638,0.49267253279685974,0.5532521605491638,0.8039215803146362,0.7777777910232544
29,3,146,0.49100548028945923,0.5523595809936523,0.49100548028945923,0.5523595809936523,0.8039215803146362,0.7777777910232544
29,3,147,0.48932820558547974,0.5515493154525757,0.48932820558547974,0.5515493154525757,0.8039215803146362,0.7777777910232544
29,3,148,0.4876144230365753,0.5507939457893372,0.4876144230365753,0.5507939457893372,0.8039215803146362,0.7777777910232544
29,3,149,0.48585420846939087,0.5500657558441162,0.48585420846939087,0.5500657558441162,0.8039215803146362,0.7777777910232544
29,3,150,0.484106183052063,0.5492745637893677,0.484106183052063,0.5492745637893677,0.8039215803146362,0.7777777910232544
29,3,151,0.48234444856643677,0.5484756827354431,0.48234444856643677,0.5484756827354431,0.8039215803146362,0.7777777910232544
29,3,152,0.48058027029037476,0.5477604269981384,0.48058027029037476,0.5477604269981384,0.8039215803146362,0.7777777910232544
29,3,153,0.4788249433040619,0.5470717549324036,0.4788249433040619,0.5470717549324036,0.8039215803146362,0.7777777910232544
29,3,154,0.4771277904510498,0.5464035272598267,0.4771277904510498,0.5464035272598267,0.8235294222831726,0.7777777910232544
29,3,155,0.4754253029823303,0.5457134246826172,0.4754253029823303,0.5457134246826172,0.8235294222831726,0.7777777910232544
29,3,156,0.4737043082714081,0.5450217127799988,0.4737043082714081,0.5450217127799988,0.8235294222831726,0.7777777910232544
29,3,157,0.47199928760528564,0.5443103909492493,0.47199928760528564,0.5443103909492493,0.8235294222831726,0.7777777910232544
29,3,158,0.4702545702457428,0.5435981154441833,0.4702545702457428,0.5435981154441833,0.8235294222831726,0.7777777910232544
29,3,159,0.46850302815437317,0.5428683757781982,0.46850302815437317,0.5428683757781982,0.8235294222831726,0.7777777910232544
29,3,160,0.4667273461818695,0.5420830249786377,0.4667273163795471,0.5420830249786377,0.8235294222831726,0.7777777910232544
29,3,161,0.46493062376976013,0.5413334369659424,0.46493062376976013,0.5413334369659424,0.8235294222831726,0.7777777910232544
29,3,162,0.46314477920532227,0.5406674146652222,0.46314477920532227,0.5406674146652222,0.8235294222831726,0.7777777910232544
29,3,163,0.4613625407218933,0.5398792624473572,0.4613625407218933,0.5398792624473572,0.8235294222831726,0.7777777910232544
29,3,164,0.4595680236816406,0.5389797687530518,0.4595680236816406,0.5389797687530518,0.8235294222831726,0.7777777910232544
29,3,165,0.45775043964385986,0.5380246043205261,0.45775043964385986,0.5380246043205261,0.8235294222831726,0.7777777910232544
29,3,166,0.4559125602245331,0.5371320247650146,0.4559125602245331,0.5371320247650146,0.8235294222831726,0.7777777910232544
29,3,167,0.4540766775608063,0.5362635850906372,0.4540766775608063,0.5362635850906372,0.8235294222831726,0.7777777910232544
29,3,168,0.45222947001457214,0.5354044437408447,0.45222947001457214,0.5354044437408447,0.8235294222831726,0.7777777910232544
29,3,169,0.4503784477710724,0.5345784425735474,0.4503784477710724,0.5345784425735474,0.8235294222831726,0.7777777910232544
29,3,170,0.44852375984191895,0.5337122082710266,0.44852375984191895,0.5337122082710266,0.8235294222831726,0.7777777910232544
29,3,171,0.44667109847068787,0.5327438712120056,0.44667109847068787,0.5327438712120056,0.8235294222831726,0.7777777910232544
29,3,172,0.44478315114974976,0.5317646265029907,0.44478315114974976,0.5317646265029907,0.8235294222831726,0.7777777910232544
29,3,173,0.4428931474685669,0.5309237837791443,0.4428931474685669,0.5309237837791443,0.8235294222831726,0.7777777910232544
29,3,174,0.4410175681114197,0.5302412509918213,0.4410175681114197,0.5302412509918213,0.8235294222831726,0.7777777910232544
29,3,175,0.43913957476615906,0.5295102596282959,0.43913957476615906,0.5295102596282959,0.8235294222831726,0.7777777910232544
29,3,176,0.43724313378334045,0.5287048816680908,0.43724313378334045,0.5287048816680908,0.8235294222831726,0.7777777910232544
29,3,177,0.4353441596031189,0.527970552444458,0.4353441596031189,0.527970552444458,0.8235294222831726,0.7777777910232544
29,3,178,0.43339553475379944,0.5272920727729797,0.43339553475379944,0.5272920727729797,0.8235294222831726,0.7777777910232544
29,3,179,0.4314240515232086,0.5265828371047974,0.4314240515232086,0.5265828371047974,0.8235294222831726,0.7777777910232544
29,3,180,0.42942702770233154,0.5259866118431091,0.42942702770233154,0.5259866118431091,0.8235294222831726,0.7777777910232544
29,3,181,0.42746952176094055,0.5255653262138367,0.42746952176094055,0.5255653262138367,0.8235294222831726,0.7777777910232544
29,3,182,0.4254971742630005,0.5250684022903442,0.4254971742630005,0.5250684022903442,0.8235294222831726,0.7777777910232544
29,3,183,0.42351841926574707,0.5245887637138367,0.42351841926574707,0.5245887637138367,0.8235294222831726,0.7777777910232544
29,3,184,0.42154136300086975,0.5241331458091736,0.42154136300086975,0.5241331458091736,0.8235294222831726,0.7777777910232544
29,3,185,0.41956889629364014,0.5236760973930359,0.41956889629364014,0.5236760973930359,0.8235294222831726,0.7777777910232544
29,3,186,0.41767218708992004,0.5231279730796814,0.41767212748527527,0.5231279730796814,0.8235294222831726,0.7777777910232544
29,3,187,0.41572898626327515,0.5225775241851807,0.41572898626327515,0.5225775241851807,0.8235294222831726,0.7777777910232544
29,3,188,0.413826584815979,0.5219928622245789,0.413826584815979,0.5219928622245789,0.8235294222831726,0.7777777910232544
29,3,189,0.4119187295436859,0.5213383436203003,0.4119187295436859,0.5213383436203003,0.8235294222831726,0.7777777910232544
29,3,190,0.40995845198631287,0.5206664204597473,0.40995845198631287,0.5206664204597473,0.843137264251709,0.7777777910232544
29,3,191,0.40803179144859314,0.5199657678604126,0.40803176164627075,0.5199657678604126,0.843137264251709,0.7777777910232544
29,3,192,0.40606632828712463,0.5193957686424255,0.40606632828712463,0.5193957686424255,0.843137264251709,0.7777777910232544
29,3,193,0.4040987491607666,0.5187506675720215,0.4040987491607666,0.5187506675720215,0.843137264251709,0.7777777910232544
29,3,194,0.4021364450454712,0.5180227160453796,0.4021364450454712,0.5180227160453796,0.843137264251709,0.7777777910232544
29,3,195,0.40017372369766235,0.5174839496612549,0.40017372369766235,0.5174839496612549,0.843137264251709,0.7777777910232544
29,3,196,0.39819619059562683,0.5170252919197083,0.39819619059562683,0.5170252919197083,0.843137264251709,0.7777777910232544
29,3,197,0.39623087644577026,0.5164572596549988,0.39623087644577026,0.5164572596549988,0.843137264251709,0.7777777910232544
29,3,198,0.394270658493042,0.5158069729804993,0.394270658493042,0.5158069729804993,0.843137264251709,0.7777777910232544
29,3,199,0.3923015296459198,0.5152504444122314,0.3923015296459198,0.5152504444122314,0.843137264251709,0.7777777910232544
29,3,200,0.39033111929893494,0.5146529674530029,0.39033111929893494,0.5146529674530029,0.843137264251709,0.7777777910232544
29,3,201,0.38835930824279785,0.5139981508255005,0.38835930824279785,0.5139981508255005,0.843137264251709,0.7777777910232544
29,3,202,0.3863856792449951,0.5133451819419861,0.3863856792449951,0.5133451819419861,0.843137264251709,0.7777777910232544
29,3,203,0.38440072536468506,0.5126361846923828,0.38440072536468506,0.5126361846923828,0.843137264251709,0.7777777910232544
29,3,204,0.38241341710090637,0.5119473338127136,0.38241341710090637,0.5119473338127136,0.843137264251709,0.7777777910232544
29,3,205,0.3804427981376648,0.511177122592926,0.3804427981376648,0.511177122592926,0.843137264251709,0.7777777910232544
29,3,206,0.37843939661979675,0.5104592442512512,0.37843939661979675,0.5104592442512512,0.843137264251709,0.7777777910232544
29,3,207,0.37641963362693787,0.5097150802612305,0.37641963362693787,0.5097150802612305,0.843137264251709,0.7777777910232544
29,3,208,0.3743775188922882,0.5089344382286072,0.3743775188922882,0.5089344382286072,0.843137264251709,0.7777777910232544
29,3,209,0.37231653928756714,0.5082222819328308,0.37231653928756714,0.5082222819328308,0.843137264251709,0.7777777910232544
29,3,210,0.3701920211315155,0.5076248049736023,0.3701920211315155,0.5076248049736023,0.843137264251709,0.7777777910232544
29,3,211,0.3681067228317261,0.50704026222229,0.3681067228317261,0.50704026222229,0.843137264251709,0.7777777910232544
29,3,212,0.36593836545944214,0.5062606334686279,0.36593836545944214,0.5062606334686279,0.843137264251709,0.7777777910232544
29,3,213,0.3637488782405853,0.5054614543914795,0.3637488782405853,0.5054614543914795,0.843137264251709,0.7777777910232544
29,3,214,0.3615604043006897,0.5048301815986633,0.3615604043006897,0.5048301815986633,0.843137264251709,0.7777777910232544
29,3,215,0.3594135344028473,0.5041080117225647,0.3594135344028473,0.5041080117225647,0.843137264251709,0.7777777910232544
29,3,216,0.357258141040802,0.5032288432121277,0.3572581112384796,0.5032288432121277,0.843137264251709,0.7777777910232544
29,3,217,0.35508379340171814,0.5024212598800659,0.35508379340171814,0.5024212598800659,0.843137264251709,0.7777777910232544
29,3,218,0.35288769006729126,0.501797616481781,0.35288769006729126,0.501797616481781,0.843137264251709,0.7777777910232544
29,3,219,0.3506971001625061,0.5012381076812744,0.3506971001625061,0.5012381076812744,0.843137264251709,0.7777777910232544
29,3,220,0.34854739904403687,0.5006530284881592,0.34854739904403687,0.5006530284881592,0.843137264251709,0.7777777910232544
29,3,221,0.3463978171348572,0.4999786913394928,0.3463978171348572,0.4999786913394928,0.8627451062202454,0.7777777910232544
29,3,222,0.3442319929599762,0.49929672479629517,0.3442319929599762,0.49929672479629517,0.8627451062202454,0.7777777910232544
29,3,223,0.34206610918045044,0.49872779846191406,0.34206610918045044,0.49872779846191406,0.8627451062202454,0.7777777910232544
29,3,224,0.33991870284080505,0.498047411441803,0.33991870284080505,0.498047411441803,0.8627451062202454,0.7777777910232544
29,3,225,0.33777034282684326,0.49726471304893494,0.33777034282684326,0.49726471304893494,0.8627451062202454,0.7777777910232544
29,3,226,0.33561256527900696,0.4964514374732971,0.33561256527900696,0.4964514374732971,0.8627451062202454,0.7777777910232544
29,3,227,0.333450585603714,0.495831161737442,0.333450585603714,0.495831161737442,0.8627451062202454,0.7777777910232544
29,3,228,0.33126312494277954,0.49535518884658813,0.33126312494277954,0.49535518884658813,0.8823529481887817,0.7777777910232544
29,3,229,0.3291076123714447,0.4947066307067871,0.3291076123714447,0.4947066307067871,0.8823529481887817,0.7777777910232544
29,3,230,0.32692772150039673,0.4940340220928192,0.32692772150039673,0.4940340220928192,0.8823529481887817,0.7777777910232544
29,3,231,0.3247147500514984,0.4934474527835846,0.3247147500514984,0.4934474527835846,0.8823529481887817,0.7777777910232544
29,3,232,0.3225487470626831,0.4929054081439972,0.3225487470626831,0.4929054081439972,0.8823529481887817,0.7777777910232544
29,3,233,0.3203994631767273,0.4925430119037628,0.3203994631767273,0.4925430119037628,0.8823529481887817,0.7777777910232544
29,3,234,0.3182239234447479,0.49210092425346375,0.3182239234447479,0.49210092425346375,0.8823529481887817,0.7777777910232544
29,3,235,0.3160475194454193,0.49173465371131897,0.3160475194454193,0.49173465371131897,0.8823529481887817,0.7777777910232544
29,3,236,0.3138788342475891,0.4911735951900482,0.3138788342475891,0.4911735951900482,0.8823529481887817,0.7777777910232544
29,3,237,0.311712384223938,0.4907563626766205,0.311712384223938,0.4907563626766205,0.8823529481887817,0.7777777910232544
29,3,238,0.30955788493156433,0.49038124084472656,0.30955788493156433,0.49038124084472656,0.8823529481887817,0.7777777910232544
29,3,239,0.30739930272102356,0.4899219870567322,0.30739930272102356,0.4899219870567322,0.8823529481887817,0.7777777910232544
29,3,240,0.30524536967277527,0.48948267102241516,0.30524536967277527,0.48948267102241516,0.8823529481887817,0.7777777910232544
29,3,241,0.30312401056289673,0.4891558885574341,0.30312401056289673,0.4891558885574341,0.8823529481887817,0.7777777910232544
29,3,242,0.30101802945137024,0.488802433013916,0.30101802945137024,0.488802433013916,0.8823529481887817,0.7777777910232544
29,3,243,0.29889655113220215,0.4883318543434143,0.29889655113220215,0.4883318543434143,0.8823529481887817,0.7777777910232544
29,3,244,0.2967697083950043,0.48768913745880127,0.2967697083950043,0.48768913745880127,0.8823529481887817,0.7777777910232544
29,3,245,0.2946918308734894,0.4871584475040436,0.2946918308734894,0.4871584475040436,0.8823529481887817,0.7777777910232544
29,3,246,0.29258012771606445,0.48687097430229187,0.29258012771606445,0.48687097430229187,0.9019607901573181,0.7777777910232544
29,3,247,0.29047703742980957,0.48647961020469666,0.29047703742980957,0.48647961020469666,0.9019607901573181,0.7777777910232544
29,3,248,0.28840699791908264,0.4859660565853119,0.28840699791908264,0.4859660565853119,0.9019607901573181,0.7777777910232544
29,3,249,0.2863023281097412,0.48564058542251587,0.2863023281097412,0.48564058542251587,0.9019607901573181,0.7777777910232544
29,3,250,0.28421711921691895,0.4853881299495697,0.28421711921691895,0.4853881299495697,0.9019607901573181,0.7777777910232544
29,3,251,0.28212860226631165,0.48506271839141846,0.28212860226631165,0.48506271839141846,0.9019607901573181,0.7777777910232544
29,3,252,0.27999886870384216,0.484930157661438,0.27999886870384216,0.484930157661438,0.9019607901573181,0.7777777910232544
29,3,253,0.2778763473033905,0.4848061800003052,0.2778763473033905,0.4848061800003052,0.9019607901573181,0.7777777910232544
29,3,254,0.2757731080055237,0.4844559133052826,0.2757731080055237,0.4844559133052826,0.9019607901573181,0.7777777910232544
29,3,255,0.27368593215942383,0.4840508997440338,0.2736859619617462,0.4840508997440338,0.9019607901573181,0.7777777910232544
29,3,256,0.27153652906417847,0.48344939947128296,0.27153652906417847,0.48344939947128296,0.9019607901573181,0.7777777910232544
29,3,257,0.269405335187912,0.48300421237945557,0.269405335187912,0.48300421237945557,0.9019607901573181,0.7777777910232544
29,3,258,0.26730629801750183,0.48258277773857117,0.26730629801750183,0.48258277773857117,0.9019607901573181,0.7777777910232544
29,3,259,0.26524078845977783,0.48225805163383484,0.26524078845977783,0.48225805163383484,0.9019607901573181,0.7777777910232544
29,3,260,0.26314637064933777,0.4817943572998047,0.26314637064933777,0.4817943572998047,0.9019607901573181,0.7777777910232544
29,3,261,0.26111799478530884,0.48146915435791016,0.26111799478530884,0.48146915435791016,0.9019607901573181,0.7777777910232544
29,3,262,0.25904110074043274,0.4812577962875366,0.25904110074043274,0.4812577962875366,0.9019607901573181,0.7777777910232544
29,3,263,0.2569752037525177,0.4807773232460022,0.2569752037525177,0.4807773232460022,0.9019607901573181,0.7777777910232544
29,3,264,0.25494584441185,0.4800758957862854,0.25494584441185,0.4800758957862854,0.9019607901573181,0.7777777910232544
29,3,265,0.25289562344551086,0.47949710488319397,0.25289562344551086,0.47949710488319397,0.9019607901573181,0.7777777910232544
29,3,266,0.25088781118392944,0.47920989990234375,0.25088781118392944,0.47920989990234375,0.9215686321258545,0.7777777910232544
29,3,267,0.2488720864057541,0.4789356589317322,0.2488720864057541,0.4789356589317322,0.9215686321258545,0.7777777910232544
29,3,268,0.24688152968883514,0.47864478826522827,0.24688152968883514,0.47864478826522827,0.9215686321258545,0.7777777910232544
29,3,269,0.24490715563297272,0.47825539112091064,0.24490715563297272,0.47825539112091064,0.9215686321258545,0.7777777910232544
29,3,270,0.24296604096889496,0.4778640568256378,0.24296604096889496,0.4778640568256378,0.9215686321258545,0.7777777910232544
29,3,271,0.24100959300994873,0.4778400957584381,0.24100959300994873,0.4778400957584381,0.9215686321258545,0.7777777910232544
29,3,272,0.23906804621219635,0.47762876749038696,0.23906804621219635,0.47762876749038696,0.9215686321258545,0.7777777910232544
29,3,273,0.23714078962802887,0.47723108530044556,0.23714078962802887,0.47723108530044556,0.9215686321258545,0.7777777910232544
29,3,274,0.2352025955915451,0.47681617736816406,0.2352025955915451,0.47681617736816406,0.9215686321258545,0.7777777910232544
29,3,275,0.23331092298030853,0.47651052474975586,0.23331092298030853,0.47651052474975586,0.9411764740943909,0.7777777910232544
29,3,276,0.2314201444387436,0.4764958620071411,0.2314201444387436,0.4764958620071411,0.9411764740943909,0.7777777910232544
29,3,277,0.2295055389404297,0.4763963520526886,0.2295055389404297,0.4763963520526886,0.9411764740943909,0.7777777910232544
29,3,278,0.22763828933238983,0.4761432111263275,0.22763828933238983,0.4761432111263275,0.9411764740943909,0.7777777910232544
29,3,279,0.22577016055583954,0.47575506567955017,0.22577016055583954,0.47575506567955017,0.9411764740943909,0.7777777910232544
29,3,280,0.2239159792661667,0.475521445274353,0.2239159792661667,0.475521445274353,0.9411764740943909,0.7777777910232544
29,3,281,0.22205618023872375,0.4753454923629761,0.22205618023872375,0.4753454923629761,0.9411764740943909,0.7777777910232544
29,3,282,0.22021327912807465,0.47529336810112,0.22021327912807465,0.47529336810112,0.9411764740943909,0.7777777910232544
29,3,283,0.21841055154800415,0.4752553403377533,0.21841055154800415,0.4752553403377533,0.9411764740943909,0.7777777910232544
29,3,284,0.21656790375709534,0.47510209679603577,0.21656791865825653,0.47510209679603577,0.9411764740943909,0.7777777910232544
29,3,285,0.21477216482162476,0.47474798560142517,0.21477216482162476,0.47474798560142517,0.9411764740943909,0.7777777910232544
29,3,286,0.21300049126148224,0.4743436276912689,0.21300049126148224,0.4743436276912689,0.9411764740943909,0.7777777910232544
29,3,287,0.21121849119663239,0.4743614196777344,0.21121849119663239,0.4743614196777344,0.9411764740943909,0.7777777910232544
29,3,288,0.2094397395849228,0.47450336813926697,0.2094397395849228,0.47450336813926697,0.9411764740943909,0.7777777910232544
29,3,289,0.20768408477306366,0.4743310213088989,0.20768408477306366,0.4743310213088989,0.9607843160629272,0.7777777910232544
29,3,290,0.2059238851070404,0.4738464951515198,0.2059238851070404,0.4738464951515198,0.9607843160629272,0.7777777910232544
29,3,291,0.20419609546661377,0.47371906042099,0.20419609546661377,0.47371906042099,0.9607843160629272,0.7777777910232544
29,3,292,0.2024732083082199,0.47384560108184814,0.2024732083082199,0.47384560108184814,0.9607843160629272,0.7777777910232544
29,3,293,0.20075364410877228,0.47396910190582275,0.20075364410877228,0.47396910190582275,0.9607843160629272,0.7777777910232544
29,3,294,0.19906534254550934,0.47376659512519836,0.19906534254550934,0.47376659512519836,0.9607843160629272,0.7777777910232544
29,3,295,0.19739647209644318,0.4734714925289154,0.19739647209644318,0.4734714925289154,0.9607843160629272,0.7777777910232544
29,3,296,0.19572259485721588,0.47351402044296265,0.19572259485721588,0.47351402044296265,0.9607843160629272,0.7777777910232544
29,3,297,0.1940573900938034,0.473736435174942,0.1940573900938034,0.473736435174942,0.9607843160629272,0.7777777910232544
29,3,298,0.19240802526474,0.47367599606513977,0.19240802526474,0.47367599606513977,0.9607843160629272,0.7777777910232544
29,3,299,0.19074973464012146,0.47340959310531616,0.19074973464012146,0.47340959310531616,0.9607843160629272,0.7777777910232544
29,3,300,0.18910296261310577,0.4733281135559082,0.18910296261310577,0.4733281135559082,0.9607843160629272,0.7777777910232544
30,3,1,0.6933122277259827,0.6944523453712463,0.6933122277259827,0.6944523453712463,0.5686274766921997,0.4444444477558136
30,3,2,0.6913996934890747,0.6936706900596619,0.6913996934890747,0.6936706900596619,0.5686274766921997,0.5555555820465088
30,3,3,0.6898489594459534,0.6929177641868591,0.6898489594459534,0.6929177641868591,0.5686274766921997,0.5555555820465088
30,3,4,0.6883668899536133,0.6921766400337219,0.6883668899536133,0.6921766400337219,0.5882353186607361,0.6666666865348816
30,3,5,0.6869134902954102,0.6914328336715698,0.6869134902954102,0.6914328336715698,0.5686274766921997,0.5555555820465088
30,3,6,0.685476541519165,0.6906888484954834,0.685476541519165,0.6906888484954834,0.6274510025978088,0.5555555820465088
30,3,7,0.6840416193008423,0.6899492740631104,0.6840416193008423,0.6899492740631104,0.5882353186607361,0.5555555820465088
30,3,8,0.6825989484786987,0.6891568899154663,0.6825989484786987,0.6891568899154663,0.5882353186607361,0.5555555820465088
30,3,9,0.6811817288398743,0.6883848905563354,0.6811817288398743,0.6883848905563354,0.6274510025978088,0.5555555820465088
30,3,10,0.6797807216644287,0.6876951456069946,0.6797807216644287,0.6876951456069946,0.6274510025978088,0.6666666865348816
30,3,11,0.6784010529518127,0.6870458126068115,0.6784010529518127,0.6870458126068115,0.6274510025978088,0.6666666865348816
30,3,12,0.6770646572113037,0.6864943504333496,0.6770646572113037,0.6864943504333496,0.6470588445663452,0.6666666865348816
30,3,13,0.6758134365081787,0.6859894394874573,0.6758134365081787,0.6859894394874573,0.6470588445663452,0.6666666865348816
30,3,14,0.6745996475219727,0.6854530572891235,0.6745996475219727,0.6854530572891235,0.6470588445663452,0.6666666865348816
30,3,15,0.6733899712562561,0.6849064230918884,0.6733899712562561,0.6849064230918884,0.6470588445663452,0.6666666865348816
30,3,16,0.672153115272522,0.6843699812889099,0.672153115272522,0.6843699812889099,0.6666666865348816,0.6666666865348816
30,3,17,0.6708937287330627,0.6838535666465759,0.6708937287330627,0.6838535666465759,0.7058823704719543,0.7777777910232544
30,3,18,0.6696604490280151,0.6833615899085999,0.6696604490280151,0.6833615899085999,0.7058823704719543,0.7777777910232544
30,3,19,0.6684467196464539,0.68284672498703,0.6684467196464539,0.68284672498703,0.686274528503418,0.7777777910232544
30,3,20,0.6672557592391968,0.6823588013648987,0.6672557592391968,0.6823588013648987,0.686274528503418,0.7777777910232544
30,3,21,0.666063666343689,0.6818654537200928,0.666063666343689,0.6818654537200928,0.7058823704719543,0.7777777910232544
30,3,22,0.6648693680763245,0.6813827157020569,0.6648693680763245,0.6813827157020569,0.686274528503418,0.7777777910232544
30,3,23,0.6636714339256287,0.6809068322181702,0.6636714339256287,0.6809068322181702,0.686274528503418,0.7777777910232544
30,3,24,0.6624791622161865,0.6804349422454834,0.6624791622161865,0.6804349422454834,0.686274528503418,0.7777777910232544
30,3,25,0.6612806916236877,0.6799700260162354,0.6612806916236877,0.6799700260162354,0.7058823704719543,0.7777777910232544
30,3,26,0.6600732803344727,0.6795063018798828,0.6600732803344727,0.6795063018798828,0.7058823704719543,0.7777777910232544
30,3,27,0.6588575839996338,0.6790423393249512,0.6588575839996338,0.6790423393249512,0.7058823704719543,0.6666666865348816
30,3,28,0.6576361060142517,0.678574800491333,0.6576361060142517,0.678574800491333,0.7058823704719543,0.6666666865348816
30,3,29,0.6564094424247742,0.6781047582626343,0.6564094424247742,0.6781047582626343,0.7058823704719543,0.6666666865348816
30,3,30,0.6551766395568848,0.677586019039154,0.6551766395568848,0.677586019039154,0.7058823704719543,0.6666666865348816
30,3,31,0.6539312601089478,0.6770616173744202,0.6539312601089478,0.6770616173744202,0.7058823704719543,0.6666666865348816
30,3,32,0.6526795029640198,0.6765432953834534,0.6526795029640198,0.6765432953834534,0.7058823704719543,0.6666666865348816
30,3,33,0.6514104008674622,0.6760609745979309,0.6514104008674622,0.6760609745979309,0.7058823704719543,0.6666666865348816
30,3,34,0.6501396894454956,0.6755204796791077,0.6501396894454956,0.6755204796791077,0.7058823704719543,0.6666666865348816
30,3,35,0.648859441280365,0.6749182939529419,0.648859441280365,0.6749182939529419,0.7058823704719543,0.6666666865348816
30,3,36,0.6475682258605957,0.6743002533912659,0.6475682854652405,0.6743002533912659,0.7058823704719543,0.6666666865348816
30,3,37,0.6462444067001343,0.6736840009689331,0.6462444067001343,0.6736840009689331,0.7254902124404907,0.6666666865348816
30,3,38,0.6449059844017029,0.673058271408081,0.6449059844017029,0.673058271408081,0.7450980544090271,0.6666666865348816
30,3,39,0.6435551643371582,0.6724021434783936,0.6435551643371582,0.6724021434783936,0.7450980544090271,0.6666666865348816
30,3,40,0.6421851515769958,0.6717374324798584,0.6421851515769958,0.6717374324798584,0.7450980544090271,0.6666666865348816
30,3,41,0.6407929062843323,0.6710512638092041,0.6407929062843323,0.6710512638092041,0.7450980544090271,0.6666666865348816
30,3,42,0.6393944025039673,0.6703711152076721,0.6393944025039673,0.6703711152076721,0.7450980544090271,0.6666666865348816
30,3,43,0.6379902958869934,0.6697070002555847,0.6379902958869934,0.6697070002555847,0.7450980544090271,0.6666666865348816
30,3,44,0.6365675330162048,0.6690897941589355,0.6365675330162048,0.6690897941589355,0.7450980544090271,0.6666666865348816
30,3,45,0.6351318955421448,0.6684925556182861,0.6351318955421448,0.6684925556182861,0.7450980544090271,0.6666666865348816
30,3,46,0.633658766746521,0.6678870916366577,0.633658766746521,0.6678870916366577,0.7450980544090271,0.6666666865348816
30,3,47,0.6321574449539185,0.6673247814178467,0.6321574449539185,0.6673247814178467,0.7450980544090271,0.6666666865348816
30,3,48,0.6306373476982117,0.6667399406433105,0.6306373476982117,0.6667399406433105,0.7450980544090271,0.6666666865348816
30,3,49,0.6291065812110901,0.6661598086357117,0.6291065812110901,0.6661598086357117,0.7647058963775635,0.6666666865348816
30,3,50,0.6275917291641235,0.6655797958374023,0.6275917291641235,0.6655797958374023,0.7647058963775635,0.6666666865348816
30,3,51,0.6260678172111511,0.6649857759475708,0.6260678172111511,0.6649857759475708,0.7647058963775635,0.6666666865348816
30,3,52,0.6245256662368774,0.6643775105476379,0.6245256662368774,0.6643775105476379,0.7647058963775635,0.6666666865348816
30,3,53,0.6229725480079651,0.6637601256370544,0.6229725480079651,0.6637601256370544,0.7647058963775635,0.6666666865348816
30,3,54,0.6214402318000793,0.6631830334663391,0.6214402318000793,0.6631830334663391,0.7647058963775635,0.6666666865348816
30,3,55,0.6199215054512024,0.6626527309417725,0.6199215054512024,0.6626527309417725,0.7647058963775635,0.6666666865348816
30,3,56,0.6183856725692749,0.6621298789978027,0.6183856725692749,0.6621298789978027,0.7647058963775635,0.6666666865348816
30,3,57,0.6168352961540222,0.6616255044937134,0.6168352961540222,0.6616255044937134,0.7647058963775635,0.6666666865348816
30,3,58,0.6152714490890503,0.6610807180404663,0.6152714490890503,0.6610807180404663,0.7647058963775635,0.6666666865348816
30,3,59,0.6136882305145264,0.6605434417724609,0.6136882305145264,0.6605434417724609,0.7647058963775635,0.6666666865348816
30,3,60,0.612074077129364,0.66000896692276,0.612074077129364,0.66000896692276,0.7647058963775635,0.6666666865348816
30,3,61,0.610453188419342,0.6594507694244385,0.610453188419342,0.6594507694244385,0.7647058963775635,0.6666666865348816
30,3,62,0.6088201999664307,0.6588791012763977,0.6088201999664307,0.6588791012763977,0.7647058963775635,0.6666666865348816
30,3,63,0.6071737408638,0.6582919359207153,0.6071737408638,0.6582919359207153,0.7647058963775635,0.6666666865348816
30,3,64,0.6055294275283813,0.657696545124054,0.6055294275283813,0.657696545124054,0.7647058963775635,0.6666666865348816
30,3,65,0.6038706302642822,0.6570554971694946,0.6038706302642822,0.6570554971694946,0.7647058963775635,0.6666666865348816
30,3,66,0.6021959781646729,0.6563862562179565,0.6021959781646729,0.6563862562179565,0.7647058963775635,0.6666666865348816
30,3,67,0.6005192399024963,0.6556456089019775,0.6005192399024963,0.6556456089019775,0.7647058963775635,0.6666666865348816
30,3,68,0.5988488793373108,0.654879093170166,0.5988488793373108,0.654879093170166,0.7647058963775635,0.6666666865348816
30,3,69,0.5971766710281372,0.6541228294372559,0.5971766710281372,0.6541228294372559,0.7647058963775635,0.6666666865348816
30,3,70,0.5954816341400146,0.6533815860748291,0.5954816341400146,0.6533815860748291,0.7647058963775635,0.6666666865348816
30,3,71,0.593757152557373,0.6526201367378235,0.593757152557373,0.6526201367378235,0.7647058963775635,0.6666666865348816
30,3,72,0.5920034050941467,0.6518633961677551,0.5920034050941467,0.6518633961677551,0.7647058963775635,0.6666666865348816
30,3,73,0.5902209281921387,0.6510496735572815,0.5902209281921387,0.6510496735572815,0.7647058963775635,0.6666666865348816
30,3,74,0.5884150862693787,0.6502272486686707,0.5884150862693787,0.6502272486686707,0.7647058963775635,0.6666666865348816
30,3,75,0.5865824222564697,0.6493886113166809,0.5865824222564697,0.6493886113166809,0.7647058963775635,0.6666666865348816
30,3,76,0.5847117900848389,0.6485307216644287,0.5847117900848389,0.6485307216644287,0.7647058963775635,0.6666666865348816
30,3,77,0.5828120112419128,0.6476638913154602,0.5828120112419128,0.6476638913154602,0.7647058963775635,0.6666666865348816
30,3,78,0.5808898210525513,0.6468654274940491,0.5808898210525513,0.6468654274940491,0.7647058963775635,0.6666666865348816
30,3,79,0.5789471864700317,0.6460967063903809,0.5789471864700317,0.6460967063903809,0.7647058963775635,0.6666666865348816
30,3,80,0.5770031809806824,0.6453351378440857,0.5770031809806824,0.6453351378440857,0.7647058963775635,0.6666666865348816
30,3,81,0.5750393867492676,0.6446211934089661,0.5750393867492676,0.6446211934089661,0.7450980544090271,0.6666666865348816
30,3,82,0.5730727910995483,0.64389967918396,0.5730727910995483,0.64389967918396,0.7450980544090271,0.6666666865348816
30,3,83,0.5711100101470947,0.6431726813316345,0.5711100101470947,0.6431726813316345,0.7450980544090271,0.6666666865348816
30,3,84,0.5691372752189636,0.6424376964569092,0.5691372752189636,0.6424376964569092,0.7647058963775635,0.6666666865348816
30,3,85,0.5671518445014954,0.641724705696106,0.5671518445014954,0.641724705696106,0.7647058963775635,0.6666666865348816
30,3,86,0.5651503205299377,0.6410150527954102,0.5651503205299377,0.6410150527954102,0.7647058963775635,0.6666666865348816
30,3,87,0.5631530284881592,0.640337347984314,0.5631530284881592,0.640337347984314,0.7647058963775635,0.6666666865348816
30,3,88,0.5611375570297241,0.6396974325180054,0.5611375570297241,0.6396974325180054,0.7647058963775635,0.6666666865348816
30,3,89,0.5591071844100952,0.6391550898551941,0.55910724401474,0.6391550898551941,0.7647058963775635,0.6666666865348816
30,3,90,0.5570693612098694,0.6385419368743896,0.5570693612098694,0.6385419368743896,0.7647058963775635,0.6666666865348816
30,3,91,0.5550100803375244,0.637923002243042,0.5550100803375244,0.637923002243042,0.7647058963775635,0.6666666865348816
30,3,92,0.5529391169548035,0.6373032331466675,0.5529391169548035,0.6373032331466675,0.7647058963775635,0.6666666865348816
30,3,93,0.5508622527122498,0.636654257774353,0.5508622527122498,0.636654257774353,0.7647058963775635,0.6666666865348816
30,3,94,0.548777163028717,0.6360021233558655,0.5487772226333618,0.6360021233558655,0.7647058963775635,0.6666666865348816
30,3,95,0.546664297580719,0.6353650689125061,0.546664297580719,0.6353650689125061,0.7647058963775635,0.6666666865348816
30,3,96,0.5445436835289001,0.6347407102584839,0.5445436835289001,0.6347407102584839,0.7647058963775635,0.6666666865348816
30,3,97,0.5424131155014038,0.6341429948806763,0.5424131155014038,0.6341429948806763,0.7647058963775635,0.6666666865348816
30,3,98,0.5402741432189941,0.6335501670837402,0.5402741432189941,0.6335501670837402,0.7843137383460999,0.6666666865348816
30,3,99,0.5381336212158203,0.6330273151397705,0.5381336212158203,0.6330273151397705,0.7843137383460999,0.6666666865348816
30,3,100,0.5360109806060791,0.6325039267539978,0.5360109806060791,0.6325039267539978,0.7843137383460999,0.6666666865348816
30,3,101,0.533903181552887,0.6319754719734192,0.533903181552887,0.6319754719734192,0.7843137383460999,0.6666666865348816
30,3,102,0.5317931175231934,0.6314785480499268,0.5317931175231934,0.6314785480499268,0.7843137383460999,0.6666666865348816
30,3,103,0.5296975374221802,0.6310104727745056,0.5296975374221802,0.6310104727745056,0.7843137383460999,0.6666666865348816
30,3,104,0.5276027321815491,0.6305563449859619,0.5276027321815491,0.6305563449859619,0.7843137383460999,0.6666666865348816
30,3,105,0.5254851579666138,0.6301084160804749,0.5254851579666138,0.6301084160804749,0.8039215803146362,0.6666666865348816
30,3,106,0.5233644247055054,0.6296899318695068,0.5233644247055054,0.6296899318695068,0.8039215803146362,0.6666666865348816
30,3,107,0.5212495923042297,0.6292849183082581,0.5212495923042297,0.6292849183082581,0.8039215803146362,0.6666666865348816
30,3,108,0.5191289186477661,0.628879189491272,0.5191289186477661,0.628879189491272,0.8039215803146362,0.6666666865348816
30,3,109,0.5170155763626099,0.6284207701683044,0.5170155763626099,0.6284207701683044,0.8039215803146362,0.6666666865348816
30,3,110,0.5148910284042358,0.6279428005218506,0.5148910284042358,0.6279428005218506,0.8235294222831726,0.6666666865348816
30,3,111,0.5127636194229126,0.6274120211601257,0.5127636194229126,0.6274120211601257,0.8235294222831726,0.6666666865348816
30,3,112,0.5106337070465088,0.6268594264984131,0.5106337070465088,0.6268594264984131,0.8235294222831726,0.6666666865348816
30,3,113,0.5084887742996216,0.626342236995697,0.5084887742996216,0.626342236995697,0.8235294222831726,0.6666666865348816
30,3,114,0.5063518285751343,0.6258613467216492,0.5063518285751343,0.6258613467216492,0.8235294222831726,0.6666666865348816
30,3,115,0.5042259097099304,0.6253549456596375,0.5042259097099304,0.6253549456596375,0.8235294222831726,0.6666666865348816
30,3,116,0.5020974278450012,0.6247910261154175,0.5020974278450012,0.6247910261154175,0.843137264251709,0.6666666865348816
30,3,117,0.4999678134918213,0.62423175573349,0.4999678134918213,0.62423175573349,0.843137264251709,0.6666666865348816
30,3,118,0.4978529214859009,0.6237301826477051,0.4978529214859009,0.6237301826477051,0.843137264251709,0.6666666865348816
30,3,119,0.49574029445648193,0.6232723593711853,0.49574029445648193,0.6232723593711853,0.843137264251709,0.6666666865348816
30,3,120,0.4936492443084717,0.6227982044219971,0.4936492443084717,0.6227982044219971,0.843137264251709,0.6666666865348816
30,3,121,0.4915618896484375,0.6223034858703613,0.4915618896484375,0.6223034858703613,0.843137264251709,0.6666666865348816
30,3,122,0.48946672677993774,0.6217860579490662,0.48946672677993774,0.6217860579490662,0.843137264251709,0.6666666865348816
30,3,123,0.48736363649368286,0.6212425231933594,0.48736363649368286,0.6212425231933594,0.843137264251709,0.6666666865348816
30,3,124,0.4852491021156311,0.6207191944122314,0.4852491021156311,0.6207191944122314,0.843137264251709,0.6666666865348816
30,3,125,0.48315227031707764,0.6202718615531921,0.48315227031707764,0.6202718615531921,0.843137264251709,0.6666666865348816
30,3,126,0.4810713231563568,0.6198580861091614,0.4810713231563568,0.6198580861091614,0.843137264251709,0.6666666865348816
30,3,127,0.47898781299591064,0.6194553971290588,0.47898781299591064,0.6194553971290588,0.843137264251709,0.6666666865348816
30,3,128,0.4769041836261749,0.6191499829292297,0.4769041836261749,0.6191499829292297,0.843137264251709,0.6666666865348816
30,3,129,0.4748282730579376,0.6189149022102356,0.4748282730579376,0.6189149022102356,0.843137264251709,0.6666666865348816
30,3,130,0.47274520993232727,0.6186859607696533,0.47274520993232727,0.6186859607696533,0.843137264251709,0.6666666865348816
30,3,131,0.4706602692604065,0.6184704303741455,0.4706602692604065,0.6184704303741455,0.843137264251709,0.6666666865348816
30,3,132,0.46856942772865295,0.6183000802993774,0.46856942772865295,0.6183000802993774,0.843137264251709,0.6666666865348816
30,3,133,0.46649208664894104,0.6181352138519287,0.46649208664894104,0.6181352138519287,0.843137264251709,0.6666666865348816
30,3,134,0.46440252661705017,0.6179119944572449,0.46440252661705017,0.6179119944572449,0.843137264251709,0.6666666865348816
30,3,135,0.4623187482357025,0.6177420020103455,0.4623187482357025,0.6177420020103455,0.843137264251709,0.6666666865348816
30,3,136,0.46022137999534607,0.6175107359886169,0.46022137999534607,0.6175107359886169,0.843137264251709,0.6666666865348816
30,3,137,0.4581294357776642,0.6172787547111511,0.4581294357776642,0.6172787547111511,0.843137264251709,0.6666666865348816
30,3,138,0.4560384452342987,0.6170365810394287,0.4560384452342987,0.6170365810394287,0.843137264251709,0.6666666865348816
30,3,139,0.45395413041114807,0.6168251037597656,0.45395413041114807,0.6168251037597656,0.843137264251709,0.6666666865348816
30,3,140,0.4518577456474304,0.6167052984237671,0.4518577456474304,0.6167052984237671,0.843137264251709,0.6666666865348816
30,3,141,0.44975489377975464,0.6166531443595886,0.44975489377975464,0.6166531443595886,0.843137264251709,0.6666666865348816
30,3,142,0.447643905878067,0.6166279315948486,0.447643905878067,0.6166279315948486,0.843137264251709,0.6666666865348816
30,3,143,0.4455137550830841,0.6166190505027771,0.4455137550830841,0.6166190505027771,0.843137264251709,0.6666666865348816
30,3,144,0.44335564970970154,0.6165921688079834,0.4433556795120239,0.6165921688079834,0.843137264251709,0.6666666865348816
30,3,145,0.4412074685096741,0.6165035367012024,0.4412074685096741,0.6165035367012024,0.843137264251709,0.6666666865348816
30,3,146,0.43906456232070923,0.6164737939834595,0.43906456232070923,0.6164737939834595,0.843137264251709,0.6666666865348816
30,3,147,0.4369205832481384,0.6164379715919495,0.4369205832481384,0.6164379715919495,0.843137264251709,0.6666666865348816
30,3,148,0.43476104736328125,0.6163876056671143,0.43476104736328125,0.6163876056671143,0.843137264251709,0.5555555820465088
30,3,149,0.432597815990448,0.6163562536239624,0.432597815990448,0.6163562536239624,0.843137264251709,0.5555555820465088
30,3,150,0.43042710423469543,0.6163289546966553,0.43042710423469543,0.6163289546966553,0.8627451062202454,0.5555555820465088
30,3,151,0.42828837037086487,0.6162150502204895,0.42828837037086487,0.6162150502204895,0.8627451062202454,0.6666666865348816
30,3,152,0.4261506497859955,0.6160399317741394,0.4261506497859955,0.6160399317741394,0.8627451062202454,0.6666666865348816
30,3,153,0.4240073263645172,0.6159994602203369,0.4240073263645172,0.6159994602203369,0.8823529481887817,0.6666666865348816
30,3,154,0.4218631088733673,0.6159910559654236,0.4218631088733673,0.6159910559654236,0.8823529481887817,0.6666666865348816
30,3,155,0.4197443723678589,0.6159319281578064,0.4197443723678589,0.6159319281578064,0.8823529481887817,0.6666666865348816
30,3,156,0.41762077808380127,0.6159383654594421,0.41762077808380127,0.6159383654594421,0.8823529481887817,0.6666666865348816
30,3,157,0.41549810767173767,0.6160739064216614,0.41549810767173767,0.6160739064216614,0.8823529481887817,0.6666666865348816
30,3,158,0.41338035464286804,0.6162221431732178,0.41338035464286804,0.6162221431732178,0.8823529481887817,0.6666666865348816
30,3,159,0.41126060485839844,0.6163354516029358,0.41126060485839844,0.6163354516029358,0.8823529481887817,0.6666666865348816
30,3,160,0.4091358482837677,0.6164007782936096,0.4091358482837677,0.6164007782936096,0.8823529481887817,0.6666666865348816
30,3,161,0.4070163071155548,0.6165673136711121,0.4070163071155548,0.6165673136711121,0.8823529481887817,0.6666666865348816
30,3,162,0.40489450097084045,0.6169050931930542,0.40489450097084045,0.6169050931930542,0.8823529481887817,0.6666666865348816
30,3,163,0.402785062789917,0.6173161864280701,0.402785062789917,0.6173161864280701,0.8823529481887817,0.6666666865348816
30,3,164,0.4006735384464264,0.6178259253501892,0.4006735384464264,0.6178259253501892,0.8823529481887817,0.6666666865348816
30,3,165,0.3985593020915985,0.6183602213859558,0.3985593020915985,0.6183602213859558,0.8823529481887817,0.6666666865348816
30,3,166,0.3964194059371948,0.6189351677894592,0.3964194059371948,0.6189351677894592,0.8823529481887817,0.6666666865348816
30,3,167,0.3942897915840149,0.6194785833358765,0.3942897915840149,0.6194785833358765,0.8823529481887817,0.6666666865348816
30,3,168,0.392158180475235,0.6200275421142578,0.392158180475235,0.6200275421142578,0.9019607901573181,0.6666666865348816
30,3,169,0.3900042474269867,0.6206995844841003,0.3900042474269867,0.6206995844841003,0.9019607901573181,0.6666666865348816
30,3,170,0.3878593146800995,0.6213701963424683,0.3878593146800995,0.6213701963424683,0.9019607901573181,0.6666666865348816
30,3,171,0.3856890797615051,0.6219887733459473,0.3856890797615051,0.6219887733459473,0.9019607901573181,0.6666666865348816
30,3,172,0.38353103399276733,0.6225917935371399,0.38353103399276733,0.6225917935371399,0.9019607901573181,0.6666666865348816
30,3,173,0.38137286901474,0.6232063174247742,0.38137286901474,0.6232063174247742,0.9019607901573181,0.6666666865348816
30,3,174,0.37921684980392456,0.6237968802452087,0.37921684980392456,0.6237968802452087,0.9019607901573181,0.6666666865348816
30,3,175,0.3770611584186554,0.624443531036377,0.37706121802330017,0.624443531036377,0.9019607901573181,0.6666666865348816
30,3,176,0.37490546703338623,0.6250744462013245,0.37490546703338623,0.6250744462013245,0.9215686321258545,0.6666666865348816
30,3,177,0.3727668821811676,0.6256591081619263,0.3727668821811676,0.6256591081619263,0.9215686321258545,0.6666666865348816
30,3,178,0.3706437051296234,0.6262052059173584,0.3706437051296234,0.6262052059173584,0.9215686321258545,0.6666666865348816
30,3,179,0.36850181221961975,0.626912534236908,0.36850181221961975,0.626912534236908,0.9215686321258545,0.6666666865348816
30,3,180,0.3663688004016876,0.6276485919952393,0.3663688004016876,0.6276485919952393,0.9215686321258545,0.6666666865348816
31,4,1,0.6998759508132935,0.7164355516433716,0.6998759508132935,0.7164355516433716,0.41999998688697815,0.4444444477558136
31,4,2,0.6973078846931458,0.7156417369842529,0.6973078846931458,0.7156417369842529,0.41999998688697815,0.4444444477558136
31,4,3,0.6950303912162781,0.7147002220153809,0.6950303912162781,0.7147002220153809,0.4399999976158142,0.4444444477558136
31,4,4,0.6928626894950867,0.7137110233306885,0.6928626894950867,0.7137110233306885,0.46000000834465027,0.4444444477558136
31,4,5,0.6906770467758179,0.7127581834793091,0.6906770467758179,0.7127581834793091,0.5,0.3333333432674408
31,4,6,0.6885545253753662,0.7119224071502686,0.6885545253753662,0.7119224071502686,0.5400000214576721,0.3333333432674408
31,4,7,0.6865127682685852,0.7111263871192932,0.6865127682685852,0.7111263871192932,0.6200000047683716,0.3333333432674408
31,4,8,0.6845277547836304,0.7104590535163879,0.6845277547836304,0.7104590535163879,0.6000000238418579,0.4444444477558136
31,4,9,0.6826562285423279,0.7098311185836792,0.6826562285423279,0.7098311185836792,0.6200000047683716,0.4444444477558136
31,4,10,0.6808376312255859,0.7092338800430298,0.6808376312255859,0.7092338800430298,0.699999988079071,0.4444444477558136
31,4,11,0.6790360808372498,0.7086453437805176,0.6790360808372498,0.7086453437805176,0.699999988079071,0.4444444477558136
31,4,12,0.677276611328125,0.708120584487915,0.677276611328125,0.708120584487915,0.699999988079071,0.4444444477558136
31,4,13,0.6755806803703308,0.7076510190963745,0.6755806803703308,0.7076510190963745,0.6399999856948853,0.3333333432674408
31,4,14,0.6739562749862671,0.7071853280067444,0.6739562749862671,0.7071853280067444,0.6600000262260437,0.4444444477558136
31,4,15,0.6723801493644714,0.7067604064941406,0.6723801493644714,0.7067604064941406,0.6800000071525574,0.4444444477558136
31,4,16,0.6708270311355591,0.7062971591949463,0.6708270311355591,0.7062971591949463,0.6600000262260437,0.4444444477558136
31,4,17,0.6692829132080078,0.7058593034744263,0.6692829132080078,0.7058593034744263,0.6800000071525574,0.4444444477558136
31,4,18,0.6677998304367065,0.7054640054702759,0.6677998304367065,0.7054640054702759,0.6800000071525574,0.4444444477558136
31,4,19,0.6663708686828613,0.7050729990005493,0.6663708686828613,0.7050729990005493,0.6600000262260437,0.4444444477558136
31,4,20,0.664959192276001,0.704672634601593,0.664959192276001,0.704672634601593,0.6600000262260437,0.4444444477558136
31,4,21,0.663607120513916,0.704311192035675,0.663607120513916,0.704311192035675,0.6600000262260437,0.4444444477558136
31,4,22,0.6622815132141113,0.7039878964424133,0.6622815132141113,0.7039878964424133,0.6800000071525574,0.4444444477558136
31,4,23,0.6609731912612915,0.7036828994750977,0.6609731912612915,0.7036828994750977,0.6600000262260437,0.4444444477558136
31,4,24,0.6597328782081604,0.7033751010894775,0.6597328782081604,0.7033751010894775,0.6600000262260437,0.4444444477558136
31,4,25,0.6585065722465515,0.7030416131019592,0.6585065722465515,0.7030416131019592,0.6600000262260437,0.4444444477558136
31,4,26,0.657291054725647,0.7027139663696289,0.657291054725647,0.7027139663696289,0.6600000262260437,0.4444444477558136
31,4,27,0.6561007499694824,0.7023966312408447,0.6561007499694824,0.7023966312408447,0.6600000262260437,0.4444444477558136
31,4,28,0.6549150943756104,0.7020785212516785,0.6549150943756104,0.7020785212516785,0.6399999856948853,0.4444444477558136
31,4,29,0.6537300944328308,0.7017707824707031,0.6537300944328308,0.7017707824707031,0.6399999856948853,0.4444444477558136
31,4,30,0.6525382995605469,0.7014182209968567,0.6525382995605469,0.7014182209968567,0.6399999856948853,0.4444444477558136
31,4,31,0.6513535380363464,0.7010506987571716,0.6513535380363464,0.7010506987571716,0.6399999856948853,0.4444444477558136
31,4,32,0.6501530408859253,0.7006604075431824,0.6501530408859253,0.7006604075431824,0.6399999856948853,0.4444444477558136
31,4,33,0.6489644050598145,0.7002280950546265,0.6489644050598145,0.7002280950546265,0.6399999856948853,0.4444444477558136
31,4,34,0.6477587223052979,0.6997303366661072,0.6477587223052979,0.6997303366661072,0.6399999856948853,0.4444444477558136
31,4,35,0.6465351581573486,0.6991793513298035,0.6465351581573486,0.6991793513298035,0.6399999856948853,0.4444444477558136
31,4,36,0.6452968120574951,0.6986238360404968,0.6452968120574951,0.6986238360404968,0.6399999856948853,0.4444444477558136
31,4,37,0.6440331935882568,0.6980654001235962,0.6440331935882568,0.6980654001235962,0.6399999856948853,0.4444444477558136
31,4,38,0.6427459120750427,0.6975309252738953,0.6427459120750427,0.6975309252738953,0.6399999856948853,0.4444444477558136
31,4,39,0.6414170265197754,0.6970360279083252,0.6414170265197754,0.6970360279083252,0.6399999856948853,0.5555555820465088
31,4,40,0.640049159526825,0.6965771913528442,0.640049159526825,0.6965771913528442,0.6399999856948853,0.5555555820465088
31,4,41,0.6386635303497314,0.6961016058921814,0.6386635303497314,0.6961016058921814,0.6399999856948853,0.5555555820465088
31,4,42,0.6372414231300354,0.6956643462181091,0.6372414231300354,0.6956643462181091,0.6399999856948853,0.5555555820465088
31,4,43,0.6357886791229248,0.6952405571937561,0.6357886791229248,0.6952405571937561,0.6399999856948853,0.5555555820465088
31,4,44,0.6343101263046265,0.6948435306549072,0.6343101263046265,0.6948435306549072,0.6800000071525574,0.5555555820465088
31,4,45,0.6327364444732666,0.6944389343261719,0.6327364444732666,0.6944389343261719,0.6800000071525574,0.5555555820465088
31,4,46,0.6311348080635071,0.6940386295318604,0.6311348080635071,0.6940386295318604,0.6800000071525574,0.5555555820465088
31,4,47,0.6295534372329712,0.6936314702033997,0.6295534372329712,0.6936314702033997,0.6800000071525574,0.5555555820465088
31,4,48,0.6278841495513916,0.693246066570282,0.6278841495513916,0.693246066570282,0.6800000071525574,0.5555555820465088
31,4,49,0.6261845827102661,0.6928979754447937,0.6261845827102661,0.6928979754447937,0.6800000071525574,0.5555555820465088
31,4,50,0.624468982219696,0.692531943321228,0.624468982219696,0.692531943321228,0.699999988079071,0.5555555820465088
31,4,51,0.6227288246154785,0.6921886801719666,0.6227288246154785,0.6921886801719666,0.699999988079071,0.5555555820465088
31,4,52,0.6209886074066162,0.6917540431022644,0.6209886074066162,0.6917540431022644,0.699999988079071,0.5555555820465088
31,4,53,0.619249701499939,0.6912371516227722,0.619249701499939,0.6912371516227722,0.699999988079071,0.5555555820465088
31,4,54,0.6174953579902649,0.690761923789978,0.6174953579902649,0.690761923789978,0.699999988079071,0.5555555820465088
31,4,55,0.6157348155975342,0.6902862787246704,0.6157348155975342,0.6902862787246704,0.699999988079071,0.5555555820465088
31,4,56,0.613977313041687,0.6898152232170105,0.613977313041687,0.6898152232170105,0.7200000286102295,0.5555555820465088
31,4,57,0.6122478246688843,0.6893625259399414,0.6122478246688843,0.6893625259399414,0.7400000095367432,0.5555555820465088
31,4,58,0.6105200052261353,0.6888710856437683,0.6105200052261353,0.6888710856437683,0.7400000095367432,0.5555555820465088
31,4,59,0.6087713241577148,0.688342809677124,0.6087713837623596,0.688342809677124,0.7400000095367432,0.5555555820465088
31,4,60,0.6069982051849365,0.687771737575531,0.6069982051849365,0.687771737575531,0.7400000095367432,0.5555555820465088
31,4,61,0.6051995754241943,0.6871058940887451,0.6051995754241943,0.6871058940887451,0.7400000095367432,0.5555555820465088
31,4,62,0.6033974885940552,0.6864738464355469,0.6033974885940552,0.6864738464355469,0.7200000286102295,0.5555555820465088
31,4,63,0.6015869379043579,0.6858623027801514,0.6015869379043579,0.6858623027801514,0.7200000286102295,0.5555555820465088
31,4,64,0.599780797958374,0.6853238940238953,0.599780797958374,0.6853238940238953,0.7200000286102295,0.5555555820465088
31,4,65,0.5979406833648682,0.6848651766777039,0.5979406833648682,0.6848651766777039,0.7200000286102295,0.5555555820465088
31,4,66,0.5960824489593506,0.6844964623451233,0.5960824489593506,0.6844964623451233,0.7400000095367432,0.5555555820465088
31,4,67,0.5942176580429077,0.6840734481811523,0.5942176580429077,0.6840734481811523,0.7400000095367432,0.5555555820465088
31,4,68,0.5923399329185486,0.6836479306221008,0.5923399329185486,0.6836479306221008,0.7400000095367432,0.5555555820465088
31,4,69,0.5904462933540344,0.6832221150398254,0.5904462933540344,0.6832221150398254,0.7400000095367432,0.5555555820465088
31,4,70,0.5885603427886963,0.6827691197395325,0.5885603427886963,0.6827691197395325,0.7400000095367432,0.5555555820465088
31,4,71,0.58665931224823,0.6822507381439209,0.58665931224823,0.6822507381439209,0.7400000095367432,0.5555555820465088
31,4,72,0.5847718715667725,0.6816726922988892,0.5847718715667725,0.6816726922988892,0.7400000095367432,0.5555555820465088
31,4,73,0.5829017758369446,0.6810616254806519,0.5829017758369446,0.6810616254806519,0.7599999904632568,0.5555555820465088
31,4,74,0.5810401439666748,0.680409848690033,0.5810401439666748,0.680409848690033,0.7599999904632568,0.5555555820465088
31,4,75,0.5791615843772888,0.6797245144844055,0.5791615843772888,0.6797245144844055,0.7599999904632568,0.5555555820465088
31,4,76,0.5772618651390076,0.6789959669113159,0.5772618651390076,0.6789959669113159,0.7599999904632568,0.5555555820465088
31,4,77,0.5753534436225891,0.678322434425354,0.5753534436225891,0.678322434425354,0.7599999904632568,0.5555555820465088
31,4,78,0.5734311938285828,0.677657961845398,0.5734311938285828,0.677657961845398,0.7599999904632568,0.5555555820465088
31,4,79,0.5714656114578247,0.6770216822624207,0.5714656114578247,0.6770216822624207,0.7599999904632568,0.5555555820465088
31,4,80,0.5695042610168457,0.676373302936554,0.5695042610168457,0.676373302936554,0.7599999904632568,0.5555555820465088
31,4,81,0.5675564408302307,0.6757731437683105,0.5675564408302307,0.6757731437683105,0.7599999904632568,0.5555555820465088
31,4,82,0.5656158924102783,0.6752607226371765,0.5656158924102783,0.6752607226371765,0.7599999904632568,0.5555555820465088
31,4,83,0.5636206865310669,0.6748501062393188,0.5636206865310669,0.6748501062393188,0.7599999904632568,0.5555555820465088
31,4,84,0.5616081953048706,0.6744807362556458,0.5616081953048706,0.6744807362556458,0.7599999904632568,0.5555555820465088
31,4,85,0.5595881938934326,0.6741275787353516,0.5595881938934326,0.6741275787353516,0.7599999904632568,0.5555555820465088
31,4,86,0.5575432777404785,0.6736906170845032,0.5575432777404785,0.6736906170845032,0.7599999904632568,0.5555555820465088
31,4,87,0.5554947853088379,0.6731826663017273,0.5554947853088379,0.6731826663017273,0.7599999904632568,0.5555555820465088
31,4,88,0.5534828901290894,0.6727079153060913,0.5534828901290894,0.6727079153060913,0.7599999904632568,0.5555555820465088
31,4,89,0.551497757434845,0.6722806692123413,0.551497757434845,0.6722806692123413,0.7599999904632568,0.5555555820465088
31,4,90,0.5494983792304993,0.6720042824745178,0.5494983792304993,0.6720042824745178,0.7599999904632568,0.5555555820465088
31,4,91,0.5474936962127686,0.6717183589935303,0.5474936962127686,0.6717183589935303,0.7599999904632568,0.5555555820465088
31,4,92,0.5454775094985962,0.6712918877601624,0.5454775094985962,0.6712918877601624,0.7599999904632568,0.5555555820465088
31,4,93,0.5434369444847107,0.6708433032035828,0.5434369444847107,0.6708433032035828,0.7799999713897705,0.5555555820465088
31,4,94,0.5414072275161743,0.6703875064849854,0.5414072275161743,0.6703875064849854,0.7799999713897705,0.5555555820465088
31,4,95,0.5394041538238525,0.6699104309082031,0.5394041538238525,0.6699104309082031,0.7799999713897705,0.5555555820465088
31,4,96,0.5374317169189453,0.6694314479827881,0.5374317169189453,0.6694314479827881,0.7799999713897705,0.5555555820465088
31,4,97,0.535458505153656,0.668921709060669,0.535458505153656,0.668921709060669,0.7799999713897705,0.5555555820465088
31,4,98,0.5334897041320801,0.6684215068817139,0.5334897041320801,0.6684215068817139,0.7799999713897705,0.5555555820465088
31,4,99,0.531542181968689,0.6677849292755127,0.531542181968689,0.6677849292755127,0.7799999713897705,0.5555555820465088
31,4,100,0.5296539664268494,0.6671240329742432,0.5296539664268494,0.6671240329742432,0.7799999713897705,0.5555555820465088
31,4,101,0.527787983417511,0.6664103865623474,0.527787983417511,0.6664103865623474,0.7799999713897705,0.5555555820465088
31,4,102,0.5259345769882202,0.6657041907310486,0.5259345769882202,0.6657041907310486,0.7799999713897705,0.5555555820465088
31,4,103,0.5241216421127319,0.6649580001831055,0.5241216421127319,0.6649580001831055,0.7799999713897705,0.5555555820465088
31,4,104,0.5222914218902588,0.6642237305641174,0.5222914218902588,0.6642237305641174,0.7799999713897705,0.5555555820465088
31,4,105,0.5204663276672363,0.6635277271270752,0.5204663276672363,0.6635277271270752,0.7799999713897705,0.5555555820465088
31,4,106,0.5186651349067688,0.6629117131233215,0.5186651349067688,0.6629117131233215,0.7799999713897705,0.5555555820465088
31,4,107,0.5168724656105042,0.6623513698577881,0.5168724656105042,0.6623513698577881,0.7799999713897705,0.5555555820465088
31,4,108,0.5150995850563049,0.661841630935669,0.5150995850563049,0.661841630935669,0.7799999713897705,0.5555555820465088
31,4,109,0.513334333896637,0.6612701416015625,0.513334333896637,0.6612701416015625,0.7599999904632568,0.5555555820465088
31,4,110,0.5115736722946167,0.6607531905174255,0.5115736722946167,0.6607531905174255,0.7599999904632568,0.5555555820465088
31,4,111,0.5098084807395935,0.6601487994194031,0.5098084807395935,0.6601487994194031,0.7599999904632568,0.5555555820465088
31,4,112,0.5080147981643677,0.6595476269721985,0.5080147981643677,0.6595476269721985,0.7599999904632568,0.5555555820465088
31,4,113,0.506228506565094,0.6589384078979492,0.506228506565094,0.6589384078979492,0.7599999904632568,0.5555555820465088
31,4,114,0.5044559240341187,0.6583281755447388,0.5044559240341187,0.6583281755447388,0.7599999904632568,0.5555555820465088
31,4,115,0.502694845199585,0.6578433513641357,0.502694845199585,0.6578433513641357,0.7599999904632568,0.5555555820465088
31,4,116,0.5009557604789734,0.6574833393096924,0.5009557604789734,0.6574833393096924,0.7599999904632568,0.5555555820465088
31,4,117,0.4992324113845825,0.6571563482284546,0.4992324113845825,0.6571563482284546,0.7599999904632568,0.5555555820465088
31,4,118,0.4975219666957855,0.6567904949188232,0.4975219666957855,0.6567904949188232,0.7599999904632568,0.5555555820465088
31,4,119,0.49581074714660645,0.6564109325408936,0.49581074714660645,0.6564109325408936,0.7599999904632568,0.5555555820465088
31,4,120,0.49410536885261536,0.6560567617416382,0.49410536885261536,0.6560567617416382,0.7599999904632568,0.5555555820465088
31,4,121,0.4924009442329407,0.6556378602981567,0.4924009442329407,0.6556378602981567,0.7599999904632568,0.5555555820465088
31,4,122,0.49069854617118835,0.6551350951194763,0.49069854617118835,0.6551350951194763,0.7599999904632568,0.5555555820465088
31,4,123,0.48900383710861206,0.6545789837837219,0.48900383710861206,0.6545789837837219,0.7599999904632568,0.5555555820465088
31,4,124,0.48732200264930725,0.6540223360061646,0.48732200264930725,0.6540223360061646,0.7599999904632568,0.5555555820465088
31,4,125,0.48562440276145935,0.653420090675354,0.48562440276145935,0.653420090675354,0.7599999904632568,0.5555555820465088
31,4,126,0.48391640186309814,0.6527799963951111,0.48391640186309814,0.6527799963951111,0.7599999904632568,0.5555555820465088
31,4,127,0.4822111129760742,0.652167558670044,0.4822111129760742,0.652167558670044,0.7599999904632568,0.5555555820465088
31,4,128,0.48050549626350403,0.6516398191452026,0.48050549626350403,0.6516398191452026,0.7599999904632568,0.5555555820465088
31,4,129,0.4788009524345398,0.6511191129684448,0.4788009524345398,0.6511191129684448,0.7599999904632568,0.5555555820465088
31,4,130,0.47709599137306213,0.6507002115249634,0.47709599137306213,0.6507002115249634,0.7599999904632568,0.5555555820465088
31,4,131,0.4753853678703308,0.6503973603248596,0.4753853678703308,0.6503973603248596,0.7599999904632568,0.5555555820465088
31,4,132,0.47367557883262634,0.6501339077949524,0.47367557883262634,0.6501339077949524,0.7599999904632568,0.5555555820465088
31,4,133,0.47197073698043823,0.6498537659645081,0.47197073698043823,0.6498537659645081,0.7599999904632568,0.5555555820465088
31,4,134,0.47026538848876953,0.6496537923812866,0.47026538848876953,0.6496537923812866,0.7599999904632568,0.5555555820465088
31,4,135,0.4685594439506531,0.6494728922843933,0.4685594439506531,0.6494728922843933,0.7599999904632568,0.5555555820465088
31,4,136,0.46685194969177246,0.6492204666137695,0.46685194969177246,0.6492204666137695,0.7599999904632568,0.5555555820465088
31,4,137,0.4651408791542053,0.6488747596740723,0.4651408791542053,0.6488747596740723,0.7599999904632568,0.5555555820465088
31,4,138,0.4634162485599518,0.648663341999054,0.4634162485599518,0.648663341999054,0.7599999904632568,0.5555555820465088
31,4,139,0.46167999505996704,0.6485075354576111,0.46167999505996704,0.6485075354576111,0.7599999904632568,0.5555555820465088
31,4,140,0.45992401242256165,0.6482313275337219,0.45992398262023926,0.6482313275337219,0.7599999904632568,0.5555555820465088
31,4,141,0.4581669569015503,0.6479862928390503,0.4581669569015503,0.6479862928390503,0.7599999904632568,0.5555555820465088
31,4,142,0.4564022123813629,0.6477333307266235,0.4564022123813629,0.6477333307266235,0.7599999904632568,0.5555555820465088
31,4,143,0.45463597774505615,0.6474941968917847,0.45463597774505615,0.6474941968917847,0.7599999904632568,0.5555555820465088
31,4,144,0.4528943598270416,0.6473267674446106,0.4528943598270416,0.6473267674446106,0.7599999904632568,0.5555555820465088
31,4,145,0.45117300748825073,0.6473789215087891,0.45117300748825073,0.6473789215087891,0.7599999904632568,0.5555555820465088
31,4,146,0.4494510591030121,0.6474946737289429,0.4494510591030121,0.6474946737289429,0.7599999904632568,0.5555555820465088
31,4,147,0.44773268699645996,0.6475660800933838,0.44773268699645996,0.6475660800933838,0.7599999904632568,0.5555555820465088
31,4,148,0.44600239396095276,0.6475511193275452,0.44600239396095276,0.6475511193275452,0.7599999904632568,0.5555555820465088
31,4,149,0.44428208470344543,0.6474519968032837,0.44428208470344543,0.6474519968032837,0.7599999904632568,0.5555555820465088
31,4,150,0.4425569176673889,0.647284746170044,0.4425569176673889,0.647284746170044,0.7599999904632568,0.5555555820465088
31,4,151,0.44082778692245483,0.6472552418708801,0.44082778692245483,0.6472552418708801,0.7599999904632568,0.5555555820465088
31,4,152,0.4391115605831146,0.6472046375274658,0.4391115605831146,0.6472046375274658,0.7599999904632568,0.5555555820465088
31,4,153,0.4373932182788849,0.6471835970878601,0.4373932182788849,0.6471835970878601,0.7599999904632568,0.5555555820465088
31,4,154,0.43570980429649353,0.6471487283706665,0.43570980429649353,0.6471487283706665,0.7599999904632568,0.5555555820465088
31,4,155,0.43405190110206604,0.6469027996063232,0.43405190110206604,0.6469027996063232,0.7599999904632568,0.5555555820465088
31,4,156,0.43239307403564453,0.6467816233634949,0.43239307403564453,0.6467816233634949,0.7599999904632568,0.5555555820465088
31,4,157,0.4307458996772766,0.6467551589012146,0.4307458996772766,0.6467551589012146,0.7799999713897705,0.5555555820465088
31,4,158,0.4290962219238281,0.6467906832695007,0.4290962219238281,0.6467906832695007,0.7799999713897705,0.6666666865348816
31,4,159,0.4274425506591797,0.6467609405517578,0.4274425506591797,0.6467609405517578,0.7799999713897705,0.6666666865348816
31,4,160,0.42580506205558777,0.6465463638305664,0.42580506205558777,0.6465463638305664,0.7799999713897705,0.6666666865348816
31,4,161,0.4241507649421692,0.6463931798934937,0.4241507649421692,0.6463931798934937,0.7799999713897705,0.6666666865348816
31,4,162,0.42250046133995056,0.6465001702308655,0.42250046133995056,0.6465001702308655,0.7799999713897705,0.6666666865348816
31,4,163,0.4208315908908844,0.6467455625534058,0.4208315908908844,0.6467455625534058,0.7799999713897705,0.6666666865348816
31,4,164,0.41917723417282104,0.646858811378479,0.41917723417282104,0.646858811378479,0.7799999713897705,0.6666666865348816
31,4,165,0.41752156615257263,0.6467840075492859,0.41752156615257263,0.6467840075492859,0.7799999713897705,0.6666666865348816
31,4,166,0.41586926579475403,0.6467188000679016,0.41586926579475403,0.6467188000679016,0.7799999713897705,0.6666666865348816
31,4,167,0.41422149538993835,0.6467758417129517,0.41422149538993835,0.6467758417129517,0.8199999928474426,0.6666666865348816
31,4,168,0.41257432103157043,0.6467282772064209,0.41257432103157043,0.6467282772064209,0.8199999928474426,0.6666666865348816
31,4,169,0.41094771027565,0.6466363668441772,0.41094771027565,0.6466363668441772,0.8199999928474426,0.6666666865348816
31,4,170,0.40931427478790283,0.6466931700706482,0.40931427478790283,0.6466931700706482,0.8199999928474426,0.6666666865348816
31,4,171,0.40767931938171387,0.6467515826225281,0.40767931938171387,0.6467515826225281,0.8199999928474426,0.6666666865348816
31,4,172,0.4060426354408264,0.6466163396835327,0.4060426354408264,0.6466163396835327,0.8199999928474426,0.6666666865348816
31,4,173,0.40441879630088806,0.6464085578918457,0.40441879630088806,0.6464085578918457,0.8199999928474426,0.6666666865348816
31,4,174,0.4027955234050751,0.6463874578475952,0.4027955234050751,0.6463874578475952,0.8199999928474426,0.6666666865348816
31,4,175,0.4011668860912323,0.6464598178863525,0.4011668860912323,0.6464598178863525,0.8199999928474426,0.6666666865348816
31,4,176,0.3995494544506073,0.6466198563575745,0.3995494544506073,0.6466198563575745,0.8199999928474426,0.6666666865348816
31,4,177,0.3979412913322449,0.6467323899269104,0.3979412913322449,0.6467323899269104,0.8199999928474426,0.6666666865348816
31,4,178,0.39634156227111816,0.6468077898025513,0.39634156227111816,0.6468077898025513,0.8199999928474426,0.6666666865348816
31,4,179,0.3947408199310303,0.6468213200569153,0.3947408199310303,0.6468213200569153,0.8199999928474426,0.6666666865348816
31,4,180,0.39313700795173645,0.6467488408088684,0.39313700795173645,0.6467488408088684,0.8199999928474426,0.6666666865348816
31,4,181,0.3915257751941681,0.6466181874275208,0.3915257751941681,0.6466181874275208,0.8199999928474426,0.6666666865348816
31,4,182,0.38992080092430115,0.6466348767280579,0.38992080092430115,0.6466348767280579,0.8199999928474426,0.6666666865348816
31,4,183,0.3883221447467804,0.6466595530509949,0.3883221447467804,0.6466595530509949,0.8199999928474426,0.6666666865348816
31,4,184,0.3867292106151581,0.6466076374053955,0.3867292106151581,0.6466076374053955,0.8199999928474426,0.6666666865348816
31,4,185,0.38514164090156555,0.646537721157074,0.38514164090156555,0.646537721157074,0.8199999928474426,0.6666666865348816
31,4,186,0.3835473656654358,0.6465463638305664,0.3835473656654358,0.6465463638305664,0.8199999928474426,0.6666666865348816
32,4,1,0.7024903893470764,0.70346599817276,0.7024903893470764,0.70346599817276,0.41999998688697815,0.4444444477558136
32,4,2,0.7004977464675903,0.703502893447876,0.7004977464675903,0.703502893447876,0.3799999952316284,0.3333333432674408
32,4,3,0.6986594200134277,0.7036025524139404,0.6986594200134277,0.7036025524139404,0.41999998688697815,0.3333333432674408
32,4,4,0.6969130635261536,0.7037292122840881,0.6969130635261536,0.7037292122840881,0.4399999976158142,0.3333333432674408
32,4,5,0.6952224969863892,0.703920304775238,0.6952224969863892,0.703920304775238,0.46000000834465027,0.3333333432674408
32,4,6,0.69358229637146,0.704149067401886,0.69358229637146,0.704149067401886,0.5600000023841858,0.4444444477558136
32,4,7,0.6920307278633118,0.7043810486793518,0.6920307278633118,0.7043810486793518,0.6000000238418579,0.4444444477558136
32,4,8,0.690525233745575,0.7046493291854858,0.690525233745575,0.7046493291854858,0.6000000238418579,0.4444444477558136
32,4,9,0.6890869140625,0.7049343585968018,0.6890869140625,0.7049343585968018,0.6399999856948853,0.5555555820465088
32,4,10,0.6877164244651794,0.7052472829818726,0.6877164244651794,0.7052472829818726,0.6399999856948853,0.5555555820465088
32,4,11,0.6863753795623779,0.7054998874664307,0.6863753795623779,0.7054998874664307,0.6600000262260437,0.5555555820465088
32,4,12,0.6850625872612,0.7057400345802307,0.6850625872612,0.7057400345802307,0.6200000047683716,0.5555555820465088
32,4,13,0.6837695240974426,0.7060024738311768,0.6837695240974426,0.7060024738311768,0.6200000047683716,0.5555555820465088
32,4,14,0.6824853420257568,0.7061436772346497,0.6824853420257568,0.7061436772346497,0.6000000238418579,0.5555555820465088
32,4,15,0.6812474131584167,0.7061337232589722,0.6812474131584167,0.7061337232589722,0.6200000047683716,0.4444444477558136
32,4,16,0.6800431609153748,0.7061342597007751,0.6800431609153748,0.7061342597007751,0.6200000047683716,0.4444444477558136
32,4,17,0.6788631677627563,0.7061867117881775,0.6788631677627563,0.7061867117881775,0.6200000047683716,0.4444444477558136
32,4,18,0.6777251958847046,0.706223726272583,0.6777251958847046,0.706223726272583,0.6200000047683716,0.4444444477558136
32,4,19,0.676606297492981,0.7062338590621948,0.676606297492981,0.7062338590621948,0.6000000238418579,0.5555555820465088
32,4,20,0.675513505935669,0.7062704563140869,0.675513505935669,0.7062704563140869,0.6000000238418579,0.5555555820465088
32,4,21,0.6744885444641113,0.7063197493553162,0.6744885444641113,0.7063197493553162,0.6000000238418579,0.5555555820465088
32,4,22,0.6735057830810547,0.7064130902290344,0.6735057830810547,0.7064130902290344,0.6000000238418579,0.5555555820465088
32,4,23,0.6725524067878723,0.7065236568450928,0.6725524067878723,0.7065236568450928,0.6000000238418579,0.5555555820465088
32,4,24,0.6716169714927673,0.7066324353218079,0.6716169714927673,0.7066324353218079,0.6000000238418579,0.5555555820465088
32,4,25,0.6707324385643005,0.706690788269043,0.6707324385643005,0.706690788269043,0.6000000238418579,0.5555555820465088
32,4,26,0.6698698997497559,0.7066875100135803,0.6698698997497559,0.7066875100135803,0.6000000238418579,0.5555555820465088
33,4,1,0.6912100911140442,0.6936943531036377,0.6912100911140442,0.6936943531036377,0.5799999833106995,0.5555555820465088
33,4,2,0.6896150708198547,0.6929446458816528,0.6896150708198547,0.6929446458816528,0.5799999833106995,0.5555555820465088
33,4,3,0.6883790493011475,0.692104697227478,0.6883790493011475,0.692104697227478,0.5799999833106995,0.5555555820465088
33,4,4,0.6872537136077881,0.6912374496459961,0.6872537136077881,0.6912374496459961,0.5799999833106995,0.5555555820465088
33,4,5,0.6862024664878845,0.6903114318847656,0.6862024664878845,0.6903114318847656,0.5799999833106995,0.5555555820465088
33,4,6,0.6851847767829895,0.6893554329872131,0.6851847767829895,0.6893554329872131,0.5799999833106995,0.5555555820465088
33,4,7,0.6842175126075745,0.6882998943328857,0.6842175126075745,0.6882998943328857,0.5799999833106995,0.5555555820465088
33,4,8,0.6832787990570068,0.687235414981842,0.6832787990570068,0.687235414981842,0.5799999833106995,0.5555555820465088
33,4,9,0.6823480129241943,0.6862050294876099,0.6823480129241943,0.6862050294876099,0.5799999833106995,0.5555555820465088
33,4,10,0.6814425587654114,0.6851930022239685,0.6814425587654114,0.6851930022239685,0.5799999833106995,0.5555555820465088
33,4,11,0.6805461049079895,0.6841944456100464,0.6805461049079895,0.6841944456100464,0.5799999833106995,0.5555555820465088
33,4,12,0.6796634197235107,0.6832488775253296,0.6796634197235107,0.6832488775253296,0.5799999833106995,0.5555555820465088
33,4,13,0.6787787675857544,0.6823211908340454,0.6787787675857544,0.6823211908340454,0.5799999833106995,0.5555555820465088
33,4,14,0.6778891682624817,0.6814203858375549,0.6778891682624817,0.6814203858375549,0.5799999833106995,0.5555555820465088
33,4,15,0.677003800868988,0.6805354952812195,0.677003800868988,0.6805354952812195,0.5799999833106995,0.5555555820465088
33,4,16,0.6761369109153748,0.6796275973320007,0.6761369109153748,0.6796275973320007,0.5799999833106995,0.5555555820465088
33,4,17,0.6752834916114807,0.6787251830101013,0.6752834916114807,0.6787251830101013,0.5799999833106995,0.5555555820465088
33,4,18,0.6744545102119446,0.6778016686439514,0.6744545102119446,0.6778016686439514,0.5799999833106995,0.5555555820465088
33,4,19,0.6736248731613159,0.6768800020217896,0.6736248731613159,0.6768800020217896,0.5799999833106995,0.5555555820465088
33,4,20,0.6728060841560364,0.6759598851203918,0.6728060841560364,0.6759598851203918,0.5799999833106995,0.5555555820465088
33,4,21,0.6719885468482971,0.6750374436378479,0.6719885468482971,0.6750374436378479,0.5799999833106995,0.5555555820465088
33,4,22,0.6711796522140503,0.674136221408844,0.6711796522140503,0.674136221408844,0.5799999833106995,0.5555555820465088
33,4,23,0.6703838109970093,0.6732714176177979,0.6703838109970093,0.6732714176177979,0.5799999833106995,0.5555555820465088
33,4,24,0.6696034073829651,0.672366201877594,0.6696034073829651,0.672366201877594,0.5799999833106995,0.5555555820465088
33,4,25,0.6688218712806702,0.6714414358139038,0.6688218712806702,0.6714414358139038,0.5799999833106995,0.5555555820465088
33,4,26,0.6680378913879395,0.6704987287521362,0.6680378913879395,0.6704987287521362,0.5799999833106995,0.5555555820465088
33,4,27,0.6672534346580505,0.6695297956466675,0.6672534346580505,0.6695297956466675,0.5799999833106995,0.5555555820465088
33,4,28,0.6664535403251648,0.6685619354248047,0.6664535403251648,0.6685619354248047,0.5799999833106995,0.5555555820465088
33,4,29,0.6656292080879211,0.6675906777381897,0.6656292080879211,0.6675906777381897,0.5799999833106995,0.5555555820465088
33,4,30,0.6647956371307373,0.66660475730896,0.6647956371307373,0.66660475730896,0.5799999833106995,0.5555555820465088
33,4,31,0.6639567613601685,0.6656620502471924,0.6639567613601685,0.6656620502471924,0.5799999833106995,0.5555555820465088
33,4,32,0.663118302822113,0.6647521257400513,0.663118302822113,0.6647521257400513,0.5799999833106995,0.5555555820465088
33,4,33,0.6622725129127502,0.663865327835083,0.6622725129127502,0.663865327835083,0.5799999833106995,0.5555555820465088
33,4,34,0.6614253520965576,0.662939727306366,0.6614253520965576,0.662939727306366,0.5799999833106995,0.5555555820465088
33,4,35,0.6605914235115051,0.6619779467582703,0.6605914235115051,0.6619779467582703,0.5799999833106995,0.5555555820465088
33,4,36,0.6597467064857483,0.6610013842582703,0.6597467064857483,0.6610013842582703,0.5799999833106995,0.5555555820465088
33,4,37,0.658903956413269,0.6600036025047302,0.658903956413269,0.6600036025047302,0.5799999833106995,0.5555555820465088
33,4,38,0.6580654978752136,0.6589846014976501,0.6580654978752136,0.6589846014976501,0.5799999833106995,0.5555555820465088
33,4,39,0.6572437882423401,0.6579650640487671,0.6572437882423401,0.6579650640487671,0.5799999833106995,0.5555555820465088
33,4,40,0.6564069390296936,0.6569492220878601,0.6564069390296936,0.6569492220878601,0.5799999833106995,0.5555555820465088
33,4,41,0.6555564403533936,0.6560249328613281,0.6555564403533936,0.6560249328613281,0.5799999833106995,0.5555555820465088
33,4,42,0.6546898484230042,0.655067503452301,0.6546898484230042,0.655067503452301,0.5799999833106995,0.5555555820465088
33,4,43,0.6538075804710388,0.6540995240211487,0.6538075804710388,0.6540995240211487,0.5799999833106995,0.5555555820465088
33,4,44,0.6529172658920288,0.6531394124031067,0.6529172658920288,0.6531394124031067,0.5799999833106995,0.5555555820465088
33,4,45,0.6520115733146667,0.6522448062896729,0.6520115733146667,0.6522448062896729,0.5799999833106995,0.5555555820465088
33,4,46,0.6510828137397766,0.6513257026672363,0.6510828137397766,0.6513257026672363,0.5799999833106995,0.5555555820465088
33,4,47,0.6501484513282776,0.6503517627716064,0.6501484513282776,0.6503517627716064,0.5799999833106995,0.5555555820465088
33,4,48,0.649190366268158,0.6493768692016602,0.649190366268158,0.6493768692016602,0.5799999833106995,0.5555555820465088
33,4,49,0.6482397317886353,0.6484740972518921,0.6482397317886353,0.6484740972518921,0.5799999833106995,0.5555555820465088
33,4,50,0.6472792625427246,0.6476338505744934,0.6472792625427246,0.6476338505744934,0.5799999833106995,0.5555555820465088
33,4,51,0.6463229656219482,0.6467918157577515,0.6463229656219482,0.6467918157577515,0.5799999833106995,0.5555555820465088
33,4,52,0.645344614982605,0.645878255367279,0.645344614982605,0.645878255367279,0.5799999833106995,0.5555555820465088
33,4,53,0.6443362236022949,0.6449307203292847,0.6443362236022949,0.6449307203292847,0.5799999833106995,0.5555555820465088
33,4,54,0.6433074474334717,0.6440508365631104,0.6433074474334717,0.6440508365631104,0.5799999833106995,0.5555555820465088
33,4,55,0.6422790288925171,0.6432235240936279,0.6422790288925171,0.6432235240936279,0.5799999833106995,0.5555555820465088
33,4,56,0.6412286162376404,0.6424207091331482,0.6412286162376404,0.6424207091331482,0.5799999833106995,0.5555555820465088
33,4,57,0.6401892304420471,0.6416258215904236,0.6401892304420471,0.6416258215904236,0.5799999833106995,0.5555555820465088
33,4,58,0.6391701698303223,0.6406885385513306,0.6391701698303223,0.6406885385513306,0.5799999833106995,0.5555555820465088
33,4,59,0.6381925344467163,0.6396876573562622,0.6381925344467163,0.6396876573562622,0.5799999833106995,0.5555555820465088
33,4,60,0.6372256875038147,0.638643741607666,0.6372256875038147,0.638643741607666,0.5799999833106995,0.5555555820465088
33,4,61,0.6362367272377014,0.637503445148468,0.6362367272377014,0.637503445148468,0.5799999833106995,0.5555555820465088
33,4,62,0.6352247595787048,0.6363222002983093,0.6352247595787048,0.6363222002983093,0.5799999833106995,0.5555555820465088
33,4,63,0.6342049241065979,0.6350984573364258,0.6342049241065979,0.6350984573364258,0.6000000238418579,0.5555555820465088
33,4,64,0.6331750750541687,0.6339794993400574,0.6331750750541687,0.6339794993400574,0.6000000238418579,0.5555555820465088
33,4,65,0.6321287751197815,0.6330099701881409,0.6321287751197815,0.6330099701881409,0.6200000047683716,0.5555555820465088
33,4,66,0.631056547164917,0.6320476531982422,0.631056547164917,0.6320476531982422,0.6200000047683716,0.5555555820465088
33,4,67,0.6299645900726318,0.631076991558075,0.6299645900726318,0.631076991558075,0.6200000047683716,0.5555555820465088
33,4,68,0.6288726329803467,0.630038321018219,0.6288726329803467,0.630038321018219,0.6200000047683716,0.5555555820465088
33,4,69,0.6277743577957153,0.6289858222007751,0.6277743577957153,0.6289858222007751,0.6200000047683716,0.5555555820465088
33,4,70,0.6266663670539856,0.6279537677764893,0.6266663670539856,0.6279537677764893,0.6200000047683716,0.5555555820465088
33,4,71,0.6255429983139038,0.626924991607666,0.6255429983139038,0.626924991607666,0.6200000047683716,0.5555555820465088
33,4,72,0.6244081258773804,0.6259140372276306,0.6244081258773804,0.6259140372276306,0.6399999856948853,0.5555555820465088
33,4,73,0.6232717633247375,0.6248743534088135,0.6232717633247375,0.6248743534088135,0.6600000262260437,0.5555555820465088
33,4,74,0.6221086382865906,0.6237428188323975,0.6221086382865906,0.6237428188323975,0.6800000071525574,0.5555555820465088
33,4,75,0.620915949344635,0.6226469278335571,0.620915949344635,0.6226469278335571,0.699999988079071,0.5555555820465088
33,4,76,0.6197037696838379,0.6215647459030151,0.6197037696838379,0.6215647459030151,0.699999988079071,0.5555555820465088
33,4,77,0.61849045753479,0.6205177307128906,0.61849045753479,0.6205177307128906,0.699999988079071,0.5555555820465088
33,4,78,0.6172435283660889,0.619500458240509,0.6172435283660889,0.619500458240509,0.699999988079071,0.5555555820465088
33,4,79,0.6159743070602417,0.6184960603713989,0.6159743070602417,0.6184960603713989,0.7200000286102295,0.5555555820465088
33,4,80,0.614682674407959,0.6174795627593994,0.614682674407959,0.6174795627593994,0.7200000286102295,0.5555555820465088
33,4,81,0.6133685111999512,0.6164512038230896,0.6133685111999512,0.6164512038230896,0.7200000286102295,0.5555555820465088
33,4,82,0.6120644211769104,0.6153907179832458,0.6120644211769104,0.6153907179832458,0.7200000286102295,0.5555555820465088
33,4,83,0.6107527613639832,0.6142993569374084,0.6107527613639832,0.6142993569374084,0.7400000095367432,0.5555555820465088
33,4,84,0.6094062328338623,0.6132266521453857,0.6094062328338623,0.6132266521453857,0.7400000095367432,0.5555555820465088
33,4,85,0.6080490350723267,0.6120591759681702,0.6080490350723267,0.6120591759681702,0.7400000095367432,0.5555555820465088
33,4,86,0.6066694855690002,0.6108269095420837,0.6066694855690002,0.6108269095420837,0.7400000095367432,0.5555555820465088
33,4,87,0.6052749156951904,0.60956209897995,0.6052749156951904,0.60956209897995,0.7200000286102295,0.5555555820465088
33,4,88,0.6038751602172852,0.6082577109336853,0.6038751602172852,0.6082577109336853,0.7200000286102295,0.5555555820465088
33,4,89,0.6024873852729797,0.6067721247673035,0.6024873852729797,0.6067721247673035,0.7200000286102295,0.5555555820465088
33,4,90,0.6010640859603882,0.6052581071853638,0.6010640859603882,0.6052581071853638,0.7200000286102295,0.5555555820465088
33,4,91,0.5995783805847168,0.6036291718482971,0.5995783805847168,0.6036291718482971,0.7200000286102295,0.5555555820465088
33,4,92,0.5980614423751831,0.6019809246063232,0.5980614423751831,0.6019809246063232,0.7200000286102295,0.5555555820465088
33,4,93,0.5965417623519897,0.6003636121749878,0.5965417623519897,0.6003636121749878,0.7400000095367432,0.5555555820465088
33,4,94,0.5950390100479126,0.5988115668296814,0.5950390100479126,0.5988115668296814,0.7400000095367432,0.6666666865348816
33,4,95,0.5935514569282532,0.59726881980896,0.5935514569282532,0.59726881980896,0.7400000095367432,0.6666666865348816
33,4,96,0.5920678377151489,0.595633327960968,0.5920678377151489,0.595633327960968,0.7400000095367432,0.6666666865348816
33,4,97,0.5905771851539612,0.5938676595687866,0.5905771851539612,0.5938676595687866,0.7200000286102295,0.6666666865348816
33,4,98,0.589077889919281,0.5921633839607239,0.589077889919281,0.5921633839607239,0.7200000286102295,0.6666666865348816
33,4,99,0.5875692963600159,0.5905560851097107,0.5875692963600159,0.5905560851097107,0.7200000286102295,0.6666666865348816
33,4,100,0.5860691666603088,0.5889659523963928,0.5860691666603088,0.5889659523963928,0.7200000286102295,0.6666666865348816
33,4,101,0.5845919847488403,0.5873663425445557,0.5845919847488403,0.5873663425445557,0.7200000286102295,0.7777777910232544
33,4,102,0.5831143260002136,0.5858327150344849,0.5831143260002136,0.5858327150344849,0.7200000286102295,0.7777777910232544
33,4,103,0.5816246271133423,0.5843707323074341,0.5816246271133423,0.5843707323074341,0.7200000286102295,0.7777777910232544
33,4,104,0.5801410675048828,0.5830557346343994,0.5801410675048828,0.5830557346343994,0.7200000286102295,0.7777777910232544
33,4,105,0.5786432027816772,0.5817040205001831,0.5786432027816772,0.5817040205001831,0.7200000286102295,0.7777777910232544
33,4,106,0.5771608948707581,0.5802903771400452,0.5771608948707581,0.5802903771400452,0.7200000286102295,0.7777777910232544
33,4,107,0.5756669044494629,0.5788788795471191,0.5756669044494629,0.5788788795471191,0.7200000286102295,0.7777777910232544
33,4,108,0.5741657614707947,0.5775617361068726,0.5741657614707947,0.5775617361068726,0.7200000286102295,0.7777777910232544
33,4,109,0.5726516842842102,0.5763072371482849,0.5726516842842102,0.5763072371482849,0.7200000286102295,0.7777777910232544
33,4,110,0.5711151361465454,0.5750000476837158,0.5711151361465454,0.5750000476837158,0.7200000286102295,0.7777777910232544
33,4,111,0.5695776343345642,0.5737863779067993,0.5695776343345642,0.5737863779067993,0.7200000286102295,0.7777777910232544
33,4,112,0.5680289268493652,0.5726776123046875,0.5680289268493652,0.5726776123046875,0.7200000286102295,0.7777777910232544
33,4,113,0.5664716362953186,0.5714821219444275,0.5664716362953186,0.5714821219444275,0.7200000286102295,0.7777777910232544
33,4,114,0.5648982524871826,0.5702266693115234,0.5648982524871826,0.5702266693115234,0.7200000286102295,0.7777777910232544
33,4,115,0.5633041858673096,0.5690045356750488,0.5633041858673096,0.5690045356750488,0.7200000286102295,0.7777777910232544
33,4,116,0.5617072582244873,0.567802906036377,0.5617072582244873,0.567802906036377,0.7200000286102295,0.7777777910232544
33,4,117,0.5601043701171875,0.5665132403373718,0.5601043701171875,0.5665132403373718,0.7200000286102295,0.7777777910232544
33,4,118,0.5584821701049805,0.5651642084121704,0.5584821701049805,0.5651642084121704,0.7200000286102295,0.7777777910232544
33,4,119,0.5568471550941467,0.5639097690582275,0.5568471550941467,0.5639097690582275,0.7200000286102295,0.7777777910232544
33,4,120,0.5551963448524475,0.5627904534339905,0.5551963448524475,0.5627904534339905,0.7200000286102295,0.7777777910232544
33,4,121,0.5535265207290649,0.5618059635162354,0.5535265207290649,0.5618059635162354,0.7200000286102295,0.7777777910232544
33,4,122,0.5518947243690491,0.5608690977096558,0.5518947243690491,0.5608690977096558,0.7200000286102295,0.7777777910232544
33,4,123,0.5502466559410095,0.5598911046981812,0.5502466559410095,0.5598911046981812,0.7200000286102295,0.7777777910232544
33,4,124,0.548562228679657,0.5588961243629456,0.548562228679657,0.5588961243629456,0.7200000286102295,0.7777777910232544
33,4,125,0.5468419194221497,0.5580571293830872,0.5468419194221497,0.5580571293830872,0.7200000286102295,0.7777777910232544
33,4,126,0.5451025366783142,0.557345449924469,0.5451025366783142,0.557345449924469,0.7200000286102295,0.7777777910232544
33,4,127,0.5433679223060608,0.5565754175186157,0.5433679223060608,0.5565754175186157,0.7200000286102295,0.7777777910232544
33,4,128,0.5416115522384644,0.5557683706283569,0.5416115522384644,0.5557683706283569,0.7200000286102295,0.7777777910232544
33,4,129,0.5398749709129333,0.5549017786979675,0.5398749709129333,0.5549017786979675,0.7200000286102295,0.7777777910232544
33,4,130,0.5381028652191162,0.5540626049041748,0.5381028652191162,0.5540626049041748,0.7200000286102295,0.7777777910232544
33,4,131,0.5363249182701111,0.5532806515693665,0.5363249182701111,0.5532806515693665,0.7200000286102295,0.7777777910232544
33,4,132,0.5345566272735596,0.5523989200592041,0.5345566272735596,0.5523989200592041,0.7200000286102295,0.7777777910232544
33,4,133,0.5327673554420471,0.5515850782394409,0.5327673554420471,0.5515850782394409,0.7200000286102295,0.7777777910232544
33,4,134,0.5309720635414124,0.5507297515869141,0.5309720635414124,0.5507297515869141,0.7200000286102295,0.7777777910232544
33,4,135,0.5291540026664734,0.5496691465377808,0.5291540026664734,0.5496691465377808,0.7200000286102295,0.7777777910232544
33,4,136,0.5273320078849792,0.5486218929290771,0.5273320078849792,0.5486218929290771,0.7200000286102295,0.7777777910232544
33,4,137,0.525498628616333,0.5478499531745911,0.525498628616333,0.5478499531745911,0.7400000095367432,0.7777777910232544
33,4,138,0.5236541032791138,0.5471846461296082,0.5236541032791138,0.5471846461296082,0.7400000095367432,0.7777777910232544
33,4,139,0.5218420624732971,0.5462108850479126,0.5218420624732971,0.5462108850479126,0.7400000095367432,0.7777777910232544
33,4,140,0.520020067691803,0.5448817014694214,0.520020067691803,0.5448817014694214,0.7400000095367432,0.7777777910232544
33,4,141,0.518186628818512,0.543574869632721,0.518186628818512,0.543574869632721,0.7400000095367432,0.7777777910232544
33,4,142,0.5163631439208984,0.5425011515617371,0.5163631439208984,0.5425011515617371,0.7599999904632568,0.7777777910232544
33,4,143,0.5145363807678223,0.541557788848877,0.5145363807678223,0.541557788848877,0.7599999904632568,0.7777777910232544
33,4,144,0.5126877427101135,0.5405632853507996,0.5126877427101135,0.5405632853507996,0.7599999904632568,0.7777777910232544
33,4,145,0.5108340382575989,0.5396130084991455,0.5108340382575989,0.5396130084991455,0.7599999904632568,0.7777777910232544
33,4,146,0.5089717507362366,0.5384989976882935,0.5089717507362366,0.5384989976882935,0.7799999713897705,0.7777777910232544
33,4,147,0.5071210265159607,0.537194013595581,0.5071210265159607,0.537194013595581,0.7799999713897705,0.7777777910232544
33,4,148,0.5052297711372375,0.5360744595527649,0.5052297711372375,0.5360744595527649,0.7799999713897705,0.7777777910232544
33,4,149,0.5033521056175232,0.535158097743988,0.5033521056175232,0.535158097743988,0.7799999713897705,0.7777777910232544
33,4,150,0.5014791488647461,0.5342722535133362,0.5014791488647461,0.5342722535133362,0.7799999713897705,0.7777777910232544
33,4,151,0.4995717704296112,0.5332346558570862,0.4995717704296112,0.5332346558570862,0.7799999713897705,0.7777777910232544
33,4,152,0.49763694405555725,0.5320265889167786,0.49763694405555725,0.5320265889167786,0.7799999713897705,0.7777777910232544
33,4,153,0.49569952487945557,0.5308946371078491,0.49569952487945557,0.5308946371078491,0.800000011920929,0.7777777910232544
33,4,154,0.49376198649406433,0.5300251245498657,0.49376198649406433,0.5300251245498657,0.800000011920929,0.7777777910232544
33,4,155,0.49178698658943176,0.5292967557907104,0.49178698658943176,0.5292967557907104,0.800000011920929,0.7777777910232544
33,4,156,0.4898621439933777,0.5284495949745178,0.4898621439933777,0.5284495949745178,0.800000011920929,0.7777777910232544
33,4,157,0.48790493607521057,0.5275872349739075,0.48790493607521057,0.5275872349739075,0.800000011920929,0.7777777910232544
33,4,158,0.4859273433685303,0.5266808867454529,0.4859273433685303,0.5266808867454529,0.800000011920929,0.7777777910232544
33,4,159,0.4839431643486023,0.5257055759429932,0.4839431643486023,0.5257055759429932,0.800000011920929,0.7777777910232544
33,4,160,0.48195815086364746,0.52485591173172,0.48195815086364746,0.52485591173172,0.800000011920929,0.7777777910232544
33,4,161,0.4799831509590149,0.5238074660301208,0.4799831509590149,0.5238074660301208,0.800000011920929,0.7777777910232544
33,4,162,0.47797736525535583,0.52290278673172,0.47797736525535583,0.52290278673172,0.800000011920929,0.7777777910232544
33,4,163,0.4759855270385742,0.5222221612930298,0.4759855270385742,0.5222221612930298,0.800000011920929,0.7777777910232544
33,4,164,0.47399356961250305,0.5214285850524902,0.47399356961250305,0.5214285850524902,0.800000011920929,0.7777777910232544
33,4,165,0.47198089957237244,0.5205103754997253,0.47198089957237244,0.5205103754997253,0.800000011920929,0.7777777910232544
33,4,166,0.46997275948524475,0.5195956826210022,0.46997275948524475,0.5195956826210022,0.800000011920929,0.7777777910232544
33,4,167,0.46795734763145447,0.5187650322914124,0.46795734763145447,0.5187650322914124,0.800000011920929,0.7777777910232544
33,4,168,0.4659191966056824,0.5179447531700134,0.4659191966056824,0.5179447531700134,0.800000011920929,0.7777777910232544
33,4,169,0.46388861536979675,0.516951858997345,0.46388861536979675,0.516951858997345,0.800000011920929,0.7777777910232544
33,4,170,0.4618241786956787,0.516011118888855,0.4618241786956787,0.516011118888855,0.800000011920929,0.7777777910232544
33,4,171,0.45974913239479065,0.5150339603424072,0.45974913239479065,0.5150339603424072,0.800000011920929,0.7777777910232544
33,4,172,0.45767322182655334,0.5141887664794922,0.45767322182655334,0.5141887664794922,0.800000011920929,0.7777777910232544
33,4,173,0.45557674765586853,0.5135883092880249,0.45557674765586853,0.5135883092880249,0.800000011920929,0.7777777910232544
33,4,174,0.45347118377685547,0.5128938555717468,0.45347118377685547,0.5128938555717468,0.800000011920929,0.7777777910232544
33,4,175,0.4513556957244873,0.512154757976532,0.4513556957244873,0.512154757976532,0.800000011920929,0.7777777910232544
33,4,176,0.44927382469177246,0.5112926959991455,0.44927382469177246,0.5112926959991455,0.800000011920929,0.7777777910232544
33,4,177,0.44714590907096863,0.5104591250419617,0.44714590907096863,0.5104591250419617,0.800000011920929,0.7777777910232544
33,4,178,0.4450000822544098,0.509534478187561,0.4450000822544098,0.509534478187561,0.800000011920929,0.7777777910232544
33,4,179,0.4428092837333679,0.508643388748169,0.4428092837333679,0.508643388748169,0.800000011920929,0.7777777910232544
33,4,180,0.44060853123664856,0.5082913637161255,0.44060853123664856,0.5082913637161255,0.800000011920929,0.7777777910232544
33,4,181,0.4383895993232727,0.5078105926513672,0.4383895993232727,0.5078105926513672,0.800000011920929,0.7777777910232544
33,4,182,0.43613770604133606,0.5070221424102783,0.43613770604133606,0.5070221424102783,0.8199999928474426,0.7777777910232544
33,4,183,0.4338729977607727,0.5062863826751709,0.4338729977607727,0.5062863826751709,0.8199999928474426,0.7777777910232544
33,4,184,0.43157118558883667,0.5057904720306396,0.43157118558883667,0.5057904720306396,0.8199999928474426,0.7777777910232544
33,4,185,0.4292609691619873,0.5054042339324951,0.4292609691619873,0.5054042339324951,0.8199999928474426,0.7777777910232544
33,4,186,0.4269596338272095,0.5050297379493713,0.4269596338272095,0.5050297379493713,0.8199999928474426,0.7777777910232544
33,4,187,0.4246424734592438,0.5045807361602783,0.4246424734592438,0.5045807361602783,0.8199999928474426,0.7777777910232544
33,4,188,0.42230308055877686,0.504068911075592,0.42230308055877686,0.504068911075592,0.8199999928474426,0.7777777910232544
33,4,189,0.4199693202972412,0.5036971569061279,0.4199693202972412,0.5036971569061279,0.8199999928474426,0.7777777910232544
33,4,190,0.41763314604759216,0.5033812522888184,0.41763314604759216,0.5033812522888184,0.8399999737739563,0.7777777910232544
33,4,191,0.41525065898895264,0.5033144950866699,0.41525065898895264,0.5033144950866699,0.8399999737739563,0.7777777910232544
33,4,192,0.412872850894928,0.5031399726867676,0.412872850894928,0.5031399726867676,0.8399999737739563,0.7777777910232544
33,4,193,0.410497784614563,0.5030241012573242,0.410497784614563,0.5030241012573242,0.8600000143051147,0.7777777910232544
33,4,194,0.40808555483818054,0.5028364658355713,0.40808555483818054,0.5028364658355713,0.8600000143051147,0.7777777910232544
33,4,195,0.40568068623542786,0.5026080012321472,0.40568068623542786,0.5026080012321472,0.8600000143051147,0.7777777910232544
33,4,196,0.403289258480072,0.5023024678230286,0.403289258480072,0.5023024678230286,0.8600000143051147,0.7777777910232544
33,4,197,0.4008503258228302,0.5021340847015381,0.4008503258228302,0.5021340847015381,0.8600000143051147,0.7777777910232544
33,4,198,0.39837560057640076,0.5020556449890137,0.39837560057640076,0.5020556449890137,0.8600000143051147,0.7777777910232544
33,4,199,0.39590775966644287,0.5020763874053955,0.39590775966644287,0.5020763874053955,0.8600000143051147,0.7777777910232544
33,4,200,0.3934566378593445,0.5023377537727356,0.3934566378593445,0.5023377537727356,0.8600000143051147,0.7777777910232544
33,4,201,0.3909934163093567,0.502698540687561,0.3909934163093567,0.502698540687561,0.8799999952316284,0.7777777910232544
33,4,202,0.38851234316825867,0.5030103921890259,0.38851234316825867,0.5030103921890259,0.8799999952316284,0.7777777910232544
33,4,203,0.38603562116622925,0.5034347176551819,0.38603562116622925,0.5034347176551819,0.8999999761581421,0.7777777910232544
33,4,204,0.3835533559322357,0.5039597749710083,0.3835533559322357,0.5039597749710083,0.8999999761581421,0.7777777910232544
33,4,205,0.3810264468193054,0.5045887231826782,0.3810264468193054,0.5045887231826782,0.9200000166893005,0.7777777910232544
33,4,206,0.3784462809562683,0.5051677227020264,0.3784462809562683,0.5051677227020264,0.9200000166893005,0.7777777910232544
33,4,207,0.37590453028678894,0.5056102871894836,0.37590453028678894,0.5056102871894836,0.9200000166893005,0.7777777910232544
33,4,208,0.37333160638809204,0.505891740322113,0.37333160638809204,0.505891740322113,0.9200000166893005,0.7777777910232544
33,4,209,0.3707144856452942,0.5067453384399414,0.3707144856452942,0.5067453384399414,0.9200000166893005,0.7777777910232544
33,4,210,0.36806583404541016,0.5081049799919128,0.36806583404541016,0.5081049799919128,0.9200000166893005,0.7777777910232544
33,4,211,0.3654009997844696,0.5091925263404846,0.3654009997844696,0.5091925263404846,0.9200000166893005,0.7777777910232544
33,4,212,0.36266422271728516,0.5100089907646179,0.36266422271728516,0.5100089907646179,0.9200000166893005,0.7777777910232544
33,4,213,0.35985955595970154,0.5110037326812744,0.35985955595970154,0.5110037326812744,0.9200000166893005,0.7777777910232544
33,4,214,0.3570948839187622,0.5121555328369141,0.3570948839187622,0.5121555328369141,0.9200000166893005,0.7777777910232544
33,4,215,0.35431262850761414,0.5134851336479187,0.35431262850761414,0.5134851336479187,0.9200000166893005,0.7777777910232544
33,4,216,0.3514721393585205,0.514710545539856,0.3514721393585205,0.514710545539856,0.9200000166893005,0.7777777910232544
33,4,217,0.3486565351486206,0.5158864259719849,0.3486565351486206,0.5158864259719849,0.9200000166893005,0.7777777910232544
33,4,218,0.3458236753940582,0.5170848369598389,0.3458236753940582,0.5170848369598389,0.9200000166893005,0.7777777910232544
33,4,219,0.3430168926715851,0.5186720490455627,0.3430168926715851,0.5186720490455627,0.9200000166893005,0.7777777910232544
33,4,220,0.3402576446533203,0.5201984643936157,0.3402576446533203,0.5201984643936157,0.9200000166893005,0.7777777910232544
33,4,221,0.3374698758125305,0.521462082862854,0.3374698758125305,0.521462082862854,0.9200000166893005,0.7777777910232544
33,4,222,0.33470138907432556,0.522372841835022,0.33470138907432556,0.522372841835022,0.9200000166893005,0.7777777910232544
33,4,223,0.3318891227245331,0.5232491493225098,0.3318891227245331,0.5232491493225098,0.9399999976158142,0.7777777910232544
34,4,1,0.6872778534889221,0.6750145554542542,0.6872778534889221,0.6750145554542542,0.5400000214576721,0.6666666865348816
34,4,2,0.6849073767662048,0.673700749874115,0.6849073767662048,0.673700749874115,0.5400000214576721,0.6666666865348816
34,4,3,0.6828481554985046,0.6723558902740479,0.6828481554985046,0.6723558902740479,0.5400000214576721,0.6666666865348816
34,4,4,0.6808591485023499,0.6711429953575134,0.6808591485023499,0.6711429953575134,0.5400000214576721,0.6666666865348816
34,4,5,0.6789878010749817,0.6700758337974548,0.6789878010749817,0.6700758337974548,0.5600000023841858,0.6666666865348816
34,4,6,0.6772318482398987,0.6690847277641296,0.6772318482398987,0.6690847277641296,0.5600000023841858,0.6666666865348816
34,4,7,0.6755995154380798,0.6681570410728455,0.6755994558334351,0.6681570410728455,0.5600000023841858,0.6666666865348816
34,4,8,0.674048900604248,0.667241632938385,0.674048900604248,0.667241632938385,0.5600000023841858,0.6666666865348816
34,4,9,0.6725723743438721,0.666344404220581,0.6725723743438721,0.666344404220581,0.5600000023841858,0.6666666865348816
34,4,10,0.6711248755455017,0.6654800176620483,0.6711248755455017,0.6654800176620483,0.5799999833106995,0.6666666865348816
34,4,11,0.6696900725364685,0.6646345257759094,0.6696900725364685,0.6646345257759094,0.5799999833106995,0.5555555820465088
34,4,12,0.6682708859443665,0.6638229489326477,0.6682708859443665,0.6638229489326477,0.5799999833106995,0.5555555820465088
34,4,13,0.6669122576713562,0.6630613207817078,0.6669122576713562,0.6630613207817078,0.5799999833106995,0.5555555820465088
34,4,14,0.6655704379081726,0.6623807549476624,0.6655704379081726,0.6623807549476624,0.5799999833106995,0.5555555820465088
34,4,15,0.6642382740974426,0.6617239713668823,0.6642382740974426,0.6617239713668823,0.5799999833106995,0.6666666865348816
34,4,16,0.6629164218902588,0.6610931754112244,0.6629164218902588,0.6610931754112244,0.6000000238418579,0.6666666865348816
34,4,17,0.6615944504737854,0.6605656147003174,0.6615944504737854,0.6605656147003174,0.6000000238418579,0.6666666865348816
34,4,18,0.660285472869873,0.6600423455238342,0.660285472869873,0.6600423455238342,0.6200000047683716,0.6666666865348816
34,4,19,0.6590051054954529,0.6595664620399475,0.6590050458908081,0.6595664620399475,0.6399999856948853,0.6666666865348816
34,4,20,0.6577438116073608,0.6591215133666992,0.6577438116073608,0.6591215133666992,0.6399999856948853,0.6666666865348816
34,4,21,0.6564798951148987,0.6586750149726868,0.6564798951148987,0.6586750149726868,0.6399999856948853,0.6666666865348816
34,4,22,0.6552227139472961,0.6582189202308655,0.6552227139472961,0.6582189202308655,0.6399999856948853,0.6666666865348816
34,4,23,0.6539671421051025,0.657721221446991,0.6539671421051025,0.657721221446991,0.6399999856948853,0.6666666865348816
34,4,24,0.6526846885681152,0.6572250127792358,0.6526846885681152,0.6572250127792358,0.6399999856948853,0.6666666865348816
34,4,25,0.6513778567314148,0.6566739678382874,0.6513778567314148,0.6566739678382874,0.6399999856948853,0.6666666865348816
34,4,26,0.6501094102859497,0.6559976935386658,0.6501094102859497,0.6559976935386658,0.6399999856948853,0.6666666865348816
34,4,27,0.6488603949546814,0.6552884578704834,0.6488603949546814,0.6552884578704834,0.6399999856948853,0.6666666865348816
34,4,28,0.6476157903671265,0.6545644998550415,0.6476157903671265,0.6545644998550415,0.6399999856948853,0.6666666865348816
34,4,29,0.6463627815246582,0.6538439989089966,0.6463627815246582,0.6538439989089966,0.6399999856948853,0.6666666865348816
34,4,30,0.6451144218444824,0.6530928015708923,0.6451144218444824,0.6530928015708923,0.6399999856948853,0.6666666865348816
34,4,31,0.643858015537262,0.6523721218109131,0.643858015537262,0.6523721218109131,0.6399999856948853,0.6666666865348816
34,4,32,0.642595648765564,0.6516878008842468,0.642595648765564,0.6516878008842468,0.6399999856948853,0.6666666865348816
34,4,33,0.6413410902023315,0.6510133743286133,0.6413410902023315,0.6510133743286133,0.6600000262260437,0.6666666865348816
34,4,34,0.6400901675224304,0.6503461599349976,0.6400901675224304,0.6503461599349976,0.6600000262260437,0.6666666865348816
34,4,35,0.6388356685638428,0.6496771574020386,0.6388356685638428,0.6496771574020386,0.6600000262260437,0.6666666865348816
34,4,36,0.6375789642333984,0.6490236520767212,0.6375789642333984,0.6490236520767212,0.6600000262260437,0.6666666865348816
34,4,37,0.636318027973175,0.6483581066131592,0.6363179683685303,0.6483581066131592,0.6399999856948853,0.6666666865348816
34,4,38,0.6350538730621338,0.647675096988678,0.6350538730621338,0.647675096988678,0.6399999856948853,0.6666666865348816
34,4,39,0.6337906718254089,0.6469964385032654,0.6337906718254089,0.6469964385032654,0.6399999856948853,0.6666666865348816
34,4,40,0.6325200796127319,0.6463029384613037,0.6325200796127319,0.6463029384613037,0.6399999856948853,0.6666666865348816
34,4,41,0.6312410235404968,0.6455985307693481,0.6312410235404968,0.6455985307693481,0.6399999856948853,0.6666666865348816
34,4,42,0.6299557089805603,0.6449010968208313,0.6299557089805603,0.6449010968208313,0.6399999856948853,0.6666666865348816
34,4,43,0.6286563277244568,0.6441883444786072,0.6286563277244568,0.6441883444786072,0.6399999856948853,0.6666666865348816
34,4,44,0.6273540258407593,0.6434605717658997,0.6273540258407593,0.6434605717658997,0.6399999856948853,0.6666666865348816
34,4,45,0.6260451674461365,0.6427274346351624,0.6260451674461365,0.6427274346351624,0.6399999856948853,0.6666666865348816
34,4,46,0.6247245073318481,0.6419851183891296,0.6247245073318481,0.6419851183891296,0.6399999856948853,0.7777777910232544
34,4,47,0.6233922839164734,0.6411822438240051,0.6233922839164734,0.6411822438240051,0.6600000262260437,0.7777777910232544
34,4,48,0.622058093547821,0.6403432488441467,0.622058093547821,0.6403432488441467,0.6600000262260437,0.7777777910232544
34,4,49,0.6207238435745239,0.6394858956336975,0.6207238435745239,0.6394858956336975,0.6600000262260437,0.7777777910232544
34,4,50,0.6193795800209045,0.6386258602142334,0.6193795800209045,0.6386258602142334,0.6600000262260437,0.7777777910232544
34,4,51,0.6180298328399658,0.6377748847007751,0.6180298328399658,0.6377748847007751,0.6600000262260437,0.7777777910232544
34,4,52,0.6166759729385376,0.6369109749794006,0.6166759729385376,0.6369109749794006,0.6600000262260437,0.6666666865348816
34,4,53,0.6153075098991394,0.6360804438591003,0.6153075695037842,0.6360804438591003,0.6600000262260437,0.6666666865348816
34,4,54,0.6139310002326965,0.6352872252464294,0.6139310002326965,0.6352872252464294,0.6600000262260437,0.6666666865348816
34,4,55,0.6125914454460144,0.6344560384750366,0.6125914454460144,0.6344560384750366,0.6600000262260437,0.6666666865348816
34,4,56,0.6112416386604309,0.6336036324501038,0.6112416982650757,0.6336036324501038,0.6600000262260437,0.6666666865348816
34,4,57,0.6098703145980835,0.6327305436134338,0.6098703145980835,0.6327305436134338,0.6600000262260437,0.6666666865348816
34,4,58,0.608493447303772,0.6318550109863281,0.608493447303772,0.6318550109863281,0.6600000262260437,0.6666666865348816
34,4,59,0.607113242149353,0.6309651732444763,0.607113242149353,0.6309651732444763,0.6600000262260437,0.6666666865348816
34,4,60,0.6057352423667908,0.6299979090690613,0.6057352423667908,0.6299979090690613,0.6600000262260437,0.6666666865348816
34,4,61,0.604377269744873,0.629020094871521,0.604377269744873,0.629020094871521,0.6600000262260437,0.6666666865348816
34,4,62,0.6030225157737732,0.6280443668365479,0.6030225157737732,0.6280443668365479,0.6600000262260437,0.6666666865348816
34,4,63,0.6016668081283569,0.6271312236785889,0.6016668081283569,0.6271312236785889,0.6600000262260437,0.6666666865348816
34,4,64,0.6003267765045166,0.6262760162353516,0.6003267765045166,0.6262760162353516,0.6600000262260437,0.6666666865348816
34,4,65,0.5989876389503479,0.6254744529724121,0.5989876389503479,0.6254744529724121,0.6600000262260437,0.6666666865348816
34,4,66,0.5976336002349854,0.6246793866157532,0.5976336002349854,0.6246793866157532,0.6600000262260437,0.6666666865348816
34,4,67,0.5962700843811035,0.6238595843315125,0.5962700843811035,0.6238595843315125,0.6600000262260437,0.6666666865348816
34,4,68,0.5948795080184937,0.6230478882789612,0.5948795080184937,0.6230478882789612,0.6600000262260437,0.6666666865348816
34,4,69,0.593491792678833,0.6222522854804993,0.593491792678833,0.6222522854804993,0.6600000262260437,0.6666666865348816
34,4,70,0.5921015739440918,0.6214940547943115,0.5921015739440918,0.6214940547943115,0.6600000262260437,0.6666666865348816
34,4,71,0.5907072424888611,0.6207507848739624,0.5907072424888611,0.6207507848739624,0.6600000262260437,0.6666666865348816
34,4,72,0.5893244743347168,0.6199634671211243,0.5893244743347168,0.6199634671211243,0.6600000262260437,0.6666666865348816
34,4,73,0.5879321098327637,0.6191356182098389,0.5879321098327637,0.6191356182098389,0.6600000262260437,0.6666666865348816
34,4,74,0.5865362286567688,0.6183435320854187,0.5865362286567688,0.6183435320854187,0.6600000262260437,0.6666666865348816
34,4,75,0.5851502418518066,0.6175611615180969,0.5851502418518066,0.6175611615180969,0.6600000262260437,0.6666666865348816
34,4,76,0.5837621688842773,0.6167516112327576,0.5837621092796326,0.6167516112327576,0.6600000262260437,0.6666666865348816
34,4,77,0.5823607444763184,0.6158919334411621,0.5823607444763184,0.6158919334411621,0.6600000262260437,0.6666666865348816
34,4,78,0.5809459686279297,0.6149582266807556,0.5809459686279297,0.6149582266807556,0.6600000262260437,0.6666666865348816
34,4,79,0.5795213580131531,0.6140189170837402,0.5795213580131531,0.6140189170837402,0.6600000262260437,0.6666666865348816
34,4,80,0.5780859589576721,0.613162636756897,0.5780859589576721,0.613162636756897,0.6600000262260437,0.6666666865348816
34,4,81,0.5766693949699402,0.6123826503753662,0.5766693949699402,0.6123826503753662,0.6800000071525574,0.6666666865348816
34,4,82,0.5752515196800232,0.6116056442260742,0.5752515196800232,0.6116056442260742,0.6800000071525574,0.7777777910232544
34,4,83,0.5738158822059631,0.6108054518699646,0.5738158822059631,0.6108054518699646,0.6800000071525574,0.7777777910232544
34,4,84,0.5723779797554016,0.6100417971611023,0.5723779797554016,0.6100417971611023,0.6800000071525574,0.7777777910232544
34,4,85,0.5709317922592163,0.6092953085899353,0.5709317922592163,0.6092953085899353,0.6800000071525574,0.7777777910232544
34,4,86,0.5694931745529175,0.6085464954376221,0.5694931745529175,0.6085464954376221,0.6800000071525574,0.7777777910232544
34,4,87,0.5680630207061768,0.6077831387519836,0.5680630207061768,0.6077831387519836,0.6800000071525574,0.7777777910232544
34,4,88,0.566622257232666,0.6070110201835632,0.566622257232666,0.6070110201835632,0.6800000071525574,0.7777777910232544
34,4,89,0.5651736855506897,0.6062413454055786,0.5651736855506897,0.6062413454055786,0.699999988079071,0.7777777910232544
34,4,90,0.5637282729148865,0.6054860353469849,0.5637282729148865,0.6054860353469849,0.699999988079071,0.7777777910232544
34,4,91,0.5622789263725281,0.6047268509864807,0.5622789263725281,0.6047268509864807,0.699999988079071,0.7777777910232544
34,4,92,0.5608271360397339,0.6039066314697266,0.5608271360397339,0.6039066314697266,0.699999988079071,0.7777777910232544
34,4,93,0.5593904256820679,0.603075385093689,0.5593904256820679,0.603075385093689,0.699999988079071,0.7777777910232544
34,4,94,0.557955265045166,0.6022424697875977,0.557955265045166,0.6022424697875977,0.699999988079071,0.7777777910232544
34,4,95,0.5564923286437988,0.6014115810394287,0.5564923286437988,0.6014115810394287,0.699999988079071,0.7777777910232544
34,4,96,0.5550172924995422,0.600596010684967,0.5550172924995422,0.600596010684967,0.699999988079071,0.7777777910232544
34,4,97,0.553531289100647,0.5998013019561768,0.553531289100647,0.5998013019561768,0.699999988079071,0.7777777910232544
34,4,98,0.5520768761634827,0.5990328192710876,0.5520768761634827,0.5990328192710876,0.699999988079071,0.7777777910232544
34,4,99,0.5506195425987244,0.5982682704925537,0.5506195425987244,0.5982682704925537,0.699999988079071,0.7777777910232544
34,4,100,0.549160361289978,0.5975341200828552,0.549160361289978,0.5975341200828552,0.699999988079071,0.7777777910232544
34,4,101,0.5477060079574585,0.5968210697174072,0.5477060079574585,0.5968210697174072,0.7200000286102295,0.7777777910232544
34,4,102,0.5462303757667542,0.596120297908783,0.5462303757667542,0.596120297908783,0.7200000286102295,0.7777777910232544
34,4,103,0.544739305973053,0.595435380935669,0.544739305973053,0.595435380935669,0.7200000286102295,0.7777777910232544
34,4,104,0.54323410987854,0.5947690606117249,0.54323410987854,0.5947690606117249,0.7200000286102295,0.7777777910232544
34,4,105,0.5417158603668213,0.5940425395965576,0.5417158603668213,0.5940425395965576,0.7200000286102295,0.7777777910232544
34,4,106,0.5401963591575623,0.593359649181366,0.5401963591575623,0.593359649181366,0.7200000286102295,0.7777777910232544
34,4,107,0.5386707782745361,0.592731237411499,0.5386707782745361,0.592731237411499,0.7200000286102295,0.7777777910232544
34,4,108,0.5371474623680115,0.592136561870575,0.5371474623680115,0.592136561870575,0.7200000286102295,0.7777777910232544
34,4,109,0.5356355905532837,0.5915403962135315,0.5356355905532837,0.5915403962135315,0.7200000286102295,0.7777777910232544
34,4,110,0.534116804599762,0.5909087657928467,0.534116804599762,0.5909087657928467,0.7200000286102295,0.7777777910232544
34,4,111,0.5326108336448669,0.5902512669563293,0.5326108336448669,0.5902512669563293,0.7200000286102295,0.7777777910232544
34,4,112,0.5311263799667358,0.5895715355873108,0.5311263799667358,0.5895715355873108,0.7200000286102295,0.7777777910232544
34,4,113,0.5296431183815002,0.5889250040054321,0.5296431183815002,0.5889250040054321,0.7200000286102295,0.7777777910232544
34,4,114,0.5281570553779602,0.5883129835128784,0.5281570553779602,0.5883129835128784,0.7200000286102295,0.7777777910232544
34,4,115,0.5266875624656677,0.5876945853233337,0.5266875624656677,0.5876945853233337,0.7200000286102295,0.7777777910232544
34,4,116,0.5251996517181396,0.5870369672775269,0.5251996517181396,0.5870369672775269,0.7200000286102295,0.7777777910232544
34,4,117,0.5237124562263489,0.5863471627235413,0.5237124562263489,0.5863471627235413,0.7200000286102295,0.7777777910232544
34,4,118,0.5222077965736389,0.5856354236602783,0.5222077965736389,0.5856354236602783,0.7200000286102295,0.7777777910232544
34,4,119,0.5206946134567261,0.5848979353904724,0.5206946134567261,0.5848979353904724,0.7200000286102295,0.7777777910232544
34,4,120,0.5191580057144165,0.5840950608253479,0.5191580057144165,0.5840950608253479,0.7200000286102295,0.7777777910232544
34,4,121,0.5176149010658264,0.5832348465919495,0.5176149010658264,0.5832348465919495,0.7200000286102295,0.7777777910232544
34,4,122,0.5160831809043884,0.5823935270309448,0.5160831809043884,0.5823935270309448,0.7200000286102295,0.7777777910232544
34,4,123,0.5145449638366699,0.5815980434417725,0.5145449638366699,0.5815980434417725,0.7200000286102295,0.7777777910232544
34,4,124,0.513001561164856,0.5808290839195251,0.513001561164856,0.5808290839195251,0.7200000286102295,0.7777777910232544
34,4,125,0.5114626288414001,0.5800021886825562,0.5114626288414001,0.5800021886825562,0.7200000286102295,0.7777777910232544
34,4,126,0.5099332928657532,0.5791027545928955,0.5099332928657532,0.5791027545928955,0.7200000286102295,0.7777777910232544
34,4,127,0.5084178447723389,0.5782707333564758,0.5084178447723389,0.5782707333564758,0.7200000286102295,0.7777777910232544
34,4,128,0.5068966746330261,0.5774799585342407,0.5068966746330261,0.5774799585342407,0.7400000095367432,0.7777777910232544
34,4,129,0.5053651332855225,0.5767088532447815,0.5053651332855225,0.5767088532447815,0.7400000095367432,0.7777777910232544
34,4,130,0.5038010478019714,0.5759353637695312,0.5038010478019714,0.5759353637695312,0.7400000095367432,0.7777777910232544
34,4,131,0.5022540092468262,0.5751518607139587,0.5022540092468262,0.5751518607139587,0.7599999904632568,0.7777777910232544
34,4,132,0.5007324814796448,0.5744077563285828,0.5007324814796448,0.5744077563285828,0.7599999904632568,0.7777777910232544
34,4,133,0.49921882152557373,0.5737383365631104,0.49921882152557373,0.5737383365631104,0.7599999904632568,0.7777777910232544
34,4,134,0.4977133274078369,0.5730109214782715,0.4977133274078369,0.5730109214782715,0.7599999904632568,0.7777777910232544
34,4,135,0.49620628356933594,0.5722783207893372,0.49620628356933594,0.5722783207893372,0.7599999904632568,0.7777777910232544
34,4,136,0.49470654129981995,0.571515679359436,0.49470654129981995,0.571515679359436,0.7599999904632568,0.7777777910232544
34,4,137,0.49323195219039917,0.5707075595855713,0.49323195219039917,0.5707075595855713,0.7599999904632568,0.7777777910232544
34,4,138,0.491779088973999,0.5699174404144287,0.491779088973999,0.5699174404144287,0.7599999904632568,0.7777777910232544
34,4,139,0.4903112053871155,0.5691771507263184,0.4903112053871155,0.5691771507263184,0.7599999904632568,0.7777777910232544
34,4,140,0.4888478219509125,0.5684881210327148,0.4888478219509125,0.5684881210327148,0.7599999904632568,0.7777777910232544
34,4,141,0.48736822605133057,0.567823052406311,0.48736822605133057,0.567823052406311,0.7599999904632568,0.7777777910232544
34,4,142,0.48587897419929504,0.5671504735946655,0.48587897419929504,0.5671504735946655,0.7799999713897705,0.7777777910232544
34,4,143,0.48438912630081177,0.5664872527122498,0.48438912630081177,0.5664872527122498,0.7799999713897705,0.7777777910232544
34,4,144,0.4829045236110687,0.5658470392227173,0.4829045236110687,0.5658470392227173,0.7799999713897705,0.7777777910232544
34,4,145,0.4814400374889374,0.5652368664741516,0.4814400374889374,0.5652368664741516,0.7799999713897705,0.7777777910232544
34,4,146,0.4799761474132538,0.564612627029419,0.4799761474132538,0.564612627029419,0.7799999713897705,0.7777777910232544
34,4,147,0.47849830985069275,0.5639767050743103,0.47849830985069275,0.5639767050743103,0.7799999713897705,0.7777777910232544
34,4,148,0.47701480984687805,0.5633847713470459,0.47701480984687805,0.5633847713470459,0.7799999713897705,0.7777777910232544
34,4,149,0.4755324423313141,0.5628039240837097,0.4755324423313141,0.5628039240837097,0.7799999713897705,0.7777777910232544
34,4,150,0.47408783435821533,0.562246561050415,0.47408783435821533,0.562246561050415,0.7799999713897705,0.7777777910232544
34,4,151,0.4726390838623047,0.5617199540138245,0.4726390838623047,0.5617199540138245,0.7799999713897705,0.7777777910232544
34,4,152,0.47118693590164185,0.5611720085144043,0.47118693590164185,0.5611720085144043,0.7799999713897705,0.7777777910232544
34,4,153,0.46973705291748047,0.5606295466423035,0.46973705291748047,0.5606295466423035,0.7799999713897705,0.7777777910232544
34,4,154,0.4682762920856476,0.5600880980491638,0.4682762920856476,0.5600880980491638,0.7799999713897705,0.7777777910232544
34,4,155,0.4668196737766266,0.5595444440841675,0.4668196737766266,0.5595444440841675,0.7799999713897705,0.7777777910232544
34,4,156,0.4653678238391876,0.5589643716812134,0.4653678238391876,0.5589643716812134,0.7799999713897705,0.7777777910232544
34,4,157,0.4639108180999756,0.5583715438842773,0.4639108180999756,0.5583715438842773,0.7799999713897705,0.7777777910232544
34,4,158,0.4624415338039398,0.5579268932342529,0.4624415338039398,0.5579268932342529,0.7799999713897705,0.7777777910232544
34,4,159,0.46099358797073364,0.5575106143951416,0.46099358797073364,0.5575106143951416,0.7799999713897705,0.7777777910232544
34,4,160,0.45954176783561707,0.5571266412734985,0.45954176783561707,0.5571266412734985,0.800000011920929,0.7777777910232544
34,4,161,0.4580777883529663,0.5567061901092529,0.4580777883529663,0.5567061901092529,0.800000011920929,0.7777777910232544
34,4,162,0.45660263299942017,0.5563206076622009,0.45660263299942017,0.5563206076622009,0.800000011920929,0.7777777910232544
34,4,163,0.455116868019104,0.5559406280517578,0.455116868019104,0.5559406280517578,0.8199999928474426,0.7777777910232544
34,4,164,0.45363354682922363,0.5554895401000977,0.45363354682922363,0.5554895401000977,0.8199999928474426,0.7777777910232544
34,4,165,0.4521351754665375,0.5550447702407837,0.4521351754665375,0.5550447702407837,0.8199999928474426,0.7777777910232544
34,4,166,0.4506429433822632,0.5546010732650757,0.4506429433822632,0.5546010732650757,0.8199999928474426,0.7777777910232544
34,4,167,0.4491591155529022,0.5540735125541687,0.4491591155529022,0.5540735125541687,0.8199999928474426,0.7777777910232544
34,4,168,0.44767075777053833,0.5535023212432861,0.44767075777053833,0.5535023212432861,0.8199999928474426,0.7777777910232544
34,4,169,0.446152001619339,0.5529704093933105,0.446152001619339,0.5529704093933105,0.8199999928474426,0.7777777910232544
34,4,170,0.44462868571281433,0.5524090528488159,0.44462868571281433,0.5524090528488159,0.8199999928474426,0.7777777910232544
34,4,171,0.4431103765964508,0.5518173575401306,0.4431103765964508,0.5518173575401306,0.8199999928474426,0.7777777910232544
34,4,172,0.4415949285030365,0.5512850284576416,0.4415949285030365,0.5512850284576416,0.8399999737739563,0.7777777910232544
34,4,173,0.44005531072616577,0.5507689714431763,0.44005531072616577,0.5507689714431763,0.8399999737739563,0.7777777910232544
34,4,174,0.43851134181022644,0.5502638816833496,0.43851134181022644,0.5502638816833496,0.8399999737739563,0.7777777910232544
34,4,175,0.4369579553604126,0.5496729612350464,0.4369579553604126,0.5496729612350464,0.8399999737739563,0.7777777910232544
34,4,176,0.43540236353874207,0.5489498376846313,0.43540236353874207,0.5489498376846313,0.8399999737739563,0.7777777910232544
34,4,177,0.43385693430900574,0.5482807755470276,0.43385693430900574,0.5482807755470276,0.8399999737739563,0.7777777910232544
34,4,178,0.4323023855686188,0.5475838780403137,0.4323023855686188,0.5475838780403137,0.8399999737739563,0.7777777910232544
34,4,179,0.4307212829589844,0.5468408465385437,0.4307212829589844,0.5468408465385437,0.8600000143051147,0.7777777910232544
34,4,180,0.42914652824401855,0.5460418462753296,0.42914652824401855,0.5460418462753296,0.8600000143051147,0.7777777910232544
34,4,181,0.4275771379470825,0.5451976656913757,0.4275771379470825,0.5451976656913757,0.8600000143051147,0.7777777910232544
34,4,182,0.4259908199310303,0.5443131923675537,0.4259908199310303,0.5443131923675537,0.8600000143051147,0.7777777910232544
34,4,183,0.42441505193710327,0.5432993173599243,0.42441505193710327,0.5432993173599243,0.8600000143051147,0.7777777910232544
34,4,184,0.4228525161743164,0.5422595739364624,0.4228525161743164,0.5422595739364624,0.8600000143051147,0.7777777910232544
34,4,185,0.42130744457244873,0.5414139628410339,0.42130744457244873,0.5414139628410339,0.8600000143051147,0.7777777910232544
34,4,186,0.41975510120391846,0.5406285524368286,0.41975510120391846,0.5406285524368286,0.8600000143051147,0.7777777910232544
34,4,187,0.4181830585002899,0.5398201942443848,0.4181830585002899,0.5398201942443848,0.8600000143051147,0.7777777910232544
34,4,188,0.41662293672561646,0.5389186143875122,0.41662293672561646,0.5389186143875122,0.8600000143051147,0.7777777910232544
34,4,189,0.41506996750831604,0.5381354689598083,0.41506996750831604,0.5381354689598083,0.8600000143051147,0.7777777910232544
34,4,190,0.4135439693927765,0.5373901724815369,0.4135439693927765,0.5373901724815369,0.8600000143051147,0.7777777910232544
34,4,191,0.41198357939720154,0.5366358160972595,0.41198357939720154,0.5366358160972595,0.8600000143051147,0.7777777910232544
34,4,192,0.41040247678756714,0.5358570218086243,0.41040247678756714,0.5358570218086243,0.8600000143051147,0.7777777910232544
34,4,193,0.4088297188282013,0.5351976752281189,0.4088297188282013,0.5351976752281189,0.8600000143051147,0.7777777910232544
34,4,194,0.4072643518447876,0.5345481634140015,0.4072643518447876,0.5345481634140015,0.8600000143051147,0.7777777910232544
34,4,195,0.40566757321357727,0.5337717533111572,0.40566757321357727,0.5337717533111572,0.8600000143051147,0.7777777910232544
34,4,196,0.4040628671646118,0.5330058932304382,0.4040628671646118,0.5330058932304382,0.8600000143051147,0.7777777910232544
34,4,197,0.40245380997657776,0.5323541164398193,0.40245380997657776,0.5323541164398193,0.8600000143051147,0.7777777910232544
34,4,198,0.4008554220199585,0.5317643880844116,0.4008554220199585,0.5317643880844116,0.8600000143051147,0.7777777910232544
34,4,199,0.39929717779159546,0.5313262343406677,0.39929717779159546,0.5313262343406677,0.8600000143051147,0.7777777910232544
34,4,200,0.39772388339042664,0.5309534668922424,0.39772388339042664,0.5309534668922424,0.8600000143051147,0.7777777910232544
34,4,201,0.39614227414131165,0.5306511521339417,0.39614227414131165,0.5306511521339417,0.8600000143051147,0.7777777910232544
34,4,202,0.394570916891098,0.530439019203186,0.394570916891098,0.530439019203186,0.8600000143051147,0.7777777910232544
34,4,203,0.3930228054523468,0.5303331613540649,0.3930228054523468,0.5303331613540649,0.8600000143051147,0.7777777910232544
34,4,204,0.39144831895828247,0.530345618724823,0.39144831895828247,0.530345618724823,0.8600000143051147,0.7777777910232544
34,4,205,0.3898974359035492,0.5303223133087158,0.3898974359035492,0.5303223133087158,0.8600000143051147,0.8888888955116272
34,4,206,0.3883413076400757,0.5301802754402161,0.3883413076400757,0.5301802754402161,0.8600000143051147,0.8888888955116272
34,4,207,0.38676154613494873,0.5298569798469543,0.38676154613494873,0.5298569798469543,0.8600000143051147,0.8888888955116272
34,4,208,0.38516315817832947,0.5294122695922852,0.38516315817832947,0.5294122695922852,0.8600000143051147,0.8888888955116272
34,4,209,0.3835695683956146,0.5290877819061279,0.3835695683956146,0.5290877819061279,0.8600000143051147,0.8888888955116272
34,4,210,0.38198813796043396,0.5290963053703308,0.38198813796043396,0.5290963053703308,0.8600000143051147,0.8888888955116272
34,4,211,0.3803865909576416,0.5292330384254456,0.3803865909576416,0.5292330384254456,0.8600000143051147,0.8888888955116272
34,4,212,0.3787722885608673,0.529167115688324,0.37877222895622253,0.529167115688324,0.8600000143051147,0.8888888955116272
34,4,213,0.37715858221054077,0.5289644002914429,0.37715858221054077,0.5289644002914429,0.8600000143051147,0.8888888955116272
34,4,214,0.3755432069301605,0.528778076171875,0.3755432069301605,0.528778076171875,0.8600000143051147,0.8888888955116272
34,4,215,0.37394317984580994,0.5287294983863831,0.37394317984580994,0.5287294983863831,0.8600000143051147,0.8888888955116272
34,4,216,0.3723321557044983,0.5287893414497375,0.3723321557044983,0.5287893414497375,0.8600000143051147,0.8888888955116272
34,4,217,0.37070992588996887,0.5290011167526245,0.37070992588996887,0.5290011167526245,0.8600000143051147,0.8888888955116272
34,4,218,0.36907172203063965,0.5291000008583069,0.36907172203063965,0.5291000008583069,0.8600000143051147,0.8888888955116272
34,4,219,0.36743515729904175,0.5290310382843018,0.36743515729904175,0.5290310382843018,0.8600000143051147,0.8888888955116272
34,4,220,0.36581170558929443,0.5289901494979858,0.36581170558929443,0.5289901494979858,0.8600000143051147,0.8888888955116272
34,4,221,0.3641945719718933,0.5289685726165771,0.3641945719718933,0.5289685726165771,0.8600000143051147,0.8888888955116272
34,4,222,0.3625572621822357,0.5290842652320862,0.3625572621822357,0.5290842652320862,0.8600000143051147,0.8888888955116272
34,4,223,0.36091041564941406,0.5294796228408813,0.36091041564941406,0.5294796228408813,0.8600000143051147,0.8888888955116272
34,4,224,0.35924601554870605,0.5297269821166992,0.35924601554870605,0.5297269821166992,0.8600000143051147,0.8888888955116272
34,4,225,0.35758063197135925,0.5296635031700134,0.35758063197135925,0.5296635031700134,0.8600000143051147,0.8888888955116272
34,4,226,0.3559030294418335,0.5295771360397339,0.3559030294418335,0.5295771360397339,0.8600000143051147,0.8888888955116272
34,4,227,0.354248583316803,0.5297014117240906,0.354248583316803,0.5297014117240906,0.8600000143051147,0.8888888955116272
34,4,228,0.3526035249233246,0.5299773216247559,0.3526035249233246,0.5299773216247559,0.8600000143051147,0.8888888955116272
34,4,229,0.35096225142478943,0.5301954746246338,0.35096225142478943,0.5301954746246338,0.8600000143051147,0.8888888955116272
34,4,230,0.34930598735809326,0.530177652835846,0.34930598735809326,0.530177652835846,0.8600000143051147,0.8888888955116272
34,4,231,0.3476443588733673,0.5302851796150208,0.3476443588733673,0.5302851796150208,0.8600000143051147,0.8888888955116272
34,4,232,0.3459930419921875,0.5305750370025635,0.3459930419921875,0.5305750370025635,0.8600000143051147,0.8888888955116272
34,4,233,0.34433791041374207,0.5308045744895935,0.34433791041374207,0.5308045744895935,0.8600000143051147,0.8888888955116272
34,4,234,0.342692494392395,0.530973494052887,0.342692494392395,0.530973494052887,0.8600000143051147,0.8888888955116272
34,4,235,0.34099799394607544,0.5309479832649231,0.34099799394607544,0.5309479832649231,0.8600000143051147,0.8888888955116272
34,4,236,0.33933696150779724,0.5310099124908447,0.33933696150779724,0.5310099124908447,0.8600000143051147,0.8888888955116272
34,4,237,0.33767059445381165,0.5312024354934692,0.33767059445381165,0.5312024354934692,0.8600000143051147,0.8888888955116272
34,4,238,0.33598315715789795,0.5314347147941589,0.33598315715789795,0.5314347147941589,0.8600000143051147,0.8888888955116272
34,4,239,0.3343248665332794,0.5317557454109192,0.3343248665332794,0.5317557454109192,0.8600000143051147,0.8888888955116272
34,4,240,0.3326171934604645,0.5321630239486694,0.3326171934604645,0.5321630239486694,0.8600000143051147,0.8888888955116272
35,4,1,0.6937623023986816,0.708646297454834,0.6937623023986816,0.708646297454834,0.5400000214576721,0.5555555820465088
35,4,2,0.692334771156311,0.7079005241394043,0.692334771156311,0.7079005241394043,0.5400000214576721,0.5555555820465088
35,4,3,0.6911602020263672,0.7071623802185059,0.6911602020263672,0.7071623802185059,0.5600000023841858,0.5555555820465088
35,4,4,0.690064013004303,0.7064082026481628,0.690064013004303,0.7064082026481628,0.5799999833106995,0.5555555820465088
35,4,5,0.6890321373939514,0.7056363821029663,0.6890321373939514,0.7056363821029663,0.6200000047683716,0.5555555820465088
35,4,6,0.6880819201469421,0.7049006223678589,0.6880819201469421,0.7049006223678589,0.5799999833106995,0.5555555820465088
35,4,7,0.6871539354324341,0.7041885256767273,0.6871539354324341,0.7041885256767273,0.5600000023841858,0.5555555820465088
35,4,8,0.6862300038337708,0.7035030126571655,0.6862300038337708,0.7035030126571655,0.5799999833106995,0.5555555820465088
35,4,9,0.6853351593017578,0.7028210759162903,0.6853351593017578,0.7028210759162903,0.5799999833106995,0.5555555820465088
35,4,10,0.6844642162322998,0.7021311521530151,0.6844642162322998,0.7021311521530151,0.5799999833106995,0.5555555820465088
35,4,11,0.6835951209068298,0.7014779448509216,0.6835951209068298,0.7014779448509216,0.5799999833106995,0.5555555820465088
35,4,12,0.6827309131622314,0.700886607170105,0.6827309131622314,0.700886607170105,0.5799999833106995,0.5555555820465088
35,4,13,0.6818942427635193,0.7004010677337646,0.6818942427635193,0.7004010677337646,0.5799999833106995,0.5555555820465088
35,4,14,0.6810771226882935,0.6999471783638,0.6810771226882935,0.6999471783638,0.5799999833106995,0.5555555820465088
35,4,15,0.680269181728363,0.6995384097099304,0.680269181728363,0.6995384097099304,0.5799999833106995,0.5555555820465088
35,4,16,0.6794651746749878,0.6991042494773865,0.6794651746749878,0.6991042494773865,0.5799999833106995,0.5555555820465088
35,4,17,0.6786389946937561,0.6986941695213318,0.6786389946937561,0.6986941695213318,0.5799999833106995,0.5555555820465088
35,4,18,0.6777982115745544,0.6983134746551514,0.6777982115745544,0.6983134746551514,0.5799999833106995,0.5555555820465088
35,4,19,0.6769605278968811,0.6979413628578186,0.6769605278968811,0.6979413628578186,0.5799999833106995,0.5555555820465088
35,4,20,0.6761354207992554,0.6975781917572021,0.6761354207992554,0.6975781917572021,0.5799999833106995,0.5555555820465088
35,4,21,0.6753273010253906,0.6971690654754639,0.6753273010253906,0.6971690654754639,0.5799999833106995,0.5555555820465088
35,4,22,0.6745697855949402,0.6967654228210449,0.6745697855949402,0.6967654228210449,0.5799999833106995,0.5555555820465088
35,4,23,0.6738185882568359,0.6964130401611328,0.6738185882568359,0.6964130401611328,0.5799999833106995,0.5555555820465088
35,4,24,0.6730757355690002,0.6961019039154053,0.6730757355690002,0.6961019039154053,0.5799999833106995,0.5555555820465088
35,4,25,0.6723430156707764,0.6958151459693909,0.6723430156707764,0.6958151459693909,0.5799999833106995,0.5555555820465088
35,4,26,0.6715949773788452,0.6955662369728088,0.6715949773788452,0.6955662369728088,0.5799999833106995,0.5555555820465088
35,4,27,0.6708512306213379,0.69535231590271,0.6708512306213379,0.69535231590271,0.5799999833106995,0.5555555820465088
35,4,28,0.6701093912124634,0.695164680480957,0.6701093912124634,0.695164680480957,0.5799999833106995,0.5555555820465088
35,4,29,0.6693702936172485,0.6949965357780457,0.6693702936172485,0.6949965357780457,0.5799999833106995,0.5555555820465088
35,4,30,0.6686316132545471,0.6948498487472534,0.6686316132545471,0.6948498487472534,0.5799999833106995,0.5555555820465088
35,4,31,0.6678998470306396,0.694720983505249,0.6678998470306396,0.694720983505249,0.5799999833106995,0.5555555820465088
35,4,32,0.6671801805496216,0.6946001052856445,0.6671801805496216,0.6946001052856445,0.5799999833106995,0.5555555820465088
35,4,33,0.6664749383926392,0.6944535374641418,0.6664749383926392,0.6944535374641418,0.5799999833106995,0.5555555820465088
35,4,34,0.6657646298408508,0.6942875981330872,0.6657646298408508,0.6942875981330872,0.5799999833106995,0.5555555820465088
35,4,35,0.6650558710098267,0.6940663456916809,0.6650558710098267,0.6940663456916809,0.5799999833106995,0.5555555820465088
35,4,36,0.6643531322479248,0.6938273906707764,0.6643531322479248,0.6938273906707764,0.5799999833106995,0.5555555820465088
35,4,37,0.6636613607406616,0.6935827732086182,0.6636613607406616,0.6935827732086182,0.5799999833106995,0.5555555820465088
35,4,38,0.6629783511161804,0.693331778049469,0.6629783511161804,0.693331778049469,0.5799999833106995,0.5555555820465088
35,4,39,0.6623103618621826,0.6930985450744629,0.6623103618621826,0.6930985450744629,0.5799999833106995,0.5555555820465088
35,4,40,0.6616491079330444,0.692847490310669,0.6616491079330444,0.692847490310669,0.5799999833106995,0.5555555820465088
35,4,41,0.6609764099121094,0.6925845742225647,0.6609764099121094,0.6925845742225647,0.5799999833106995,0.5555555820465088
35,4,42,0.6602899432182312,0.6923461556434631,0.6602899432182312,0.6923461556434631,0.5799999833106995,0.5555555820465088
35,4,43,0.6596078276634216,0.6921322345733643,0.6596078276634216,0.6921322345733643,0.5799999833106995,0.5555555820465088
35,4,44,0.6589292883872986,0.691910445690155,0.6589292883872986,0.691910445690155,0.5799999833106995,0.5555555820465088
35,4,45,0.6582568287849426,0.6916954517364502,0.6582568287849426,0.6916954517364502,0.5799999833106995,0.5555555820465088
35,4,46,0.6575818657875061,0.6914726495742798,0.6575818657875061,0.6914726495742798,0.5799999833106995,0.5555555820465088
35,4,47,0.6569072604179382,0.6912354230880737,0.6569072604179382,0.6912354230880737,0.5799999833106995,0.5555555820465088
35,4,48,0.6562227010726929,0.6909615993499756,0.6562227010726929,0.6909615993499756,0.5799999833106995,0.5555555820465088
35,4,49,0.655531644821167,0.6906529068946838,0.655531644821167,0.6906529068946838,0.5799999833106995,0.5555555820465088
35,4,50,0.6548448801040649,0.690345048904419,0.6548448801040649,0.690345048904419,0.5799999833106995,0.5555555820465088
35,4,51,0.6541776061058044,0.6900419592857361,0.6541776061058044,0.6900419592857361,0.5799999833106995,0.5555555820465088
35,4,52,0.6535028219223022,0.689744234085083,0.6535027027130127,0.689744234085083,0.5799999833106995,0.5555555820465088
35,4,53,0.6528176665306091,0.6894383430480957,0.6528176665306091,0.6894383430480957,0.5799999833106995,0.5555555820465088
35,4,54,0.6521258354187012,0.6890941858291626,0.6521258354187012,0.6890941858291626,0.5799999833106995,0.5555555820465088
35,4,55,0.6514285206794739,0.688746988773346,0.6514285206794739,0.688746988773346,0.5799999833106995,0.5555555820465088
35,4,56,0.650725245475769,0.688421368598938,0.650725245475769,0.688421368598938,0.5799999833106995,0.5555555820465088
35,4,57,0.6500194072723389,0.6880998015403748,0.6500194072723389,0.6880998015403748,0.5799999833106995,0.5555555820465088
35,4,58,0.6493077278137207,0.6877851486206055,0.6493077278137207,0.6877851486206055,0.5799999833106995,0.5555555820465088
35,4,59,0.6485850811004639,0.687478244304657,0.6485850811004639,0.687478244304657,0.5799999833106995,0.5555555820465088
35,4,60,0.6478596329689026,0.6871933937072754,0.6478596329689026,0.6871933937072754,0.5799999833106995,0.5555555820465088
35,4,61,0.6471288800239563,0.6869251132011414,0.6471288800239563,0.6869251132011414,0.5799999833106995,0.5555555820465088
35,4,62,0.6463947296142578,0.6865879893302917,0.6463947296142578,0.6865879893302917,0.5799999833106995,0.5555555820465088
35,4,63,0.6456543803215027,0.6862435936927795,0.6456543803215027,0.6862435936927795,0.5799999833106995,0.5555555820465088
35,4,64,0.6449187994003296,0.6858856081962585,0.6449187994003296,0.6858856081962585,0.5799999833106995,0.5555555820465088
35,4,65,0.644173800945282,0.6855134963989258,0.644173800945282,0.6855134963989258,0.5799999833106995,0.5555555820465088
35,4,66,0.6434190273284912,0.685089647769928,0.6434190273284912,0.685089647769928,0.5799999833106995,0.5555555820465088
35,4,67,0.6426576375961304,0.6847074031829834,0.6426576375961304,0.6847074031829834,0.5799999833106995,0.5555555820465088
35,4,68,0.6418826580047607,0.6843366622924805,0.6418826580047607,0.6843366622924805,0.5799999833106995,0.5555555820465088
35,4,69,0.6410946846008301,0.6839900612831116,0.6410946846008301,0.6839900612831116,0.5799999833106995,0.5555555820465088
35,4,70,0.6402908563613892,0.6836267113685608,0.6402908563613892,0.6836267113685608,0.5799999833106995,0.5555555820465088
35,4,71,0.6394737362861633,0.6832420825958252,0.6394737362861633,0.6832420825958252,0.5799999833106995,0.5555555820465088
35,4,72,0.6386505961418152,0.6828436255455017,0.6386505961418152,0.6828436255455017,0.5799999833106995,0.5555555820465088
35,4,73,0.6378223896026611,0.6824414730072021,0.6378223896026611,0.6824414730072021,0.5799999833106995,0.5555555820465088
35,4,74,0.6369838118553162,0.6820515394210815,0.6369838118553162,0.6820515394210815,0.5799999833106995,0.5555555820465088
35,4,75,0.6361207365989685,0.6816738247871399,0.6361207365989685,0.6816738247871399,0.6000000238418579,0.5555555820465088
35,4,76,0.6352367997169495,0.681288480758667,0.6352367997169495,0.681288480758667,0.6000000238418579,0.5555555820465088
35,4,77,0.634340226650238,0.6808865070343018,0.634340226650238,0.6808865070343018,0.6000000238418579,0.5555555820465088
35,4,78,0.6334387063980103,0.6804575324058533,0.6334387063980103,0.6804575324058533,0.6200000047683716,0.5555555820465088
35,4,79,0.6325488090515137,0.6799893975257874,0.6325488090515137,0.6799893975257874,0.6200000047683716,0.5555555820465088
35,4,80,0.6316586136817932,0.679527997970581,0.6316586136817932,0.679527997970581,0.6200000047683716,0.5555555820465088
35,4,81,0.6307731866836548,0.6790685057640076,0.6307731866836548,0.6790685057640076,0.6200000047683716,0.5555555820465088
35,4,82,0.6298686861991882,0.6785663366317749,0.6298686861991882,0.6785663366317749,0.6200000047683716,0.5555555820465088
35,4,83,0.628949761390686,0.6780369281768799,0.628949761390686,0.6780369281768799,0.6200000047683716,0.5555555820465088
35,4,84,0.6280560493469238,0.6775290966033936,0.6280560493469238,0.6775290966033936,0.6200000047683716,0.5555555820465088
35,4,85,0.6271618008613586,0.6770400404930115,0.6271618008613586,0.6770400404930115,0.6200000047683716,0.5555555820465088
35,4,86,0.6262728571891785,0.6765356659889221,0.6262728571891785,0.6765356659889221,0.6200000047683716,0.5555555820465088
35,4,87,0.625376284122467,0.6760114431381226,0.625376284122467,0.6760114431381226,0.6399999856948853,0.5555555820465088
35,4,88,0.6244727969169617,0.6755076050758362,0.6244727969169617,0.6755076050758362,0.6399999856948853,0.5555555820465088
35,4,89,0.6235715746879578,0.6750075817108154,0.6235715746879578,0.6750075817108154,0.6399999856948853,0.5555555820465088
35,4,90,0.6226722598075867,0.6745193600654602,0.6226722598075867,0.6745193600654602,0.6399999856948853,0.5555555820465088
35,4,91,0.6217672824859619,0.6740121245384216,0.6217672824859619,0.6740121245384216,0.6399999856948853,0.5555555820465088
35,4,92,0.6208524107933044,0.6734830141067505,0.6208524107933044,0.6734830141067505,0.6600000262260437,0.5555555820465088
35,4,93,0.6199302077293396,0.6729620695114136,0.6199302077293396,0.6729620695114136,0.6800000071525574,0.5555555820465088
35,4,94,0.6190049052238464,0.6724570393562317,0.6190049052238464,0.6724570393562317,0.6800000071525574,0.5555555820465088
35,4,95,0.6180665493011475,0.6719431281089783,0.6180665493011475,0.6719431281089783,0.6800000071525574,0.5555555820465088
35,4,96,0.6171160340309143,0.6714220643043518,0.6171160340309143,0.6714220643043518,0.6800000071525574,0.5555555820465088
35,4,97,0.6161690354347229,0.6709197163581848,0.6161690354347229,0.6709197163581848,0.6800000071525574,0.5555555820465088
35,4,98,0.6152297258377075,0.6704420447349548,0.6152297258377075,0.6704420447349548,0.6800000071525574,0.5555555820465088
35,4,99,0.6142805814743042,0.6699874997138977,0.6142805814743042,0.6699874997138977,0.6800000071525574,0.5555555820465088
35,4,100,0.6133289933204651,0.6695172190666199,0.6133289933204651,0.6695172190666199,0.6800000071525574,0.5555555820465088
35,4,101,0.6123772263526917,0.6690413951873779,0.6123772263526917,0.6690413951873779,0.6800000071525574,0.5555555820465088
35,4,102,0.6114097833633423,0.6685771942138672,0.6114097833633423,0.6685771942138672,0.6800000071525574,0.5555555820465088
35,4,103,0.6104435920715332,0.6681235432624817,0.6104435920715332,0.6681235432624817,0.6800000071525574,0.5555555820465088
35,4,104,0.6094660758972168,0.6676262617111206,0.6094660758972168,0.6676262617111206,0.6800000071525574,0.5555555820465088
35,4,105,0.6084738373756409,0.6671143174171448,0.6084738373756409,0.6671143174171448,0.6800000071525574,0.5555555820465088
35,4,106,0.6074609160423279,0.6666151285171509,0.6074609160423279,0.6666151285171509,0.6800000071525574,0.6666666865348816
35,4,107,0.6064565777778625,0.6660979390144348,0.6064565777778625,0.6660979390144348,0.6800000071525574,0.6666666865348816
35,4,108,0.6054545044898987,0.6655533313751221,0.6054545640945435,0.6655533313751221,0.6800000071525574,0.6666666865348816
35,4,109,0.6044313907623291,0.6650040149688721,0.6044313907623291,0.6650040149688721,0.6800000071525574,0.6666666865348816
35,4,110,0.6033899784088135,0.6644803285598755,0.6033899784088135,0.6644803285598755,0.6800000071525574,0.6666666865348816
35,4,111,0.6023268699645996,0.6639407277107239,0.6023268699645996,0.6639407277107239,0.6800000071525574,0.7777777910232544
35,4,112,0.6012374758720398,0.6633694171905518,0.6012374758720398,0.6633694171905518,0.6800000071525574,0.7777777910232544
35,4,113,0.6001405119895935,0.6627507209777832,0.6001405119895935,0.6627507209777832,0.6800000071525574,0.7777777910232544
35,4,114,0.5990228056907654,0.6621006727218628,0.5990228056907654,0.6621006727218628,0.6800000071525574,0.7777777910232544
35,4,115,0.5978834629058838,0.6614665389060974,0.5978834629058838,0.6614665389060974,0.6800000071525574,0.7777777910232544
35,4,116,0.5967211127281189,0.6608553528785706,0.5967211127281189,0.6608553528785706,0.6800000071525574,0.7777777910232544
35,4,117,0.5955402255058289,0.6602485775947571,0.5955402255058289,0.6602485775947571,0.6800000071525574,0.7777777910232544
35,4,118,0.5943334102630615,0.6595487594604492,0.5943334102630615,0.6595487594604492,0.699999988079071,0.7777777910232544
35,4,119,0.5931037664413452,0.6587955951690674,0.5931037664413452,0.6587955951690674,0.699999988079071,0.7777777910232544
35,4,120,0.591871976852417,0.65802001953125,0.591871976852417,0.65802001953125,0.6800000071525574,0.7777777910232544
35,4,121,0.5906273126602173,0.6572248339653015,0.5906273126602173,0.6572248339653015,0.6800000071525574,0.6666666865348816
35,4,122,0.5893735885620117,0.6563951373100281,0.5893735885620117,0.6563951373100281,0.699999988079071,0.6666666865348816
35,4,123,0.5881018042564392,0.6556221842765808,0.5881018042564392,0.6556221842765808,0.699999988079071,0.6666666865348816
35,4,124,0.5868198275566101,0.654941737651825,0.5868198275566101,0.654941737651825,0.7200000286102295,0.6666666865348816
35,4,125,0.5855228900909424,0.6542661190032959,0.5855228900909424,0.6542661190032959,0.7200000286102295,0.6666666865348816
35,4,126,0.5842677354812622,0.6535811424255371,0.5842677354812622,0.6535811424255371,0.7200000286102295,0.6666666865348816
35,4,127,0.5830193758010864,0.652868390083313,0.5830194354057312,0.652868390083313,0.7200000286102295,0.6666666865348816
35,4,128,0.5817855596542358,0.6521440744400024,0.5817855596542358,0.6521440744400024,0.7200000286102295,0.6666666865348816
35,4,129,0.5805749297142029,0.6513160467147827,0.5805749297142029,0.6513160467147827,0.7200000286102295,0.6666666865348816
35,4,130,0.5793664455413818,0.6504980325698853,0.5793664455413818,0.6504980325698853,0.7200000286102295,0.6666666865348816
35,4,131,0.5781564116477966,0.6497576832771301,0.5781564116477966,0.6497576832771301,0.7200000286102295,0.6666666865348816
35,4,132,0.5769433379173279,0.6490466594696045,0.5769433379173279,0.6490466594696045,0.7200000286102295,0.6666666865348816
35,4,133,0.5757075548171997,0.6483132839202881,0.5757075548171997,0.6483132839202881,0.7200000286102295,0.6666666865348816
35,4,134,0.5744755864143372,0.6475414037704468,0.5744755864143372,0.6475414037704468,0.7200000286102295,0.6666666865348816
35,4,135,0.5732358694076538,0.6467698216438293,0.5732358694076538,0.6467698216438293,0.7200000286102295,0.6666666865348816
35,4,136,0.5719748139381409,0.6460644602775574,0.5719748139381409,0.6460644602775574,0.7200000286102295,0.6666666865348816
35,4,137,0.5707208514213562,0.6453633308410645,0.5707208514213562,0.6453633308410645,0.7200000286102295,0.6666666865348816
35,4,138,0.5694571733474731,0.6446934938430786,0.5694571733474731,0.6446934938430786,0.7200000286102295,0.6666666865348816
35,4,139,0.5681730508804321,0.6440856456756592,0.5681730508804321,0.6440856456756592,0.7200000286102295,0.6666666865348816
35,4,140,0.566892147064209,0.6434720158576965,0.566892147064209,0.6434720158576965,0.7200000286102295,0.6666666865348816
35,4,141,0.5655868053436279,0.6428616046905518,0.5655868053436279,0.6428616046905518,0.7200000286102295,0.6666666865348816
35,4,142,0.564257800579071,0.6422563791275024,0.564257800579071,0.6422563791275024,0.7200000286102295,0.6666666865348816
35,4,143,0.5628986954689026,0.6416462063789368,0.5628986954689026,0.6416462063789368,0.7200000286102295,0.6666666865348816
35,4,144,0.5615363121032715,0.6409735083580017,0.5615363121032715,0.6409735083580017,0.7200000286102295,0.6666666865348816
35,4,145,0.5601785182952881,0.6403006911277771,0.5601785182952881,0.6403006911277771,0.7200000286102295,0.6666666865348816
35,4,146,0.5588091015815735,0.6397201418876648,0.5588091015815735,0.6397201418876648,0.7200000286102295,0.6666666865348816
35,4,147,0.557420015335083,0.639191210269928,0.557420015335083,0.639191210269928,0.7200000286102295,0.6666666865348816
35,4,148,0.5560215711593628,0.6386752128601074,0.5560215711593628,0.6386752128601074,0.7200000286102295,0.6666666865348816
35,4,149,0.5546141266822815,0.6382095217704773,0.5546141266822815,0.6382095217704773,0.7200000286102295,0.6666666865348816
35,4,150,0.5532081127166748,0.6377241611480713,0.5532081127166748,0.6377241611480713,0.7400000095367432,0.6666666865348816
35,4,151,0.5518088340759277,0.6371760964393616,0.5518088340759277,0.6371760964393616,0.7400000095367432,0.6666666865348816
35,4,152,0.5503926277160645,0.6365368366241455,0.5503926277160645,0.6365368366241455,0.7400000095367432,0.6666666865348816
35,4,153,0.5489949584007263,0.6358632445335388,0.5489949584007263,0.6358632445335388,0.7400000095367432,0.6666666865348816
35,4,154,0.5476399064064026,0.6352303624153137,0.5476399064064026,0.6352303624153137,0.7400000095367432,0.6666666865348816
35,4,155,0.5462971329689026,0.6346949338912964,0.5462971329689026,0.6346949338912964,0.7599999904632568,0.6666666865348816
35,4,156,0.544959545135498,0.6341667771339417,0.544959545135498,0.6341667771339417,0.7599999904632568,0.6666666865348816
35,4,157,0.5436354279518127,0.6335535645484924,0.5436354279518127,0.6335535645484924,0.7599999904632568,0.6666666865348816
35,4,158,0.5423082709312439,0.633010983467102,0.5423082709312439,0.633010983467102,0.7599999904632568,0.6666666865348816
35,4,159,0.5409795641899109,0.6325284242630005,0.5409795641899109,0.6325284242630005,0.7400000095367432,0.6666666865348816
35,4,160,0.5396568775177002,0.631987988948822,0.5396568775177002,0.631987988948822,0.7400000095367432,0.6666666865348816
35,4,161,0.5383356809616089,0.6314096450805664,0.5383356809616089,0.6314096450805664,0.7400000095367432,0.6666666865348816
35,4,162,0.5370112657546997,0.6308420300483704,0.5370112657546997,0.6308420300483704,0.7400000095367432,0.6666666865348816
35,4,163,0.5356733798980713,0.6302852034568787,0.5356733798980713,0.6302852034568787,0.7400000095367432,0.6666666865348816
35,4,164,0.5343371629714966,0.6297386288642883,0.5343371629714966,0.6297386288642883,0.7400000095367432,0.6666666865348816
35,4,165,0.5329909920692444,0.6291806697845459,0.5329909920692444,0.6291806697845459,0.7400000095367432,0.6666666865348816
35,4,166,0.5316555500030518,0.6286376118659973,0.5316555500030518,0.6286376118659973,0.7400000095367432,0.6666666865348816
35,4,167,0.5303163528442383,0.6280931234359741,0.5303163528442383,0.6280931234359741,0.7400000095367432,0.6666666865348816
35,4,168,0.528957724571228,0.6276262998580933,0.528957724571228,0.6276262998580933,0.7599999904632568,0.6666666865348816
35,4,169,0.5275973677635193,0.6271921992301941,0.5275973677635193,0.6271921992301941,0.7599999904632568,0.6666666865348816
35,4,170,0.5262334942817688,0.62675940990448,0.5262334942817688,0.62675940990448,0.7400000095367432,0.6666666865348816
35,4,171,0.5248758792877197,0.6263481974601746,0.5248758792877197,0.6263481974601746,0.7400000095367432,0.6666666865348816
35,4,172,0.5235073566436768,0.6259045004844666,0.5235073566436768,0.6259045004844666,0.7400000095367432,0.6666666865348816
35,4,173,0.5221214294433594,0.6254600882530212,0.5221214294433594,0.6254600882530212,0.7400000095367432,0.6666666865348816
35,4,174,0.5207187533378601,0.6250899434089661,0.5207187533378601,0.6250899434089661,0.7200000286102295,0.6666666865348816
35,4,175,0.5193243622779846,0.6247250437736511,0.5193243622779846,0.6247250437736511,0.7200000286102295,0.6666666865348816
35,4,176,0.5179318785667419,0.6243627071380615,0.5179318785667419,0.6243627071380615,0.7200000286102295,0.6666666865348816
35,4,177,0.5165347456932068,0.6239673495292664,0.5165347456932068,0.6239673495292664,0.7200000286102295,0.6666666865348816
35,4,178,0.5151386260986328,0.6235459446907043,0.5151386260986328,0.6235459446907043,0.7200000286102295,0.6666666865348816
35,4,179,0.5137451887130737,0.6232471466064453,0.5137451887130737,0.6232471466064453,0.7200000286102295,0.6666666865348816
35,4,180,0.5123653411865234,0.6230423450469971,0.5123653411865234,0.6230423450469971,0.7200000286102295,0.6666666865348816
35,4,181,0.5109983682632446,0.6227599382400513,0.5109983682632446,0.6227599382400513,0.7200000286102295,0.6666666865348816
35,4,182,0.5096244215965271,0.6223869323730469,0.5096244215965271,0.6223869323730469,0.7200000286102295,0.6666666865348816
35,4,183,0.5082444548606873,0.6219572424888611,0.5082444548606873,0.6219572424888611,0.7200000286102295,0.6666666865348816
35,4,184,0.5068708062171936,0.6215821504592896,0.5068708062171936,0.6215821504592896,0.7200000286102295,0.6666666865348816
35,4,185,0.5054977536201477,0.6213258504867554,0.5054977536201477,0.6213258504867554,0.7200000286102295,0.6666666865348816
35,4,186,0.5041138529777527,0.6210923790931702,0.5041138529777527,0.6210923790931702,0.7200000286102295,0.5555555820465088
35,4,187,0.5027219653129578,0.6208935379981995,0.5027219653129578,0.6208935379981995,0.7200000286102295,0.5555555820465088
35,4,188,0.5013222694396973,0.6205810904502869,0.5013222694396973,0.6205810904502869,0.7200000286102295,0.5555555820465088
35,4,189,0.4998915493488312,0.620198667049408,0.4998915493488312,0.620198667049408,0.7200000286102295,0.5555555820465088
35,4,190,0.4985015094280243,0.6199313998222351,0.4985015094280243,0.6199313998222351,0.7400000095367432,0.5555555820465088
35,4,191,0.497091144323349,0.6197272539138794,0.497091144323349,0.6197272539138794,0.7400000095367432,0.5555555820465088
35,4,192,0.49566054344177246,0.6194611191749573,0.49566054344177246,0.6194611191749573,0.7400000095367432,0.5555555820465088
35,4,193,0.4942150115966797,0.6191331148147583,0.4942150115966797,0.6191331148147583,0.7400000095367432,0.5555555820465088
35,4,194,0.4927414655685425,0.6188396215438843,0.4927414655685425,0.6188396215438843,0.7400000095367432,0.5555555820465088
35,4,195,0.4912879467010498,0.6186090707778931,0.4912879467010498,0.6186090707778931,0.7400000095367432,0.5555555820465088
35,4,196,0.4898199737071991,0.6184275150299072,0.4898199737071991,0.6184275150299072,0.7400000095367432,0.5555555820465088
35,4,197,0.488332062959671,0.6182020902633667,0.488332062959671,0.6182020902633667,0.7400000095367432,0.5555555820465088
35,4,198,0.4868198335170746,0.6179537177085876,0.4868198335170746,0.6179537177085876,0.7400000095367432,0.5555555820465088
35,4,199,0.4852868616580963,0.6177011132240295,0.4852868616580963,0.6177011132240295,0.7400000095367432,0.5555555820465088
35,4,200,0.4837251305580139,0.617518424987793,0.4837251305580139,0.617518424987793,0.7599999904632568,0.5555555820465088
35,4,201,0.48213088512420654,0.6174653172492981,0.48213088512420654,0.6174653172492981,0.7599999904632568,0.5555555820465088
35,4,202,0.48050230741500854,0.6174004077911377,0.48050230741500854,0.6174004077911377,0.7599999904632568,0.5555555820465088
35,4,203,0.4788871109485626,0.6172969341278076,0.4788871109485626,0.6172969341278076,0.7799999713897705,0.5555555820465088
35,4,204,0.4772856533527374,0.6172139644622803,0.4772856533527374,0.6172139644622803,0.7799999713897705,0.5555555820465088
35,4,205,0.4756583273410797,0.6172805428504944,0.4756583273410797,0.6172805428504944,0.7799999713897705,0.5555555820465088
35,4,206,0.4739896357059479,0.6173830628395081,0.4739896357059479,0.6173830628395081,0.7799999713897705,0.5555555820465088
35,4,207,0.4723215401172638,0.6174158453941345,0.4723215401172638,0.6174158453941345,0.7799999713897705,0.5555555820465088
35,4,208,0.4706730544567108,0.6174296140670776,0.4706730544567108,0.6174296140670776,0.7799999713897705,0.5555555820465088
35,4,209,0.46898919343948364,0.6175267100334167,0.46898919343948364,0.6175267100334167,0.7799999713897705,0.5555555820465088
35,4,210,0.467317670583725,0.6177164912223816,0.467317670583725,0.6177164912223816,0.7799999713897705,0.5555555820465088
35,4,211,0.4656004309654236,0.6178283095359802,0.4656004309654236,0.6178283095359802,0.7799999713897705,0.5555555820465088
35,4,212,0.46387141942977905,0.6178218126296997,0.46387141942977905,0.6178218126296997,0.7799999713897705,0.5555555820465088
35,4,213,0.46216124296188354,0.6179027557373047,0.46216124296188354,0.6179027557373047,0.7799999713897705,0.5555555820465088
35,4,214,0.4604327082633972,0.6181744337081909,0.4604327082633972,0.6181744337081909,0.7799999713897705,0.5555555820465088
35,4,215,0.4586746096611023,0.6183378100395203,0.4586746096611023,0.6183378100395203,0.7799999713897705,0.5555555820465088
35,4,216,0.4569048285484314,0.6183474063873291,0.4569048285484314,0.6183474063873291,0.7799999713897705,0.5555555820465088
35,4,217,0.4551606774330139,0.6183261871337891,0.4551606774330139,0.6183261871337891,0.7799999713897705,0.5555555820465088
35,4,218,0.45339882373809814,0.6184154748916626,0.45339882373809814,0.6184154748916626,0.7799999713897705,0.6666666865348816
35,4,219,0.45166248083114624,0.6186661720275879,0.45166248083114624,0.6186661720275879,0.7799999713897705,0.6666666865348816
35,4,220,0.4498811364173889,0.6189143061637878,0.4498811364173889,0.6189143061637878,0.7799999713897705,0.6666666865348816
35,4,221,0.4480802118778229,0.6191178560256958,0.4480802118778229,0.6191178560256958,0.7799999713897705,0.6666666865348816
35,4,222,0.4462897777557373,0.6191735863685608,0.4462897777557373,0.6191735863685608,0.7799999713897705,0.6666666865348816
35,4,223,0.4445069432258606,0.619249701499939,0.4445069432258606,0.619249701499939,0.7799999713897705,0.6666666865348816
35,4,224,0.44274765253067017,0.619479775428772,0.44274765253067017,0.619479775428772,0.7799999713897705,0.6666666865348816
35,4,225,0.440984845161438,0.6198947429656982,0.440984845161438,0.6198947429656982,0.7799999713897705,0.6666666865348816
35,4,226,0.4391762614250183,0.620303213596344,0.4391762614250183,0.620303213596344,0.7799999713897705,0.6666666865348816
35,4,227,0.4373757839202881,0.6204880475997925,0.4373757839202881,0.6204880475997925,0.7799999713897705,0.6666666865348816
35,4,228,0.4355761706829071,0.6206014752388,0.4355761706829071,0.6206014752388,0.7799999713897705,0.6666666865348816
35,4,229,0.4338151812553406,0.6208050847053528,0.4338151812553406,0.6208050847053528,0.7799999713897705,0.6666666865348816
36,4,1,0.6866014003753662,0.7105346322059631,0.6866014003753662,0.7105346322059631,0.5600000023841858,0.4444444477558136
36,4,2,0.6846839189529419,0.7101070880889893,0.6846839189529419,0.7101070880889893,0.5400000214576721,0.4444444477558136
36,4,3,0.6829866766929626,0.7097247242927551,0.6829866766929626,0.7097247242927551,0.5600000023841858,0.5555555820465088
36,4,4,0.6813406348228455,0.7093871831893921,0.6813406348228455,0.7093871831893921,0.5799999833106995,0.4444444477558136
36,4,5,0.6797254085540771,0.7091192007064819,0.6797254085540771,0.7091192007064819,0.6200000047683716,0.4444444477558136
36,4,6,0.6781055927276611,0.7088481187820435,0.6781055927276611,0.7088481187820435,0.6000000238418579,0.4444444477558136
36,4,7,0.6764879822731018,0.7085812091827393,0.6764879822731018,0.7085812091827393,0.6200000047683716,0.3333333432674408
36,4,8,0.6748995780944824,0.7082511782646179,0.6748995780944824,0.7082511782646179,0.6399999856948853,0.3333333432674408
36,4,9,0.6733167767524719,0.7079181671142578,0.6733167767524719,0.7079181671142578,0.6800000071525574,0.3333333432674408
36,4,10,0.6717674136161804,0.7076284885406494,0.6717674136161804,0.7076284885406494,0.6800000071525574,0.3333333432674408
36,4,11,0.670254647731781,0.7074329853057861,0.670254647731781,0.7074329853057861,0.6800000071525574,0.3333333432674408
36,4,12,0.6687725782394409,0.7073650360107422,0.6687725782394409,0.7073650360107422,0.6800000071525574,0.3333333432674408
36,4,13,0.6673322319984436,0.7073063850402832,0.6673322319984436,0.7073063850402832,0.6800000071525574,0.3333333432674408
36,4,14,0.665892481803894,0.7072603702545166,0.665892481803894,0.7072603702545166,0.6800000071525574,0.3333333432674408
36,4,15,0.6644589304924011,0.7072519063949585,0.6644589304924011,0.7072519063949585,0.7599999904632568,0.3333333432674408
36,4,16,0.6630192399024963,0.7072645425796509,0.6630192399024963,0.7072645425796509,0.7599999904632568,0.3333333432674408
36,4,17,0.6615843176841736,0.7073094844818115,0.6615843176841736,0.7073094844818115,0.7799999713897705,0.3333333432674408
36,4,18,0.6601568460464478,0.7074421048164368,0.6601568460464478,0.7074421048164368,0.7799999713897705,0.3333333432674408
36,4,19,0.6587331891059875,0.7076544165611267,0.6587331891059875,0.7076544165611267,0.7799999713897705,0.3333333432674408
36,4,20,0.6572941541671753,0.707796573638916,0.6572941541671753,0.707796573638916,0.7599999904632568,0.3333333432674408
36,4,21,0.6558423638343811,0.707999050617218,0.6558423638343811,0.707999050617218,0.7599999904632568,0.3333333432674408
36,4,22,0.6544111371040344,0.708247721195221,0.6544111371040344,0.708247721195221,0.7599999904632568,0.3333333432674408
36,4,23,0.6529881358146667,0.7085239887237549,0.6529881358146667,0.7085239887237549,0.7599999904632568,0.3333333432674408
36,4,24,0.6515982747077942,0.7087996006011963,0.6515982747077942,0.7087996006011963,0.7599999904632568,0.3333333432674408
36,4,25,0.6501812934875488,0.7090916037559509,0.6501812934875488,0.7090916037559509,0.7599999904632568,0.3333333432674408
36,4,26,0.6487584114074707,0.7093929052352905,0.6487584114074707,0.7093929052352905,0.7599999904632568,0.3333333432674408
36,4,27,0.647330641746521,0.709687352180481,0.647330641746521,0.709687352180481,0.7599999904632568,0.3333333432674408
36,4,28,0.6458889245986938,0.7099733352661133,0.6458889245986938,0.7099733352661133,0.7599999904632568,0.3333333432674408
36,4,29,0.6444358825683594,0.7103010416030884,0.6444358825683594,0.7103010416030884,0.7599999904632568,0.3333333432674408
36,4,30,0.6429509520530701,0.7106374502182007,0.6429509520530701,0.7106374502182007,0.7799999713897705,0.3333333432674408
36,4,31,0.6414505243301392,0.7110320329666138,0.6414505243301392,0.7110320329666138,0.7799999713897705,0.3333333432674408
36,4,32,0.6399369239807129,0.7115528583526611,0.6399369239807129,0.7115528583526611,0.7799999713897705,0.4444444477558136
36,4,33,0.6384057998657227,0.7121443152427673,0.6384057998657227,0.7121443152427673,0.7799999713897705,0.4444444477558136
36,4,34,0.6368372440338135,0.7127918601036072,0.6368372440338135,0.7127918601036072,0.7799999713897705,0.4444444477558136
36,4,35,0.6352565884590149,0.7135186195373535,0.6352565884590149,0.7135186195373535,0.7799999713897705,0.3333333432674408
36,4,36,0.6336779594421387,0.7143359780311584,0.6336779594421387,0.7143359780311584,0.7799999713897705,0.3333333432674408
36,4,37,0.6320590376853943,0.7151644229888916,0.6320590376853943,0.7151644229888916,0.7799999713897705,0.3333333432674408
36,4,38,0.6304025650024414,0.7159816026687622,0.6304025650024414,0.7159816026687622,0.7799999713897705,0.3333333432674408
36,4,39,0.6287323236465454,0.7167664170265198,0.6287323236465454,0.7167664170265198,0.7799999713897705,0.3333333432674408
37,4,1,0.684715211391449,0.6815354824066162,0.6847150921821594,0.6815354824066162,0.5686274766921997,0.6666666865348816
37,4,2,0.6830210089683533,0.6811190843582153,0.6830210089683533,0.6811190843582153,0.5686274766921997,0.6666666865348816
37,4,3,0.6816578507423401,0.6807196736335754,0.6816578507423401,0.6807196736335754,0.5686274766921997,0.6666666865348816
37,4,4,0.6803666949272156,0.6803792715072632,0.6803666949272156,0.6803792715072632,0.5686274766921997,0.6666666865348816
37,4,5,0.6791195869445801,0.6801193952560425,0.6791195869445801,0.6801193952560425,0.5882353186607361,0.6666666865348816
37,4,6,0.6779026985168457,0.6798869371414185,0.6779026985168457,0.6798869371414185,0.5882353186607361,0.6666666865348816
37,4,7,0.6767308115959167,0.6796653270721436,0.6767308115959167,0.6796653270721436,0.5882353186607361,0.6666666865348816
37,4,8,0.6755841374397278,0.6794421672821045,0.6755841374397278,0.6794421672821045,0.6078431606292725,0.6666666865348816
37,4,9,0.6744622588157654,0.6792342662811279,0.6744622588157654,0.6792342662811279,0.6078431606292725,0.6666666865348816
37,4,10,0.6733629107475281,0.6790488362312317,0.6733629107475281,0.6790488362312317,0.6470588445663452,0.6666666865348816
37,4,11,0.6722681522369385,0.6788599491119385,0.6722681522369385,0.6788599491119385,0.6470588445663452,0.6666666865348816
37,4,12,0.6712037920951843,0.6786949038505554,0.6712037920951843,0.6786949038505554,0.6470588445663452,0.6666666865348816
37,4,13,0.670160710811615,0.6785438656806946,0.670160710811615,0.6785438656806946,0.6470588445663452,0.6666666865348816
37,4,14,0.6691275238990784,0.6783998608589172,0.6691275238990784,0.6783998608589172,0.6470588445663452,0.6666666865348816
37,4,15,0.668099045753479,0.6782959699630737,0.668099045753479,0.6782959699630737,0.6470588445663452,0.6666666865348816
37,4,16,0.66707843542099,0.6782267689704895,0.66707843542099,0.6782267689704895,0.6470588445663452,0.6666666865348816
37,4,17,0.6660618782043457,0.6781508326530457,0.6660618782043457,0.6781508326530457,0.6470588445663452,0.6666666865348816
37,4,18,0.6650490760803223,0.6780661344528198,0.6650490760803223,0.6780661344528198,0.6470588445663452,0.6666666865348816
37,4,19,0.6640440821647644,0.677972674369812,0.6640440821647644,0.677972674369812,0.6470588445663452,0.6666666865348816
37,4,20,0.6630558967590332,0.6778700351715088,0.6630558967590332,0.6778700351715088,0.6470588445663452,0.6666666865348816
37,4,21,0.6620751023292542,0.677780032157898,0.6620751023292542,0.677780032157898,0.6470588445663452,0.6666666865348816
37,4,22,0.6611126065254211,0.6776696443557739,0.6611126065254211,0.6776696443557739,0.6666666865348816,0.6666666865348816
37,4,23,0.6601713299751282,0.6775691509246826,0.6601713299751282,0.6775691509246826,0.6666666865348816,0.6666666865348816
37,4,24,0.6592583656311035,0.6774786710739136,0.6592583656311035,0.6774786710739136,0.6666666865348816,0.6666666865348816
37,4,25,0.6583463549613953,0.6773934960365295,0.6583463549613953,0.6773934960365295,0.6666666865348816,0.6666666865348816
37,4,26,0.6574487090110779,0.6773218512535095,0.6574487090110779,0.6773218512535095,0.6666666865348816,0.6666666865348816
37,4,27,0.6565518379211426,0.677277684211731,0.6565518379211426,0.677277684211731,0.6666666865348816,0.6666666865348816
37,4,28,0.6556599140167236,0.6772533059120178,0.6556599140167236,0.6772533059120178,0.6666666865348816,0.6666666865348816
37,4,29,0.6547625064849854,0.6772370934486389,0.6547625064849854,0.6772370934486389,0.6666666865348816,0.6666666865348816
37,4,30,0.6538575887680054,0.6772246956825256,0.6538575887680054,0.6772246956825256,0.6666666865348816,0.6666666865348816
37,4,31,0.6529427170753479,0.6771819591522217,0.6529427170753479,0.6771819591522217,0.6666666865348816,0.6666666865348816
37,4,32,0.6520216464996338,0.677140474319458,0.6520216464996338,0.677140474319458,0.6666666865348816,0.6666666865348816
37,4,33,0.6511037945747375,0.6771066784858704,0.6511037945747375,0.6771066784858704,0.6666666865348816,0.6666666865348816
37,4,34,0.6501852869987488,0.6770759224891663,0.6501852869987488,0.6770759224891663,0.6666666865348816,0.6666666865348816
37,4,35,0.6492456197738647,0.6770490407943726,0.6492456197738647,0.6770490407943726,0.6666666865348816,0.6666666865348816
37,4,36,0.6482928991317749,0.6770119071006775,0.6482928991317749,0.6770119071006775,0.6666666865348816,0.6666666865348816
37,4,37,0.6473212838172913,0.6769735217094421,0.6473212838172913,0.6769735217094421,0.6666666865348816,0.6666666865348816
37,4,38,0.6463358402252197,0.6769379377365112,0.6463358402252197,0.6769379377365112,0.686274528503418,0.6666666865348816
37,4,39,0.6453335285186768,0.6769284009933472,0.6453335285186768,0.6769284009933472,0.686274528503418,0.6666666865348816
37,4,40,0.6443220376968384,0.676924467086792,0.6443220376968384,0.676924467086792,0.686274528503418,0.6666666865348816
37,4,41,0.6432958841323853,0.6768986582756042,0.6432958841323853,0.6768986582756042,0.686274528503418,0.6666666865348816
37,4,42,0.6422560214996338,0.6768764853477478,0.6422560214996338,0.6768764853477478,0.686274528503418,0.6666666865348816
37,4,43,0.6411930322647095,0.6768571734428406,0.6411930322647095,0.6768571734428406,0.686274528503418,0.6666666865348816
37,4,44,0.6401156783103943,0.6768397092819214,0.6401156783103943,0.6768397092819214,0.686274528503418,0.6666666865348816
37,4,45,0.6390230059623718,0.6768033504486084,0.6390230059623718,0.6768033504486084,0.686274528503418,0.6666666865348816
37,4,46,0.6379303932189941,0.6767821907997131,0.6379303932189941,0.6767821907997131,0.686274528503418,0.6666666865348816
37,4,47,0.6368282437324524,0.676804780960083,0.6368282437324524,0.676804780960083,0.686274528503418,0.6666666865348816
37,4,48,0.6357219815254211,0.6768741607666016,0.6357219815254211,0.6768741607666016,0.686274528503418,0.6666666865348816
37,4,49,0.6345985531806946,0.6769501566886902,0.6345985531806946,0.6769501566886902,0.6666666865348816,0.6666666865348816
37,4,50,0.6334645748138428,0.6770099401473999,0.6334645748138428,0.6770099401473999,0.6666666865348816,0.6666666865348816
37,4,51,0.6323188543319702,0.6770503520965576,0.6323188543319702,0.6770503520965576,0.686274528503418,0.6666666865348816
37,4,52,0.6311561465263367,0.6770586967468262,0.6311561465263367,0.6770586967468262,0.686274528503418,0.6666666865348816
37,4,53,0.6299681663513184,0.6770552396774292,0.6299681663513184,0.6770552396774292,0.686274528503418,0.6666666865348816
37,4,54,0.6287411451339722,0.6770508289337158,0.6287411451339722,0.6770508289337158,0.686274528503418,0.6666666865348816
37,4,55,0.6275008916854858,0.6770455241203308,0.6275008916854858,0.6770455241203308,0.686274528503418,0.6666666865348816
37,4,56,0.6262310147285461,0.6770681738853455,0.6262310147285461,0.6770681738853455,0.686274528503418,0.6666666865348816
37,4,57,0.6249502301216125,0.677068829536438,0.6249502301216125,0.677068829536438,0.686274528503418,0.6666666865348816
37,4,58,0.6236616969108582,0.6770601272583008,0.6236616969108582,0.6770601272583008,0.686274528503418,0.6666666865348816
37,4,59,0.6223588585853577,0.6770727038383484,0.6223588585853577,0.6770727038383484,0.686274528503418,0.6666666865348816
37,4,60,0.6210393905639648,0.6771306395530701,0.6210393905639648,0.6771306395530701,0.686274528503418,0.6666666865348816
37,4,61,0.6197158694267273,0.6771972179412842,0.6197158098220825,0.6771972179412842,0.7058823704719543,0.6666666865348816
37,4,62,0.6183879375457764,0.6772692203521729,0.6183879375457764,0.6772692203521729,0.7058823704719543,0.6666666865348816
37,4,63,0.6170529127120972,0.6773257255554199,0.6170529127120972,0.6773257255554199,0.7254902124404907,0.6666666865348816
37,4,64,0.6156765222549438,0.6773771047592163,0.6156765222549438,0.6773771047592163,0.7254902124404907,0.6666666865348816
37,4,65,0.6142672300338745,0.6774293184280396,0.6142672300338745,0.6774293184280396,0.7254902124404907,0.6666666865348816
37,4,66,0.6128321886062622,0.6774494647979736,0.6128321886062622,0.6774494647979736,0.7450980544090271,0.6666666865348816
37,4,67,0.6113743185997009,0.677518904209137,0.6113743185997009,0.677518904209137,0.7450980544090271,0.6666666865348816
37,4,68,0.6099223494529724,0.6776164770126343,0.6099223494529724,0.6776164770126343,0.7450980544090271,0.6666666865348816
37,4,69,0.6084843277931213,0.6777325868606567,0.6084843277931213,0.6777325868606567,0.7450980544090271,0.6666666865348816
37,4,70,0.6070512533187866,0.67791748046875,0.6070512533187866,0.67791748046875,0.7450980544090271,0.6666666865348816
37,4,71,0.6055959463119507,0.6781173348426819,0.6055959463119507,0.6781173348426819,0.7450980544090271,0.6666666865348816
38,4,1,0.6887734532356262,0.7038443684577942,0.6887734532356262,0.7038443684577942,0.5686274766921997,0.4444444477558136
38,4,2,0.6869955658912659,0.7030559778213501,0.6869955658912659,0.7030559778213501,0.6078431606292725,0.4444444477558136
38,4,3,0.6854912042617798,0.7022939920425415,0.6854912042617798,0.7022939920425415,0.5882353186607361,0.5555555820465088
38,4,4,0.6840618848800659,0.7015483379364014,0.6840618848800659,0.7015483379364014,0.5882353186607361,0.5555555820465088
38,4,5,0.6826897263526917,0.7008958458900452,0.6826897263526917,0.7008958458900452,0.5882353186607361,0.5555555820465088
38,4,6,0.6813477277755737,0.7003529071807861,0.6813477277755737,0.7003529071807861,0.5882353186607361,0.5555555820465088
38,4,7,0.6800466775894165,0.6998707056045532,0.6800466775894165,0.6998707056045532,0.5882353186607361,0.5555555820465088
38,4,8,0.6787877082824707,0.6993896961212158,0.6787877082824707,0.6993896961212158,0.5882353186607361,0.4444444477558136
38,4,9,0.6775922775268555,0.6990126371383667,0.6775922775268555,0.6990126371383667,0.5882353186607361,0.5555555820465088
38,4,10,0.676471471786499,0.6987308263778687,0.676471471786499,0.6987308263778687,0.5882353186607361,0.5555555820465088
38,4,11,0.6753888130187988,0.6984936594963074,0.6753888130187988,0.6984936594963074,0.5882353186607361,0.5555555820465088
38,4,12,0.6743331551551819,0.6983371376991272,0.6743331551551819,0.6983371376991272,0.5882353186607361,0.5555555820465088
38,4,13,0.6732907891273499,0.6981944441795349,0.6732907891273499,0.6981944441795349,0.5686274766921997,0.5555555820465088
38,4,14,0.6722450852394104,0.6980787515640259,0.6722450852394104,0.6980787515640259,0.5882353186607361,0.5555555820465088
38,4,15,0.6711912751197815,0.6979671120643616,0.6711912155151367,0.6979671120643616,0.5882353186607361,0.5555555820465088
38,4,16,0.670146107673645,0.6978570818901062,0.670146107673645,0.6978570818901062,0.5882353186607361,0.5555555820465088
38,4,17,0.6691176295280457,0.6977609992027283,0.6691176295280457,0.6977609992027283,0.5882353186607361,0.5555555820465088
38,4,18,0.668114960193634,0.6976751685142517,0.668114960193634,0.6976751685142517,0.5686274766921997,0.5555555820465088
38,4,19,0.6671313643455505,0.6976362466812134,0.6671313643455505,0.6976362466812134,0.5686274766921997,0.5555555820465088
38,4,20,0.6661505103111267,0.6976613402366638,0.6661505103111267,0.6976613402366638,0.5686274766921997,0.5555555820465088
38,4,21,0.6651743054389954,0.6977320909500122,0.6651743054389954,0.6977320909500122,0.5882353186607361,0.5555555820465088
38,4,22,0.6642088294029236,0.6978349685668945,0.6642088294029236,0.6978349685668945,0.5882353186607361,0.5555555820465088
38,4,23,0.6632542610168457,0.6979529857635498,0.6632542610168457,0.6979529857635498,0.5882353186607361,0.5555555820465088
38,4,24,0.662317156791687,0.698077917098999,0.662317156791687,0.698077917098999,0.5882353186607361,0.5555555820465088
38,4,25,0.6613931059837341,0.6982179284095764,0.6613931059837341,0.6982179284095764,0.5882353186607361,0.5555555820465088
38,4,26,0.6604849100112915,0.6983750462532043,0.6604849100112915,0.6983750462532043,0.5882353186607361,0.5555555820465088
38,4,27,0.6595823764801025,0.6985699534416199,0.6595823764801025,0.6985699534416199,0.5882353186607361,0.5555555820465088
38,4,28,0.6586894392967224,0.6988282799720764,0.6586894392967224,0.6988282799720764,0.5882353186607361,0.5555555820465088
38,4,29,0.6577882766723633,0.6991161108016968,0.6577882766723633,0.6991161108016968,0.5882353186607361,0.5555555820465088
38,4,30,0.6568834185600281,0.6994486451148987,0.6568834185600281,0.6994486451148987,0.5882353186607361,0.5555555820465088
38,4,31,0.6559621691703796,0.6998162865638733,0.6559621691703796,0.6998162865638733,0.5882353186607361,0.5555555820465088
38,4,32,0.6550325751304626,0.7002219557762146,0.6550325751304626,0.7002219557762146,0.5882353186607361,0.5555555820465088
38,4,33,0.6541010737419128,0.7006533741950989,0.6541010737419128,0.7006533741950989,0.5882353186607361,0.5555555820465088
38,4,34,0.6531503796577454,0.7011247277259827,0.6531503796577454,0.7011247277259827,0.5882353186607361,0.5555555820465088
38,4,35,0.65218186378479,0.701633095741272,0.65218186378479,0.701633095741272,0.5882353186607361,0.5555555820465088
38,4,36,0.6511879563331604,0.7021299600601196,0.6511879563331604,0.7021299600601196,0.5882353186607361,0.5555555820465088
38,4,37,0.6501742601394653,0.7026318311691284,0.6501742601394653,0.7026318311691284,0.5882353186607361,0.5555555820465088
38,4,38,0.6491414904594421,0.7031769752502441,0.6491414904594421,0.7031769752502441,0.5882353186607361,0.5555555820465088
38,4,39,0.6480967998504639,0.7037587761878967,0.6480967998504639,0.7037587761878967,0.5882353186607361,0.5555555820465088
38,4,40,0.6470220685005188,0.7043432593345642,0.6470220685005188,0.7043432593345642,0.5882353186607361,0.5555555820465088
38,4,41,0.6459283828735352,0.7049152851104736,0.6459283232688904,0.7049152851104736,0.5882353186607361,0.5555555820465088
38,4,42,0.6448156833648682,0.7054853439331055,0.6448156833648682,0.7054853439331055,0.5882353186607361,0.5555555820465088
38,4,43,0.6437220573425293,0.7060527801513672,0.6437220573425293,0.7060527801513672,0.5882353186607361,0.5555555820465088
38,4,44,0.6426337957382202,0.7066189050674438,0.6426337957382202,0.7066189050674438,0.5882353186607361,0.5555555820465088
39,4,1,0.6971139311790466,0.7024474740028381,0.6971139311790466,0.7024474740028381,0.5490196347236633,0.4444444477558136
39,4,2,0.6953891515731812,0.7009716629981995,0.6953891515731812,0.7009716629981995,0.5490196347236633,0.5555555820465088
39,4,3,0.6939935088157654,0.6994330883026123,0.6939935684204102,0.6994330883026123,0.5490196347236633,0.5555555820465088
39,4,4,0.6926881670951843,0.6978771686553955,0.6926881670951843,0.6978771686553955,0.5490196347236633,0.4444444477558136
39,4,5,0.6914337277412415,0.696293830871582,0.6914337277412415,0.696293830871582,0.5490196347236633,0.4444444477558136
39,4,6,0.6902162432670593,0.6946946382522583,0.6902162432670593,0.6946946382522583,0.5490196347236633,0.4444444477558136
39,4,7,0.689018189907074,0.6931231021881104,0.689018189907074,0.6931231021881104,0.5490196347236633,0.4444444477558136
39,4,8,0.6878244876861572,0.691575288772583,0.6878244876861572,0.691575288772583,0.5490196347236633,0.4444444477558136
39,4,9,0.6866332292556763,0.6900843977928162,0.6866332292556763,0.6900843977928162,0.5686274766921997,0.4444444477558136
39,4,10,0.6854514479637146,0.6886090636253357,0.6854514479637146,0.6886090636253357,0.5686274766921997,0.5555555820465088
39,4,11,0.6842784285545349,0.6871153116226196,0.6842784285545349,0.6871153116226196,0.5686274766921997,0.5555555820465088
39,4,12,0.6831111311912537,0.6856456995010376,0.6831111311912537,0.6856456995010376,0.5686274766921997,0.5555555820465088
39,4,13,0.6819677948951721,0.6842014789581299,0.6819677948951721,0.6842014789581299,0.5882353186607361,0.5555555820465088
39,4,14,0.6808497905731201,0.6828403472900391,0.6808497905731201,0.6828403472900391,0.5882353186607361,0.5555555820465088
39,4,15,0.6797425746917725,0.6815157532691956,0.6797425746917725,0.6815157532691956,0.5882353186607361,0.5555555820465088
39,4,16,0.6786428689956665,0.6802123785018921,0.6786428689956665,0.6802123785018921,0.5882353186607361,0.5555555820465088
39,4,17,0.6775640845298767,0.6789724826812744,0.6775640845298767,0.6789724826812744,0.5882353186607361,0.5555555820465088
39,4,18,0.6765195727348328,0.6778038740158081,0.6765195727348328,0.6778038740158081,0.5882353186607361,0.5555555820465088
39,4,19,0.6754590272903442,0.6766678690910339,0.6754590272903442,0.6766678690910339,0.5686274766921997,0.5555555820465088
39,4,20,0.6743985414505005,0.6755622625350952,0.6743985414505005,0.6755622625350952,0.5686274766921997,0.5555555820465088
39,4,21,0.6733438372612,0.6744846701622009,0.6733438372612,0.6744846701622009,0.5686274766921997,0.5555555820465088
39,4,22,0.6722954511642456,0.6734462380409241,0.6722954511642456,0.6734462380409241,0.5686274766921997,0.5555555820465088
39,4,23,0.671235203742981,0.6724379658699036,0.671235203742981,0.6724379658699036,0.5686274766921997,0.6666666865348816
39,4,24,0.6701639294624329,0.6714774370193481,0.6701639294624329,0.6714774370193481,0.5686274766921997,0.6666666865348816
39,4,25,0.6691011786460876,0.6705536246299744,0.6691011786460876,0.6705536246299744,0.5686274766921997,0.6666666865348816
39,4,26,0.6680455803871155,0.6696470379829407,0.6680455803871155,0.6696470379829407,0.5686274766921997,0.6666666865348816
39,4,27,0.6670042872428894,0.6687568426132202,0.6670042872428894,0.6687568426132202,0.5686274766921997,0.6666666865348816
39,4,28,0.6659871935844421,0.6678748726844788,0.6659871935844421,0.6678748726844788,0.5686274766921997,0.6666666865348816
39,4,29,0.6649717688560486,0.6669893860816956,0.6649717688560486,0.6669893860816956,0.5686274766921997,0.6666666865348816
39,4,30,0.6639565825462341,0.6661052703857422,0.6639565825462341,0.6661052703857422,0.5686274766921997,0.6666666865348816
39,4,31,0.6629420518875122,0.665207028388977,0.6629420518875122,0.665207028388977,0.5686274766921997,0.6666666865348816
39,4,32,0.6619177460670471,0.6642878651618958,0.6619177460670471,0.6642878651618958,0.5686274766921997,0.6666666865348816
39,4,33,0.660885751247406,0.6633634567260742,0.660885751247406,0.6633634567260742,0.5686274766921997,0.6666666865348816
39,4,34,0.6598527431488037,0.6624512076377869,0.6598527431488037,0.6624512076377869,0.6274510025978088,0.6666666865348816
39,4,35,0.6588232517242432,0.661551833152771,0.6588232517242432,0.661551833152771,0.6274510025978088,0.6666666865348816
39,4,36,0.6577957272529602,0.6606448292732239,0.6577957272529602,0.6606448292732239,0.6274510025978088,0.6666666865348816
39,4,37,0.6567577123641968,0.6597257852554321,0.6567577123641968,0.6597257852554321,0.6274510025978088,0.6666666865348816
39,4,38,0.6557229161262512,0.6588026881217957,0.6557229161262512,0.6588026881217957,0.6274510025978088,0.6666666865348816
39,4,39,0.6546775102615356,0.6578909754753113,0.6546775102615356,0.6578909754753113,0.6274510025978088,0.6666666865348816
39,4,40,0.6536350846290588,0.6569869518280029,0.6536350846290588,0.6569869518280029,0.6274510025978088,0.6666666865348816
39,4,41,0.652584433555603,0.656082808971405,0.652584433555603,0.656082808971405,0.6470588445663452,0.6666666865348816
39,4,42,0.6515233516693115,0.6551674604415894,0.6515233516693115,0.6551674604415894,0.6470588445663452,0.6666666865348816
39,4,43,0.6504431366920471,0.6542507410049438,0.6504431366920471,0.6542507410049438,0.6470588445663452,0.6666666865348816
39,4,44,0.6493496894836426,0.6533570885658264,0.6493496894836426,0.6533570885658264,0.6470588445663452,0.6666666865348816
39,4,45,0.6482493281364441,0.6524708867073059,0.6482493281364441,0.6524708867073059,0.6470588445663452,0.6666666865348816
39,4,46,0.6471231579780579,0.6516068577766418,0.6471231579780579,0.6516068577766418,0.6666666865348816,0.6666666865348816
39,4,47,0.6459643840789795,0.6507632732391357,0.6459643840789795,0.6507632732391357,0.6666666865348816,0.6666666865348816
39,4,48,0.6447758674621582,0.6499395370483398,0.6447758674621582,0.6499395370483398,0.6666666865348816,0.7777777910232544
39,4,49,0.6435754895210266,0.6490854024887085,0.6435754895210266,0.6490854024887085,0.686274528503418,0.7777777910232544
39,4,50,0.6423687934875488,0.6482266187667847,0.6423687934875488,0.6482266187667847,0.686274528503418,0.7777777910232544
39,4,51,0.6411558985710144,0.6473641991615295,0.6411558985710144,0.6473641991615295,0.686274528503418,0.7777777910232544
39,4,52,0.6399409174919128,0.6464887261390686,0.6399409174919128,0.6464887261390686,0.7058823704719543,0.7777777910232544
39,4,53,0.6387432217597961,0.6456312537193298,0.6387432217597961,0.6456312537193298,0.7058823704719543,0.7777777910232544
39,4,54,0.6375243067741394,0.644757091999054,0.6375243067741394,0.644757091999054,0.7058823704719543,0.7777777910232544
39,4,55,0.6362929940223694,0.6438724994659424,0.6362929940223694,0.6438724994659424,0.7254902124404907,0.7777777910232544
39,4,56,0.6350576877593994,0.6429789066314697,0.6350576877593994,0.6429789066314697,0.7254902124404907,0.7777777910232544
39,4,57,0.6338203549385071,0.6420706510543823,0.6338203549385071,0.6420706510543823,0.7254902124404907,0.7777777910232544
39,4,58,0.6325730085372925,0.6411356925964355,0.6325730085372925,0.6411356925964355,0.7254902124404907,0.7777777910232544
39,4,59,0.6313226819038391,0.6401716470718384,0.6313226819038391,0.6401716470718384,0.7254902124404907,0.7777777910232544
39,4,60,0.6300599575042725,0.6392130851745605,0.6300599575042725,0.6392130851745605,0.7058823704719543,0.7777777910232544
39,4,61,0.6287862062454224,0.6382739543914795,0.6287862062454224,0.6382739543914795,0.7058823704719543,0.7777777910232544
39,4,62,0.627502977848053,0.6373634338378906,0.627502977848053,0.6373634338378906,0.7254902124404907,0.7777777910232544
39,4,63,0.6262078881263733,0.6364570260047913,0.6262078881263733,0.6364570260047913,0.7254902124404907,0.7777777910232544
39,4,64,0.6248815059661865,0.6355403661727905,0.6248815059661865,0.6355403661727905,0.7254902124404907,0.7777777910232544
39,4,65,0.6235337853431702,0.6346009969711304,0.6235337853431702,0.6346009969711304,0.7254902124404907,0.7777777910232544
39,4,66,0.6221943497657776,0.6336643099784851,0.6221943497657776,0.6336643099784851,0.7254902124404907,0.7777777910232544
39,4,67,0.6208473443984985,0.6327393651008606,0.6208473443984985,0.6327393651008606,0.7254902124404907,0.7777777910232544
39,4,68,0.6195006370544434,0.6318113207817078,0.6195006370544434,0.6318113207817078,0.7450980544090271,0.7777777910232544
39,4,69,0.6181550025939941,0.6308526396751404,0.6181550025939941,0.6308526396751404,0.7450980544090271,0.7777777910232544
39,4,70,0.6167966723442078,0.6298770904541016,0.6167966723442078,0.6298770904541016,0.7254902124404907,0.7777777910232544
39,4,71,0.6154234409332275,0.6288794279098511,0.6154234409332275,0.6288794279098511,0.7254902124404907,0.7777777910232544
39,4,72,0.6140538454055786,0.627842366695404,0.6140539050102234,0.627842366695404,0.7254902124404907,0.7777777910232544
39,4,73,0.6126673817634583,0.6267837285995483,0.6126673817634583,0.6267837285995483,0.7254902124404907,0.7777777910232544
39,4,74,0.6112684607505798,0.6257327198982239,0.6112684607505798,0.6257327198982239,0.7254902124404907,0.7777777910232544
39,4,75,0.6098663210868835,0.6247150897979736,0.6098663210868835,0.6247150897979736,0.7254902124404907,0.7777777910232544
39,4,76,0.6084520220756531,0.6236934065818787,0.6084520220756531,0.6236934065818787,0.7254902124404907,0.7777777910232544
39,4,77,0.6070258021354675,0.6226009726524353,0.6070258021354675,0.6226009726524353,0.7254902124404907,0.7777777910232544
39,4,78,0.6055969595909119,0.6214461922645569,0.6055969595909119,0.6214461922645569,0.7254902124404907,0.7777777910232544
39,4,79,0.6041547656059265,0.6202600002288818,0.6041547656059265,0.6202600002288818,0.7254902124404907,0.7777777910232544
39,4,80,0.6027175784111023,0.6190764904022217,0.6027175784111023,0.6190764904022217,0.7254902124404907,0.7777777910232544
39,4,81,0.6012829542160034,0.6179099678993225,0.6012829542160034,0.6179099678993225,0.7254902124404907,0.7777777910232544
39,4,82,0.5998380780220032,0.6166844367980957,0.5998380780220032,0.6166844367980957,0.7254902124404907,0.7777777910232544
39,4,83,0.5983758568763733,0.6154335141181946,0.5983758568763733,0.6154335141181946,0.7254902124404907,0.7777777910232544
39,4,84,0.5969059467315674,0.6141817569732666,0.5969059467315674,0.6141817569732666,0.7254902124404907,0.7777777910232544
39,4,85,0.5954217910766602,0.6129525303840637,0.5954217910766602,0.6129525303840637,0.7058823704719543,0.7777777910232544
39,4,86,0.5939082503318787,0.6117045879364014,0.5939082503318787,0.6117045879364014,0.7058823704719543,0.7777777910232544
39,4,87,0.5923817157745361,0.6105067133903503,0.5923817157745361,0.6105067133903503,0.7058823704719543,0.7777777910232544
39,4,88,0.5908493995666504,0.6093251705169678,0.5908493995666504,0.6093251705169678,0.7058823704719543,0.7777777910232544
39,4,89,0.5893053412437439,0.6081281304359436,0.5893053412437439,0.6081281304359436,0.7058823704719543,0.7777777910232544
39,4,90,0.5877496600151062,0.6069029569625854,0.5877496600151062,0.6069029569625854,0.7058823704719543,0.7777777910232544
39,4,91,0.586198091506958,0.6056267619132996,0.586198091506958,0.6056267619132996,0.7058823704719543,0.7777777910232544
39,4,92,0.5846294164657593,0.6043329834938049,0.5846294164657593,0.6043329834938049,0.7058823704719543,0.7777777910232544
39,4,93,0.5830480456352234,0.6030223369598389,0.5830480456352234,0.6030223369598389,0.7058823704719543,0.7777777910232544
39,4,94,0.5814532041549683,0.6017025113105774,0.5814532041549683,0.6017025113105774,0.7058823704719543,0.7777777910232544
39,4,95,0.5798524022102356,0.6004090905189514,0.5798524022102356,0.6004090905189514,0.7058823704719543,0.7777777910232544
39,4,96,0.5782267451286316,0.5991054177284241,0.5782267451286316,0.5991054177284241,0.7058823704719543,0.7777777910232544
39,4,97,0.5765814185142517,0.5977461338043213,0.5765814185142517,0.5977461338043213,0.7058823704719543,0.7777777910232544
39,4,98,0.5749192237854004,0.5963205099105835,0.5749192237854004,0.5963205099105835,0.7058823704719543,0.7777777910232544
39,4,99,0.5732331275939941,0.5948503613471985,0.5732331275939941,0.5948503613471985,0.7058823704719543,0.7777777910232544
39,4,100,0.5715208053588867,0.5933683514595032,0.5715208053588867,0.5933683514595032,0.7058823704719543,0.7777777910232544
39,4,101,0.569797158241272,0.5918104648590088,0.569797158241272,0.5918104648590088,0.7254902124404907,0.7777777910232544
39,4,102,0.5680629014968872,0.5901897549629211,0.5680629014968872,0.5901897549629211,0.7254902124404907,0.7777777910232544
39,4,103,0.5663199424743652,0.5885774493217468,0.5663199424743652,0.5885774493217468,0.7450980544090271,0.7777777910232544
39,4,104,0.5645939111709595,0.5870034694671631,0.5645939111709595,0.5870034694671631,0.7450980544090271,0.7777777910232544
39,4,105,0.5628411769866943,0.5854204297065735,0.5628411769866943,0.5854204297065735,0.7450980544090271,0.7777777910232544
39,4,106,0.5610759258270264,0.5838642120361328,0.5610759258270264,0.5838642120361328,0.7450980544090271,0.7777777910232544
39,4,107,0.5593202114105225,0.5823814868927002,0.5593202114105225,0.5823814868927002,0.7450980544090271,0.7777777910232544
39,4,108,0.557561993598938,0.5809236764907837,0.557561993598938,0.5809236764907837,0.7450980544090271,0.7777777910232544
39,4,109,0.5558025240898132,0.579526960849762,0.5558025240898132,0.579526960849762,0.7450980544090271,0.7777777910232544
39,4,110,0.554038405418396,0.5781564116477966,0.554038405418396,0.5781564116477966,0.7450980544090271,0.7777777910232544
39,4,111,0.5522745847702026,0.5768020153045654,0.5522745847702026,0.5768020153045654,0.7450980544090271,0.7777777910232544
39,4,112,0.5505141615867615,0.5754761099815369,0.5505141615867615,0.5754761099815369,0.7450980544090271,0.7777777910232544
39,4,113,0.5487630367279053,0.5741869807243347,0.5487630367279053,0.5741869807243347,0.7254902124404907,0.7777777910232544
39,4,114,0.5470086932182312,0.5729454755783081,0.5470086932182312,0.5729454755783081,0.7254902124404907,0.7777777910232544
39,4,115,0.5452359318733215,0.5718042850494385,0.5452359318733215,0.5718042850494385,0.7254902124404907,0.7777777910232544
39,4,116,0.5434500575065613,0.5707170367240906,0.5434500575065613,0.5707170367240906,0.7254902124404907,0.7777777910232544
39,4,117,0.5416633486747742,0.5696039795875549,0.5416633486747742,0.5696039795875549,0.7254902124404907,0.7777777910232544
39,4,118,0.5398668646812439,0.5684877634048462,0.5398668646812439,0.5684877634048462,0.7254902124404907,0.7777777910232544
39,4,119,0.538046658039093,0.567371666431427,0.538046658039093,0.567371666431427,0.7254902124404907,0.7777777910232544
39,4,120,0.5362096428871155,0.56624436378479,0.5362096428871155,0.56624436378479,0.7450980544090271,0.7777777910232544
39,4,121,0.5343772172927856,0.5650984048843384,0.5343772172927856,0.5650984048843384,0.7450980544090271,0.7777777910232544
39,4,122,0.5325571894645691,0.5639994740486145,0.5325571894645691,0.5639994740486145,0.7450980544090271,0.7777777910232544
39,4,123,0.5307475924491882,0.5629668235778809,0.5307475924491882,0.5629668235778809,0.7450980544090271,0.7777777910232544
39,4,124,0.5289198756217957,0.561993420124054,0.5289198756217957,0.561993420124054,0.7450980544090271,0.7777777910232544
39,4,125,0.5270856022834778,0.5610001087188721,0.5270856022834778,0.5610001087188721,0.7450980544090271,0.7777777910232544
39,4,126,0.5252572894096375,0.5599703788757324,0.5252572894096375,0.5599703788757324,0.7450980544090271,0.7777777910232544
39,4,127,0.5234179496765137,0.5589094758033752,0.5234179496765137,0.5589094758033752,0.7647058963775635,0.7777777910232544
39,4,128,0.5215914249420166,0.5578683018684387,0.5215914249420166,0.5578683018684387,0.7647058963775635,0.7777777910232544
39,4,129,0.5197770595550537,0.5568670630455017,0.5197770595550537,0.5568670630455017,0.7647058963775635,0.7777777910232544
39,4,130,0.5179736018180847,0.5558706521987915,0.5179736018180847,0.5558706521987915,0.7647058963775635,0.7777777910232544
39,4,131,0.5162042379379272,0.5549070835113525,0.5162042379379272,0.5549070835113525,0.7647058963775635,0.7777777910232544
39,4,132,0.5144206881523132,0.5539564490318298,0.5144206881523132,0.5539564490318298,0.7647058963775635,0.7777777910232544
39,4,133,0.5126371383666992,0.5530533194541931,0.5126371383666992,0.5530533194541931,0.7647058963775635,0.7777777910232544
39,4,134,0.5108444690704346,0.552181601524353,0.5108444690704346,0.552181601524353,0.7647058963775635,0.7777777910232544
39,4,135,0.5090562105178833,0.5513265132904053,0.5090562701225281,0.5513265132904053,0.7647058963775635,0.7777777910232544
39,4,136,0.5072660446166992,0.5504683256149292,0.5072660446166992,0.5504683256149292,0.7647058963775635,0.7777777910232544
39,4,137,0.5054799914360046,0.5496456027030945,0.5054799914360046,0.5496456027030945,0.7647058963775635,0.7777777910232544
39,4,138,0.5036997199058533,0.5489042401313782,0.5036997199058533,0.5489042401313782,0.7647058963775635,0.7777777910232544
39,4,139,0.5019072890281677,0.548241376876831,0.5019072890281677,0.548241376876831,0.7647058963775635,0.7777777910232544
39,4,140,0.5001096129417419,0.5475739240646362,0.5001096129417419,0.5475739240646362,0.7647058963775635,0.7777777910232544
39,4,141,0.4982917010784149,0.5468226671218872,0.4982917010784149,0.5468226671218872,0.7647058963775635,0.7777777910232544
39,4,142,0.496448278427124,0.546039342880249,0.496448278427124,0.546039342880249,0.7647058963775635,0.7777777910232544
39,4,143,0.4946095645427704,0.5452485084533691,0.4946095645427704,0.5452485084533691,0.7647058963775635,0.7777777910232544
39,4,144,0.49276337027549744,0.5445338487625122,0.49276337027549744,0.5445338487625122,0.7647058963775635,0.7777777910232544
39,4,145,0.4908968508243561,0.5439287424087524,0.4908968508243561,0.5439287424087524,0.7647058963775635,0.7777777910232544
39,4,146,0.48904502391815186,0.5432600378990173,0.48904502391815186,0.5432600378990173,0.7647058963775635,0.7777777910232544
39,4,147,0.48716679215431213,0.5425058603286743,0.48716679215431213,0.5425058603286743,0.7647058963775635,0.7777777910232544
39,4,148,0.4852848947048187,0.5417724251747131,0.4852848947048187,0.5417724251747131,0.7647058963775635,0.7777777910232544
39,4,149,0.48337316513061523,0.5411365628242493,0.48337316513061523,0.5411365628242493,0.7647058963775635,0.7777777910232544
39,4,150,0.4814453423023224,0.54055255651474,0.4814453423023224,0.54055255651474,0.7843137383460999,0.7777777910232544
39,4,151,0.47954392433166504,0.539965808391571,0.47954392433166504,0.539965808391571,0.7843137383460999,0.7777777910232544
39,4,152,0.477655827999115,0.5394645929336548,0.477655827999115,0.5394645929336548,0.7843137383460999,0.7777777910232544
39,4,153,0.4757746458053589,0.5390855073928833,0.4757746458053589,0.5390855073928833,0.7843137383460999,0.7777777910232544
39,4,154,0.47388747334480286,0.5386424660682678,0.47388747334480286,0.5386424660682678,0.7843137383460999,0.7777777910232544
39,4,155,0.4719926416873932,0.5382230281829834,0.4719926416873932,0.5382230281829834,0.7843137383460999,0.7777777910232544
39,4,156,0.47006550431251526,0.5378906726837158,0.47006550431251526,0.5378906726837158,0.7843137383460999,0.7777777910232544
39,4,157,0.46812132000923157,0.5376184582710266,0.46812132000923157,0.5376184582710266,0.7843137383460999,0.7777777910232544
39,4,158,0.46623343229293823,0.5374226570129395,0.46623343229293823,0.5374226570129395,0.7843137383460999,0.7777777910232544
39,4,159,0.46434229612350464,0.5372392535209656,0.46434229612350464,0.5372392535209656,0.7843137383460999,0.7777777910232544
39,4,160,0.4624450206756592,0.5370098352432251,0.4624450206756592,0.5370098352432251,0.8039215803146362,0.7777777910232544
39,4,161,0.46053367853164673,0.5367456674575806,0.46053367853164673,0.5367456674575806,0.8039215803146362,0.7777777910232544
39,4,162,0.45863884687423706,0.5365914702415466,0.45863884687423706,0.5365914702415466,0.8039215803146362,0.7777777910232544
39,4,163,0.4567311704158783,0.536550760269165,0.4567311704158783,0.536550760269165,0.8039215803146362,0.7777777910232544
39,4,164,0.45480337738990784,0.5364570021629333,0.45480337738990784,0.5364570021629333,0.8039215803146362,0.7777777910232544
39,4,165,0.4528745412826538,0.5362845659255981,0.4528745412826538,0.5362845659255981,0.8039215803146362,0.7777777910232544
39,4,166,0.4509451687335968,0.5360516905784607,0.4509451985359192,0.5360516905784607,0.8039215803146362,0.7777777910232544
39,4,167,0.4490434527397156,0.5358980894088745,0.4490434527397156,0.5358980894088745,0.8039215803146362,0.7777777910232544
39,4,168,0.44712406396865845,0.5358463525772095,0.44712406396865845,0.5358463525772095,0.8039215803146362,0.7777777910232544
39,4,169,0.4451969265937805,0.5358140468597412,0.4451969265937805,0.5358140468597412,0.8039215803146362,0.7777777910232544
39,4,170,0.4432830512523651,0.5356464385986328,0.4432830512523651,0.5356464385986328,0.8039215803146362,0.7777777910232544
39,4,171,0.44136014580726624,0.535478949546814,0.44136014580726624,0.535478949546814,0.8039215803146362,0.7777777910232544
39,4,172,0.43946021795272827,0.5353671312332153,0.43946021795272827,0.5353671312332153,0.8039215803146362,0.7777777910232544
39,4,173,0.4375629425048828,0.5353298783302307,0.4375629425048828,0.5353298783302307,0.8039215803146362,0.7777777910232544
39,4,174,0.43562862277030945,0.5353634357452393,0.43562862277030945,0.5353634357452393,0.8039215803146362,0.7777777910232544
39,4,175,0.433686226606369,0.5353740453720093,0.433686226606369,0.5353740453720093,0.8039215803146362,0.7777777910232544
39,4,176,0.43175917863845825,0.5353406071662903,0.43175917863845825,0.5353406071662903,0.8039215803146362,0.7777777910232544
39,4,177,0.4298376142978668,0.5352848768234253,0.4298376142978668,0.5352848768234253,0.8039215803146362,0.7777777910232544
39,4,178,0.42789924144744873,0.5352316498756409,0.42789924144744873,0.5352316498756409,0.8039215803146362,0.7777777910232544
39,4,179,0.4259522259235382,0.5352823734283447,0.4259522259235382,0.5352823734283447,0.8039215803146362,0.7777777910232544
39,4,180,0.4239998757839203,0.5353907346725464,0.4239998757839203,0.5353907346725464,0.8039215803146362,0.7777777910232544
39,4,181,0.4220759868621826,0.5354940295219421,0.4220759868621826,0.5354940295219421,0.8039215803146362,0.7777777910232544
39,4,182,0.4201301038265228,0.5355492234230042,0.4201301038265228,0.5355492234230042,0.8039215803146362,0.7777777910232544
39,4,183,0.4181654453277588,0.5355831980705261,0.4181654453277588,0.5355831980705261,0.8039215803146362,0.7777777910232544
39,4,184,0.41621634364128113,0.5356983542442322,0.41621634364128113,0.5356983542442322,0.8039215803146362,0.7777777910232544
39,4,185,0.4142177104949951,0.5359008312225342,0.4142177104949951,0.5359008312225342,0.8039215803146362,0.7777777910232544
39,4,186,0.41220152378082275,0.5361090302467346,0.41220152378082275,0.5361090302467346,0.8039215803146362,0.7777777910232544
39,4,187,0.4101986289024353,0.536348283290863,0.4101986587047577,0.536348283290863,0.8039215803146362,0.7777777910232544
39,4,188,0.4081573486328125,0.5365738272666931,0.4081573486328125,0.5365738272666931,0.8039215803146362,0.7777777910232544
39,4,189,0.40616726875305176,0.5368725061416626,0.40616726875305176,0.5368725061416626,0.8039215803146362,0.7777777910232544
39,4,190,0.4041658937931061,0.5372223854064941,0.4041658937931061,0.5372223854064941,0.8039215803146362,0.7777777910232544
39,4,191,0.40211495757102966,0.5375185012817383,0.40211495757102966,0.5375185012817383,0.8039215803146362,0.7777777910232544
39,4,192,0.400097519159317,0.5378860831260681,0.400097519159317,0.5378860831260681,0.8039215803146362,0.7777777910232544
39,4,193,0.3980638384819031,0.5382035374641418,0.39806389808654785,0.5382035374641418,0.8039215803146362,0.6666666865348816
39,4,194,0.39599475264549255,0.5385486483573914,0.39599475264549255,0.5385486483573914,0.8235294222831726,0.6666666865348816
39,4,195,0.3939630091190338,0.538991391658783,0.3939630091190338,0.538991391658783,0.8235294222831726,0.6666666865348816
39,4,196,0.3919365108013153,0.539495587348938,0.3919365108013153,0.539495587348938,0.8235294222831726,0.6666666865348816
39,4,197,0.3899078667163849,0.5399553775787354,0.3899078667163849,0.5399553775787354,0.8235294222831726,0.6666666865348816
39,4,198,0.3878500461578369,0.5402344465255737,0.3878500461578369,0.5402344465255737,0.843137264251709,0.6666666865348816
39,4,199,0.385829359292984,0.540489673614502,0.385829359292984,0.540489673614502,0.843137264251709,0.6666666865348816
39,4,200,0.3838198482990265,0.5408390164375305,0.3838198482990265,0.5408390164375305,0.843137264251709,0.6666666865348816
39,4,201,0.3817954659461975,0.541271448135376,0.3817954659461975,0.541271448135376,0.843137264251709,0.6666666865348816
39,4,202,0.37974587082862854,0.5416128635406494,0.37974587082862854,0.5416128635406494,0.843137264251709,0.6666666865348816
39,4,203,0.3777042329311371,0.5419406890869141,0.3777042329311371,0.5419406890869141,0.843137264251709,0.6666666865348816
40,4,1,0.6811133027076721,0.6942874789237976,0.6811133027076721,0.6942874789237976,0.5686274766921997,0.5555555820465088
40,4,2,0.6792736649513245,0.6942347288131714,0.6792736649513245,0.6942347288131714,0.5686274766921997,0.5555555820465088
40,4,3,0.6776466369628906,0.6942031383514404,0.6776466369628906,0.6942031383514404,0.5686274766921997,0.5555555820465088
40,4,4,0.6760754585266113,0.6941881775856018,0.6760754585266113,0.6941881775856018,0.5882353186607361,0.5555555820465088
40,4,5,0.6745352745056152,0.6941695213317871,0.6745352745056152,0.6941695213317871,0.5882353186607361,0.5555555820465088
40,4,6,0.6730035543441772,0.694120466709137,0.6730035543441772,0.694120466709137,0.5882353186607361,0.5555555820465088
40,4,7,0.6715103387832642,0.6940627098083496,0.6715103387832642,0.6940627098083496,0.5882353186607361,0.5555555820465088
40,4,8,0.6700329780578613,0.693981409072876,0.6700330376625061,0.693981409072876,0.5882353186607361,0.5555555820465088
40,4,9,0.6685705780982971,0.6939327716827393,0.6685705780982971,0.6939327716827393,0.5882353186607361,0.5555555820465088
40,4,10,0.6670947074890137,0.693979024887085,0.6670947074890137,0.693979024887085,0.6078431606292725,0.5555555820465088
40,4,11,0.6656301021575928,0.6941035389900208,0.6656301021575928,0.6941035389900208,0.6078431606292725,0.5555555820465088
40,4,12,0.664158821105957,0.694243311882019,0.664158821105957,0.694243311882019,0.6078431606292725,0.5555555820465088
40,4,13,0.662692129611969,0.69439697265625,0.662692129611969,0.69439697265625,0.6078431606292725,0.5555555820465088
40,4,14,0.6612184643745422,0.6945831775665283,0.6612184643745422,0.6945831775665283,0.6274510025978088,0.5555555820465088
40,4,15,0.6597581505775452,0.6947755813598633,0.6597581505775452,0.6947755813598633,0.6666666865348816,0.5555555820465088
40,4,16,0.6582641005516052,0.6949355602264404,0.6582641005516052,0.6949355602264404,0.6666666865348816,0.5555555820465088
40,4,17,0.656724214553833,0.6950578689575195,0.656724214553833,0.6950578689575195,0.686274528503418,0.5555555820465088
40,4,18,0.6551622152328491,0.69514399766922,0.6551622152328491,0.69514399766922,0.686274528503418,0.5555555820465088
40,4,19,0.6535859704017639,0.695153534412384,0.6535859704017639,0.695153534412384,0.686274528503418,0.5555555820465088
40,4,20,0.6520057320594788,0.6951854228973389,0.6520057320594788,0.6951854228973389,0.686274528503418,0.5555555820465088
40,4,21,0.6503898501396179,0.6952513456344604,0.6503898501396179,0.6952513456344604,0.686274528503418,0.5555555820465088
40,4,22,0.6487408876419067,0.6953126788139343,0.6487408876419067,0.6953126788139343,0.686274528503418,0.5555555820465088
40,4,23,0.6470891833305359,0.6954755783081055,0.6470891833305359,0.6954755783081055,0.686274528503418,0.5555555820465088
40,4,24,0.645404577255249,0.6955939531326294,0.645404577255249,0.6955939531326294,0.686274528503418,0.5555555820465088
40,4,25,0.6437108516693115,0.6956572532653809,0.6437108516693115,0.6956572532653809,0.7058823704719543,0.5555555820465088
40,4,26,0.6420434713363647,0.6958087682723999,0.6420434713363647,0.6958087682723999,0.7058823704719543,0.5555555820465088
40,4,27,0.6403823494911194,0.6959838271141052,0.6403823494911194,0.6959838271141052,0.7058823704719543,0.5555555820465088
40,4,28,0.6387531161308289,0.6962563991546631,0.6387531161308289,0.6962563991546631,0.7058823704719543,0.5555555820465088
40,4,29,0.6371858716011047,0.6966786980628967,0.6371858716011047,0.6966786980628967,0.7058823704719543,0.5555555820465088
40,4,30,0.6356316208839417,0.6970993876457214,0.6356316208839417,0.6970993876457214,0.7058823704719543,0.5555555820465088
40,4,31,0.6340611577033997,0.6975395679473877,0.6340611577033997,0.6975395679473877,0.7058823704719543,0.5555555820465088
40,4,32,0.6324770450592041,0.697953462600708,0.6324770450592041,0.697953462600708,0.7058823704719543,0.5555555820465088
40,4,33,0.6308766007423401,0.6984800696372986,0.6308766007423401,0.6984800696372986,0.7058823704719543,0.5555555820465088
40,4,34,0.6292474865913391,0.6990211009979248,0.6292474865913391,0.6990211009979248,0.7058823704719543,0.5555555820465088
41,5,1,0.6909547448158264,0.6717748045921326,0.6909547448158264,0.6717748045921326,0.6000000238418579,0.6666666865348816
41,5,2,0.6886389255523682,0.6719675064086914,0.6886389255523682,0.6719675064086914,0.6000000238418579,0.6666666865348816
41,5,3,0.6866408586502075,0.6721985936164856,0.6866408586502075,0.6721985936164856,0.6399999856948853,0.6666666865348816
41,5,4,0.6846679449081421,0.6725488305091858,0.6846679449081421,0.6725488305091858,0.6399999856948853,0.6666666865348816
41,5,5,0.6827232837677002,0.6729808449745178,0.6827232837677002,0.6729808449745178,0.6800000071525574,0.6666666865348816
41,5,6,0.6808376908302307,0.6735553741455078,0.6808376908302307,0.6735553741455078,0.6800000071525574,0.6666666865348816
41,5,7,0.6790440082550049,0.6742221117019653,0.6790440082550049,0.6742221117019653,0.6800000071525574,0.5555555820465088
41,5,8,0.6773254871368408,0.6750046610832214,0.6773254871368408,0.6750046610832214,0.6600000262260437,0.4444444477558136
41,5,9,0.6756508350372314,0.6758090257644653,0.6756508350372314,0.6758090257644653,0.6399999856948853,0.4444444477558136
41,5,10,0.6740438938140869,0.6766373515129089,0.6740438938140869,0.6766373515129089,0.6399999856948853,0.5555555820465088
41,5,11,0.6724687218666077,0.6774438619613647,0.6724687218666077,0.6774438619613647,0.6600000262260437,0.5555555820465088
41,5,12,0.6709762811660767,0.6781527400016785,0.6709762811660767,0.6781527400016785,0.6399999856948853,0.6666666865348816
41,5,13,0.6695489287376404,0.6788541078567505,0.6695489287376404,0.6788541078567505,0.6399999856948853,0.6666666865348816
41,5,14,0.6681554913520813,0.6795274615287781,0.6681554913520813,0.6795274615287781,0.6399999856948853,0.6666666865348816
41,5,15,0.6668270230293274,0.6801860928535461,0.6668270230293274,0.6801860928535461,0.6399999856948853,0.6666666865348816
41,5,16,0.6655621528625488,0.6807597875595093,0.6655621528625488,0.6807597875595093,0.6399999856948853,0.6666666865348816
41,5,17,0.6643321514129639,0.6812865734100342,0.6643321514129639,0.6812865734100342,0.6200000047683716,0.5555555820465088
41,5,18,0.663119912147522,0.681844174861908,0.663119912147522,0.681844174861908,0.6200000047683716,0.5555555820465088
41,5,19,0.6619424223899841,0.6824456453323364,0.6619424223899841,0.6824456453323364,0.6200000047683716,0.5555555820465088
41,5,20,0.6607834100723267,0.6830283999443054,0.6607834100723267,0.6830283999443054,0.6200000047683716,0.5555555820465088
41,5,21,0.6596677899360657,0.6835464835166931,0.6596677899360657,0.6835464835166931,0.6200000047683716,0.5555555820465088
41,5,22,0.6585728526115417,0.68404221534729,0.6585728526115417,0.68404221534729,0.6200000047683716,0.5555555820465088
41,5,23,0.6574813723564148,0.6844819784164429,0.6574813723564148,0.6844819784164429,0.6200000047683716,0.5555555820465088
41,5,24,0.6564077138900757,0.6849119067192078,0.6564077138900757,0.6849119067192078,0.6200000047683716,0.5555555820465088
41,5,25,0.655342698097229,0.6853212714195251,0.655342698097229,0.6853212714195251,0.6200000047683716,0.5555555820465088
41,5,26,0.6542799472808838,0.6856936812400818,0.6542799472808838,0.6856936812400818,0.6200000047683716,0.5555555820465088
42,5,1,0.690569281578064,0.7055717706680298,0.690569281578064,0.7055717706680298,0.5199999809265137,0.4444444477558136
42,5,2,0.6889199614524841,0.7047832012176514,0.6889199614524841,0.7047832012176514,0.5400000214576721,0.3333333432674408
42,5,3,0.6874918341636658,0.7040984034538269,0.6874918341636658,0.7040984034538269,0.5400000214576721,0.4444444477558136
42,5,4,0.6861494183540344,0.7035329937934875,0.6861494183540344,0.7035329937934875,0.5600000023841858,0.5555555820465088
42,5,5,0.6848537921905518,0.703005850315094,0.6848537921905518,0.703005850315094,0.6000000238418579,0.4444444477558136
42,5,6,0.6836223602294922,0.7024231553077698,0.6836223602294922,0.7024231553077698,0.5799999833106995,0.4444444477558136
42,5,7,0.6824285387992859,0.7018511891365051,0.6824285387992859,0.7018511891365051,0.6200000047683716,0.4444444477558136
42,5,8,0.6812498569488525,0.7013569474220276,0.6812498569488525,0.7013569474220276,0.6200000047683716,0.4444444477558136
42,5,9,0.680147111415863,0.7009083032608032,0.680147111415863,0.7009083032608032,0.6600000262260437,0.4444444477558136
42,5,10,0.6790844798088074,0.7004289031028748,0.6790844798088074,0.7004289031028748,0.6600000262260437,0.3333333432674408
42,5,11,0.6780758500099182,0.7000121474266052,0.6780758500099182,0.7000121474266052,0.6399999856948853,0.3333333432674408
42,5,12,0.6770954728126526,0.6996427774429321,0.6770954728126526,0.6996427774429321,0.6200000047683716,0.3333333432674408
42,5,13,0.6761416792869568,0.6992728114128113,0.6761416792869568,0.6992728114128113,0.6399999856948853,0.3333333432674408
42,5,14,0.6752006411552429,0.6988856792449951,0.6752006411552429,0.6988856792449951,0.6399999856948853,0.3333333432674408
42,5,15,0.6742780804634094,0.6984755396842957,0.6742780804634094,0.6984755396842957,0.6600000262260437,0.3333333432674408
42,5,16,0.6733618974685669,0.6980454325675964,0.6733618974685669,0.6980454325675964,0.6600000262260437,0.4444444477558136
42,5,17,0.6724573373794556,0.6976249814033508,0.6724573373794556,0.6976249814033508,0.6600000262260437,0.4444444477558136
42,5,18,0.6715736389160156,0.6972352266311646,0.6715736389160156,0.6972352266311646,0.6600000262260437,0.5555555820465088
42,5,19,0.6707010865211487,0.6968555450439453,0.6707010865211487,0.6968555450439453,0.6399999856948853,0.5555555820465088
42,5,20,0.6698364019393921,0.696536123752594,0.6698364019393921,0.696536123752594,0.6399999856948853,0.5555555820465088
42,5,21,0.6689761281013489,0.6962706446647644,0.6689761281013489,0.6962706446647644,0.6399999856948853,0.5555555820465088
42,5,22,0.6681068539619446,0.6960583925247192,0.6681068539619446,0.6960583925247192,0.6399999856948853,0.5555555820465088
42,5,23,0.6672292947769165,0.6958950161933899,0.6672292947769165,0.6958950161933899,0.6399999856948853,0.5555555820465088
42,5,24,0.6663385629653931,0.6957997679710388,0.6663385629653931,0.6957997679710388,0.6399999856948853,0.5555555820465088
42,5,25,0.6654394268989563,0.6957237720489502,0.6654394268989563,0.6957237720489502,0.6399999856948853,0.5555555820465088
42,5,26,0.6645181179046631,0.6955924034118652,0.6645181179046631,0.6955924034118652,0.6399999856948853,0.5555555820465088
42,5,27,0.6635878086090088,0.6954411268234253,0.6635878086090088,0.6954411268234253,0.6399999856948853,0.5555555820465088
42,5,28,0.6626483798027039,0.6952440142631531,0.6626483798027039,0.6952440142631531,0.6399999856948853,0.5555555820465088
42,5,29,0.6617267727851868,0.6950585246086121,0.6617267727851868,0.6950585246086121,0.6399999856948853,0.5555555820465088
42,5,30,0.6608189344406128,0.6948360800743103,0.6608189344406128,0.6948360800743103,0.6399999856948853,0.5555555820465088
42,5,31,0.6599295139312744,0.6946042776107788,0.6599295139312744,0.6946042776107788,0.6399999856948853,0.5555555820465088
42,5,32,0.6590512990951538,0.6943565011024475,0.6590512990951538,0.6943565011024475,0.6399999856948853,0.5555555820465088
42,5,33,0.6581662893295288,0.6940614581108093,0.6581662893295288,0.6940614581108093,0.6399999856948853,0.5555555820465088
42,5,34,0.6572944521903992,0.6937181353569031,0.6572944521903992,0.6937181353569031,0.6399999856948853,0.5555555820465088
42,5,35,0.6564042568206787,0.6933467388153076,0.6564042568206787,0.6933467388153076,0.6399999856948853,0.5555555820465088
42,5,36,0.6555032134056091,0.69296795129776,0.6555032134056091,0.69296795129776,0.6399999856948853,0.4444444477558136
42,5,37,0.6546034216880798,0.6925549507141113,0.6546034216880798,0.6925549507141113,0.6399999856948853,0.4444444477558136
42,5,38,0.6536969542503357,0.6921057105064392,0.6536969542503357,0.6921057105064392,0.6399999856948853,0.4444444477558136
42,5,39,0.6527796983718872,0.6916353702545166,0.6527796983718872,0.6916353702545166,0.6399999856948853,0.4444444477558136
42,5,40,0.6518568992614746,0.6910830140113831,0.6518568992614746,0.6910830140113831,0.6399999856948853,0.4444444477558136
42,5,41,0.6509459018707275,0.6904404163360596,0.6509459018707275,0.6904404163360596,0.6399999856948853,0.4444444477558136
42,5,42,0.6500365734100342,0.6898283362388611,0.6500365734100342,0.6898283362388611,0.6399999856948853,0.4444444477558136
42,5,43,0.6491137742996216,0.6891915798187256,0.6491137742996216,0.6891915798187256,0.6399999856948853,0.4444444477558136
42,5,44,0.6481810808181763,0.6884917616844177,0.6481810808181763,0.6884917616844177,0.6399999856948853,0.4444444477558136
42,5,45,0.6472596526145935,0.6877881288528442,0.6472596526145935,0.6877881288528442,0.6399999856948853,0.4444444477558136
42,5,46,0.6463502645492554,0.6871193647384644,0.6463502645492554,0.6871193647384644,0.6600000262260437,0.4444444477558136
42,5,47,0.6454377174377441,0.6864676475524902,0.6454377174377441,0.6864676475524902,0.6600000262260437,0.4444444477558136
42,5,48,0.6445449590682983,0.6858388185501099,0.6445449590682983,0.6858388185501099,0.6600000262260437,0.4444444477558136
42,5,49,0.643646776676178,0.6851761341094971,0.643646776676178,0.6851761341094971,0.6600000262260437,0.4444444477558136
42,5,50,0.6427446603775024,0.6845290660858154,0.6427446603775024,0.6845290660858154,0.6600000262260437,0.4444444477558136
42,5,51,0.6418492197990417,0.683903694152832,0.6418492197990417,0.683903694152832,0.6600000262260437,0.4444444477558136
42,5,52,0.640949547290802,0.6833609938621521,0.640949547290802,0.6833609938621521,0.6800000071525574,0.4444444477558136
42,5,53,0.6400387287139893,0.6828134059906006,0.6400388479232788,0.6828134059906006,0.6800000071525574,0.4444444477558136
42,5,54,0.6391280293464661,0.6823002099990845,0.6391280293464661,0.6823002099990845,0.6800000071525574,0.4444444477558136
42,5,55,0.6382148861885071,0.68189537525177,0.6382149457931519,0.68189537525177,0.6800000071525574,0.4444444477558136
42,5,56,0.637278139591217,0.6815065741539001,0.637278139591217,0.6815065741539001,0.6800000071525574,0.4444444477558136
42,5,57,0.636325478553772,0.6811139583587646,0.636325478553772,0.6811139583587646,0.6800000071525574,0.4444444477558136
42,5,58,0.6353535652160645,0.6807617545127869,0.6353535652160645,0.6807617545127869,0.699999988079071,0.4444444477558136
42,5,59,0.6343658566474915,0.6804718375205994,0.6343658566474915,0.6804718375205994,0.699999988079071,0.5555555820465088
42,5,60,0.6333541870117188,0.6801373362541199,0.6333541870117188,0.6801373362541199,0.699999988079071,0.5555555820465088
42,5,61,0.632345974445343,0.6798188090324402,0.632345974445343,0.6798188090324402,0.699999988079071,0.5555555820465088
42,5,62,0.6313400864601135,0.6794788837432861,0.6313400864601135,0.6794788837432861,0.699999988079071,0.5555555820465088
42,5,63,0.6303199529647827,0.6791456937789917,0.6303199529647827,0.6791456937789917,0.699999988079071,0.6666666865348816
42,5,64,0.6292908191680908,0.6787842512130737,0.6292908191680908,0.6787842512130737,0.699999988079071,0.6666666865348816
42,5,65,0.6282373666763306,0.6783609390258789,0.6282373666763306,0.6783609390258789,0.699999988079071,0.6666666865348816
42,5,66,0.6271711587905884,0.6778932213783264,0.6271711587905884,0.6778932213783264,0.699999988079071,0.6666666865348816
42,5,67,0.6261096000671387,0.6774123311042786,0.6261096000671387,0.6774123311042786,0.699999988079071,0.6666666865348816
42,5,68,0.6250547170639038,0.6769868731498718,0.6250547170639038,0.6769868731498718,0.699999988079071,0.6666666865348816
42,5,69,0.6240090727806091,0.6766732931137085,0.6240090727806091,0.6766732931137085,0.7200000286102295,0.6666666865348816
42,5,70,0.6229550838470459,0.6763569712638855,0.6229550838470459,0.6763569712638855,0.7200000286102295,0.6666666865348816
42,5,71,0.621914803981781,0.6760111451148987,0.621914803981781,0.6760111451148987,0.7200000286102295,0.6666666865348816
42,5,72,0.6208698153495789,0.6756495237350464,0.6208698153495789,0.6756495237350464,0.7200000286102295,0.6666666865348816
42,5,73,0.6198235154151917,0.6752638816833496,0.6198235154151917,0.6752638816833496,0.7400000095367432,0.6666666865348816
42,5,74,0.6187785863876343,0.6748471856117249,0.6187785863876343,0.6748471856117249,0.7400000095367432,0.6666666865348816
42,5,75,0.617729902267456,0.6744230389595032,0.617729902267456,0.6744230389595032,0.7599999904632568,0.6666666865348816
42,5,76,0.6166797876358032,0.6739928722381592,0.6166797876358032,0.6739928722381592,0.7599999904632568,0.6666666865348816
42,5,77,0.6156264543533325,0.6735422015190125,0.6156264543533325,0.6735422015190125,0.7599999904632568,0.6666666865348816
42,5,78,0.6145797967910767,0.6730931997299194,0.6145797967910767,0.6730931997299194,0.7599999904632568,0.6666666865348816
42,5,79,0.6135207414627075,0.6726832985877991,0.6135207414627075,0.6726832985877991,0.7400000095367432,0.6666666865348816
42,5,80,0.6124619841575623,0.6723225116729736,0.6124619841575623,0.6723225116729736,0.7400000095367432,0.5555555820465088
42,5,81,0.6113899350166321,0.6720046401023865,0.6113899350166321,0.6720046401023865,0.7200000286102295,0.5555555820465088
42,5,82,0.610325038433075,0.6717202663421631,0.610325038433075,0.6717202663421631,0.7200000286102295,0.5555555820465088
42,5,83,0.6092400550842285,0.6713651418685913,0.6092400550842285,0.6713651418685913,0.7200000286102295,0.5555555820465088
42,5,84,0.6081318855285645,0.6708866357803345,0.6081318855285645,0.6708866357803345,0.7200000286102295,0.5555555820465088
42,5,85,0.6070079803466797,0.6703317761421204,0.6070079803466797,0.6703317761421204,0.7200000286102295,0.5555555820465088
42,5,86,0.6058798432350159,0.6697781682014465,0.6058798432350159,0.6697781682014465,0.7200000286102295,0.5555555820465088
42,5,87,0.6047365069389343,0.6692758202552795,0.6047365069389343,0.6692758202552795,0.7200000286102295,0.5555555820465088
42,5,88,0.6035962104797363,0.668818473815918,0.6035962104797363,0.668818473815918,0.7200000286102295,0.5555555820465088
42,5,89,0.6024397015571594,0.6683990359306335,0.6024397015571594,0.6683990359306335,0.7200000286102295,0.5555555820465088
42,5,90,0.6012626886367798,0.6679155826568604,0.6012626886367798,0.6679155826568604,0.7200000286102295,0.5555555820465088
42,5,91,0.6000778675079346,0.6673328876495361,0.6000778675079346,0.6673328876495361,0.7200000286102295,0.5555555820465088
42,5,92,0.5988727807998657,0.6667506694793701,0.5988727807998657,0.6667506694793701,0.7200000286102295,0.5555555820465088
42,5,93,0.5976576805114746,0.6663016080856323,0.5976576805114746,0.6663016080856323,0.7200000286102295,0.5555555820465088
42,5,94,0.5964217185974121,0.6658536195755005,0.5964217185974121,0.6658536195755005,0.7200000286102295,0.5555555820465088
42,5,95,0.5951709747314453,0.6653916835784912,0.5951709747314453,0.6653916835784912,0.7200000286102295,0.5555555820465088
42,5,96,0.5939139723777771,0.6649049520492554,0.5939139723777771,0.6649049520492554,0.7200000286102295,0.5555555820465088
42,5,97,0.5926425457000732,0.6643574237823486,0.5926425457000732,0.6643574237823486,0.7200000286102295,0.5555555820465088
42,5,98,0.5913753509521484,0.6637582778930664,0.5913753509521484,0.6637582778930664,0.7200000286102295,0.5555555820465088
42,5,99,0.590099573135376,0.6631264090538025,0.590099573135376,0.6631264090538025,0.7200000286102295,0.5555555820465088
42,5,100,0.5887969136238098,0.662469744682312,0.5887969136238098,0.662469744682312,0.7200000286102295,0.5555555820465088
42,5,101,0.58747798204422,0.6618661880493164,0.58747798204422,0.6618661880493164,0.7400000095367432,0.5555555820465088
42,5,102,0.5861681699752808,0.6612899303436279,0.5861681699752808,0.6612899303436279,0.7400000095367432,0.5555555820465088
42,5,103,0.5848486423492432,0.6606833338737488,0.5848486423492432,0.6606833338737488,0.7400000095367432,0.5555555820465088
42,5,104,0.5835274457931519,0.6601306200027466,0.5835274457931519,0.6601306200027466,0.7400000095367432,0.5555555820465088
42,5,105,0.5821772217750549,0.6596969962120056,0.5821772217750549,0.6596969962120056,0.7400000095367432,0.5555555820465088
42,5,106,0.5808247923851013,0.6592275500297546,0.5808247923851013,0.6592275500297546,0.7400000095367432,0.5555555820465088
42,5,107,0.5794495940208435,0.6587042808532715,0.5794495940208435,0.6587042808532715,0.7400000095367432,0.5555555820465088
42,5,108,0.5780621767044067,0.6582028269767761,0.5780621767044067,0.6582028269767761,0.7599999904632568,0.5555555820465088
42,5,109,0.5766556262969971,0.6577537059783936,0.5766556262969971,0.6577537059783936,0.7599999904632568,0.5555555820465088
42,5,110,0.5752293467521667,0.6573612689971924,0.5752293467521667,0.6573612689971924,0.7599999904632568,0.5555555820465088
42,5,111,0.5737931728363037,0.657096803188324,0.5737931728363037,0.657096803188324,0.7599999904632568,0.5555555820465088
42,5,112,0.5723477005958557,0.6568092703819275,0.5723477005958557,0.6568092703819275,0.7599999904632568,0.5555555820465088
42,5,113,0.5708945393562317,0.6564750671386719,0.5708945393562317,0.6564750671386719,0.7599999904632568,0.5555555820465088
42,5,114,0.5694373250007629,0.6562374830245972,0.5694373250007629,0.6562374830245972,0.7599999904632568,0.5555555820465088
42,5,115,0.5679827928543091,0.6560328602790833,0.5679827928543091,0.6560328602790833,0.7599999904632568,0.5555555820465088
42,5,116,0.5665320754051208,0.655752420425415,0.5665320754051208,0.655752420425415,0.7599999904632568,0.5555555820465088
42,5,117,0.5650803446769714,0.6554129123687744,0.5650803446769714,0.6554129123687744,0.7599999904632568,0.5555555820465088
42,5,118,0.5636212825775146,0.6549567580223083,0.5636212825775146,0.6549567580223083,0.7599999904632568,0.5555555820465088
42,5,119,0.5621435046195984,0.6544986367225647,0.5621435046195984,0.6544986367225647,0.7400000095367432,0.5555555820465088
42,5,120,0.560661792755127,0.6541396975517273,0.560661792755127,0.6541396975517273,0.7400000095367432,0.5555555820465088
42,5,121,0.5591864585876465,0.6537393927574158,0.5591864585876465,0.6537393927574158,0.7400000095367432,0.5555555820465088
42,5,122,0.5576996207237244,0.6532250046730042,0.5576995611190796,0.6532250046730042,0.7400000095367432,0.5555555820465088
42,5,123,0.5561992526054382,0.6528064608573914,0.5561992526054382,0.6528064608573914,0.7400000095367432,0.5555555820465088
42,5,124,0.5546854138374329,0.652535080909729,0.5546854138374329,0.652535080909729,0.7400000095367432,0.5555555820465088
42,5,125,0.5531567335128784,0.6523443460464478,0.5531567335128784,0.6523443460464478,0.7400000095367432,0.5555555820465088
42,5,126,0.5516219735145569,0.6519317030906677,0.5516219735145569,0.6519317030906677,0.7400000095367432,0.5555555820465088
42,5,127,0.5500938296318054,0.6514867544174194,0.5500938296318054,0.6514867544174194,0.7400000095367432,0.5555555820465088
42,5,128,0.5485401749610901,0.6512160897254944,0.5485401749610901,0.6512160897254944,0.7400000095367432,0.5555555820465088
42,5,129,0.5469539165496826,0.6512340307235718,0.5469539165496826,0.6512340307235718,0.7400000095367432,0.5555555820465088
42,5,130,0.5453572273254395,0.6511639952659607,0.5453572273254395,0.6511639952659607,0.7400000095367432,0.5555555820465088
42,5,131,0.5437595844268799,0.6509449481964111,0.5437595844268799,0.6509449481964111,0.7599999904632568,0.5555555820465088
42,5,132,0.5421800017356873,0.6507312059402466,0.5421800017356873,0.6507312059402466,0.7599999904632568,0.5555555820465088
42,5,133,0.5406031608581543,0.6504361629486084,0.5406031608581543,0.6504361629486084,0.7599999904632568,0.5555555820465088
42,5,134,0.5389898419380188,0.6502102613449097,0.5389898419380188,0.6502102613449097,0.7599999904632568,0.5555555820465088
42,5,135,0.5373651385307312,0.6499806642532349,0.5373651385307312,0.6499806642532349,0.7599999904632568,0.5555555820465088
42,5,136,0.5357210636138916,0.6498106718063354,0.5357210636138916,0.6498106718063354,0.7599999904632568,0.5555555820465088
42,5,137,0.5340749621391296,0.6496647000312805,0.5340749621391296,0.6496647000312805,0.7599999904632568,0.5555555820465088
42,5,138,0.5324077606201172,0.6495314240455627,0.5324077606201172,0.6495314240455627,0.7599999904632568,0.5555555820465088
42,5,139,0.530744194984436,0.6492998003959656,0.530744194984436,0.6492998003959656,0.7599999904632568,0.5555555820465088
42,5,140,0.5290634632110596,0.6490678191184998,0.5290634632110596,0.6490678191184998,0.7599999904632568,0.5555555820465088
42,5,141,0.5273519158363342,0.6488181352615356,0.5273519158363342,0.6488181352615356,0.7599999904632568,0.5555555820465088
42,5,142,0.5256386399269104,0.6486411690711975,0.5256386399269104,0.6486411690711975,0.7599999904632568,0.5555555820465088
42,5,143,0.523902416229248,0.6485928893089294,0.523902416229248,0.6485928893089294,0.7599999904632568,0.5555555820465088
42,5,144,0.5221521258354187,0.6484949588775635,0.5221521258354187,0.6484949588775635,0.7599999904632568,0.5555555820465088
42,5,145,0.5203810930252075,0.6482071280479431,0.5203810930252075,0.6482071280479431,0.7599999904632568,0.5555555820465088
42,5,146,0.5185880064964294,0.6479469537734985,0.5185880064964294,0.6479469537734985,0.7599999904632568,0.5555555820465088
42,5,147,0.5167943835258484,0.6478081345558167,0.5167943835258484,0.6478081345558167,0.7599999904632568,0.5555555820465088
42,5,148,0.5149893164634705,0.647901177406311,0.5149893164634705,0.647901177406311,0.7799999713897705,0.5555555820465088
42,5,149,0.513184666633606,0.64802086353302,0.513184666633606,0.64802086353302,0.7799999713897705,0.5555555820465088
42,5,150,0.5113427639007568,0.6478974223136902,0.5113427639007568,0.6478974223136902,0.7799999713897705,0.5555555820465088
42,5,151,0.5094830989837646,0.6477769613265991,0.5094830989837646,0.6477769613265991,0.7799999713897705,0.5555555820465088
42,5,152,0.5076070427894592,0.6477756500244141,0.5076070427894592,0.6477756500244141,0.7799999713897705,0.5555555820465088
42,5,153,0.505739152431488,0.6477676630020142,0.505739152431488,0.6477676630020142,0.7799999713897705,0.5555555820465088
42,5,154,0.503855288028717,0.6478396654129028,0.503855288028717,0.6478396654129028,0.7799999713897705,0.5555555820465088
42,5,155,0.5019429922103882,0.647974967956543,0.5019429922103882,0.647974967956543,0.7799999713897705,0.5555555820465088
42,5,156,0.5000187158584595,0.6480397582054138,0.5000187158584595,0.6480397582054138,0.7799999713897705,0.5555555820465088
42,5,157,0.49808746576309204,0.6482844948768616,0.49808746576309204,0.6482844948768616,0.7799999713897705,0.5555555820465088
42,5,158,0.4961295425891876,0.6487246155738831,0.4961295425891876,0.6487246155738831,0.7799999713897705,0.5555555820465088
42,5,159,0.4941614866256714,0.6491109132766724,0.4941614866256714,0.6491109132766724,0.7799999713897705,0.5555555820465088
42,5,160,0.4921489655971527,0.6494030952453613,0.4921489655971527,0.6494030952453613,0.7799999713897705,0.5555555820465088
42,5,161,0.490144819021225,0.649665355682373,0.490144819021225,0.649665355682373,0.7799999713897705,0.5555555820465088
42,5,162,0.4881407916545868,0.6501209139823914,0.4881407916545868,0.6501209139823914,0.7799999713897705,0.5555555820465088
42,5,163,0.4861179292201996,0.6505326628684998,0.4861179292201996,0.6505326628684998,0.7799999713897705,0.5555555820465088
42,5,164,0.4840935468673706,0.6508116722106934,0.4840935468673706,0.6508116722106934,0.7799999713897705,0.5555555820465088
42,5,165,0.4820544123649597,0.6509909629821777,0.4820544123649597,0.6509909629821777,0.7799999713897705,0.5555555820465088
42,5,166,0.4800250232219696,0.651268720626831,0.4800250232219696,0.651268720626831,0.7799999713897705,0.5555555820465088
42,5,167,0.47799423336982727,0.6516652703285217,0.47799423336982727,0.6516652703285217,0.7799999713897705,0.5555555820465088
42,5,168,0.475937157869339,0.6519606113433838,0.475937157869339,0.6519606113433838,0.7799999713897705,0.5555555820465088
42,5,169,0.4738641679286957,0.6521750688552856,0.4738641679286957,0.6521750688552856,0.7799999713897705,0.5555555820465088
42,5,170,0.471772164106369,0.6521605849266052,0.471772164106369,0.6521605849266052,0.7799999713897705,0.5555555820465088
42,5,171,0.46967872977256775,0.6523289084434509,0.46967872977256775,0.6523289084434509,0.7799999713897705,0.5555555820465088
42,5,172,0.46756812930107117,0.6526411771774292,0.46756812930107117,0.6526411771774292,0.7799999713897705,0.5555555820465088
42,5,173,0.4654589593410492,0.6528642177581787,0.4654589593410492,0.6528642177581787,0.800000011920929,0.5555555820465088
42,5,174,0.4633144438266754,0.6530494689941406,0.4633144438266754,0.6530494689941406,0.800000011920929,0.5555555820465088
42,5,175,0.4611559808254242,0.6532635688781738,0.4611559808254242,0.6532635688781738,0.800000011920929,0.5555555820465088
42,5,176,0.4589684307575226,0.6535847187042236,0.4589684307575226,0.6535847187042236,0.8199999928474426,0.5555555820465088
43,5,1,0.6862428188323975,0.6880028247833252,0.6862428188323975,0.6880028247833252,0.5799999833106995,0.5555555820465088
43,5,2,0.6845216155052185,0.6876639723777771,0.6845216155052185,0.6876639723777771,0.5799999833106995,0.5555555820465088
43,5,3,0.6829433441162109,0.6872857809066772,0.6829433441162109,0.6872857809066772,0.5799999833106995,0.5555555820465088
43,5,4,0.6813945770263672,0.6869104504585266,0.6813945770263672,0.6869104504585266,0.5799999833106995,0.5555555820465088
43,5,5,0.6799065470695496,0.6865453720092773,0.6799065470695496,0.6865453720092773,0.5799999833106995,0.5555555820465088
43,5,6,0.6784778833389282,0.6862331628799438,0.6784778833389282,0.6862331628799438,0.5799999833106995,0.5555555820465088
43,5,7,0.6770973205566406,0.685973048210144,0.6770973205566406,0.685973048210144,0.5799999833106995,0.5555555820465088
43,5,8,0.6757674217224121,0.6856415867805481,0.6757674217224121,0.6856415867805481,0.5799999833106995,0.5555555820465088
43,5,9,0.6744869947433472,0.6853194832801819,0.6744869947433472,0.6853194832801819,0.5799999833106995,0.5555555820465088
43,5,10,0.6732351779937744,0.6850777864456177,0.6732351779937744,0.6850777864456177,0.5799999833106995,0.5555555820465088
43,5,11,0.6720185875892639,0.6848047375679016,0.6720185875892639,0.6848047375679016,0.5799999833106995,0.5555555820465088
43,5,12,0.6708171367645264,0.6845013499259949,0.6708171367645264,0.6845013499259949,0.5799999833106995,0.5555555820465088
43,5,13,0.669614851474762,0.6841452717781067,0.669614851474762,0.6841452717781067,0.5799999833106995,0.5555555820465088
43,5,14,0.668418824672699,0.683782696723938,0.668418824672699,0.683782696723938,0.5799999833106995,0.5555555820465088
43,5,15,0.667229175567627,0.6834002733230591,0.667229175567627,0.6834002733230591,0.5799999833106995,0.5555555820465088
43,5,16,0.6659898161888123,0.6830111742019653,0.6659898161888123,0.6830111742019653,0.5799999833106995,0.5555555820465088
43,5,17,0.6647424101829529,0.682633101940155,0.6647424101829529,0.682633101940155,0.5799999833106995,0.5555555820465088
43,5,18,0.6634858846664429,0.6822892427444458,0.6634859442710876,0.6822892427444458,0.5799999833106995,0.5555555820465088
43,5,19,0.6622196435928345,0.6820076704025269,0.6622196435928345,0.6820076704025269,0.5799999833106995,0.5555555820465088
43,5,20,0.6609592437744141,0.6816990375518799,0.6609592437744141,0.6816990375518799,0.5799999833106995,0.5555555820465088
43,5,21,0.6596734523773193,0.6814055442810059,0.6596734523773193,0.6814055442810059,0.5799999833106995,0.5555555820465088
43,5,22,0.6583990454673767,0.6811674237251282,0.6583990454673767,0.6811674237251282,0.6000000238418579,0.5555555820465088
43,5,23,0.6571295857429504,0.6809099316596985,0.6571295857429504,0.6809099316596985,0.6000000238418579,0.5555555820465088
43,5,24,0.6558485627174377,0.6806113123893738,0.6558485627174377,0.6806113123893738,0.6000000238418579,0.5555555820465088
43,5,25,0.6545878648757935,0.6802857518196106,0.6545878648757935,0.6802857518196106,0.6000000238418579,0.5555555820465088
43,5,26,0.6533353924751282,0.6799851059913635,0.6533353924751282,0.6799851059913635,0.6000000238418579,0.5555555820465088
43,5,27,0.6520765423774719,0.6796815395355225,0.6520765423774719,0.6796815395355225,0.6000000238418579,0.5555555820465088
43,5,28,0.6508079767227173,0.6794533729553223,0.6508079767227173,0.6794533729553223,0.6000000238418579,0.5555555820465088
43,5,29,0.649544358253479,0.6792715191841125,0.6495444774627686,0.6792715191841125,0.6000000238418579,0.5555555820465088
43,5,30,0.6482568383216858,0.6791300773620605,0.6482568383216858,0.6791300773620605,0.6000000238418579,0.5555555820465088
43,5,31,0.6469652056694031,0.6790221333503723,0.6469652056694031,0.6790221333503723,0.6000000238418579,0.5555555820465088
43,5,32,0.6456652879714966,0.6789444088935852,0.6456652879714966,0.6789444088935852,0.6200000047683716,0.5555555820465088
43,5,33,0.6443599462509155,0.6789669394493103,0.6443599462509155,0.6789669394493103,0.6200000047683716,0.5555555820465088
43,5,34,0.6430514454841614,0.6789838075637817,0.6430514454841614,0.6789838075637817,0.6200000047683716,0.5555555820465088
43,5,35,0.6417303681373596,0.6789494752883911,0.6417303681373596,0.6789494752883911,0.6200000047683716,0.5555555820465088
43,5,36,0.6403796672821045,0.6788780689239502,0.6403796672821045,0.6788780689239502,0.6200000047683716,0.5555555820465088
43,5,37,0.6390128135681152,0.6787245869636536,0.6390128135681152,0.6787245869636536,0.6200000047683716,0.5555555820465088
43,5,38,0.6375640630722046,0.6785678863525391,0.6375640630722046,0.6785678863525391,0.6200000047683716,0.5555555820465088
43,5,39,0.636067807674408,0.6784029006958008,0.636067807674408,0.6784029006958008,0.6200000047683716,0.5555555820465088
43,5,40,0.6345595121383667,0.6782056093215942,0.6345594525337219,0.6782056093215942,0.6200000047683716,0.5555555820465088
43,5,41,0.633024275302887,0.678019106388092,0.633024275302887,0.678019106388092,0.6200000047683716,0.5555555820465088
43,5,42,0.6314793229103088,0.6778567433357239,0.6314793229103088,0.6778567433357239,0.6399999856948853,0.5555555820465088
43,5,43,0.6299259066581726,0.6775858402252197,0.6299259066581726,0.6775858402252197,0.6399999856948853,0.5555555820465088
43,5,44,0.628389835357666,0.6773613095283508,0.628389835357666,0.6773613095283508,0.6399999856948853,0.5555555820465088
43,5,45,0.6268562078475952,0.6771936416625977,0.6268562078475952,0.6771936416625977,0.6399999856948853,0.5555555820465088
43,5,46,0.6253294348716736,0.6770548224449158,0.6253294348716736,0.6770548224449158,0.6399999856948853,0.5555555820465088
43,5,47,0.6238145232200623,0.6769254207611084,0.6238145232200623,0.6769254207611084,0.6399999856948853,0.5555555820465088
43,5,48,0.622286856174469,0.6768009662628174,0.622286856174469,0.6768009662628174,0.6800000071525574,0.5555555820465088
43,5,49,0.6207368969917297,0.6767002940177917,0.6207368969917297,0.6767002940177917,0.6800000071525574,0.5555555820465088
43,5,50,0.6191732883453369,0.676626980304718,0.6191732883453369,0.676626980304718,0.6800000071525574,0.6666666865348816
43,5,51,0.61759352684021,0.6765713095664978,0.61759352684021,0.6765713095664978,0.699999988079071,0.6666666865348816
43,5,52,0.6159911155700684,0.676537811756134,0.6159911155700684,0.676537811756134,0.699999988079071,0.6666666865348816
43,5,53,0.614362895488739,0.6764811277389526,0.614362895488739,0.6764811277389526,0.699999988079071,0.6666666865348816
43,5,54,0.6127090454101562,0.6764032244682312,0.6127090454101562,0.6764032244682312,0.699999988079071,0.6666666865348816
43,5,55,0.6110242605209351,0.6763218641281128,0.6110242605209351,0.6763218641281128,0.7200000286102295,0.6666666865348816
43,5,56,0.6093019843101501,0.6762248277664185,0.6093019843101501,0.6762248277664185,0.7200000286102295,0.6666666865348816
43,5,57,0.6075443625450134,0.6760992407798767,0.6075443625450134,0.6760992407798767,0.7200000286102295,0.6666666865348816
43,5,58,0.6057469248771667,0.6759482622146606,0.6057469248771667,0.6759482622146606,0.7400000095367432,0.6666666865348816
43,5,59,0.6039230823516846,0.6758027672767639,0.6039230823516846,0.6758027672767639,0.7400000095367432,0.5555555820465088
43,5,60,0.6020680069923401,0.6756820678710938,0.6020680069923401,0.6756820678710938,0.7400000095367432,0.5555555820465088
43,5,61,0.6001960039138794,0.6755796670913696,0.6001960039138794,0.6755796670913696,0.7400000095367432,0.5555555820465088
43,5,62,0.5983268618583679,0.6754968762397766,0.5983268618583679,0.6754968762397766,0.7400000095367432,0.5555555820465088
43,5,63,0.5964370965957642,0.6754476428031921,0.5964370965957642,0.6754476428031921,0.7599999904632568,0.5555555820465088
43,5,64,0.5945224165916443,0.6754348278045654,0.5945224165916443,0.6754348278045654,0.7599999904632568,0.5555555820465088
43,5,65,0.5925850868225098,0.6754869222640991,0.5925850868225098,0.6754869222640991,0.7599999904632568,0.5555555820465088
43,5,66,0.5906252861022949,0.6755229234695435,0.5906252861022949,0.6755229234695435,0.7599999904632568,0.4444444477558136
43,5,67,0.5886361598968506,0.6755260825157166,0.5886361598968506,0.6755260825157166,0.7599999904632568,0.4444444477558136
43,5,68,0.5866164565086365,0.6755467057228088,0.5866164565086365,0.6755467057228088,0.7599999904632568,0.4444444477558136
43,5,69,0.5845800638198853,0.675583004951477,0.5845800638198853,0.675583004951477,0.7599999904632568,0.4444444477558136
43,5,70,0.5825324058532715,0.675642728805542,0.5825324058532715,0.675642728805542,0.7599999904632568,0.4444444477558136
43,5,71,0.5804863572120667,0.6757441759109497,0.5804863572120667,0.6757441759109497,0.7599999904632568,0.4444444477558136
43,5,72,0.5784332752227783,0.6758454442024231,0.5784332752227783,0.6758454442024231,0.7599999904632568,0.4444444477558136
43,5,73,0.576367199420929,0.6759122014045715,0.576367199420929,0.6759122014045715,0.7599999904632568,0.4444444477558136
43,5,74,0.5742740631103516,0.6759693622589111,0.5742740631103516,0.6759693622589111,0.7400000095367432,0.4444444477558136
43,5,75,0.5721656680107117,0.6760132312774658,0.5721656680107117,0.6760132312774658,0.7400000095367432,0.4444444477558136
43,5,76,0.5700585842132568,0.6760454773902893,0.5700585842132568,0.6760454773902893,0.7400000095367432,0.4444444477558136
43,5,77,0.5679485201835632,0.6760607957839966,0.5679485201835632,0.6760607957839966,0.7400000095367432,0.4444444477558136
43,5,78,0.5658340454101562,0.6760867834091187,0.5658340454101562,0.6760867834091187,0.7400000095367432,0.4444444477558136
43,5,79,0.56373131275177,0.6761280298233032,0.56373131275177,0.6761280298233032,0.7400000095367432,0.4444444477558136
43,5,80,0.5616101622581482,0.6761445999145508,0.5616101622581482,0.6761445999145508,0.7400000095367432,0.4444444477558136
43,5,81,0.5594896078109741,0.6761468648910522,0.5594896078109741,0.6761468648910522,0.7400000095367432,0.4444444477558136
43,5,82,0.5573586225509644,0.6761829853057861,0.5573586225509644,0.6761829853057861,0.7400000095367432,0.4444444477558136
43,5,83,0.5552217960357666,0.6763213276863098,0.5552217960357666,0.6763213276863098,0.7200000286102295,0.4444444477558136
43,5,84,0.5530593991279602,0.6765344142913818,0.5530593991279602,0.6765344142913818,0.7200000286102295,0.4444444477558136
43,5,85,0.5508712530136108,0.6767899394035339,0.5508712530136108,0.6767899394035339,0.7200000286102295,0.4444444477558136
43,5,86,0.5486822724342346,0.6770114302635193,0.5486822724342346,0.6770114302635193,0.7200000286102295,0.4444444477558136
43,5,87,0.5464724898338318,0.67719966173172,0.5464725494384766,0.67719966173172,0.7200000286102295,0.4444444477558136
43,5,88,0.5442631244659424,0.6774498820304871,0.5442631244659424,0.6774498820304871,0.7200000286102295,0.4444444477558136
43,5,89,0.5420520305633545,0.6777889132499695,0.5420520305633545,0.6777889132499695,0.7200000286102295,0.4444444477558136
44,5,1,0.6963273882865906,0.6809297204017639,0.6963273882865906,0.6809297204017639,0.47999998927116394,0.6666666865348816
44,5,2,0.6938136219978333,0.6801967620849609,0.6938136219978333,0.6801967620849609,0.5400000214576721,0.6666666865348816
44,5,3,0.691821813583374,0.6796841621398926,0.691821813583374,0.6796841621398926,0.5799999833106995,0.6666666865348816
44,5,4,0.689958393573761,0.6793642044067383,0.689958393573761,0.6793642044067383,0.6000000238418579,0.6666666865348816
44,5,5,0.6881715655326843,0.6790818572044373,0.6881715655326843,0.6790818572044373,0.6399999856948853,0.6666666865348816
44,5,6,0.6864253282546997,0.6788257360458374,0.6864253282546997,0.6788257360458374,0.6399999856948853,0.6666666865348816
44,5,7,0.6847079396247864,0.678595781326294,0.6847079396247864,0.678595781326294,0.6399999856948853,0.6666666865348816
44,5,8,0.6830112934112549,0.6784210205078125,0.6830112934112549,0.6784210205078125,0.6200000047683716,0.6666666865348816
44,5,9,0.6813425421714783,0.678250789642334,0.6813425421714783,0.678250789642334,0.6200000047683716,0.6666666865348816
44,5,10,0.6797255873680115,0.6780431270599365,0.6797255873680115,0.6780431270599365,0.6000000238418579,0.5555555820465088
44,5,11,0.6781235337257385,0.6778333187103271,0.6781235337257385,0.6778333187103271,0.6000000238418579,0.5555555820465088
44,5,12,0.676530122756958,0.6775980591773987,0.676530122756958,0.6775980591773987,0.6200000047683716,0.4444444477558136
44,5,13,0.6749250888824463,0.6773473620414734,0.6749250888824463,0.6773473620414734,0.6399999856948853,0.4444444477558136
44,5,14,0.6732959151268005,0.6770386099815369,0.6732959151268005,0.6770386099815369,0.6399999856948853,0.4444444477558136
44,5,15,0.6717196106910706,0.6766480803489685,0.6717196106910706,0.6766480803489685,0.6600000262260437,0.4444444477558136
44,5,16,0.6701472401618958,0.6762225031852722,0.6701472401618958,0.6762225031852722,0.699999988079071,0.4444444477558136
44,5,17,0.6685695648193359,0.6757624745368958,0.6685695648193359,0.6757624745368958,0.699999988079071,0.4444444477558136
44,5,18,0.6670001149177551,0.675203263759613,0.6670001149177551,0.675203263759613,0.699999988079071,0.4444444477558136
44,5,19,0.6654380559921265,0.6746575236320496,0.6654380559921265,0.6746575236320496,0.699999988079071,0.5555555820465088
44,5,20,0.6638913154602051,0.6741306781768799,0.6638913154602051,0.6741306781768799,0.699999988079071,0.5555555820465088
44,5,21,0.6623474955558777,0.6736494898796082,0.6623474955558777,0.6736494898796082,0.699999988079071,0.5555555820465088
44,5,22,0.6607918739318848,0.6732274293899536,0.6607918739318848,0.6732274293899536,0.699999988079071,0.5555555820465088
44,5,23,0.659226655960083,0.6728078722953796,0.6592265963554382,0.6728078722953796,0.7200000286102295,0.5555555820465088
44,5,24,0.6576458215713501,0.6724206805229187,0.6576458215713501,0.6724206805229187,0.7400000095367432,0.5555555820465088
44,5,25,0.656057596206665,0.6720713973045349,0.656057596206665,0.6720713973045349,0.7400000095367432,0.5555555820465088
44,5,26,0.6544811725616455,0.671816885471344,0.6544811725616455,0.671816885471344,0.7400000095367432,0.5555555820465088
44,5,27,0.6529199481010437,0.6715983748435974,0.6529199481010437,0.6715983748435974,0.7400000095367432,0.5555555820465088
44,5,28,0.6514200568199158,0.6714347004890442,0.6514200568199158,0.6714347004890442,0.7400000095367432,0.5555555820465088
44,5,29,0.6499276757240295,0.6713184714317322,0.6499276757240295,0.6713184714317322,0.7400000095367432,0.5555555820465088
44,5,30,0.648440957069397,0.671249508857727,0.648440957069397,0.671249508857727,0.7400000095367432,0.5555555820465088
44,5,31,0.6469935774803162,0.671126663684845,0.6469935774803162,0.671126663684845,0.7400000095367432,0.5555555820465088
44,5,32,0.6455662250518799,0.6709473133087158,0.6455662250518799,0.6709473133087158,0.7400000095367432,0.5555555820465088
44,5,33,0.6441347002983093,0.6707638502120972,0.6441347002983093,0.6707638502120972,0.7400000095367432,0.5555555820465088
44,5,34,0.6427187919616699,0.6705992817878723,0.6427187919616699,0.6705992817878723,0.7400000095367432,0.4444444477558136
44,5,35,0.6413127183914185,0.6704617142677307,0.6413127183914185,0.6704617142677307,0.7400000095367432,0.4444444477558136
44,5,36,0.6399227380752563,0.6703819632530212,0.6399227380752563,0.6703819632530212,0.7400000095367432,0.4444444477558136
44,5,37,0.6385191679000854,0.670373797416687,0.6385191679000854,0.670373797416687,0.7400000095367432,0.4444444477558136
44,5,38,0.6371201872825623,0.6704013347625732,0.6371201872825623,0.6704013347625732,0.7400000095367432,0.4444444477558136
44,5,39,0.6357410550117493,0.6704233884811401,0.6357410550117493,0.6704233884811401,0.7400000095367432,0.4444444477558136
44,5,40,0.634363055229187,0.6704644560813904,0.634363055229187,0.6704644560813904,0.7400000095367432,0.4444444477558136
44,5,41,0.6329986453056335,0.6705300211906433,0.6329986453056335,0.6705300211906433,0.7400000095367432,0.4444444477558136
44,5,42,0.6316497921943665,0.6706335544586182,0.6316497921943665,0.6706335544586182,0.7400000095367432,0.4444444477558136
44,5,43,0.6302991509437561,0.6707640290260315,0.6302991509437561,0.6707640290260315,0.7400000095367432,0.4444444477558136
44,5,44,0.6289727091789246,0.6709010601043701,0.6289727091789246,0.6709010601043701,0.7400000095367432,0.4444444477558136
44,5,45,0.6276571750640869,0.6710151433944702,0.6276571750640869,0.6710151433944702,0.7400000095367432,0.4444444477558136
44,5,46,0.6263490319252014,0.6710987091064453,0.6263490319252014,0.6710987091064453,0.7400000095367432,0.4444444477558136
44,5,47,0.6250397562980652,0.6711739897727966,0.6250397562980652,0.6711739897727966,0.7400000095367432,0.4444444477558136
44,5,48,0.623711884021759,0.6711947917938232,0.623711884021759,0.6711947917938232,0.7400000095367432,0.5555555820465088
44,5,49,0.6223931908607483,0.671234130859375,0.6223931908607483,0.671234130859375,0.7400000095367432,0.5555555820465088
44,5,50,0.6210599541664124,0.6712933778762817,0.6210599541664124,0.6712933778762817,0.7400000095367432,0.5555555820465088
44,5,51,0.6197053790092468,0.6713600754737854,0.6197053790092468,0.6713600754737854,0.7400000095367432,0.5555555820465088
44,5,52,0.6183340549468994,0.6714589595794678,0.6183340549468994,0.6714589595794678,0.7400000095367432,0.6666666865348816
44,5,53,0.616950511932373,0.6716026663780212,0.616950511932373,0.6716026663780212,0.7200000286102295,0.6666666865348816
44,5,54,0.6155667304992676,0.671826183795929,0.6155667304992676,0.671826183795929,0.7200000286102295,0.7777777910232544
44,5,55,0.6141798496246338,0.672151505947113,0.6141798496246338,0.672151505947113,0.7200000286102295,0.7777777910232544
44,5,56,0.6127963066101074,0.6724779605865479,0.6127963066101074,0.6724779605865479,0.7200000286102295,0.7777777910232544
44,5,57,0.611407995223999,0.6728226542472839,0.611407995223999,0.6728226542472839,0.7200000286102295,0.7777777910232544
44,5,58,0.6100553870201111,0.6731703281402588,0.6100553870201111,0.6731703281402588,0.7200000286102295,0.7777777910232544
44,5,59,0.6087141633033752,0.6734967231750488,0.6087141633033752,0.6734967231750488,0.7200000286102295,0.7777777910232544
44,5,60,0.6073464155197144,0.6738058924674988,0.6073464155197144,0.6738058924674988,0.7200000286102295,0.7777777910232544
44,5,61,0.6059614419937134,0.6741017699241638,0.6059614419937134,0.6741017699241638,0.7200000286102295,0.7777777910232544
45,5,1,0.7080891132354736,0.7054113745689392,0.7080891132354736,0.7054113745689392,0.41999998688697815,0.4444444477558136
45,5,2,0.7056384086608887,0.7047427296638489,0.7056384086608887,0.7047427296638489,0.41999998688697815,0.4444444477558136
45,5,3,0.7034850120544434,0.7041574120521545,0.7034850120544434,0.7041574120521545,0.41999998688697815,0.4444444477558136
45,5,4,0.7014451622962952,0.703667163848877,0.7014451622962952,0.703667163848877,0.41999998688697815,0.4444444477558136
45,5,5,0.6995075941085815,0.7032134532928467,0.6995075941085815,0.7032134532928467,0.41999998688697815,0.5555555820465088
45,5,6,0.697662353515625,0.7027549147605896,0.697662353515625,0.7027549147605896,0.4000000059604645,0.5555555820465088
45,5,7,0.6959118843078613,0.7023751735687256,0.6959118843078613,0.7023751735687256,0.4000000059604645,0.4444444477558136
45,5,8,0.6942552328109741,0.7020628452301025,0.6942552328109741,0.7020628452301025,0.46000000834465027,0.4444444477558136
45,5,9,0.6926245093345642,0.70182865858078,0.6926245093345642,0.70182865858078,0.4399999976158142,0.4444444477558136
45,5,10,0.6910356283187866,0.7016444802284241,0.6910356283187866,0.7016444802284241,0.46000000834465027,0.4444444477558136
45,5,11,0.6895420551300049,0.7014856338500977,0.6895420551300049,0.7014856338500977,0.47999998927116394,0.3333333432674408
45,5,12,0.6880908012390137,0.7013422846794128,0.6880908012390137,0.7013422846794128,0.5600000023841858,0.3333333432674408
45,5,13,0.6866819858551025,0.7013975977897644,0.6866819858551025,0.7013975977897644,0.6200000047683716,0.3333333432674408
45,5,14,0.6853237748146057,0.7015132904052734,0.6853237748146057,0.7015132904052734,0.6200000047683716,0.3333333432674408
45,5,15,0.6839979290962219,0.7016505599021912,0.6839979290962219,0.7016505599021912,0.6600000262260437,0.3333333432674408
45,5,16,0.6826856136322021,0.7017676830291748,0.6826856136322021,0.7017676830291748,0.6800000071525574,0.3333333432674408
45,5,17,0.6814051270484924,0.7017838358879089,0.6814051270484924,0.7017838358879089,0.6800000071525574,0.3333333432674408
45,5,18,0.680163562297821,0.701748251914978,0.6801635026931763,0.701748251914978,0.6600000262260437,0.3333333432674408
45,5,19,0.6789354085922241,0.7016512751579285,0.6789354085922241,0.7016512751579285,0.6600000262260437,0.4444444477558136
45,5,20,0.6777299642562866,0.7015272974967957,0.6777299642562866,0.7015272974967957,0.699999988079071,0.4444444477558136
45,5,21,0.6765573620796204,0.7014612555503845,0.6765573620796204,0.7014612555503845,0.7200000286102295,0.4444444477558136
45,5,22,0.6754025220870972,0.7014265656471252,0.6754025220870972,0.7014265656471252,0.7400000095367432,0.4444444477558136
45,5,23,0.6742699146270752,0.7014262080192566,0.6742699146270752,0.7014262080192566,0.7200000286102295,0.4444444477558136
45,5,24,0.6731624007225037,0.7014687657356262,0.6731624007225037,0.7014687657356262,0.7200000286102295,0.4444444477558136
45,5,25,0.672088623046875,0.7015530467033386,0.672088623046875,0.7015530467033386,0.7400000095367432,0.4444444477558136
45,5,26,0.6710323095321655,0.7016378045082092,0.6710323095321655,0.7016378045082092,0.7200000286102295,0.4444444477558136
45,5,27,0.6699957251548767,0.7017524242401123,0.6699957251548767,0.7017524242401123,0.7200000286102295,0.4444444477558136
45,5,28,0.6689663529396057,0.7018945217132568,0.6689663529396057,0.7018945217132568,0.7200000286102295,0.4444444477558136
45,5,29,0.6679409742355347,0.7020263075828552,0.6679409742355347,0.7020263075828552,0.7200000286102295,0.4444444477558136
45,5,30,0.6669235229492188,0.7021684050559998,0.6669235229492188,0.7021684050559998,0.7400000095367432,0.4444444477558136
45,5,31,0.6659045219421387,0.7022965550422668,0.6659045219421387,0.7022965550422668,0.7400000095367432,0.4444444477558136
45,5,32,0.6649046540260315,0.7024323344230652,0.6649046540260315,0.7024323344230652,0.7400000095367432,0.5555555820465088
45,5,33,0.6639191508293152,0.7025392055511475,0.6639191508293152,0.7025392055511475,0.7400000095367432,0.5555555820465088
45,5,34,0.6629377603530884,0.7025960087776184,0.6629377603530884,0.7025960087776184,0.7400000095367432,0.5555555820465088
45,5,35,0.6619584560394287,0.7026479840278625,0.6619584560394287,0.7026479840278625,0.7599999904632568,0.5555555820465088
45,5,36,0.6609761714935303,0.7026911973953247,0.6609761714935303,0.7026911973953247,0.7799999713897705,0.5555555820465088
45,5,37,0.6599932909011841,0.7027072906494141,0.6599932909011841,0.7027072906494141,0.7799999713897705,0.5555555820465088
46,5,1,0.7019214630126953,0.6867005228996277,0.7019214630126953,0.6867005228996277,0.47999998927116394,0.5555555820465088
46,5,2,0.7002749443054199,0.6863147020339966,0.7002749443054199,0.6863147020339966,0.46000000834465027,0.4444444477558136
46,5,3,0.6988561749458313,0.6859731674194336,0.6988561749458313,0.6859731674194336,0.5,0.5555555820465088
46,5,4,0.6974974274635315,0.685638427734375,0.6974974274635315,0.685638427734375,0.5199999809265137,0.5555555820465088
46,5,5,0.6961879134178162,0.6852959990501404,0.6961879730224609,0.6852959990501404,0.5199999809265137,0.5555555820465088
46,5,6,0.6948879361152649,0.684948205947876,0.6948879361152649,0.684948205947876,0.5400000214576721,0.5555555820465088
46,5,7,0.6935928463935852,0.6846132278442383,0.6935928463935852,0.6846132278442383,0.5799999833106995,0.6666666865348816
46,5,8,0.6923801898956299,0.6842599511146545,0.6923801898956299,0.6842599511146545,0.5199999809265137,0.7777777910232544
46,5,9,0.6912462115287781,0.6839141845703125,0.6912462115287781,0.6839141845703125,0.5,0.7777777910232544
46,5,10,0.6901164054870605,0.6835318207740784,0.6901164054870605,0.6835318207740784,0.5,0.7777777910232544
46,5,11,0.6890059113502502,0.6831310391426086,0.6890059113502502,0.6831310391426086,0.5199999809265137,0.7777777910232544
46,5,12,0.6879182457923889,0.6827389001846313,0.6879182457923889,0.6827389001846313,0.5400000214576721,0.7777777910232544
46,5,13,0.6868460774421692,0.6823505759239197,0.6868460774421692,0.6823505759239197,0.5400000214576721,0.7777777910232544
46,5,14,0.6857901811599731,0.6819544434547424,0.6857901811599731,0.6819544434547424,0.5400000214576721,0.7777777910232544
46,5,15,0.6847190856933594,0.681567907333374,0.6847190856933594,0.681567907333374,0.5799999833106995,0.7777777910232544
46,5,16,0.683657705783844,0.6811912059783936,0.683657705783844,0.6811912059783936,0.5799999833106995,0.6666666865348816
46,5,17,0.6826157569885254,0.6807885766029358,0.6826157569885254,0.6807885766029358,0.5400000214576721,0.5555555820465088
46,5,18,0.6815998554229736,0.6804006099700928,0.6815998554229736,0.6804006099700928,0.5600000023841858,0.5555555820465088
46,5,19,0.6806092858314514,0.6800734996795654,0.6806092858314514,0.6800734996795654,0.5600000023841858,0.5555555820465088
46,5,20,0.6796276569366455,0.6797623634338379,0.6796276569366455,0.6797623634338379,0.5600000023841858,0.5555555820465088
46,5,21,0.6786512732505798,0.6794676780700684,0.6786512732505798,0.6794676780700684,0.5600000023841858,0.5555555820465088
46,5,22,0.6776825189590454,0.6791961193084717,0.6776825189590454,0.6791961193084717,0.5600000023841858,0.5555555820465088
46,5,23,0.676719069480896,0.6789498925209045,0.676719069480896,0.6789498925209045,0.5799999833106995,0.5555555820465088
46,5,24,0.6757684946060181,0.6787014007568359,0.6757684946060181,0.6787014007568359,0.5799999833106995,0.5555555820465088
46,5,25,0.6748123168945312,0.6784464120864868,0.6748123168945312,0.6784464120864868,0.5799999833106995,0.5555555820465088
46,5,26,0.6738412380218506,0.6782077550888062,0.6738412380218506,0.6782077550888062,0.5799999833106995,0.5555555820465088
46,5,27,0.672863781452179,0.6779544353485107,0.672863781452179,0.6779544353485107,0.5799999833106995,0.5555555820465088
46,5,28,0.671887993812561,0.6776604652404785,0.671887993812561,0.6776604652404785,0.5799999833106995,0.5555555820465088
46,5,29,0.6708776354789734,0.6773611903190613,0.6708776354789734,0.6773611903190613,0.5799999833106995,0.5555555820465088
46,5,30,0.6698400378227234,0.6770724654197693,0.6698400378227234,0.6770724654197693,0.5799999833106995,0.5555555820465088
46,5,31,0.6688053607940674,0.6767759919166565,0.6688053607940674,0.6767759919166565,0.5799999833106995,0.5555555820465088
46,5,32,0.6677532196044922,0.676491916179657,0.6677532196044922,0.676491916179657,0.5799999833106995,0.5555555820465088
46,5,33,0.6666873097419739,0.6762703061103821,0.6666873097419739,0.6762703061103821,0.5799999833106995,0.5555555820465088
46,5,34,0.6655853390693665,0.6760379672050476,0.6655853390693665,0.6760379672050476,0.5799999833106995,0.5555555820465088
46,5,35,0.6644769310951233,0.6757981777191162,0.6644769310951233,0.6757981777191162,0.5799999833106995,0.5555555820465088
46,5,36,0.6633737683296204,0.6755284667015076,0.6633737683296204,0.6755284667015076,0.5799999833106995,0.5555555820465088
46,5,37,0.662247896194458,0.6752305626869202,0.662247896194458,0.6752305626869202,0.5799999833106995,0.5555555820465088
46,5,38,0.6611343622207642,0.6749770045280457,0.6611343622207642,0.6749770045280457,0.5799999833106995,0.5555555820465088
46,5,39,0.6600570678710938,0.6747229099273682,0.6600570678710938,0.6747229099273682,0.5799999833106995,0.5555555820465088
46,5,40,0.658979058265686,0.6744804382324219,0.658979058265686,0.6744804382324219,0.5799999833106995,0.5555555820465088
46,5,41,0.657879650592804,0.6742649674415588,0.657879650592804,0.6742649674415588,0.5799999833106995,0.5555555820465088
46,5,42,0.6567537188529968,0.6741119623184204,0.6567537188529968,0.6741119623184204,0.5799999833106995,0.5555555820465088
46,5,43,0.6556330919265747,0.6739890575408936,0.6556330919265747,0.6739890575408936,0.5799999833106995,0.5555555820465088
46,5,44,0.6545475721359253,0.6738874912261963,0.6545475721359253,0.6738874912261963,0.5799999833106995,0.5555555820465088
46,5,45,0.6534640789031982,0.6737461090087891,0.6534640789031982,0.6737461090087891,0.5799999833106995,0.5555555820465088
46,5,46,0.6523756384849548,0.6735925078392029,0.6523756384849548,0.6735925078392029,0.5799999833106995,0.5555555820465088
46,5,47,0.6512742042541504,0.6734039783477783,0.6512742042541504,0.6734039783477783,0.5799999833106995,0.5555555820465088
46,5,48,0.6501666903495789,0.6731617450714111,0.6501666903495789,0.6731617450714111,0.5799999833106995,0.5555555820465088
46,5,49,0.6490767002105713,0.6728753447532654,0.6490767002105713,0.6728753447532654,0.5799999833106995,0.5555555820465088
46,5,50,0.6479799151420593,0.672569215297699,0.6479799151420593,0.672569215297699,0.5799999833106995,0.5555555820465088
46,5,51,0.6468716263771057,0.6722387075424194,0.6468716263771057,0.6722387075424194,0.5799999833106995,0.5555555820465088
46,5,52,0.6457455158233643,0.6718860268592834,0.6457455158233643,0.6718860268592834,0.5799999833106995,0.5555555820465088
46,5,53,0.644611120223999,0.6715444326400757,0.644611120223999,0.6715444326400757,0.5799999833106995,0.5555555820465088
46,5,54,0.643455982208252,0.6712034344673157,0.643455982208252,0.6712034344673157,0.5799999833106995,0.5555555820465088
46,5,55,0.6423110961914062,0.6708561182022095,0.6423110961914062,0.6708561182022095,0.5799999833106995,0.5555555820465088
46,5,56,0.6411827802658081,0.6705228090286255,0.6411827802658081,0.6705228090286255,0.5799999833106995,0.5555555820465088
46,5,57,0.6400544047355652,0.6702172756195068,0.6400544047355652,0.6702172756195068,0.5799999833106995,0.5555555820465088
46,5,58,0.6389182806015015,0.6699013113975525,0.6389182806015015,0.6699013113975525,0.5799999833106995,0.5555555820465088
46,5,59,0.6377778053283691,0.6695848703384399,0.6377778053283691,0.6695848703384399,0.5799999833106995,0.5555555820465088
46,5,60,0.6366323232650757,0.6692981123924255,0.6366323232650757,0.6692981123924255,0.5799999833106995,0.5555555820465088
46,5,61,0.6354814171791077,0.6690048575401306,0.6354814171791077,0.6690048575401306,0.6000000238418579,0.5555555820465088
46,5,62,0.6343144774436951,0.6686803698539734,0.6343144774436951,0.6686803698539734,0.6000000238418579,0.5555555820465088
46,5,63,0.633139431476593,0.668388843536377,0.633139431476593,0.668388843536377,0.6000000238418579,0.5555555820465088
46,5,64,0.6319648623466492,0.6681227087974548,0.6319648623466492,0.6681227087974548,0.6000000238418579,0.5555555820465088
46,5,65,0.6307859420776367,0.6679160594940186,0.6307859420776367,0.6679160594940186,0.6000000238418579,0.5555555820465088
46,5,66,0.6296014189720154,0.6677289605140686,0.6296014189720154,0.6677289605140686,0.6000000238418579,0.5555555820465088
46,5,67,0.6284080147743225,0.6675198078155518,0.6284079551696777,0.6675198078155518,0.6000000238418579,0.5555555820465088
46,5,68,0.6272026300430298,0.6672911047935486,0.6272026300430298,0.6672911047935486,0.6000000238418579,0.5555555820465088
46,5,69,0.6259585022926331,0.6669712066650391,0.6259585022926331,0.6669712066650391,0.6200000047683716,0.5555555820465088
46,5,70,0.6246875524520874,0.6665719747543335,0.6246875524520874,0.6665719747543335,0.6200000047683716,0.5555555820465088
46,5,71,0.6233980655670166,0.6661342978477478,0.6233980655670166,0.6661342978477478,0.6200000047683716,0.5555555820465088
46,5,72,0.622083842754364,0.6656820774078369,0.622083842754364,0.6656820774078369,0.6200000047683716,0.5555555820465088
46,5,73,0.6207494139671326,0.6652229428291321,0.6207494139671326,0.6652229428291321,0.6200000047683716,0.5555555820465088
46,5,74,0.619407057762146,0.6647458076477051,0.619407057762146,0.6647458076477051,0.6200000047683716,0.5555555820465088
46,5,75,0.6180586814880371,0.6643126010894775,0.6180586814880371,0.6643126010894775,0.6200000047683716,0.5555555820465088
46,5,76,0.6167078614234924,0.6638833284378052,0.6167078614234924,0.6638833284378052,0.6200000047683716,0.5555555820465088
46,5,77,0.6153485774993896,0.6634881496429443,0.6153485774993896,0.6634881496429443,0.6200000047683716,0.5555555820465088
46,5,78,0.613972008228302,0.6631225347518921,0.613972008228302,0.6631225347518921,0.6200000047683716,0.5555555820465088
46,5,79,0.6125445365905762,0.6627517938613892,0.6125445365905762,0.6627517938613892,0.6200000047683716,0.5555555820465088
46,5,80,0.61110520362854,0.6623730063438416,0.61110520362854,0.6623730063438416,0.6200000047683716,0.5555555820465088
46,5,81,0.6096599102020264,0.662041425704956,0.6096599102020264,0.662041425704956,0.6399999856948853,0.5555555820465088
46,5,82,0.6082097887992859,0.6617242693901062,0.6082097887992859,0.6617242693901062,0.6399999856948853,0.5555555820465088
46,5,83,0.6067578196525574,0.6613463163375854,0.6067578196525574,0.6613463163375854,0.6399999856948853,0.5555555820465088
46,5,84,0.6052869558334351,0.6608942151069641,0.6052869558334351,0.6608942151069641,0.6399999856948853,0.5555555820465088
46,5,85,0.6038087606430054,0.6604433655738831,0.6038087606430054,0.6604433655738831,0.6600000262260437,0.5555555820465088
46,5,86,0.6023170948028564,0.6599486470222473,0.6023170948028564,0.6599486470222473,0.6800000071525574,0.5555555820465088
46,5,87,0.6008198261260986,0.6594545841217041,0.6008198261260986,0.6594545841217041,0.6800000071525574,0.5555555820465088
46,5,88,0.5993080735206604,0.6589600443840027,0.5993080735206604,0.6589600443840027,0.6800000071525574,0.6666666865348816
46,5,89,0.597770094871521,0.6584541201591492,0.597770094871521,0.6584541201591492,0.6800000071525574,0.6666666865348816
46,5,90,0.5962474942207336,0.6578797101974487,0.5962474942207336,0.6578797101974487,0.6800000071525574,0.6666666865348816
46,5,91,0.5947296023368835,0.6573365330696106,0.5947296023368835,0.6573365330696106,0.6800000071525574,0.6666666865348816
46,5,92,0.5931902527809143,0.6567278504371643,0.5931902527809143,0.6567278504371643,0.6800000071525574,0.6666666865348816
46,5,93,0.5916382074356079,0.6560872197151184,0.5916382074356079,0.6560872197151184,0.6800000071525574,0.6666666865348816
46,5,94,0.5900642275810242,0.6554059386253357,0.5900642275810242,0.6554059386253357,0.6800000071525574,0.6666666865348816
46,5,95,0.5884776711463928,0.6546978950500488,0.5884776711463928,0.6546978950500488,0.6800000071525574,0.6666666865348816
46,5,96,0.5868663191795349,0.653982400894165,0.5868663191795349,0.653982400894165,0.699999988079071,0.6666666865348816
46,5,97,0.5852342844009399,0.6532084941864014,0.5852342844009399,0.6532084941864014,0.699999988079071,0.7777777910232544
46,5,98,0.5835731625556946,0.6524131298065186,0.5835731625556946,0.6524131298065186,0.699999988079071,0.7777777910232544
46,5,99,0.5818904042243958,0.6515789031982422,0.5818904042243958,0.6515789031982422,0.6800000071525574,0.7777777910232544
46,5,100,0.5801396369934082,0.6507283449172974,0.5801396369934082,0.6507283449172974,0.699999988079071,0.7777777910232544
46,5,101,0.5783713459968567,0.6498642563819885,0.5783713459968567,0.6498642563819885,0.699999988079071,0.7777777910232544
46,5,102,0.576611340045929,0.6490264534950256,0.576611340045929,0.6490264534950256,0.699999988079071,0.7777777910232544
46,5,103,0.5748544335365295,0.6482408046722412,0.5748544335365295,0.6482408046722412,0.699999988079071,0.7777777910232544
46,5,104,0.5730828642845154,0.6475040912628174,0.5730828642845154,0.6475040912628174,0.7200000286102295,0.7777777910232544
46,5,105,0.5713102221488953,0.6467451453208923,0.5713102221488953,0.6467451453208923,0.7200000286102295,0.7777777910232544
46,5,106,0.5695385932922363,0.6459094285964966,0.5695385932922363,0.6459094285964966,0.7200000286102295,0.7777777910232544
46,5,107,0.5677619576454163,0.6450328230857849,0.5677619576454163,0.6450328230857849,0.7200000286102295,0.7777777910232544
46,5,108,0.5659958124160767,0.6441518664360046,0.5659958124160767,0.6441518664360046,0.7200000286102295,0.7777777910232544
46,5,109,0.5642333030700684,0.6433895230293274,0.5642333030700684,0.6433895230293274,0.7200000286102295,0.7777777910232544
46,5,110,0.5624855160713196,0.6426759958267212,0.5624855160713196,0.6426759958267212,0.7400000095367432,0.7777777910232544
46,5,111,0.5607380867004395,0.6419897675514221,0.5607380867004395,0.6419897675514221,0.7400000095367432,0.7777777910232544
46,5,112,0.5589661598205566,0.6413449645042419,0.5589661598205566,0.6413449645042419,0.7400000095367432,0.7777777910232544
46,5,113,0.5571979284286499,0.6407660841941833,0.5571979284286499,0.6407660841941833,0.7400000095367432,0.7777777910232544
46,5,114,0.5554309487342834,0.6402169466018677,0.5554309487342834,0.6402169466018677,0.7400000095367432,0.7777777910232544
46,5,115,0.5536758899688721,0.6396481990814209,0.5536758899688721,0.6396481990814209,0.7400000095367432,0.7777777910232544
46,5,116,0.5519301295280457,0.6391026377677917,0.5519301295280457,0.6391026377677917,0.7400000095367432,0.7777777910232544
46,5,117,0.5501998662948608,0.6386088132858276,0.5501998662948608,0.6386088132858276,0.7400000095367432,0.7777777910232544
46,5,118,0.5484755039215088,0.638102650642395,0.5484755039215088,0.638102650642395,0.7400000095367432,0.7777777910232544
46,5,119,0.5467569828033447,0.6375316977500916,0.5467569828033447,0.6375316977500916,0.7599999904632568,0.7777777910232544
46,5,120,0.5450360774993896,0.6369085311889648,0.5450360774993896,0.6369085311889648,0.7400000095367432,0.7777777910232544
46,5,121,0.5433091521263123,0.6363394260406494,0.5433091521263123,0.6363394260406494,0.7400000095367432,0.7777777910232544
46,5,122,0.5415905714035034,0.6357600688934326,0.5415905714035034,0.6357600688934326,0.7400000095367432,0.6666666865348816
46,5,123,0.539883017539978,0.6352282166481018,0.539883017539978,0.6352282166481018,0.7400000095367432,0.6666666865348816
46,5,124,0.5381731986999512,0.6347221732139587,0.5381731986999512,0.6347221732139587,0.7400000095367432,0.6666666865348816
46,5,125,0.5364665389060974,0.6341877579689026,0.5364665389060974,0.6341877579689026,0.7400000095367432,0.6666666865348816
46,5,126,0.5347646474838257,0.6336314678192139,0.5347646474838257,0.6336314678192139,0.7400000095367432,0.6666666865348816
46,5,127,0.5330559611320496,0.6330746412277222,0.5330559611320496,0.6330746412277222,0.7599999904632568,0.6666666865348816
46,5,128,0.5313379168510437,0.6324954628944397,0.5313379168510437,0.6324954628944397,0.7799999713897705,0.6666666865348816
46,5,129,0.529619038105011,0.6318490505218506,0.529619038105011,0.6318490505218506,0.7799999713897705,0.6666666865348816
46,5,130,0.5279063582420349,0.6311298608779907,0.5279063582420349,0.6311298608779907,0.7799999713897705,0.6666666865348816
46,5,131,0.5261867046356201,0.6304556131362915,0.5261867046356201,0.6304556131362915,0.7799999713897705,0.6666666865348816
46,5,132,0.5244846343994141,0.6298316121101379,0.5244846343994141,0.6298316121101379,0.7599999904632568,0.6666666865348816
46,5,133,0.5227819681167603,0.6291712522506714,0.5227819681167603,0.6291712522506714,0.7599999904632568,0.6666666865348816
46,5,134,0.5210903882980347,0.628555953502655,0.5210903882980347,0.628555953502655,0.7599999904632568,0.6666666865348816
46,5,135,0.5193998217582703,0.6280581951141357,0.5193998217582703,0.6280581951141357,0.7599999904632568,0.6666666865348816
46,5,136,0.5177238583564758,0.6275349259376526,0.5177238583564758,0.6275349259376526,0.7599999904632568,0.6666666865348816
46,5,137,0.5160558819770813,0.626897931098938,0.5160558819770813,0.626897931098938,0.7599999904632568,0.6666666865348816
46,5,138,0.5143815279006958,0.626323938369751,0.5143815279006958,0.626323938369751,0.7599999904632568,0.6666666865348816
46,5,139,0.5127161145210266,0.6257984042167664,0.5127161145210266,0.6257984042167664,0.7599999904632568,0.6666666865348816
46,5,140,0.5110768675804138,0.6252343058586121,0.5110768675804138,0.6252343058586121,0.7599999904632568,0.6666666865348816
46,5,141,0.5094273090362549,0.6246998906135559,0.5094273090362549,0.6246998906135559,0.7599999904632568,0.6666666865348816
46,5,142,0.5077612400054932,0.6242135167121887,0.5077612400054932,0.6242135167121887,0.7599999904632568,0.6666666865348816
46,5,143,0.5061001181602478,0.623679518699646,0.5061001181602478,0.623679518699646,0.7599999904632568,0.6666666865348816
46,5,144,0.5044324398040771,0.6231463551521301,0.5044324398040771,0.6231463551521301,0.7599999904632568,0.6666666865348816
46,5,145,0.5027456879615784,0.6226195096969604,0.5027456879615784,0.6226195096969604,0.7799999713897705,0.6666666865348816
46,5,146,0.5010524988174438,0.6221086978912354,0.5010524988174438,0.6221086978912354,0.7799999713897705,0.6666666865348816
46,5,147,0.4993695020675659,0.6217023134231567,0.4993695020675659,0.6217023134231567,0.7799999713897705,0.6666666865348816
46,5,148,0.49770697951316833,0.6213067770004272,0.49770697951316833,0.6213067770004272,0.7799999713897705,0.6666666865348816
46,5,149,0.4960460662841797,0.6207870244979858,0.4960460662841797,0.6207870244979858,0.800000011920929,0.6666666865348816
46,5,150,0.4943937361240387,0.6202771663665771,0.4943937361240387,0.6202771663665771,0.800000011920929,0.6666666865348816
46,5,151,0.49272292852401733,0.6198956966400146,0.49272292852401733,0.6198956966400146,0.8199999928474426,0.6666666865348816
46,5,152,0.49103331565856934,0.6194849610328674,0.49103331565856934,0.6194849610328674,0.8199999928474426,0.6666666865348816
46,5,153,0.4893359839916229,0.6189346313476562,0.4893359839916229,0.6189346313476562,0.8199999928474426,0.6666666865348816
46,5,154,0.48761656880378723,0.6184103488922119,0.48761656880378723,0.6184103488922119,0.8199999928474426,0.6666666865348816
46,5,155,0.4858936369419098,0.6181163787841797,0.4858936369419098,0.6181163787841797,0.8199999928474426,0.6666666865348816
46,5,156,0.484170138835907,0.6179258823394775,0.484170138835907,0.6179258823394775,0.8199999928474426,0.6666666865348816
46,5,157,0.48243948817253113,0.6176955103874207,0.48243948817253113,0.6176955103874207,0.8199999928474426,0.6666666865348816
46,5,158,0.4806864261627197,0.6174418926239014,0.4806864261627197,0.6174418926239014,0.8199999928474426,0.6666666865348816
46,5,159,0.47894614934921265,0.6171556115150452,0.47894614934921265,0.6171556115150452,0.8199999928474426,0.6666666865348816
46,5,160,0.47721731662750244,0.6168780326843262,0.47721731662750244,0.6168780326843262,0.800000011920929,0.6666666865348816
46,5,161,0.4754781424999237,0.6167176961898804,0.4754781424999237,0.6167176961898804,0.800000011920929,0.6666666865348816
46,5,162,0.473755806684494,0.616506814956665,0.473755806684494,0.616506814956665,0.800000011920929,0.6666666865348816
46,5,163,0.4720231890678406,0.6162084937095642,0.4720231890678406,0.6162084937095642,0.800000011920929,0.6666666865348816
46,5,164,0.4702780842781067,0.6159218549728394,0.4702780842781067,0.6159218549728394,0.800000011920929,0.6666666865348816
46,5,165,0.4685322642326355,0.6157829761505127,0.4685322642326355,0.6157829761505127,0.800000011920929,0.6666666865348816
46,5,166,0.4667738676071167,0.6157616972923279,0.4667738676071167,0.6157616972923279,0.8199999928474426,0.6666666865348816
46,5,167,0.46502137184143066,0.615706205368042,0.46502137184143066,0.615706205368042,0.8199999928474426,0.6666666865348816
46,5,168,0.4632502794265747,0.6155499219894409,0.4632502794265747,0.6155499219894409,0.8199999928474426,0.6666666865348816
46,5,169,0.46148231625556946,0.6155373454093933,0.46148231625556946,0.6155373454093933,0.8199999928474426,0.6666666865348816
46,5,170,0.4597070813179016,0.6155954003334045,0.4597070813179016,0.6155954003334045,0.8199999928474426,0.6666666865348816
46,5,171,0.4579368829727173,0.6154954433441162,0.4579368829727173,0.6154954433441162,0.8199999928474426,0.6666666865348816
46,5,172,0.4561636447906494,0.6153709292411804,0.4561636447906494,0.6153709292411804,0.8199999928474426,0.6666666865348816
46,5,173,0.45441561937332153,0.6152929663658142,0.45441561937332153,0.6152929663658142,0.8199999928474426,0.6666666865348816
46,5,174,0.4526482820510864,0.615210771560669,0.4526482820510864,0.615210771560669,0.8199999928474426,0.6666666865348816
46,5,175,0.4508610665798187,0.6151235103607178,0.4508610665798187,0.6151235103607178,0.8199999928474426,0.6666666865348816
46,5,176,0.4490821361541748,0.6149842143058777,0.4490821361541748,0.6149842143058777,0.8199999928474426,0.6666666865348816
46,5,177,0.447311133146286,0.6148857474327087,0.447311133146286,0.6148857474327087,0.8199999928474426,0.6666666865348816
46,5,178,0.4455406069755554,0.614872395992279,0.4455406069755554,0.614872395992279,0.8199999928474426,0.6666666865348816
46,5,179,0.4437543451786041,0.6147804260253906,0.4437543451786041,0.6147804260253906,0.8199999928474426,0.6666666865348816
46,5,180,0.44197916984558105,0.6146024465560913,0.44197916984558105,0.6146024465560913,0.8199999928474426,0.6666666865348816
46,5,181,0.44017037749290466,0.6143170595169067,0.44017037749290466,0.6143170595169067,0.8199999928474426,0.6666666865348816
46,5,182,0.43835848569869995,0.6139158606529236,0.43835848569869995,0.6139158606529236,0.8399999737739563,0.6666666865348816
46,5,183,0.43654143810272217,0.6137266755104065,0.43654143810272217,0.6137266755104065,0.8399999737739563,0.6666666865348816
46,5,184,0.4347529709339142,0.6136490702629089,0.4347529709339142,0.6136490702629089,0.8399999737739563,0.6666666865348816
46,5,185,0.4329489767551422,0.6135227680206299,0.4329489767551422,0.6135227680206299,0.8399999737739563,0.6666666865348816
46,5,186,0.43115562200546265,0.6135402917861938,0.43115562200546265,0.6135402917861938,0.8399999737739563,0.6666666865348816
46,5,187,0.4293525815010071,0.6135421395301819,0.4293525815010071,0.6135421395301819,0.8399999737739563,0.6666666865348816
46,5,188,0.4275488257408142,0.6134605407714844,0.4275488257408142,0.6134605407714844,0.8399999737739563,0.6666666865348816
46,5,189,0.42573297023773193,0.6133578419685364,0.42573297023773193,0.6133578419685364,0.8399999737739563,0.6666666865348816
46,5,190,0.42389219999313354,0.6133301258087158,0.42389219999313354,0.6133301258087158,0.8399999737739563,0.6666666865348816
46,5,191,0.4220760762691498,0.6133334040641785,0.4220760762691498,0.6133334040641785,0.8399999737739563,0.6666666865348816
46,5,192,0.4202306270599365,0.6134216785430908,0.4202306270599365,0.6134216785430908,0.8600000143051147,0.6666666865348816
46,5,193,0.4184194803237915,0.6133803129196167,0.4184194803237915,0.6133803129196167,0.8600000143051147,0.6666666865348816
46,5,194,0.4166010916233063,0.613185703754425,0.4166010916233063,0.613185703754425,0.8600000143051147,0.6666666865348816
46,5,195,0.4147525131702423,0.6131413578987122,0.4147525131702423,0.6131413578987122,0.8600000143051147,0.6666666865348816
46,5,196,0.41291549801826477,0.613123893737793,0.41291549801826477,0.613123893737793,0.8600000143051147,0.6666666865348816
46,5,197,0.41110268235206604,0.6130315065383911,0.41110268235206604,0.6130315065383911,0.8799999952316284,0.6666666865348816
46,5,198,0.40924644470214844,0.6128420829772949,0.40924644470214844,0.6128420829772949,0.8799999952316284,0.6666666865348816
46,5,199,0.4074154198169708,0.6126837730407715,0.4074154198169708,0.6126837730407715,0.8799999952316284,0.6666666865348816
46,5,200,0.40557143092155457,0.6127426624298096,0.40557143092155457,0.6127426624298096,0.8799999952316284,0.6666666865348816
46,5,201,0.40372443199157715,0.6128804683685303,0.40372443199157715,0.6128804683685303,0.8799999952316284,0.6666666865348816
46,5,202,0.40188026428222656,0.6128695607185364,0.40188026428222656,0.6128695607185364,0.8799999952316284,0.6666666865348816
46,5,203,0.4000563323497772,0.6127449870109558,0.4000563323497772,0.6127449870109558,0.8799999952316284,0.6666666865348816
46,5,204,0.3982156813144684,0.6126374006271362,0.3982156813144684,0.6126374006271362,0.8799999952316284,0.6666666865348816
46,5,205,0.3963392972946167,0.6125480532646179,0.3963392972946167,0.6125480532646179,0.8799999952316284,0.6666666865348816
46,5,206,0.3944665491580963,0.6123597621917725,0.3944665491580963,0.6123597621917725,0.8799999952316284,0.6666666865348816
46,5,207,0.39259636402130127,0.6122682690620422,0.39259636402130127,0.6122682690620422,0.8799999952316284,0.6666666865348816
46,5,208,0.3906930983066559,0.6121250987052917,0.3906930983066559,0.6121250987052917,0.8799999952316284,0.6666666865348816
46,5,209,0.38877665996551514,0.6119933724403381,0.38877665996551514,0.6119933724403381,0.8799999952316284,0.6666666865348816
46,5,210,0.38684120774269104,0.6119029521942139,0.38684120774269104,0.6119029521942139,0.8799999952316284,0.6666666865348816
46,5,211,0.3849073052406311,0.6117050647735596,0.3849073052406311,0.6117050647735596,0.8799999952316284,0.6666666865348816
46,5,212,0.382959246635437,0.6114052534103394,0.382959246635437,0.6114052534103394,0.8799999952316284,0.5555555820465088
46,5,213,0.38103389739990234,0.6111876368522644,0.38103389739990234,0.6111876368522644,0.8799999952316284,0.5555555820465088
46,5,214,0.3791063725948334,0.6110377907752991,0.3791063725948334,0.6110377907752991,0.8799999952316284,0.5555555820465088
46,5,215,0.37718626856803894,0.6109398603439331,0.37718626856803894,0.6109398603439331,0.8799999952316284,0.5555555820465088
46,5,216,0.3752771317958832,0.6106629967689514,0.3752771317958832,0.6106629967689514,0.8799999952316284,0.5555555820465088
46,5,217,0.3733767569065094,0.610514760017395,0.3733767569065094,0.610514760017395,0.8799999952316284,0.5555555820465088
46,5,218,0.3714843690395355,0.6105321049690247,0.3714843690395355,0.6105321049690247,0.8799999952316284,0.5555555820465088
46,5,219,0.369566947221756,0.6105043888092041,0.369566947221756,0.6105043888092041,0.8799999952316284,0.5555555820465088
46,5,220,0.3676490783691406,0.6104983687400818,0.3676490783691406,0.6104983687400818,0.8799999952316284,0.5555555820465088
46,5,221,0.36570608615875244,0.6105121374130249,0.36570608615875244,0.6105121374130249,0.8799999952316284,0.5555555820465088
46,5,222,0.3637899160385132,0.6105732917785645,0.3637899160385132,0.6105732917785645,0.8799999952316284,0.5555555820465088
46,5,223,0.3619047999382019,0.610708475112915,0.3619047999382019,0.610708475112915,0.8799999952316284,0.5555555820465088
46,5,224,0.3599835932254791,0.6109679937362671,0.3599835932254791,0.6109679937362671,0.8799999952316284,0.5555555820465088
46,5,225,0.35809090733528137,0.611290454864502,0.35809090733528137,0.611290454864502,0.8799999952316284,0.6666666865348816
46,5,226,0.3561432361602783,0.6114760637283325,0.3561432361602783,0.6114760637283325,0.8799999952316284,0.6666666865348816
46,5,227,0.354254812002182,0.6117295622825623,0.354254812002182,0.6117295622825623,0.8799999952316284,0.6666666865348816
46,5,228,0.35232704877853394,0.6119565963745117,0.35232704877853394,0.6119565963745117,0.8799999952316284,0.6666666865348816
46,5,229,0.3504089117050171,0.6118924617767334,0.3504089117050171,0.6118924617767334,0.8799999952316284,0.6666666865348816
46,5,230,0.3484433889389038,0.611750602722168,0.3484433889389038,0.611750602722168,0.8799999952316284,0.6666666865348816
46,5,231,0.3464597761631012,0.6119312644004822,0.3464597761631012,0.6119312644004822,0.9200000166893005,0.6666666865348816
46,5,232,0.34447216987609863,0.612061083316803,0.34447216987609863,0.612061083316803,0.9200000166893005,0.6666666865348816
46,5,233,0.342494934797287,0.6121664047241211,0.342494934797287,0.6121664047241211,0.9200000166893005,0.6666666865348816
46,5,234,0.3405100703239441,0.6122326850891113,0.3405100703239441,0.6122326850891113,0.9200000166893005,0.6666666865348816
46,5,235,0.3385358452796936,0.6122236847877502,0.3385358452796936,0.6122236847877502,0.9200000166893005,0.6666666865348816
46,5,236,0.33657822012901306,0.6121063232421875,0.33657822012901306,0.6121063232421875,0.9200000166893005,0.6666666865348816
46,5,237,0.3346002697944641,0.6119199991226196,0.3346002697944641,0.6119199991226196,0.9200000166893005,0.6666666865348816
46,5,238,0.33265221118927,0.6118669509887695,0.33265221118927,0.6118669509887695,0.9200000166893005,0.6666666865348816
46,5,239,0.330669105052948,0.6118385791778564,0.330669105052948,0.6118385791778564,0.9200000166893005,0.6666666865348816
46,5,240,0.3287227749824524,0.61159348487854,0.3287227749824524,0.61159348487854,0.9200000166893005,0.6666666865348816
46,5,241,0.3267498016357422,0.6113890409469604,0.3267498016357422,0.6113890409469604,0.9200000166893005,0.6666666865348816
46,5,242,0.32479327917099,0.6111311912536621,0.32479327917099,0.6111311912536621,0.9200000166893005,0.6666666865348816
46,5,243,0.3228256106376648,0.6108779311180115,0.3228256106376648,0.6108779311180115,0.9200000166893005,0.6666666865348816
46,5,244,0.3208509087562561,0.6107924580574036,0.3208509087562561,0.6107924580574036,0.9200000166893005,0.6666666865348816
47,5,1,0.6943643093109131,0.7116053104400635,0.6943643093109131,0.7116053104400635,0.529411792755127,0.3333333432674408
47,5,2,0.6925817728042603,0.7113233804702759,0.6925817728042603,0.7113233804702759,0.47058823704719543,0.3333333432674408
47,5,3,0.6909745931625366,0.7110390067100525,0.6909745931625366,0.7110390067100525,0.47058823704719543,0.4444444477558136
47,5,4,0.6894407272338867,0.7107680439949036,0.6894407272338867,0.7107680439949036,0.47058823704719543,0.4444444477558136
47,5,5,0.6879642009735107,0.710509717464447,0.6879642009735107,0.710509717464447,0.5098039507865906,0.4444444477558136
47,5,6,0.6865487694740295,0.7102742791175842,0.6865487694740295,0.7102742791175842,0.5686274766921997,0.4444444477558136
47,5,7,0.6851909160614014,0.7100504040718079,0.6851909160614014,0.7100504040718079,0.5882353186607361,0.4444444477558136
47,5,8,0.6838868856430054,0.7098221778869629,0.6838868856430054,0.7098221778869629,0.5882353186607361,0.4444444477558136
47,5,9,0.6826197504997253,0.7095611095428467,0.6826197504997253,0.7095611095428467,0.5686274766921997,0.4444444477558136
47,5,10,0.6813907027244568,0.709240734577179,0.6813907027244568,0.709240734577179,0.5882353186607361,0.4444444477558136
47,5,11,0.6801934242248535,0.7089621424674988,0.6801934242248535,0.7089621424674988,0.5882353186607361,0.4444444477558136
47,5,12,0.6790319681167603,0.7086713314056396,0.6790319681167603,0.7086713314056396,0.5882353186607361,0.4444444477558136
47,5,13,0.6779096722602844,0.7083908915519714,0.6779096722602844,0.7083908915519714,0.6078431606292725,0.4444444477558136
47,5,14,0.6768338680267334,0.7081233859062195,0.6768338680267334,0.7081233859062195,0.6078431606292725,0.5555555820465088
47,5,15,0.6757864952087402,0.7078969478607178,0.6757864952087402,0.7078969478607178,0.6078431606292725,0.5555555820465088
47,5,16,0.6747616529464722,0.7076975703239441,0.6747616529464722,0.7076975703239441,0.6078431606292725,0.5555555820465088
47,5,17,0.673776388168335,0.707516074180603,0.673776388168335,0.707516074180603,0.6078431606292725,0.5555555820465088
47,5,18,0.6728248000144958,0.7073392271995544,0.6728248000144958,0.7073392271995544,0.6078431606292725,0.5555555820465088
47,5,19,0.6718944311141968,0.7071375846862793,0.6718944311141968,0.7071375846862793,0.5882353186607361,0.5555555820465088
47,5,20,0.6709777116775513,0.7069512009620667,0.6709777116775513,0.7069512009620667,0.5882353186607361,0.5555555820465088
47,5,21,0.6700873970985413,0.7067813277244568,0.6700873970985413,0.7067813277244568,0.5882353186607361,0.5555555820465088
47,5,22,0.6692178249359131,0.7066051959991455,0.6692178249359131,0.7066051959991455,0.5882353186607361,0.5555555820465088
47,5,23,0.6683507561683655,0.7064298987388611,0.6683507561683655,0.7064298987388611,0.5882353186607361,0.5555555820465088
47,5,24,0.6674970984458923,0.7062637805938721,0.6674970984458923,0.7062637805938721,0.5882353186607361,0.5555555820465088
47,5,25,0.6666508913040161,0.7061062455177307,0.6666508913040161,0.7061062455177307,0.5882353186607361,0.5555555820465088
47,5,26,0.6658211350440979,0.7059361338615417,0.6658211350440979,0.7059361338615417,0.5882353186607361,0.5555555820465088
47,5,27,0.6650121212005615,0.7057470679283142,0.6650121212005615,0.7057470679283142,0.5882353186607361,0.5555555820465088
47,5,28,0.6642000079154968,0.7055618166923523,0.6642000079154968,0.7055618166923523,0.5882353186607361,0.5555555820465088
47,5,29,0.6633815169334412,0.7053645849227905,0.6633815169334412,0.7053645849227905,0.5882353186607361,0.5555555820465088
47,5,30,0.6625614762306213,0.7051668763160706,0.6625614762306213,0.7051668763160706,0.5882353186607361,0.5555555820465088
47,5,31,0.6617448329925537,0.7049673795700073,0.6617448925971985,0.7049673795700073,0.5882353186607361,0.5555555820465088
47,5,32,0.6609246730804443,0.7047672867774963,0.6609246730804443,0.7047672867774963,0.5882353186607361,0.5555555820465088
47,5,33,0.6601136922836304,0.7045674920082092,0.6601136922836304,0.7045674920082092,0.5882353186607361,0.5555555820465088
47,5,34,0.6593092083930969,0.704375684261322,0.6593092083930969,0.704375684261322,0.5882353186607361,0.5555555820465088
47,5,35,0.6584981083869934,0.7042052745819092,0.6584981083869934,0.7042052745819092,0.5882353186607361,0.5555555820465088
47,5,36,0.6576799750328064,0.7041244506835938,0.6576799750328064,0.7041244506835938,0.5882353186607361,0.5555555820465088
47,5,37,0.656862735748291,0.7040709853172302,0.656862735748291,0.7040709853172302,0.5882353186607361,0.5555555820465088
47,5,38,0.6560429334640503,0.7040166854858398,0.6560429334640503,0.7040166854858398,0.5882353186607361,0.5555555820465088
47,5,39,0.6552167534828186,0.7039592266082764,0.6552167534828186,0.7039592266082764,0.5882353186607361,0.5555555820465088
47,5,40,0.6543861627578735,0.7039207220077515,0.6543861627578735,0.7039207220077515,0.5882353186607361,0.5555555820465088
47,5,41,0.6535565257072449,0.7038660645484924,0.6535565257072449,0.7038660645484924,0.5882353186607361,0.5555555820465088
47,5,42,0.6527084112167358,0.7038236260414124,0.6527084112167358,0.7038236260414124,0.5882353186607361,0.5555555820465088
47,5,43,0.6518356204032898,0.7037804126739502,0.6518356204032898,0.7037804126739502,0.5882353186607361,0.5555555820465088
47,5,44,0.6509534120559692,0.7037340998649597,0.6509534120559692,0.7037340998649597,0.5882353186607361,0.5555555820465088
47,5,45,0.6500590443611145,0.7036882042884827,0.6500590443611145,0.7036882042884827,0.5882353186607361,0.5555555820465088
47,5,46,0.6491657495498657,0.7036561965942383,0.6491657495498657,0.7036561965942383,0.5882353186607361,0.5555555820465088
47,5,47,0.6482599377632141,0.7036244869232178,0.6482599377632141,0.7036244869232178,0.5882353186607361,0.5555555820465088
47,5,48,0.6473450660705566,0.7035915851593018,0.6473450660705566,0.7035915851593018,0.5882353186607361,0.5555555820465088
47,5,49,0.6464112401008606,0.7035884857177734,0.6464112401008606,0.7035884857177734,0.5882353186607361,0.5555555820465088
47,5,50,0.6454480290412903,0.7036144733428955,0.6454480290412903,0.7036144733428955,0.5882353186607361,0.5555555820465088
47,5,51,0.6444604396820068,0.7036802768707275,0.6444604396820068,0.7036802768707275,0.5882353186607361,0.5555555820465088
47,5,52,0.6434595584869385,0.7037484645843506,0.6434595584869385,0.7037484645843506,0.5882353186607361,0.5555555820465088
47,5,53,0.6424480676651001,0.7038052082061768,0.6424480676651001,0.7038052082061768,0.6078431606292725,0.5555555820465088
47,5,54,0.6414255499839783,0.703840970993042,0.6414255499839783,0.703840970993042,0.6078431606292725,0.5555555820465088
47,5,55,0.6403650641441345,0.7038747072219849,0.6403650641441345,0.7038747072219849,0.6078431606292725,0.5555555820465088
47,5,56,0.6392833590507507,0.7039250135421753,0.6392833590507507,0.7039250135421753,0.6274510025978088,0.5555555820465088
47,5,57,0.6381847262382507,0.7040393352508545,0.6381847262382507,0.7040393352508545,0.6274510025978088,0.5555555820465088
47,5,58,0.637018620967865,0.7041878700256348,0.637018620967865,0.7041878700256348,0.6274510025978088,0.5555555820465088
47,5,59,0.6358202695846558,0.7043647766113281,0.6358202695846558,0.7043647766113281,0.6274510025978088,0.5555555820465088
47,5,60,0.6346022486686707,0.7046120166778564,0.6346022486686707,0.7046120166778564,0.6274510025978088,0.5555555820465088
47,5,61,0.6333560347557068,0.7049354910850525,0.6333560347557068,0.7049354910850525,0.6274510025978088,0.5555555820465088
47,5,62,0.6320877075195312,0.7052834033966064,0.6320877075195312,0.7052834033966064,0.6274510025978088,0.5555555820465088
47,5,63,0.6308074593544006,0.7056974172592163,0.6308074593544006,0.7056974172592163,0.6274510025978088,0.5555555820465088
47,5,64,0.6295207142829895,0.7061817646026611,0.6295207142829895,0.7061817646026611,0.6274510025978088,0.5555555820465088
47,5,65,0.6282028555870056,0.706658124923706,0.6282028555870056,0.706658124923706,0.6274510025978088,0.5555555820465088
47,5,66,0.626863420009613,0.7071570754051208,0.626863420009613,0.7071570754051208,0.6666666865348816,0.5555555820465088
47,5,67,0.6255035996437073,0.7077140212059021,0.6255035996437073,0.7077140212059021,0.6666666865348816,0.5555555820465088
47,5,68,0.624113142490387,0.7082644104957581,0.624113142490387,0.7082644104957581,0.686274528503418,0.5555555820465088
47,5,69,0.6227006316184998,0.70878005027771,0.6227006316184998,0.70878005027771,0.7058823704719543,0.5555555820465088
47,5,70,0.6213032007217407,0.709283173084259,0.6213032007217407,0.709283173084259,0.7058823704719543,0.5555555820465088
47,5,71,0.6199324727058411,0.7097645998001099,0.6199324727058411,0.7097645998001099,0.7058823704719543,0.5555555820465088
47,5,72,0.6185796856880188,0.7102426886558533,0.6185796856880188,0.7102426886558533,0.7058823704719543,0.5555555820465088
47,5,73,0.6172480583190918,0.7107460498809814,0.6172480583190918,0.7107460498809814,0.7058823704719543,0.5555555820465088
48,5,1,0.6757290363311768,0.703255295753479,0.6757290363311768,0.703255295753479,0.5882353186607361,0.5555555820465088
48,5,2,0.6738795042037964,0.7029531598091125,0.6738795042037964,0.7029531598091125,0.5882353186607361,0.5555555820465088
48,5,3,0.6721845269203186,0.7026746273040771,0.6721845269203186,0.7026746273040771,0.5882353186607361,0.5555555820465088
48,5,4,0.6705719232559204,0.7024863362312317,0.6705719232559204,0.7024863362312317,0.5882353186607361,0.5555555820465088
48,5,5,0.6690077185630798,0.7023102641105652,0.6690077185630798,0.7023102641105652,0.5882353186607361,0.5555555820465088
48,5,6,0.6674140691757202,0.7020546197891235,0.6674140691757202,0.7020546197891235,0.5882353186607361,0.5555555820465088
48,5,7,0.6658976078033447,0.7017945051193237,0.6658976674079895,0.7017945051193237,0.5882353186607361,0.5555555820465088
48,5,8,0.6644107699394226,0.7015345096588135,0.6644107699394226,0.7015345096588135,0.5882353186607361,0.5555555820465088
48,5,9,0.6629835367202759,0.7012904286384583,0.6629835367202759,0.7012904286384583,0.5882353186607361,0.5555555820465088
48,5,10,0.6615667939186096,0.7010732293128967,0.6615667939186096,0.7010732293128967,0.5882353186607361,0.5555555820465088
48,5,11,0.6601661443710327,0.7008737325668335,0.6601661443710327,0.7008737325668335,0.5882353186607361,0.5555555820465088
48,5,12,0.6587700247764587,0.7007202506065369,0.6587700247764587,0.7007202506065369,0.5882353186607361,0.5555555820465088
48,5,13,0.6573779582977295,0.7005672454833984,0.6573779582977295,0.7005672454833984,0.5882353186607361,0.5555555820465088
48,5,14,0.6559703946113586,0.7004122734069824,0.6559703946113586,0.7004122734069824,0.5882353186607361,0.5555555820465088
48,5,15,0.6545654535293579,0.7001932859420776,0.6545654535293579,0.7001932859420776,0.5882353186607361,0.5555555820465088
48,5,16,0.6531695127487183,0.6999117136001587,0.6531695127487183,0.6999117136001587,0.5882353186607361,0.5555555820465088
48,5,17,0.6517675518989563,0.6996086835861206,0.6517675518989563,0.6996086835861206,0.5882353186607361,0.5555555820465088
48,5,18,0.6503586173057556,0.6993167400360107,0.6503586173057556,0.6993167400360107,0.5882353186607361,0.5555555820465088
48,5,19,0.6489579677581787,0.6990273594856262,0.6489579677581787,0.6990273594856262,0.5882353186607361,0.5555555820465088
48,5,20,0.6475656628608704,0.6987510323524475,0.6475656628608704,0.6987510323524475,0.5882353186607361,0.5555555820465088
48,5,21,0.6461694836616516,0.6984950304031372,0.6461694836616516,0.6984950304031372,0.5882353186607361,0.5555555820465088
48,5,22,0.6447713375091553,0.6982936859130859,0.6447713375091553,0.6982936859130859,0.6078431606292725,0.5555555820465088
48,5,23,0.6433573961257935,0.6981191635131836,0.6433573961257935,0.6981191635131836,0.6078431606292725,0.5555555820465088
48,5,24,0.6419411301612854,0.6979576349258423,0.6419411301612854,0.6979576349258423,0.6078431606292725,0.5555555820465088
48,5,25,0.6405332684516907,0.6978371143341064,0.6405332684516907,0.6978371143341064,0.6078431606292725,0.5555555820465088
48,5,26,0.6391305327415466,0.6977584362030029,0.6391305327415466,0.6977584362030029,0.6078431606292725,0.5555555820465088
48,5,27,0.6377349495887756,0.697695255279541,0.6377349495887756,0.697695255279541,0.6078431606292725,0.5555555820465088
48,5,28,0.6363406181335449,0.6976380348205566,0.6363406181335449,0.6976380348205566,0.6078431606292725,0.5555555820465088
48,5,29,0.63494873046875,0.6976072788238525,0.63494873046875,0.6976072788238525,0.6078431606292725,0.5555555820465088
48,5,30,0.6335629224777222,0.6975939273834229,0.6335628628730774,0.6975939273834229,0.6078431606292725,0.5555555820465088
48,5,31,0.632182240486145,0.6975934505462646,0.632182240486145,0.6975934505462646,0.6078431606292725,0.5555555820465088
48,5,32,0.6307941675186157,0.6976163387298584,0.6307941675186157,0.6976163387298584,0.6078431606292725,0.5555555820465088
48,5,33,0.6293942332267761,0.697669506072998,0.6293942332267761,0.697669506072998,0.6078431606292725,0.5555555820465088
48,5,34,0.627991259098053,0.6977031230926514,0.627991259098053,0.6977031230926514,0.6078431606292725,0.5555555820465088
48,5,35,0.6266010999679565,0.697752833366394,0.6266010999679565,0.697752833366394,0.6078431606292725,0.5555555820465088
48,5,36,0.6252163052558899,0.6977871656417847,0.6252163052558899,0.6977871656417847,0.6078431606292725,0.5555555820465088
48,5,37,0.6238424777984619,0.6978290677070618,0.6238424777984619,0.6978290677070618,0.6078431606292725,0.5555555820465088
48,5,38,0.6224617958068848,0.6978631615638733,0.6224617958068848,0.6978631615638733,0.6078431606292725,0.5555555820465088
48,5,39,0.6210834383964539,0.6978926658630371,0.6210834383964539,0.6978926658630371,0.6078431606292725,0.5555555820465088
48,5,40,0.6197082996368408,0.6979137063026428,0.6197082996368408,0.6979137063026428,0.6078431606292725,0.5555555820465088
48,5,41,0.618320643901825,0.697973370552063,0.618320643901825,0.697973370552063,0.6078431606292725,0.5555555820465088
48,5,42,0.6169235706329346,0.6980708241462708,0.6169235706329346,0.6980708241462708,0.6078431606292725,0.5555555820465088
48,5,43,0.6155025362968445,0.6981486082077026,0.6155025362968445,0.6981486082077026,0.6078431606292725,0.5555555820465088
48,5,44,0.6140669584274292,0.6981931328773499,0.6140669584274292,0.6981931328773499,0.6078431606292725,0.5555555820465088
48,5,45,0.6126237511634827,0.6982566714286804,0.6126237511634827,0.6982566714286804,0.6078431606292725,0.5555555820465088
48,5,46,0.6111628413200378,0.6983248591423035,0.6111628413200378,0.6983248591423035,0.6078431606292725,0.5555555820465088
48,5,47,0.6096863746643066,0.6984041333198547,0.6096863746643066,0.6984041333198547,0.6078431606292725,0.5555555820465088
48,5,48,0.6081848740577698,0.6984819769859314,0.6081848740577698,0.6984819769859314,0.6078431606292725,0.5555555820465088
48,5,49,0.6066557168960571,0.6985547542572021,0.6066557168960571,0.6985547542572021,0.6078431606292725,0.5555555820465088
48,5,50,0.6051099300384521,0.6986455321311951,0.6051099300384521,0.6986455321311951,0.6078431606292725,0.5555555820465088
48,5,51,0.6035398244857788,0.6987531185150146,0.6035398244857788,0.6987531185150146,0.6078431606292725,0.5555555820465088
48,5,52,0.6019413471221924,0.6988641023635864,0.6019414067268372,0.6988641023635864,0.6078431606292725,0.5555555820465088
48,5,53,0.6003026962280273,0.6989981532096863,0.6003026962280273,0.6989981532096863,0.6078431606292725,0.5555555820465088
48,5,54,0.5986314415931702,0.6991931200027466,0.5986313819885254,0.6991931200027466,0.6078431606292725,0.5555555820465088
48,5,55,0.596940815448761,0.6994053721427917,0.596940815448761,0.6994053721427917,0.6078431606292725,0.5555555820465088
49,5,1,0.693329930305481,0.6892988681793213,0.693329930305481,0.6892988681793213,0.5686274766921997,0.6666666865348816
49,5,2,0.6920825839042664,0.689462423324585,0.6920825839042664,0.689462423324585,0.5686274766921997,0.6666666865348816
49,5,3,0.6910454034805298,0.6896159052848816,0.6910454034805298,0.6896159052848816,0.5882353186607361,0.6666666865348816
49,5,4,0.6900511384010315,0.6897615194320679,0.6900511384010315,0.6897615194320679,0.6078431606292725,0.6666666865348816
49,5,5,0.6890751123428345,0.6898880004882812,0.6890751123428345,0.6898880004882812,0.5686274766921997,0.5555555820465088
49,5,6,0.6881324052810669,0.6899787783622742,0.6881324052810669,0.6899787783622742,0.6078431606292725,0.5555555820465088
49,5,7,0.6872133612632751,0.6900196075439453,0.6872133612632751,0.6900196075439453,0.6078431606292725,0.5555555820465088
49,5,8,0.6862940788269043,0.6900772452354431,0.6862940788269043,0.6900772452354431,0.6078431606292725,0.5555555820465088
49,5,9,0.6853703260421753,0.690136194229126,0.6853703260421753,0.690136194229126,0.6470588445663452,0.5555555820465088
49,5,10,0.6844464540481567,0.6902010440826416,0.6844464540481567,0.6902010440826416,0.6274510025978088,0.5555555820465088
49,5,11,0.6835247874259949,0.6902495622634888,0.6835247874259949,0.6902495622634888,0.6666666865348816,0.5555555820465088
49,5,12,0.6826078295707703,0.6902866959571838,0.6826078295707703,0.6902866959571838,0.6666666865348816,0.5555555820465088
49,5,13,0.6817008852958679,0.6902968883514404,0.6817008852958679,0.6902968883514404,0.6470588445663452,0.5555555820465088
49,5,14,0.6808128952980042,0.690310001373291,0.6808128952980042,0.690310001373291,0.6470588445663452,0.5555555820465088
49,5,15,0.6799585223197937,0.6903669238090515,0.6799585223197937,0.6903669238090515,0.6470588445663452,0.5555555820465088
49,5,16,0.6791250705718994,0.6904776096343994,0.6791250705718994,0.6904776096343994,0.6470588445663452,0.5555555820465088
49,5,17,0.6783003211021423,0.6905859112739563,0.6783003211021423,0.6905859112739563,0.6274510025978088,0.5555555820465088
49,5,18,0.6774832606315613,0.690678596496582,0.6774832606315613,0.690678596496582,0.6274510025978088,0.5555555820465088
49,5,19,0.6766762137413025,0.6907650828361511,0.6766762137413025,0.6907650828361511,0.6274510025978088,0.5555555820465088
49,5,20,0.6758663058280945,0.6908289194107056,0.6758663058280945,0.6908289194107056,0.6274510025978088,0.5555555820465088
49,5,21,0.6750678420066833,0.6908895373344421,0.6750678420066833,0.6908895373344421,0.6470588445663452,0.5555555820465088
49,5,22,0.6742563247680664,0.6909393668174744,0.6742563247680664,0.6909393668174744,0.6470588445663452,0.5555555820465088
49,5,23,0.6734386682510376,0.6909542083740234,0.6734386682510376,0.6909542083740234,0.6470588445663452,0.5555555820465088
49,5,24,0.6726165413856506,0.6909182667732239,0.6726165413856506,0.6909182667732239,0.6470588445663452,0.5555555820465088
49,5,25,0.6717910766601562,0.6908577084541321,0.6717910766601562,0.6908577084541321,0.6470588445663452,0.5555555820465088
49,5,26,0.6709668040275574,0.6907945275306702,0.6709668040275574,0.6907945275306702,0.6470588445663452,0.5555555820465088
50,5,1,0.71187824010849,0.6783117651939392,0.71187824010849,0.6783117651939392,0.4313725531101227,0.5555555820465088
50,5,2,0.7093151211738586,0.6778566241264343,0.7093151211738586,0.6778566241264343,0.4313725531101227,0.6666666865348816
50,5,3,0.7070890069007874,0.6774573922157288,0.7070890069007874,0.6774573922157288,0.4313725531101227,0.6666666865348816
50,5,4,0.7049856185913086,0.6770291328430176,0.7049856185913086,0.6770291328430176,0.4313725531101227,0.6666666865348816
50,5,5,0.7029627561569214,0.6766165494918823,0.7029627561569214,0.6766165494918823,0.45098039507865906,0.6666666865348816
50,5,6,0.7010377645492554,0.6762146949768066,0.7010377645492554,0.6762146949768066,0.47058823704719543,0.6666666865348816
50,5,7,0.699223518371582,0.6758619546890259,0.699223518371582,0.6758619546890259,0.47058823704719543,0.6666666865348816
50,5,8,0.6975156664848328,0.6755762696266174,0.6975157260894775,0.6755762696266174,0.47058823704719543,0.6666666865348816
50,5,9,0.695898711681366,0.6753553152084351,0.695898711681366,0.6753553152084351,0.45098039507865906,0.6666666865348816
50,5,10,0.694360077381134,0.6751864552497864,0.694360077381134,0.6751864552497864,0.47058823704719543,0.6666666865348816
50,5,11,0.692891538143158,0.6750785112380981,0.692891538143158,0.6750785112380981,0.5098039507865906,0.6666666865348816
50,5,12,0.6915124654769897,0.6749814748764038,0.6915124654769897,0.6749814748764038,0.4901960790157318,0.6666666865348816
50,5,13,0.6902787685394287,0.6748867034912109,0.6902787685394287,0.6748867034912109,0.4901960790157318,0.6666666865348816
50,5,14,0.689134955406189,0.674824059009552,0.689134955406189,0.674824059009552,0.5490196347236633,0.5555555820465088
50,5,15,0.6880617141723633,0.6747483611106873,0.6880617141723633,0.6747483611106873,0.529411792755127,0.5555555820465088
50,5,16,0.687034547328949,0.674655020236969,0.687034547328949,0.674655020236969,0.5686274766921997,0.5555555820465088
50,5,17,0.6860413551330566,0.6745549440383911,0.6860413551330566,0.6745549440383911,0.5490196347236633,0.5555555820465088
50,5,18,0.6850780248641968,0.6744312644004822,0.6850780248641968,0.6744312644004822,0.5490196347236633,0.5555555820465088
50,5,19,0.6841545701026917,0.6743115186691284,0.6841545701026917,0.6743115186691284,0.5490196347236633,0.6666666865348816
50,5,20,0.6832542419433594,0.6741941571235657,0.6832542419433594,0.6741941571235657,0.5098039507865906,0.5555555820465088
50,5,21,0.6823651194572449,0.6740820407867432,0.6823651194572449,0.6740820407867432,0.5098039507865906,0.5555555820465088
50,5,22,0.6814947724342346,0.6739880442619324,0.6814947724342346,0.6739880442619324,0.529411792755127,0.5555555820465088
50,5,23,0.6806538105010986,0.6738923788070679,0.6806538105010986,0.6738923788070679,0.5490196347236633,0.6666666865348816
50,5,24,0.67983078956604,0.6737962961196899,0.67983078956604,0.6737962961196899,0.5882353186607361,0.6666666865348816
50,5,25,0.6790077090263367,0.6736981272697449,0.6790077090263367,0.6736981272697449,0.5882353186607361,0.6666666865348816
50,5,26,0.6781806945800781,0.6735948920249939,0.6781806945800781,0.6735948920249939,0.5882353186607361,0.6666666865348816
50,5,27,0.6773526668548584,0.6734961271286011,0.6773526668548584,0.6734961271286011,0.5882353186607361,0.6666666865348816
50,5,28,0.6765278577804565,0.6733887195587158,0.6765277981758118,0.6733887195587158,0.5882353186607361,0.6666666865348816
50,5,29,0.675713837146759,0.6732442378997803,0.675713837146759,0.6732442378997803,0.5882353186607361,0.6666666865348816
50,5,30,0.674907922744751,0.6730894446372986,0.674907922744751,0.6730894446372986,0.5882353186607361,0.6666666865348816
50,5,31,0.6740873456001282,0.6729543805122375,0.6740873456001282,0.6729543805122375,0.5882353186607361,0.6666666865348816
50,5,32,0.6732726097106934,0.6728423237800598,0.6732726097106934,0.6728423237800598,0.5882353186607361,0.6666666865348816
50,5,33,0.6724553108215332,0.6727363467216492,0.6724553108215332,0.6727363467216492,0.5882353186607361,0.6666666865348816
50,5,34,0.671642541885376,0.6727060079574585,0.671642541885376,0.6727060079574585,0.5882353186607361,0.6666666865348816
50,5,35,0.6708415150642395,0.6726194024085999,0.6708415150642395,0.6726194024085999,0.6078431606292725,0.6666666865348816
50,5,36,0.6700207591056824,0.6725151538848877,0.6700207591056824,0.6725151538848877,0.6078431606292725,0.6666666865348816
50,5,37,0.6691912412643433,0.6723768711090088,0.6691912412643433,0.6723768711090088,0.6078431606292725,0.6666666865348816
50,5,38,0.6683624982833862,0.672195315361023,0.6683624982833862,0.672195315361023,0.6078431606292725,0.7777777910232544
50,5,39,0.6675256490707397,0.671991765499115,0.6675256490707397,0.671991765499115,0.6078431606292725,0.7777777910232544
50,5,40,0.6666926145553589,0.671768844127655,0.6666926145553589,0.671768844127655,0.6078431606292725,0.7777777910232544
50,5,41,0.6658399701118469,0.6715176701545715,0.6658399701118469,0.6715176701545715,0.6078431606292725,0.6666666865348816
50,5,42,0.6649861335754395,0.6712667942047119,0.6649861335754395,0.6712667942047119,0.6078431606292725,0.6666666865348816
50,5,43,0.6641076803207397,0.6709998846054077,0.6641076803207397,0.6709998846054077,0.6078431606292725,0.6666666865348816
50,5,44,0.6632076501846313,0.670644998550415,0.6632076501846313,0.670644998550415,0.6078431606292725,0.6666666865348816
50,5,45,0.662284791469574,0.6702540516853333,0.6622846722602844,0.6702540516853333,0.6274510025978088,0.6666666865348816
50,5,46,0.6613489985466003,0.669795036315918,0.6613489985466003,0.669795036315918,0.6274510025978088,0.6666666865348816
50,5,47,0.6604148149490356,0.6693140864372253,0.6604148149490356,0.6693140864372253,0.6666666865348816,0.6666666865348816
50,5,48,0.6594801545143127,0.6688465476036072,0.6594801545143127,0.6688465476036072,0.6666666865348816,0.6666666865348816
50,5,49,0.6585620045661926,0.668319821357727,0.6585620045661926,0.668319821357727,0.686274528503418,0.6666666865348816
50,5,50,0.6576286554336548,0.667786180973053,0.6576286554336548,0.667786180973053,0.7058823704719543,0.6666666865348816
50,5,51,0.6567224860191345,0.6672595143318176,0.6567224860191345,0.6672595143318176,0.7058823704719543,0.6666666865348816
50,5,52,0.6558169722557068,0.666754424571991,0.6558169722557068,0.666754424571991,0.7058823704719543,0.6666666865348816
50,5,53,0.6549054980278015,0.6662484407424927,0.6549054980278015,0.6662484407424927,0.7058823704719543,0.6666666865348816
50,5,54,0.6539938449859619,0.6657631397247314,0.6539938449859619,0.6657631397247314,0.7058823704719543,0.6666666865348816
50,5,55,0.6530887484550476,0.6653270125389099,0.6530887484550476,0.6653270125389099,0.7254902124404907,0.6666666865348816
50,5,56,0.6522009372711182,0.6648855805397034,0.6522009372711182,0.6648855805397034,0.7254902124404907,0.6666666865348816
50,5,57,0.6513283848762512,0.6644389629364014,0.6513283848762512,0.6644389629364014,0.7254902124404907,0.6666666865348816
50,5,58,0.6504793167114258,0.6639874577522278,0.6504793167114258,0.6639874577522278,0.7450980544090271,0.6666666865348816
50,5,59,0.6496473550796509,0.663531482219696,0.6496473550796509,0.663531482219696,0.7450980544090271,0.6666666865348816
50,5,60,0.6488083600997925,0.663087010383606,0.6488083600997925,0.663087010383606,0.7450980544090271,0.6666666865348816
50,5,61,0.6479642987251282,0.6626552939414978,0.6479642987251282,0.6626552939414978,0.7450980544090271,0.6666666865348816
50,5,62,0.647117018699646,0.6622360944747925,0.647117018699646,0.6622360944747925,0.7450980544090271,0.6666666865348816
50,5,63,0.6462677717208862,0.6618205904960632,0.6462677717208862,0.6618205904960632,0.7450980544090271,0.6666666865348816
50,5,64,0.6454165577888489,0.6613757610321045,0.6454165577888489,0.6613757610321045,0.7450980544090271,0.6666666865348816
50,5,65,0.6445683240890503,0.6609538197517395,0.6445683240890503,0.6609538197517395,0.7450980544090271,0.6666666865348816
50,5,66,0.6437047123908997,0.6605261564254761,0.6437047123908997,0.6605261564254761,0.7450980544090271,0.6666666865348816
50,5,67,0.6428390741348267,0.6601275205612183,0.6428390741348267,0.6601275205612183,0.7450980544090271,0.6666666865348816
50,5,68,0.6419777870178223,0.6597449779510498,0.6419777870178223,0.6597449779510498,0.7450980544090271,0.6666666865348816
50,5,69,0.6411091089248657,0.6593248844146729,0.6411091089248657,0.6593248844146729,0.7450980544090271,0.6666666865348816
50,5,70,0.6402338147163391,0.6588888168334961,0.6402338147163391,0.6588888168334961,0.7450980544090271,0.6666666865348816
50,5,71,0.6393485069274902,0.6584274768829346,0.6393485069274902,0.6584274768829346,0.7450980544090271,0.6666666865348816
50,5,72,0.6384509205818176,0.6579474210739136,0.6384509205818176,0.6579474210739136,0.7450980544090271,0.6666666865348816
50,5,73,0.6375300884246826,0.657441258430481,0.6375300884246826,0.657441258430481,0.7450980544090271,0.6666666865348816
50,5,74,0.6366069316864014,0.656944990158081,0.6366069316864014,0.656944990158081,0.7450980544090271,0.6666666865348816
50,5,75,0.6356778144836426,0.6564791798591614,0.6356778144836426,0.6564791798591614,0.7450980544090271,0.6666666865348816
50,5,76,0.6347350478172302,0.6560690402984619,0.6347350478172302,0.6560690402984619,0.7450980544090271,0.6666666865348816
50,5,77,0.6337826251983643,0.6556346416473389,0.6337826251983643,0.6556346416473389,0.7450980544090271,0.6666666865348816
50,5,78,0.6328364610671997,0.655168890953064,0.6328364610671997,0.655168890953064,0.7450980544090271,0.6666666865348816
50,5,79,0.6318886876106262,0.654685378074646,0.6318886876106262,0.654685378074646,0.7450980544090271,0.6666666865348816
50,5,80,0.6309323906898499,0.6541370749473572,0.6309323906898499,0.6541370749473572,0.7450980544090271,0.6666666865348816
50,5,81,0.6299757361412048,0.6535659432411194,0.6299757361412048,0.6535659432411194,0.7254902124404907,0.6666666865348816
50,5,82,0.6290183663368225,0.6530120372772217,0.6290183663368225,0.6530120372772217,0.7254902124404907,0.6666666865348816
50,5,83,0.6280508041381836,0.6524895429611206,0.6280508041381836,0.6524895429611206,0.7450980544090271,0.6666666865348816
50,5,84,0.6270781755447388,0.6519708633422852,0.6270781755447388,0.6519708633422852,0.7450980544090271,0.6666666865348816
50,5,85,0.6261007189750671,0.6514616012573242,0.6261007189750671,0.6514616012573242,0.7450980544090271,0.6666666865348816
50,5,86,0.6251147985458374,0.6509827375411987,0.6251147985458374,0.6509827375411987,0.7450980544090271,0.6666666865348816
50,5,87,0.6241193413734436,0.6505072116851807,0.6241193413734436,0.6505072116851807,0.7450980544090271,0.6666666865348816
50,5,88,0.6231118440628052,0.6500203609466553,0.6231118440628052,0.6500203609466553,0.7450980544090271,0.6666666865348816
50,5,89,0.6220911741256714,0.6495320796966553,0.6220911741256714,0.6495320796966553,0.7450980544090271,0.6666666865348816
50,5,90,0.6210594773292542,0.6490504741668701,0.6210594773292542,0.6490504741668701,0.7450980544090271,0.6666666865348816
50,5,91,0.6200082302093506,0.6485633850097656,0.6200082302093506,0.6485633850097656,0.7450980544090271,0.6666666865348816
50,5,92,0.6189471483230591,0.6480715274810791,0.6189471483230591,0.6480715274810791,0.7450980544090271,0.6666666865348816
50,5,93,0.6178709864616394,0.6475666165351868,0.6178709864616394,0.6475666165351868,0.7450980544090271,0.6666666865348816
50,5,94,0.6167834401130676,0.64703369140625,0.6167834401130676,0.64703369140625,0.7450980544090271,0.6666666865348816
50,5,95,0.6156980991363525,0.646460235118866,0.6156980991363525,0.646460235118866,0.7647058963775635,0.6666666865348816
50,5,96,0.614602267742157,0.6458811163902283,0.614602267742157,0.6458811163902283,0.7647058963775635,0.6666666865348816
50,5,97,0.6134964823722839,0.6453304290771484,0.6134964823722839,0.6453304290771484,0.7647058963775635,0.6666666865348816
50,5,98,0.6123867630958557,0.6447982788085938,0.6123867630958557,0.6447982788085938,0.7647058963775635,0.6666666865348816
50,5,99,0.6112753748893738,0.6442177295684814,0.6112753748893738,0.6442177295684814,0.7647058963775635,0.6666666865348816
50,5,100,0.6101547479629517,0.6436243057250977,0.6101547479629517,0.6436243057250977,0.7450980544090271,0.6666666865348816
50,5,101,0.6090336441993713,0.6430648565292358,0.6090336441993713,0.6430648565292358,0.7450980544090271,0.6666666865348816
50,5,102,0.6079115867614746,0.642507016658783,0.6079115867614746,0.642507016658783,0.7450980544090271,0.6666666865348816
50,5,103,0.6067771911621094,0.6419422626495361,0.6067771911621094,0.6419422626495361,0.7450980544090271,0.6666666865348816
50,5,104,0.605620801448822,0.6413585543632507,0.605620801448822,0.6413585543632507,0.7450980544090271,0.6666666865348816
50,5,105,0.6044510006904602,0.640765905380249,0.6044509410858154,0.640765905380249,0.7647058963775635,0.6666666865348816
50,5,106,0.6032671928405762,0.6401947736740112,0.6032671332359314,0.6401947736740112,0.7647058963775635,0.6666666865348816
50,5,107,0.602064847946167,0.6396241784095764,0.602064847946167,0.6396241784095764,0.7647058963775635,0.6666666865348816
50,5,108,0.600848376750946,0.6390131115913391,0.600848376750946,0.6390131115913391,0.7647058963775635,0.6666666865348816
50,5,109,0.5996181964874268,0.6383532285690308,0.5996181964874268,0.6383532285690308,0.7647058963775635,0.6666666865348816
50,5,110,0.5983843207359314,0.6377092003822327,0.5983843207359314,0.6377092003822327,0.7647058963775635,0.6666666865348816
50,5,111,0.5971434116363525,0.6370375156402588,0.5971434116363525,0.6370375156402588,0.7647058963775635,0.6666666865348816
50,5,112,0.5959076881408691,0.6363599896430969,0.5959076881408691,0.6363599896430969,0.7843137383460999,0.6666666865348816
50,5,113,0.5946603417396545,0.6356454491615295,0.5946603417396545,0.6356454491615295,0.7843137383460999,0.6666666865348816
50,5,114,0.5933864116668701,0.63491290807724,0.5933864116668701,0.63491290807724,0.7843137383460999,0.6666666865348816
50,5,115,0.5920917987823486,0.6341479420661926,0.5920917987823486,0.6341479420661926,0.8039215803146362,0.6666666865348816
50,5,116,0.5907750129699707,0.6333291530609131,0.5907750129699707,0.6333291530609131,0.8039215803146362,0.6666666865348816
50,5,117,0.5894395709037781,0.632433295249939,0.5894395709037781,0.632433295249939,0.8039215803146362,0.6666666865348816
50,5,118,0.5880575180053711,0.6314655542373657,0.5880575180053711,0.6314655542373657,0.8039215803146362,0.6666666865348816
50,5,119,0.5866581201553345,0.6304941177368164,0.5866581201553345,0.6304941177368164,0.7843137383460999,0.6666666865348816
50,5,120,0.5852475166320801,0.6295243501663208,0.5852474570274353,0.6295243501663208,0.7843137383460999,0.6666666865348816
50,5,121,0.5838245153427124,0.6285555362701416,0.5838245153427124,0.6285555362701416,0.7843137383460999,0.6666666865348816
50,5,122,0.5824238657951355,0.6275787353515625,0.5824238657951355,0.6275787353515625,0.7843137383460999,0.6666666865348816
50,5,123,0.5810596346855164,0.6266307830810547,0.5810596346855164,0.6266307830810547,0.8039215803146362,0.6666666865348816
50,5,124,0.5797208547592163,0.6257404685020447,0.5797208547592163,0.6257404685020447,0.8039215803146362,0.6666666865348816
50,5,125,0.5783477425575256,0.6248461604118347,0.5783477425575256,0.6248461604118347,0.8039215803146362,0.6666666865348816
50,5,126,0.5769472122192383,0.6239993572235107,0.5769472122192383,0.6239993572235107,0.8039215803146362,0.6666666865348816
50,5,127,0.5755453705787659,0.6231794953346252,0.5755453705787659,0.6231794953346252,0.8039215803146362,0.6666666865348816
50,5,128,0.5741174221038818,0.6223137974739075,0.5741174221038818,0.6223137974739075,0.8039215803146362,0.6666666865348816
50,5,129,0.5726783871650696,0.621379554271698,0.5726783871650696,0.621379554271698,0.8039215803146362,0.6666666865348816
50,5,130,0.5712279677391052,0.6204422116279602,0.5712279677391052,0.6204422116279602,0.8039215803146362,0.6666666865348816
50,5,131,0.569770872592926,0.6194380521774292,0.569770872592926,0.6194380521774292,0.8039215803146362,0.6666666865348816
50,5,132,0.5683145523071289,0.6184039115905762,0.5683145523071289,0.6184039115905762,0.8039215803146362,0.6666666865348816
50,5,133,0.5668429732322693,0.6174038648605347,0.5668429732322693,0.6174038648605347,0.8039215803146362,0.6666666865348816
50,5,134,0.565341591835022,0.6164156794548035,0.565341591835022,0.6164156794548035,0.8039215803146362,0.6666666865348816
50,5,135,0.5638477206230164,0.6153852939605713,0.5638477206230164,0.6153852939605713,0.8039215803146362,0.6666666865348816
50,5,136,0.5623611211776733,0.6143314242362976,0.5623611211776733,0.6143314242362976,0.8039215803146362,0.6666666865348816
50,5,137,0.5608598589897156,0.6133455634117126,0.5608598589897156,0.6133455634117126,0.8039215803146362,0.6666666865348816
50,5,138,0.5593382716178894,0.6124032139778137,0.5593382716178894,0.6124032139778137,0.8039215803146362,0.6666666865348816
50,5,139,0.5577942132949829,0.6115658283233643,0.5577942728996277,0.6115658283233643,0.8039215803146362,0.6666666865348816
50,5,140,0.5562332272529602,0.6107553839683533,0.5562332272529602,0.6107553839683533,0.8039215803146362,0.6666666865348816
50,5,141,0.5546736121177673,0.6099330186843872,0.5546736121177673,0.6099330186843872,0.8039215803146362,0.6666666865348816
50,5,142,0.5531188249588013,0.6091476678848267,0.5531188249588013,0.6091476678848267,0.8039215803146362,0.6666666865348816
50,5,143,0.5515432357788086,0.6083173155784607,0.5515432357788086,0.6083173155784607,0.8039215803146362,0.6666666865348816
50,5,144,0.5499661564826965,0.6074094176292419,0.5499661564826965,0.6074094176292419,0.8039215803146362,0.6666666865348816
50,5,145,0.5483825206756592,0.6065499782562256,0.5483825206756592,0.6065499782562256,0.8039215803146362,0.6666666865348816
50,5,146,0.5467755794525146,0.6057126522064209,0.5467755794525146,0.6057126522064209,0.8039215803146362,0.6666666865348816
50,5,147,0.5451499223709106,0.6048368811607361,0.5451499223709106,0.6048368811607361,0.8039215803146362,0.6666666865348816
50,5,148,0.5435003638267517,0.6039532423019409,0.5435003638267517,0.6039532423019409,0.8235294222831726,0.6666666865348816
50,5,149,0.5418450236320496,0.6030769944190979,0.5418450236320496,0.6030769944190979,0.8235294222831726,0.6666666865348816
50,5,150,0.5402132272720337,0.6022473573684692,0.5402132272720337,0.6022473573684692,0.8235294222831726,0.6666666865348816
50,5,151,0.538581132888794,0.6014430522918701,0.538581132888794,0.6014430522918701,0.8235294222831726,0.6666666865348816
50,5,152,0.536941647529602,0.6005537509918213,0.536941647529602,0.6005537509918213,0.8235294222831726,0.6666666865348816
50,5,153,0.5352814793586731,0.5996876955032349,0.5352814793586731,0.5996876955032349,0.8235294222831726,0.6666666865348816
50,5,154,0.5336089730262756,0.5987908840179443,0.5336089730262756,0.5987908840179443,0.8235294222831726,0.6666666865348816
50,5,155,0.5319454669952393,0.5978821516036987,0.5319454669952393,0.5978821516036987,0.8235294222831726,0.6666666865348816
50,5,156,0.530275821685791,0.5969242453575134,0.5302758812904358,0.5969242453575134,0.8235294222831726,0.6666666865348816
50,5,157,0.5286098122596741,0.5959933996200562,0.5286098122596741,0.5959933996200562,0.8235294222831726,0.6666666865348816
50,5,158,0.5269277095794678,0.5950748324394226,0.5269277095794678,0.5950748324394226,0.8235294222831726,0.6666666865348816
50,5,159,0.5252297520637512,0.5941271185874939,0.525229811668396,0.5941271185874939,0.8235294222831726,0.6666666865348816
50,5,160,0.5235171914100647,0.593189537525177,0.5235172510147095,0.593189537525177,0.8235294222831726,0.6666666865348816
50,5,161,0.5217947959899902,0.5923517346382141,0.5217947959899902,0.5923517346382141,0.8235294222831726,0.6666666865348816
50,5,162,0.520047128200531,0.5914962291717529,0.520047128200531,0.5914962291717529,0.8235294222831726,0.6666666865348816
50,5,163,0.5182974338531494,0.5906493663787842,0.5182974338531494,0.5906493663787842,0.843137264251709,0.6666666865348816
50,5,164,0.5165289044380188,0.5897183418273926,0.5165289044380188,0.5897183418273926,0.843137264251709,0.6666666865348816
50,5,165,0.5147531032562256,0.5887330770492554,0.5147531032562256,0.5887330770492554,0.843137264251709,0.6666666865348816
50,5,166,0.5129613876342773,0.5877487063407898,0.5129613876342773,0.5877487063407898,0.843137264251709,0.6666666865348816
50,5,167,0.5111467838287354,0.5869057178497314,0.5111467838287354,0.5869057178497314,0.843137264251709,0.6666666865348816
50,5,168,0.509311318397522,0.5859891176223755,0.509311318397522,0.5859891176223755,0.843137264251709,0.6666666865348816
50,5,169,0.5074605941772461,0.5850002765655518,0.5074605941772461,0.5850002765655518,0.843137264251709,0.6666666865348816
50,5,170,0.5055959820747375,0.5840684771537781,0.5055959820747375,0.5840684771537781,0.843137264251709,0.6666666865348816
50,5,171,0.5037277936935425,0.5832040309906006,0.5037277936935425,0.5832040309906006,0.843137264251709,0.6666666865348816
50,5,172,0.5018425583839417,0.5824925899505615,0.5018425583839417,0.5824925899505615,0.843137264251709,0.6666666865348816
50,5,173,0.49998578429222107,0.5818610787391663,0.49998578429222107,0.5818610787391663,0.843137264251709,0.6666666865348816
50,5,174,0.4981026351451874,0.5811434984207153,0.4981026351451874,0.5811434984207153,0.843137264251709,0.6666666865348816
50,5,175,0.4961937665939331,0.5803812146186829,0.4961937665939331,0.5803812146186829,0.843137264251709,0.6666666865348816
50,5,176,0.49428364634513855,0.5795882940292358,0.49428364634513855,0.5795882940292358,0.843137264251709,0.6666666865348816
50,5,177,0.49239760637283325,0.5789790749549866,0.49239760637283325,0.5789790749549866,0.843137264251709,0.6666666865348816
50,5,178,0.4904956519603729,0.5783267021179199,0.4904956519603729,0.5783267021179199,0.843137264251709,0.6666666865348816
50,5,179,0.4885663688182831,0.5775712728500366,0.4885663688182831,0.5775712728500366,0.843137264251709,0.6666666865348816
50,5,180,0.4866180121898651,0.5767392516136169,0.4866180121898651,0.5767392516136169,0.843137264251709,0.6666666865348816
50,5,181,0.4846751391887665,0.5759633183479309,0.4846751391887665,0.5759633183479309,0.843137264251709,0.6666666865348816
50,5,182,0.48277589678764343,0.57533860206604,0.48277589678764343,0.57533860206604,0.8235294222831726,0.6666666865348816
50,5,183,0.4808599352836609,0.574800431728363,0.4808599352836609,0.574800431728363,0.8235294222831726,0.6666666865348816
50,5,184,0.478945255279541,0.574192464351654,0.478945255279541,0.574192464351654,0.8235294222831726,0.6666666865348816
50,5,185,0.4770255386829376,0.5735344886779785,0.4770255386829376,0.5735344886779785,0.8235294222831726,0.6666666865348816
50,5,186,0.4751359522342682,0.5728825926780701,0.4751359522342682,0.5728825926780701,0.8235294222831726,0.6666666865348816
50,5,187,0.4732606112957001,0.5723878145217896,0.4732606112957001,0.5723878145217896,0.8235294222831726,0.6666666865348816
50,5,188,0.4713781774044037,0.5719537734985352,0.4713781774044037,0.5719537734985352,0.8235294222831726,0.6666666865348816
50,5,189,0.4694881737232208,0.5715141892433167,0.4694881737232208,0.5715141892433167,0.8235294222831726,0.6666666865348816
50,5,190,0.4676287770271301,0.5711364150047302,0.4676287770271301,0.5711364150047302,0.8235294222831726,0.6666666865348816
50,5,191,0.46576428413391113,0.5708918571472168,0.46576428413391113,0.5708918571472168,0.8235294222831726,0.6666666865348816
50,5,192,0.46389466524124146,0.5706114172935486,0.46389466524124146,0.5706114172935486,0.8235294222831726,0.6666666865348816
50,5,193,0.46204063296318054,0.5702854990959167,0.46204063296318054,0.5702854990959167,0.8235294222831726,0.6666666865348816
50,5,194,0.46018749475479126,0.5699549913406372,0.46018749475479126,0.5699549913406372,0.8235294222831726,0.6666666865348816
50,5,195,0.45832645893096924,0.5697240233421326,0.45832645893096924,0.5697240233421326,0.8235294222831726,0.6666666865348816
50,5,196,0.4564656615257263,0.5695335865020752,0.4564656615257263,0.5695335865020752,0.8235294222831726,0.6666666865348816
50,5,197,0.4546273946762085,0.569373607635498,0.4546273946762085,0.569373607635498,0.8235294222831726,0.6666666865348816
50,5,198,0.452751487493515,0.5693193078041077,0.452751487493515,0.5693193078041077,0.8235294222831726,0.6666666865348816
50,5,199,0.4508841931819916,0.5693827271461487,0.4508841931819916,0.5693827271461487,0.8235294222831726,0.6666666865348816
50,5,200,0.4490181505680084,0.569356381893158,0.4490181505680084,0.569356381893158,0.8235294222831726,0.6666666865348816
50,5,201,0.4471524655818939,0.5691685080528259,0.4471524655818939,0.5691685080528259,0.8235294222831726,0.6666666865348816
50,5,202,0.44529151916503906,0.569067120552063,0.44529151916503906,0.569067120552063,0.8235294222831726,0.6666666865348816
50,5,203,0.44343701004981995,0.5691123008728027,0.44343701004981995,0.5691123008728027,0.8235294222831726,0.7777777910232544
50,5,204,0.44159361720085144,0.5693472623825073,0.44159361720085144,0.5693472623825073,0.8235294222831726,0.7777777910232544
50,5,205,0.4397170841693878,0.5694261789321899,0.4397170841693878,0.5694261789321899,0.8235294222831726,0.7777777910232544
50,5,206,0.4378401041030884,0.5695263147354126,0.4378401041030884,0.5695263147354126,0.8235294222831726,0.7777777910232544
50,5,207,0.43598672747612,0.5696843862533569,0.43598672747612,0.5696843862533569,0.8235294222831726,0.7777777910232544
50,5,208,0.4341437518596649,0.5696530938148499,0.4341437518596649,0.5696530938148499,0.8235294222831726,0.7777777910232544
50,5,209,0.4323015511035919,0.5696235299110413,0.4323015511035919,0.5696235299110413,0.8235294222831726,0.7777777910232544
50,5,210,0.4304412007331848,0.5696211457252502,0.4304412007331848,0.5696211457252502,0.8235294222831726,0.7777777910232544
50,5,211,0.42859575152397156,0.5698363780975342,0.42859575152397156,0.5698363780975342,0.8235294222831726,0.7777777910232544
50,5,212,0.4267248213291168,0.5701406598091125,0.4267248213291168,0.5701406598091125,0.8235294222831726,0.7777777910232544
50,5,213,0.42487671971321106,0.5703773498535156,0.42487671971321106,0.5703773498535156,0.8235294222831726,0.7777777910232544
50,5,214,0.42302003502845764,0.5705026984214783,0.42302003502845764,0.5705026984214783,0.8235294222831726,0.7777777910232544
50,5,215,0.42115917801856995,0.5704798698425293,0.42115917801856995,0.5704798698425293,0.8235294222831726,0.7777777910232544
50,5,216,0.41930994391441345,0.5704066753387451,0.41930994391441345,0.5704066753387451,0.8235294222831726,0.7777777910232544
50,5,217,0.41747617721557617,0.5704426169395447,0.41747617721557617,0.5704426169395447,0.8235294222831726,0.7777777910232544
50,5,218,0.4156409204006195,0.5708550214767456,0.4156409204006195,0.5708550214767456,0.8235294222831726,0.7777777910232544
50,5,219,0.4137932360172272,0.5711936950683594,0.4137932360172272,0.5711936950683594,0.8235294222831726,0.7777777910232544
50,5,220,0.4119208753108978,0.5712533593177795,0.4119208753108978,0.5712533593177795,0.8235294222831726,0.7777777910232544
50,5,221,0.41008099913597107,0.5711856484413147,0.41008099913597107,0.5711856484413147,0.8235294222831726,0.7777777910232544
50,5,222,0.4082721173763275,0.5711547136306763,0.4082721173763275,0.5711547136306763,0.8235294222831726,0.7777777910232544
50,5,223,0.4064655303955078,0.5714442729949951,0.4064655303955078,0.5714442729949951,0.8235294222831726,0.7777777910232544
50,5,224,0.4046432673931122,0.5717455148696899,0.4046432673931122,0.5717455148696899,0.8235294222831726,0.7777777910232544
50,5,225,0.40279388427734375,0.5718141198158264,0.40279388427734375,0.5718141198158264,0.8235294222831726,0.7777777910232544
50,5,226,0.4009678363800049,0.5717593431472778,0.4009678363800049,0.5717593431472778,0.8235294222831726,0.7777777910232544
50,5,227,0.39915549755096436,0.5715827345848083,0.39915549755096436,0.5715827345848083,0.8235294222831726,0.7777777910232544
