fold,repeat,epoch,loss,inner_val_loss,bce,inner_val_bce,accuracy,inner_val_accuracy
1,1,1,0.7021351456642151,0.7028430104255676,0.6918480396270752,0.7028430104255676,0.5251798629760742,0.4000000059604645
1,1,2,0.6958696246147156,0.7059593200683594,0.6898066401481628,0.7059593200683594,0.5755395889282227,0.4399999976158142
1,1,3,0.6913102269172668,0.7082169055938721,0.6876236796379089,0.7082169055938721,0.633093535900116,0.4399999976158142
1,1,4,0.6872178912162781,0.709810733795166,0.6849774122238159,0.709810733795166,0.6258992552757263,0.4399999976158142
1,1,5,0.6833984851837158,0.7109034657478333,0.6819370985031128,0.7109034657478333,0.6187050342559814,0.4399999976158142
1,1,6,0.6797640919685364,0.7116533517837524,0.6786020994186401,0.7116533517837524,0.6258992552757263,0.36000001430511475
1,1,7,0.6762675046920776,0.7122026681900024,0.6750816702842712,0.7122026681900024,0.6474820375442505,0.36000001430511475
1,1,8,0.6728792190551758,0.712666928768158,0.6714757084846497,0.712666928768158,0.6546762585639954,0.3199999928474426
1,1,9,0.6695769429206848,0.7131295800209045,0.6678633689880371,0.7131295800209045,0.6618704795837402,0.3199999928474426
1,1,10,0.666341245174408,0.7136431932449341,0.6642979979515076,0.7136431932449341,0.6762589812278748,0.4399999976158142
1,1,11,0.6631550192832947,0.7142348289489746,0.6608083844184875,0.7142348289489746,0.6762589812278748,0.36000001430511475
1,1,12,0.6600030660629272,0.7149136066436768,0.6574034690856934,0.7149136066436768,0.6834532618522644,0.36000001430511475
1,1,13,0.6568723320960999,0.7156758904457092,0.6540772914886475,0.7156758904457092,0.6834532618522644,0.36000001430511475
1,1,14,0.6537520289421082,0.7165125012397766,0.6508147716522217,0.7165125012397766,0.6978417038917542,0.36000001430511475
1,1,15,0.6506325602531433,0.7174115777015686,0.6475962400436401,0.7174115777015686,0.6978417038917542,0.36000001430511475
1,1,16,0.6475052833557129,0.7183625102043152,0.6444004774093628,0.7183625102043152,0.7122302055358887,0.36000001430511475
1,1,17,0.6443616151809692,0.7193570733070374,0.6412070393562317,0.7193570733070374,0.7050359845161438,0.36000001430511475
1,1,18,0.641193151473999,0.7203901410102844,0.6379976868629456,0.7203901410102844,0.7194244861602783,0.36000001430511475
1,1,19,0.6379908919334412,0.7214602828025818,0.6347569823265076,0.7214602828025818,0.7122302055358887,0.36000001430511475
1,1,20,0.6347456574440002,0.722568154335022,0.6314716339111328,0.722568154335022,0.7050359845161438,0.36000001430511475
1,1,21,0.631447970867157,0.7237173318862915,0.6281307339668274,0.7237173318862915,0.7122302055358887,0.36000001430511475
1,1,22,0.6280876398086548,0.7249128818511963,0.6247245669364929,0.7249128818511963,0.7266187071800232,0.36000001430511475
1,1,23,0.6246544122695923,0.7261608242988586,0.6212443709373474,0.7261608242988586,0.7194244861602783,0.36000001430511475
1,1,24,0.6211376190185547,0.7274680137634277,0.6176811456680298,0.7274680137634277,0.7194244861602783,0.36000001430511475
1,1,25,0.6175262331962585,0.72884202003479,0.6140258312225342,0.72884202003479,0.7266187071800232,0.36000001430511475
1,1,26,0.6138091087341309,0.7302908301353455,0.6102685928344727,0.7302908301353455,0.7194244861602783,0.36000001430511475
2,1,1,0.7091980576515198,0.7496066093444824,0.7247115969657898,0.7496066093444824,0.36690646409988403,0.3199999928474426
2,1,2,0.703204333782196,0.7422454953193665,0.7115902900695801,0.7422454953193665,0.4100719392299652,0.23999999463558197
2,1,3,0.7005164623260498,0.7375814914703369,0.7064120173454285,0.7375814914703369,0.42446044087409973,0.23999999463558197
2,1,4,0.698436439037323,0.7342534065246582,0.7035762667655945,0.7342534065246582,0.41726619005203247,0.3199999928474426
2,1,5,0.6966201663017273,0.7316195964813232,0.7018949389457703,0.7316195964813232,0.43884891271591187,0.3199999928474426
2,1,6,0.6949626207351685,0.7292835116386414,0.7007791996002197,0.7292835116386414,0.4460431635379791,0.3199999928474426
2,1,7,0.6934049129486084,0.7269888520240784,0.6998655200004578,0.7269888520240784,0.46043166518211365,0.3199999928474426
2,1,8,0.6918981075286865,0.7245876789093018,0.6989262104034424,0.7245876789093018,0.4676258862018585,0.3199999928474426
2,1,9,0.6904043555259705,0.7220209240913391,0.6978386044502258,0.7220209240913391,0.4892086386680603,0.36000001430511475
2,1,10,0.6889004707336426,0.7192943692207336,0.6965622305870056,0.7192943692207336,0.48201438784599304,0.4000000059604645
2,1,11,0.6873776912689209,0.7164514660835266,0.6951127052307129,0.7164514660835266,0.48201438784599304,0.4000000059604645
2,1,12,0.6858370304107666,0.7135495543479919,0.6935356259346008,0.7135495543479919,0.49640288949012756,0.4000000059604645
2,1,13,0.684283971786499,0.710641622543335,0.6918850541114807,0.710641622543335,0.5107913613319397,0.4000000059604645
2,1,14,0.6827248930931091,0.7077667713165283,0.6902079582214355,0.7077667713165283,0.5251798629760742,0.36000001430511475
2,1,15,0.6811637878417969,0.7049476504325867,0.6885380744934082,0.7049476504325867,0.5467625856399536,0.36000001430511475
2,1,16,0.6796024441719055,0.7021908760070801,0.6868930459022522,0.7021908760070801,0.5539568066596985,0.36000001430511475
2,1,17,0.6780402064323425,0.699491560459137,0.6852774620056152,0.699491560459137,0.5611510872840881,0.36000001430511475
2,1,18,0.6764743328094482,0.6968379020690918,0.6836857199668884,0.6968379020690918,0.5827338099479675,0.36000001430511475
2,1,19,0.6749006509780884,0.6942155957221985,0.6821070909500122,0.6942155957221985,0.597122311592102,0.36000001430511475
2,1,20,0.6733146905899048,0.6916095614433289,0.6805287003517151,0.6916095614433289,0.6115108132362366,0.36000001430511475
2,1,21,0.6717115640640259,0.6890076398849487,0.6789381504058838,0.6890076398849487,0.6258992552757263,0.36000001430511475
2,1,22,0.6700862646102905,0.6864003539085388,0.6773253679275513,0.6864003539085388,0.6258992552757263,0.4000000059604645
2,1,23,0.6684343814849854,0.6837810277938843,0.6756824851036072,0.6837810277938843,0.633093535900116,0.4399999976158142
2,1,24,0.666751503944397,0.681145429611206,0.6740044355392456,0.681145429611206,0.633093535900116,0.4399999976158142
2,1,25,0.6650336384773254,0.6784902215003967,0.6722872257232666,0.6784902215003967,0.6474820375442505,0.47999998927116394
2,1,26,0.6632769107818604,0.675812840461731,0.6705281138420105,0.675812840461731,0.6474820375442505,0.5199999809265137
2,1,27,0.6614771485328674,0.6731103658676147,0.6687243580818176,0.6731103658676147,0.6546762585639954,0.5199999809265137
2,1,28,0.6596301198005676,0.6703788638114929,0.6668726205825806,0.6703788638114929,0.6618704795837402,0.5199999809265137
2,1,29,0.6577312350273132,0.6676140427589417,0.6649690270423889,0.6676140427589417,0.6618704795837402,0.5199999809265137
2,1,30,0.6557756066322327,0.6648106575012207,0.663008451461792,0.6648106575012207,0.6690647602081299,0.5199999809265137
2,1,31,0.6537578701972961,0.6619623303413391,0.6609851121902466,0.6619623303413391,0.6762589812278748,0.5600000023841858
2,1,32,0.6516721248626709,0.6590628623962402,0.6588922739028931,0.6590628623962402,0.6690647602081299,0.5600000023841858
2,1,33,0.6495124101638794,0.6561055183410645,0.6567228436470032,0.6561055183410645,0.6690647602081299,0.5600000023841858
2,1,34,0.6472721099853516,0.6530835032463074,0.6544690132141113,0.6530835032463074,0.6762589812278748,0.6399999856948853
2,1,35,0.6449443697929382,0.6499903202056885,0.6521225571632385,0.6499903202056885,0.6762589812278748,0.6399999856948853
2,1,36,0.6425219774246216,0.6468197107315063,0.6496753096580505,0.6468197107315063,0.6762589812278748,0.6399999856948853
2,1,37,0.6399976015090942,0.6435657739639282,0.6471182107925415,0.6435657739639282,0.7050359845161438,0.6399999856948853
2,1,38,0.6373633146286011,0.6402231454849243,0.6444422006607056,0.6402231454849243,0.7122302055358887,0.6000000238418579
2,1,39,0.6346113681793213,0.636787474155426,0.6416376829147339,0.636787474155426,0.7122302055358887,0.6000000238418579
2,1,40,0.6317339539527893,0.6332555413246155,0.6386945843696594,0.6332555413246155,0.7122302055358887,0.6000000238418579
2,1,41,0.62872314453125,0.6296260952949524,0.635602593421936,0.6296260952949524,0.7194244861602783,0.6000000238418579
2,1,42,0.6255713701248169,0.6259006261825562,0.6323514580726624,0.6259006261825562,0.7194244861602783,0.6000000238418579
2,1,43,0.6222716569900513,0.6220847964286804,0.6289308667182922,0.6220847964286804,0.7194244861602783,0.6000000238418579
2,1,44,0.6188176274299622,0.6181890964508057,0.625331461429596,0.6181890964508057,0.7266187071800232,0.6000000238418579
2,1,45,0.6152042150497437,0.6142309308052063,0.6215447187423706,0.6142309308052063,0.7338129281997681,0.6000000238418579
2,1,46,0.6114277243614197,0.6102352738380432,0.6175639033317566,0.6102352738380432,0.7266187071800232,0.6000000238418579
2,1,47,0.607485830783844,0.6062363982200623,0.6133847832679749,0.6062363982200623,0.7338129281997681,0.6000000238418579
2,1,48,0.6033780574798584,0.602277398109436,0.6090054512023926,0.602277398109436,0.7338129281997681,0.6399999856948853
2,1,49,0.5991052389144897,0.5984097123146057,0.6044272780418396,0.5984097123146057,0.7338129281997681,0.6800000071525574
2,1,50,0.5946686863899231,0.5946899056434631,0.5996544361114502,0.5946899056434631,0.7482014298439026,0.6800000071525574
2,1,51,0.5900699496269226,0.5911750197410583,0.5946931838989258,0.5911750197410583,0.7410072088241577,0.6800000071525574
2,1,52,0.585308313369751,0.5879160165786743,0.5895508527755737,0.5879160165786743,0.7482014298439026,0.6800000071525574
2,1,53,0.5803802013397217,0.5849501490592957,0.5842335224151611,0.5849501490592957,0.7553957104682922,0.6800000071525574
2,1,54,0.5752777457237244,0.5822949409484863,0.5787439346313477,0.5822949409484863,0.7553957104682922,0.6800000071525574
2,1,55,0.5699882507324219,0.5799452066421509,0.573078989982605,0.5799452066421509,0.7553957104682922,0.7200000286102295
2,1,56,0.564494252204895,0.5778742432594299,0.5672290921211243,0.5778742432594299,0.7553957104682922,0.7200000286102295
2,1,57,0.5587756633758545,0.5760402083396912,0.5611769556999207,0.5760402083396912,0.769784152507782,0.7200000286102295
2,1,58,0.5528102517127991,0.5743943452835083,0.5548996925354004,0.5743943452835083,0.7625899314880371,0.7200000286102295
2,1,59,0.5465750098228455,0.572890043258667,0.5483697652816772,0.572890043258667,0.7625899314880371,0.7200000286102295
2,1,60,0.5400469303131104,0.5714900493621826,0.5415576100349426,0.5714900493621826,0.769784152507782,0.7200000286102295
2,1,61,0.5332016348838806,0.5701730847358704,0.5344333052635193,0.5701730847358704,0.769784152507782,0.7200000286102295
2,1,62,0.526014506816864,0.5689377784729004,0.5269692540168762,0.5689377784729004,0.7769784331321716,0.7200000286102295
2,1,63,0.518459677696228,0.5678077340126038,0.5191407799720764,0.5678077340126038,0.769784152507782,0.7599999904632568
2,1,64,0.5105116963386536,0.566835880279541,0.5109281539916992,0.566835880279541,0.769784152507782,0.7599999904632568
2,1,65,0.5021481513977051,0.5661103129386902,0.5023165345191956,0.5661103129386902,0.7769784331321716,0.7599999904632568
2,1,66,0.4933527708053589,0.5657604336738586,0.493297278881073,0.5657604336738586,0.7553957104682922,0.7200000286102295
2,1,67,0.4841204285621643,0.5659610033035278,0.4838693141937256,0.5659610033035278,0.769784152507782,0.6800000071525574
2,1,68,0.4744608402252197,0.5669334530830383,0.4740407466888428,0.5669334530830383,0.7769784331321716,0.7200000286102295
2,1,69,0.4644021689891815,0.5689400434494019,0.4638320505619049,0.5689400434494019,0.8057553768157959,0.6800000071525574
2,1,70,0.4539942443370819,0.5722631216049194,0.4532802104949951,0.5722631216049194,0.8129496574401855,0.6800000071525574
2,1,71,0.4433099031448364,0.5771587491035461,0.44244274497032166,0.5771587491035461,0.8129496574401855,0.6800000071525574
2,1,72,0.4324450194835663,0.5837671756744385,0.4314013123512268,0.5837671756744385,0.8201438784599304,0.6800000071525574
2,1,73,0.4215105473995209,0.5919695496559143,0.42025959491729736,0.5919695496559143,0.8201438784599304,0.6800000071525574
2,1,74,0.41061118245124817,0.601227879524231,0.40912926197052,0.601227879524231,0.8201438784599304,0.6800000071525574
2,1,75,0.39981377124786377,0.6105384230613708,0.39810141921043396,0.6105384230613708,0.8201438784599304,0.7200000286102295
2,1,76,0.38912734389305115,0.6186944842338562,0.3872193992137909,0.6186944842338562,0.8273381590843201,0.7200000286102295
2,1,77,0.3785252273082733,0.6248651742935181,0.37648308277130127,0.6248651742935181,0.8345323801040649,0.6800000071525574
2,1,78,0.3679904043674469,0.6290783882141113,0.36588338017463684,0.6290783882141113,0.8417266011238098,0.6800000071525574
2,1,79,0.3575246334075928,0.6321154832839966,0.3554118573665619,0.6321154832839966,0.8561151027679443,0.6800000071525574
2,1,80,0.3471341133117676,0.6349276900291443,0.3450371325016022,0.6349276900291443,0.8561151027679443,0.6800000071525574
2,1,81,0.33684679865837097,0.6381566524505615,0.3347253203392029,0.6381566524505615,0.8561151027679443,0.6399999856948853
2,1,82,0.32671919465065,0.6420900225639343,0.3244868218898773,0.6420900225639343,0.8633093237876892,0.6399999856948853
2,1,83,0.31679093837738037,0.6468717455863953,0.3143690824508667,0.6468717455863953,0.8776978254318237,0.6800000071525574
2,1,84,0.30704352259635925,0.6526083946228027,0.3044043481349945,0.6526083946228027,0.8776978254318237,0.6800000071525574
2,1,85,0.29741236567497253,0.6593143343925476,0.29457560181617737,0.6593143343925476,0.8776978254318237,0.6399999856948853
2,1,86,0.2878412902355194,0.6669720411300659,0.28483912348747253,0.6669720411300659,0.8848921060562134,0.6800000071525574
2,1,87,0.27831166982650757,0.6757571697235107,0.2751678228378296,0.6757571697235107,0.8920863270759583,0.6800000071525574
2,1,88,0.26881149411201477,0.6860552430152893,0.265548437833786,0.6860552430152893,0.8992805480957031,0.6800000071525574
2,1,89,0.2593069076538086,0.6981610059738159,0.2559505105018616,0.6981610059738159,0.8992805480957031,0.7200000286102295
2,1,90,0.24976609647274017,0.7121649980545044,0.24633730947971344,0.7121649980545044,0.8992805480957031,0.7200000286102295
2,1,91,0.24018605053424835,0.7281627655029297,0.236705482006073,0.7281627655029297,0.9064748287200928,0.7200000286102295
3,1,1,0.7084280252456665,0.6856833100318909,0.6894715428352356,0.6856833100318909,0.5395683646202087,0.6800000071525574
3,1,2,0.7004242539405823,0.6904945969581604,0.6895648241043091,0.6904945969581604,0.5755395889282227,0.6000000238418579
3,1,3,0.695909321308136,0.6944405436515808,0.6893814206123352,0.6944405436515808,0.5755395889282227,0.47999998927116394
3,1,4,0.6921746730804443,0.6974648237228394,0.6881862878799438,0.6974648237228394,0.5755395889282227,0.4399999976158142
3,1,5,0.6887559294700623,0.6997154951095581,0.6860632300376892,0.6997154951095581,0.597122311592102,0.4000000059604645
3,1,6,0.6854994893074036,0.7014306783676147,0.6832513213157654,0.7014306783676147,0.6043165326118469,0.4000000059604645
3,1,7,0.6823570132255554,0.7028518915176392,0.6800260543823242,0.7028518915176392,0.6258992552757263,0.4000000059604645
3,1,8,0.6793102025985718,0.7041736841201782,0.6766291260719299,0.7041736841201782,0.633093535900116,0.47999998927116394
3,1,9,0.6763418316841125,0.7055260539054871,0.6732347011566162,0.7055260539054871,0.6402877569198608,0.47999998927116394
3,1,10,0.6734297275543213,0.7069796919822693,0.669944703578949,0.7069796919822693,0.6546762585639954,0.47999998927116394
3,1,11,0.6705507040023804,0.7085597515106201,0.6668010950088501,0.7085597515106201,0.6906474828720093,0.36000001430511475
3,1,12,0.6676854491233826,0.7102609276771545,0.663803219795227,0.7102609276771545,0.6978417038917542,0.4000000059604645
3,1,13,0.6648200750350952,0.7120620608329773,0.6609250903129578,0.7120620608329773,0.7122302055358887,0.4000000059604645
3,1,14,0.6619460582733154,0.7139360308647156,0.6581289172172546,0.7139360308647156,0.7050359845161438,0.4399999976158142
3,1,15,0.6590578556060791,0.7158561944961548,0.6553749442100525,0.7158561944961548,0.6978417038917542,0.4399999976158142
3,1,16,0.656151533126831,0.717801570892334,0.6526277661323547,0.717801570892334,0.6906474828720093,0.4399999976158142
3,1,17,0.6532228589057922,0.7197589874267578,0.6498591899871826,0.7197589874267578,0.6978417038917542,0.4000000059604645
3,1,18,0.6502670645713806,0.7217228412628174,0.6470499038696289,0.7217228412628174,0.6978417038917542,0.4000000059604645
3,1,19,0.6472784280776978,0.72369384765625,0.6441875696182251,0.72369384765625,0.6906474828720093,0.4000000059604645
3,1,20,0.6442500948905945,0.7256778478622437,0.641265869140625,0.7256778478622437,0.6978417038917542,0.36000001430511475
3,1,21,0.6411742568016052,0.7276833057403564,0.6382812857627869,0.7276833057403564,0.6978417038917542,0.36000001430511475
3,1,22,0.6380422115325928,0.7297195196151733,0.6352313756942749,0.7297195196151733,0.7050359845161438,0.36000001430511475
3,1,23,0.6348443031311035,0.7317959070205688,0.6321123242378235,0.7317959070205688,0.6978417038917542,0.36000001430511475
3,1,24,0.6315701007843018,0.7339205741882324,0.6289185881614685,0.7339205741882324,0.6978417038917542,0.36000001430511475
3,1,25,0.6282088756561279,0.7361016869544983,0.6256415247917175,0.7361016869544983,0.7050359845161438,0.36000001430511475
3,1,26,0.6247488856315613,0.7383469939231873,0.6222701668739319,0.7383469939231873,0.7050359845161438,0.36000001430511475
4,1,1,0.7061212062835693,0.7322786450386047,0.7193205952644348,0.7322786450386047,0.37857142090797424,0.4000000059604645
4,1,2,0.6996915936470032,0.7248170971870422,0.7106165289878845,0.7248170971870422,0.37857142090797424,0.3199999928474426
4,1,3,0.6962857842445374,0.7186195850372314,0.700944185256958,0.7186195850372314,0.4214285612106323,0.2800000011920929
4,1,4,0.6941512227058411,0.7141966819763184,0.693099856376648,0.7141966819763184,0.5071428418159485,0.36000001430511475
4,1,5,0.6927677989006042,0.7112661600112915,0.6870572566986084,0.7112661600112915,0.6142857074737549,0.3199999928474426
4,1,6,0.6916837096214294,0.7094340324401855,0.6824564933776855,0.7094340324401855,0.6000000238418579,0.4000000059604645
4,1,7,0.6905955672264099,0.7083671689033508,0.6789159774780273,0.7083671689033508,0.6142857074737549,0.4000000059604645
4,1,8,0.6893529295921326,0.707824170589447,0.6761223673820496,0.707824170589447,0.6214285492897034,0.4000000059604645
4,1,9,0.6879205703735352,0.7076402902603149,0.673843264579773,0.7076402902603149,0.6214285492897034,0.4000000059604645
4,1,10,0.6863288283348083,0.7077010273933411,0.6719122529029846,0.7077010273933411,0.6142857074737549,0.4000000059604645
4,1,11,0.6846333742141724,0.7079224586486816,0.6702098846435547,0.7079224586486816,0.6285714507102966,0.4000000059604645
4,1,12,0.6828896999359131,0.7082402110099792,0.6686493754386902,0.7082402110099792,0.6428571343421936,0.4000000059604645
4,1,13,0.6811413168907166,0.7086052894592285,0.6671679615974426,0.7086052894592285,0.6357142925262451,0.4399999976158142
4,1,14,0.679416835308075,0.7089822888374329,0.6657214760780334,0.7089822888374329,0.6428571343421936,0.4399999976158142
4,1,15,0.6777313947677612,0.7093479037284851,0.6642817258834839,0.7093479037284851,0.6499999761581421,0.47999998927116394
4,1,16,0.676090657711029,0.7096895575523376,0.6628332138061523,0.7096895575523376,0.6428571343421936,0.47999998927116394
4,1,17,0.6744937896728516,0.7100028991699219,0.6613699197769165,0.7100028991699219,0.6428571343421936,0.47999998927116394
4,1,18,0.6729358434677124,0.710288941860199,0.6598923802375793,0.710288941860199,0.6428571343421936,0.47999998927116394
4,1,19,0.6714102029800415,0.7105516791343689,0.6584044098854065,0.7105516791343689,0.6357142925262451,0.47999998927116394
4,1,20,0.6699094772338867,0.7107963562011719,0.6569116711616516,0.7107963562011719,0.6357142925262451,0.47999998927116394
4,1,21,0.6684263348579407,0.7110275030136108,0.6554187536239624,0.7110275030136108,0.6285714507102966,0.5199999809265137
4,1,22,0.6669541001319885,0.7112489938735962,0.6539297103881836,0.7112489938735962,0.6214285492897034,0.5600000023841858
4,1,23,0.6654871702194214,0.7114627957344055,0.652446448802948,0.7114627957344055,0.6214285492897034,0.5600000023841858
4,1,24,0.6640205383300781,0.7116697430610657,0.6509696245193481,0.7116697430610657,0.6214285492897034,0.5600000023841858
4,1,25,0.6625502109527588,0.7118695974349976,0.6494980454444885,0.7118695974349976,0.6357142925262451,0.5199999809265137
4,1,26,0.661072850227356,0.7120609283447266,0.6480297446250916,0.7120609283447266,0.6428571343421936,0.5199999809265137
4,1,27,0.6595855355262756,0.7122419476509094,0.6465615630149841,0.7122419476509094,0.6357142925262451,0.47999998927116394
4,1,28,0.6580855250358582,0.7124107480049133,0.645089864730835,0.7124107480049133,0.6357142925262451,0.47999998927116394
4,1,29,0.6565704345703125,0.7125651836395264,0.6436111927032471,0.7125651836395264,0.6357142925262451,0.4399999976158142
4,1,30,0.655037522315979,0.7127037048339844,0.6421213746070862,0.7127037048339844,0.6357142925262451,0.4399999976158142
4,1,31,0.6534838080406189,0.7128247022628784,0.6406167149543762,0.7128247022628784,0.6357142925262451,0.4399999976158142
4,1,32,0.6519062519073486,0.7129277586936951,0.6390929222106934,0.7129277586936951,0.6357142925262451,0.4399999976158142
4,1,33,0.6503013372421265,0.7130122184753418,0.6375463008880615,0.7130122184753418,0.6285714507102966,0.4399999976158142
4,1,34,0.648665189743042,0.7130789160728455,0.6359729170799255,0.7130789160728455,0.6285714507102966,0.4399999976158142
5,1,1,0.6994377970695496,0.7020570635795593,0.6927201747894287,0.7020570635795593,0.5428571701049805,0.47999998927116394
5,1,2,0.6941631436347961,0.7033339142799377,0.6912418603897095,0.7033339142799377,0.5642856955528259,0.5199999809265137
5,1,3,0.6905144453048706,0.7037107944488525,0.6898786425590515,0.7037107944488525,0.5285714268684387,0.5199999809265137
5,1,4,0.6872549653053284,0.7032701373100281,0.6877943873405457,0.7032701373100281,0.5142857432365417,0.6000000238418579
5,1,5,0.6841791272163391,0.7022526264190674,0.6850854754447937,0.7022526264190674,0.5214285850524902,0.5600000023841858
5,1,6,0.681215226650238,0.7009302377700806,0.6819751858711243,0.7009302377700806,0.5142857432365417,0.6000000238418579
5,1,7,0.6783368587493896,0.6995275020599365,0.6786968111991882,0.6995275020599365,0.5571428537368774,0.6399999856948853
5,1,8,0.6755280494689941,0.6981881856918335,0.6754317283630371,0.6981881856918335,0.5642856955528259,0.6000000238418579
5,1,9,0.672773540019989,0.6969762444496155,0.6722882986068726,0.6969762444496155,0.6000000238418579,0.6000000238418579
5,1,10,0.6700605154037476,0.6958953738212585,0.6693083643913269,0.6958953738212585,0.6214285492897034,0.6000000238418579
5,1,11,0.6673808097839355,0.6949135065078735,0.666485071182251,0.6949135065078735,0.6142857074737549,0.6399999856948853
5,1,12,0.6647297739982605,0.6939833164215088,0.6637837290763855,0.6939833164215088,0.6499999761581421,0.5600000023841858
5,1,13,0.6621044874191284,0.6930594444274902,0.661159873008728,0.6930594444274902,0.6428571343421936,0.5600000023841858
5,1,14,0.6595021486282349,0.6921075582504272,0.6585724949836731,0.6921075582504272,0.6642857193946838,0.5600000023841858
5,1,15,0.6569183468818665,0.6911075115203857,0.6559909582138062,0.6911075115203857,0.6642857193946838,0.5600000023841858
5,1,16,0.6543477773666382,0.6900519728660583,0.6533980369567871,0.6900519728660583,0.6642857193946838,0.5600000023841858
5,1,17,0.6517849564552307,0.6889421343803406,0.6507879495620728,0.6889421343803406,0.6714285612106323,0.6000000238418579
5,1,18,0.6492241024971008,0.6877828240394592,0.6481620669364929,0.6877828240394592,0.6785714030265808,0.6000000238418579
5,1,19,0.6466596126556396,0.6865782737731934,0.6455246806144714,0.6865782737731934,0.6785714030265808,0.6000000238418579
5,1,20,0.6440865397453308,0.6853294372558594,0.6428791880607605,0.6853294372558594,0.6642857193946838,0.6000000238418579
5,1,21,0.6415003538131714,0.6840335130691528,0.6402264833450317,0.6840335130691528,0.6642857193946838,0.6000000238418579
5,1,22,0.6388968229293823,0.6826846599578857,0.6375637650489807,0.6826846599578857,0.6714285612106323,0.6000000238418579
5,1,23,0.636272132396698,0.6812747120857239,0.6348860859870911,0.6812747120857239,0.6785714030265808,0.6000000238418579
5,1,24,0.6336228251457214,0.6797953248023987,0.632187008857727,0.6797953248023987,0.6714285612106323,0.6000000238418579
5,1,25,0.6309452056884766,0.6782379746437073,0.6294597387313843,0.6782379746437073,0.6714285612106323,0.6000000238418579
5,1,26,0.6282360553741455,0.6765950918197632,0.6266986727714539,0.6765950918197632,0.6642857193946838,0.6000000238418579
5,1,27,0.6254919767379761,0.6748597621917725,0.6238991618156433,0.6748597621917725,0.6642857193946838,0.6000000238418579
5,1,28,0.6227097511291504,0.6730254888534546,0.6210578083992004,0.6730254888534546,0.6571428775787354,0.6000000238418579
5,1,29,0.6198866367340088,0.6710857152938843,0.6181722283363342,0.6710857152938843,0.6571428775787354,0.6399999856948853
5,1,30,0.6170197129249573,0.669033408164978,0.6152400970458984,0.669033408164978,0.6571428775787354,0.6399999856948853
5,1,31,0.6141070127487183,0.6668617725372314,0.6122593879699707,0.6668617725372314,0.6642857193946838,0.6399999856948853
5,1,32,0.6111468076705933,0.6645634174346924,0.6092281341552734,0.6645634174346924,0.6714285612106323,0.6399999856948853
5,1,33,0.6081379652023315,0.6621319055557251,0.6061442494392395,0.6621319055557251,0.6714285612106323,0.6399999856948853
5,1,34,0.6050799489021301,0.6595611572265625,0.6030064821243286,0.6595611572265625,0.6642857193946838,0.6399999856948853
5,1,35,0.6019730567932129,0.6568472385406494,0.5998141169548035,0.6568472385406494,0.6642857193946838,0.6399999856948853
5,1,36,0.5988184809684753,0.6539884209632874,0.5965677499771118,0.6539884209632874,0.6714285612106323,0.6399999856948853
5,1,37,0.5956178307533264,0.6509853601455688,0.5932687520980835,0.6509853601455688,0.6714285612106323,0.6000000238418579
5,1,38,0.5923738479614258,0.6478427648544312,0.5899198651313782,0.6478427648544312,0.6714285612106323,0.6000000238418579
5,1,39,0.5890896320343018,0.6445690989494324,0.5865248441696167,0.6445690989494324,0.6785714030265808,0.6000000238418579
5,1,40,0.58576899766922,0.64117830991745,0.5830877423286438,0.64117830991745,0.6785714030265808,0.6399999856948853
5,1,41,0.5824155807495117,0.6376896500587463,0.579613208770752,0.6376896500587463,0.6928571462631226,0.6399999856948853
5,1,42,0.5790326595306396,0.634128749370575,0.5761057734489441,0.634128749370575,0.6928571462631226,0.6399999856948853
5,1,43,0.5756222605705261,0.6305270195007324,0.5725694298744202,0.6305270195007324,0.699999988079071,0.6399999856948853
5,1,44,0.5721843838691711,0.626920759677887,0.5690068006515503,0.626920759677887,0.699999988079071,0.6399999856948853
5,1,45,0.5687163472175598,0.6233503222465515,0.5654181241989136,0.6233503222465515,0.699999988079071,0.6399999856948853
5,1,46,0.5652123093605042,0.6198566555976868,0.5618007183074951,0.6198566555976868,0.699999988079071,0.6800000071525574
5,1,47,0.5616623163223267,0.6164796352386475,0.5581474304199219,0.6164796352386475,0.699999988079071,0.6800000071525574
5,1,48,0.5580525398254395,0.6132544875144958,0.5544470548629761,0.6132544875144958,0.6928571462631226,0.6800000071525574
5,1,49,0.5543650984764099,0.6102091073989868,0.5506839752197266,0.6102091073989868,0.7071428298950195,0.6800000071525574
5,1,50,0.5505790710449219,0.6073625087738037,0.5468382835388184,0.6073625087738037,0.7142857313156128,0.6800000071525574
5,1,51,0.5466703176498413,0.6047239303588867,0.5428864359855652,0.6047239303588867,0.7142857313156128,0.6800000071525574
5,1,52,0.5426128506660461,0.6022940278053284,0.5388017296791077,0.6022940278053284,0.7214285731315613,0.6800000071525574
5,1,53,0.5383787155151367,0.6000668406486511,0.5345550775527954,0.6000668406486511,0.7285714149475098,0.6800000071525574
5,1,54,0.5339381098747253,0.5980331897735596,0.5301151871681213,0.5980331897735596,0.7285714149475098,0.6800000071525574
5,1,55,0.5292595624923706,0.5961840152740479,0.5254489779472351,0.5961840152740479,0.7285714149475098,0.6800000071525574
5,1,56,0.5243093371391296,0.5945138335227966,0.5205212831497192,0.5945138335227966,0.7285714149475098,0.6800000071525574
5,1,57,0.5190507173538208,0.5930233597755432,0.5152948498725891,0.5930233597755432,0.7357142567634583,0.6800000071525574
5,1,58,0.5134445428848267,0.5917217135429382,0.509730339050293,0.5917217135429382,0.7357142567634583,0.6800000071525574
5,1,59,0.5074487328529358,0.5906274318695068,0.503786563873291,0.5906274318695068,0.75,0.6800000071525574
5,1,60,0.5010199546813965,0.5897698402404785,0.49742093682289124,0.5897698402404785,0.7642857432365417,0.6800000071525574
5,1,61,0.4941157102584839,0.5891905426979065,0.49059274792671204,0.5891905426979065,0.7642857432365417,0.6800000071525574
5,1,62,0.48669928312301636,0.5889458656311035,0.4832665026187897,0.5889458656311035,0.7714285850524902,0.6800000071525574
5,1,63,0.47874754667282104,0.589111864566803,0.47542065382003784,0.589111864566803,0.7642857432365417,0.6800000071525574
5,1,64,0.4702625870704651,0.5897918343544006,0.467058390378952,0.5897918343544006,0.7571428418159485,0.6399999856948853
5,1,65,0.46128544211387634,0.5911266803741455,0.4582231342792511,0.5911266803741455,0.7714285850524902,0.6800000071525574
5,1,66,0.4519087076187134,0.5933027863502502,0.4490121901035309,0.5933027863502502,0.7714285850524902,0.6000000238418579
5,1,67,0.44227680563926697,0.5965420007705688,0.439581036567688,0.5965420007705688,0.7785714268684387,0.6000000238418579
5,1,68,0.43256402015686035,0.6010454297065735,0.4301247298717499,0.6010454297065735,0.7857142686843872,0.6000000238418579
5,1,69,0.4229262173175812,0.606865406036377,0.4208275079727173,0.606865406036377,0.7928571701049805,0.6399999856948853
5,1,70,0.4134410619735718,0.6137695908546448,0.41178005933761597,0.6137695908546448,0.8142856955528259,0.6800000071525574
5,1,71,0.4040699601173401,0.6212989687919617,0.4029032289981842,0.6212989687919617,0.8357142806053162,0.6800000071525574
5,1,72,0.3946934938430786,0.6290997862815857,0.39398422837257385,0.6290997862815857,0.8642857074737549,0.7200000286102295
5,1,73,0.3852192461490631,0.6371870636940002,0.38486403226852417,0.6371870636940002,0.8571428656578064,0.7200000286102295
5,1,74,0.3756343722343445,0.6458266973495483,0.3755493760108948,0.6458266973495483,0.8642857074737549,0.7599999904632568
5,1,75,0.3659514784812927,0.6552571654319763,0.3661069869995117,0.6552571654319763,0.8714285492897034,0.7599999904632568
5,1,76,0.3561605215072632,0.6656087636947632,0.3565461039543152,0.6656087636947632,0.8785714507102966,0.7599999904632568
5,1,77,0.34623321890830994,0.6770253777503967,0.3468279242515564,0.6770253777503967,0.8785714507102966,0.7599999904632568
5,1,78,0.3361448347568512,0.6897092461585999,0.3369380533695221,0.6897092461585999,0.8857142925262451,0.7599999904632568
5,1,79,0.32588404417037964,0.7037731409072876,0.326903760433197,0.7037731409072876,0.8928571343421936,0.7599999904632568
5,1,80,0.315450519323349,0.719119668006897,0.31674623489379883,0.719119668006897,0.8928571343421936,0.7599999904632568
5,1,81,0.3048543930053711,0.7355288863182068,0.3064577877521515,0.7355288863182068,0.9071428775787354,0.7599999904632568
5,1,82,0.29412972927093506,0.7527991533279419,0.29604604840278625,0.7527991533279419,0.9071428775787354,0.7599999904632568
5,1,83,0.28335168957710266,0.7707094550132751,0.28557899594306946,0.7707094550132751,0.9071428775787354,0.7200000286102295
5,1,84,0.2726260721683502,0.788953959941864,0.27515384554862976,0.788953959941864,0.9071428775787354,0.7200000286102295
5,1,85,0.2620604336261749,0.8072771430015564,0.2648564875125885,0.8072771430015564,0.9142857193946838,0.7200000286102295
5,1,86,0.251757949590683,0.8255907297134399,0.2547830641269684,0.8255907297134399,0.9142857193946838,0.7200000286102295
5,1,87,0.2418147474527359,0.8438717126846313,0.2450416088104248,0.8438717126846313,0.9214285612106323,0.7200000286102295
6,1,1,0.706244945526123,0.6873048543930054,0.7069400548934937,0.6873048543930054,0.40714284777641296,0.6000000238418579
6,1,2,0.700880765914917,0.6897258758544922,0.70196533203125,0.6897258758544922,0.40714284777641296,0.5600000023841858
6,1,3,0.6964325904846191,0.6912313103675842,0.6989224553108215,0.6912313103675842,0.44285714626312256,0.47999998927116394
6,1,4,0.6921906471252441,0.6916850805282593,0.6952016353607178,0.6916850805282593,0.4642857015132904,0.5199999809265137
6,1,5,0.6880505084991455,0.6915454864501953,0.6908065676689148,0.6915454864501953,0.4642857015132904,0.5199999809265137
6,1,6,0.6840032935142517,0.6913214325904846,0.6861521005630493,0.6913214325904846,0.48571428656578064,0.47999998927116394
6,1,7,0.6800495386123657,0.691331684589386,0.6816204786300659,0.691331684589386,0.5357142686843872,0.4399999976158142
6,1,8,0.6761753559112549,0.6916528940200806,0.677398145198822,0.6916528940200806,0.5857142806053162,0.47999998927116394
6,1,9,0.6723616719245911,0.6921848058700562,0.6734717488288879,0.6921848058700562,0.6071428656578064,0.47999998927116394
6,1,10,0.6685904264450073,0.6927697062492371,0.6697063446044922,0.6927697062492371,0.6285714507102966,0.47999998927116394
6,1,11,0.6648423671722412,0.6932983994483948,0.6659517884254456,0.6932983994483948,0.6285714507102966,0.47999998927116394
6,1,12,0.661097526550293,0.6937574148178101,0.6621207594871521,0.6937574148178101,0.6571428775787354,0.47999998927116394
6,1,13,0.6573385000228882,0.6942054033279419,0.6582065224647522,0.6942054033279419,0.6785714030265808,0.5199999809265137
6,1,14,0.6535505056381226,0.6947146058082581,0.6542484760284424,0.6947146058082581,0.6714285612106323,0.5600000023841858
6,1,15,0.6497195363044739,0.6953244805335999,0.6502818465232849,0.6953244805335999,0.6785714030265808,0.6000000238418579
6,1,16,0.6458317637443542,0.6960323452949524,0.6463070511817932,0.6960323452949524,0.6785714030265808,0.6000000238418579
6,1,17,0.6418730616569519,0.6968144178390503,0.6422920823097229,0.6968144178390503,0.6928571462631226,0.5600000023841858
6,1,18,0.6378283500671387,0.6976573467254639,0.6381953358650208,0.6976573467254639,0.6857143044471741,0.5600000023841858
6,1,19,0.6336825489997864,0.6985719799995422,0.633988082408905,0.6985719799995422,0.699999988079071,0.5600000023841858
6,1,20,0.629420816898346,0.6995889544487,0.6296597719192505,0.6995889544487,0.6928571462631226,0.5600000023841858
6,1,21,0.6250292062759399,0.7007400989532471,0.6252098083496094,0.7007400989532471,0.699999988079071,0.5199999809265137
6,1,22,0.6204952001571655,0.7020487189292908,0.6206339597702026,0.7020487189292908,0.699999988079071,0.47999998927116394
6,1,23,0.6158077120780945,0.7035302519798279,0.6159195899963379,0.7035302519798279,0.699999988079071,0.47999998927116394
6,1,24,0.6109583377838135,0.7052024006843567,0.6110507249832153,0.7052024006843567,0.7071428298950195,0.47999998927116394
6,1,25,0.6059419512748718,0.7070914506912231,0.6060173511505127,0.7070914506912231,0.7071428298950195,0.47999998927116394
6,1,26,0.6007590889930725,0.7092293500900269,0.6008203625679016,0.7092293500900269,0.7071428298950195,0.47999998927116394
7,1,1,0.6872783303260803,0.7072042226791382,0.6972048878669739,0.7072042226791382,0.4714285731315613,0.4000000059604645
7,1,2,0.6821378469467163,0.7027028799057007,0.6862525939941406,0.7027028799057007,0.5214285850524902,0.47999998927116394
7,1,3,0.6785063147544861,0.7003726959228516,0.6785101890563965,0.7003726959228516,0.5857142806053162,0.47999998927116394
7,1,4,0.6752228736877441,0.699556291103363,0.6727938055992126,0.699556291103363,0.6000000238418579,0.47999998927116394
7,1,5,0.6719448566436768,0.6997418999671936,0.668485164642334,0.6997418999671936,0.6071428656578064,0.47999998927116394
7,1,6,0.6686012744903564,0.7005417346954346,0.6650835275650024,0.7005417346954346,0.6142857074737549,0.47999998927116394
7,1,7,0.6652352809906006,0.7016482353210449,0.6621891856193542,0.7016482353210449,0.5928571224212646,0.4399999976158142
7,1,8,0.6618958711624146,0.7028257250785828,0.6594821214675903,0.7028257250785828,0.6142857074737549,0.36000001430511475
7,1,9,0.658598780632019,0.7039246559143066,0.6567288041114807,0.7039246559143066,0.6142857074737549,0.4000000059604645
7,1,10,0.6553318500518799,0.7048916816711426,0.6537951231002808,0.7048916816711426,0.6357142925262451,0.4000000059604645
7,1,11,0.652073085308075,0.7057527899742126,0.6506435871124268,0.7057527899742126,0.6285714507102966,0.4000000059604645
7,1,12,0.6488001346588135,0.7065799832344055,0.6473056674003601,0.7065799832344055,0.6214285492897034,0.4000000059604645
7,1,13,0.6454927921295166,0.7074543237686157,0.6438436508178711,0.7074543237686157,0.6285714507102966,0.4000000059604645
7,1,14,0.6421317458152771,0.7084413170814514,0.6403161287307739,0.7084413170814514,0.6499999761581421,0.4000000059604645
7,1,15,0.6386985778808594,0.7095804810523987,0.6367582082748413,0.7095804810523987,0.6571428775787354,0.4000000059604645
7,1,16,0.6351771950721741,0.7108859419822693,0.6331753134727478,0.7108859419822693,0.6642857193946838,0.4000000059604645
7,1,17,0.6315535306930542,0.7123557925224304,0.6295479536056519,0.7123557925224304,0.6785714030265808,0.4000000059604645
7,1,18,0.6278149485588074,0.7139828205108643,0.6258413195610046,0.7139828205108643,0.6857143044471741,0.4000000059604645
7,1,19,0.6239491105079651,0.7157649397850037,0.6220168471336365,0.7157649397850037,0.6857143044471741,0.47999998927116394
7,1,20,0.6199433207511902,0.71771240234375,0.6180406212806702,0.71771240234375,0.699999988079071,0.47999998927116394
7,1,21,0.6157842874526978,0.719851016998291,0.6138889193534851,0.719851016998291,0.7071428298950195,0.5199999809265137
7,1,22,0.6114588379859924,0.7222203016281128,0.6095488667488098,0.7222203016281128,0.7285714149475098,0.5199999809265137
7,1,23,0.6069554090499878,0.7248697876930237,0.6050158739089966,0.7248697876930237,0.7285714149475098,0.5199999809265137
7,1,24,0.6022643446922302,0.7278542518615723,0.600290060043335,0.7278542518615723,0.7285714149475098,0.5199999809265137
7,1,25,0.5973801612854004,0.7312305569648743,0.5953731536865234,0.7312305569648743,0.7357142567634583,0.5199999809265137
7,1,26,0.5923030376434326,0.7350571155548096,0.5902672410011292,0.7350571155548096,0.7428571581840515,0.5199999809265137
7,1,27,0.5870392918586731,0.7393940687179565,0.5849778652191162,0.7393940687179565,0.7428571581840515,0.5199999809265137
7,1,28,0.5816035270690918,0.7443041801452637,0.5795181393623352,0.7443041801452637,0.7428571581840515,0.5199999809265137
7,1,29,0.5760179758071899,0.749849796295166,0.5739126205444336,0.749849796295166,0.7428571581840515,0.5199999809265137
8,1,1,0.6874807476997375,0.6624422669410706,0.682735025882721,0.6624422669410706,0.5642856955528259,0.6399999856948853
8,1,2,0.6826463341712952,0.6678913235664368,0.6840839982032776,0.6678913235664368,0.550000011920929,0.6399999856948853
8,1,3,0.6798742413520813,0.6724994778633118,0.6859515905380249,0.6724994778633118,0.550000011920929,0.6000000238418579
8,1,4,0.6776652932167053,0.6757628917694092,0.6869868040084839,0.6757628917694092,0.5428571701049805,0.5199999809265137
8,1,5,0.6755579113960266,0.6776167154312134,0.6868228316307068,0.6776167154312134,0.5357142686843872,0.5199999809265137
8,1,6,0.6733511090278625,0.6782975792884827,0.6854941248893738,0.6782975792884827,0.5428571701049805,0.47999998927116394
8,1,7,0.6710172295570374,0.6781806945800781,0.6832700371742249,0.6781806945800781,0.550000011920929,0.47999998927116394
8,1,8,0.6686098575592041,0.6776436567306519,0.6805009245872498,0.6776436567306519,0.5571428537368774,0.47999998927116394
8,1,9,0.6661942005157471,0.6769871711730957,0.6775071024894714,0.6769871711730957,0.5785714387893677,0.5199999809265137
8,1,10,0.6638151407241821,0.6764057278633118,0.6745226383209229,0.6764057278633118,0.5857142806053162,0.5199999809265137
8,1,11,0.6614912748336792,0.6759964227676392,0.6716837286949158,0.6759964227676392,0.5928571224212646,0.5600000023841858
8,1,12,0.6592223048210144,0.67578125,0.6690438389778137,0.67578125,0.6142857074737549,0.5199999809265137
8,1,13,0.6569980978965759,0.6757356524467468,0.6665977239608765,0.6757356524467468,0.6285714507102966,0.5199999809265137
8,1,14,0.6548051238059998,0.6758104562759399,0.6643053889274597,0.6758104562759399,0.6285714507102966,0.47999998927116394
8,1,15,0.6526289582252502,0.6759513020515442,0.6621125340461731,0.6759513020515442,0.6499999761581421,0.47999998927116394
8,1,16,0.6504563689231873,0.6761112809181213,0.6599645018577576,0.6761112809181213,0.6571428775787354,0.5199999809265137
8,1,17,0.6482753157615662,0.6762567162513733,0.6578162312507629,0.6762567162513733,0.6571428775787354,0.5199999809265137
8,1,18,0.6460766196250916,0.6763699054718018,0.6556360721588135,0.6763699054718018,0.6714285612106323,0.5199999809265137
8,1,19,0.6438533663749695,0.6764474511146545,0.6534066796302795,0.6764474511146545,0.6785714030265808,0.5199999809265137
8,1,20,0.6416007876396179,0.6764957308769226,0.6511223912239075,0.6764957308769226,0.6785714030265808,0.5199999809265137
8,1,21,0.6393157243728638,0.676526665687561,0.6487852334976196,0.676526665687561,0.6785714030265808,0.5199999809265137
8,1,22,0.6369960308074951,0.6765532493591309,0.6464008688926697,0.6765532493591309,0.6785714030265808,0.5199999809265137
8,1,23,0.6346395015716553,0.6765864491462708,0.6439749002456665,0.6765864491462708,0.6857143044471741,0.5199999809265137
8,1,24,0.632244348526001,0.6766338348388672,0.6415108442306519,0.6766338348388672,0.6857143044471741,0.5199999809265137
8,1,25,0.6298080682754517,0.6766989827156067,0.6390091180801392,0.6766989827156067,0.6785714030265808,0.5600000023841858
8,1,26,0.6273283958435059,0.6767824292182922,0.6364672183990479,0.6767824292182922,0.6785714030265808,0.5600000023841858
9,1,1,0.7079019546508789,0.7265302538871765,0.7386637926101685,0.7265302538871765,0.4285714328289032,0.4000000059604645
9,1,2,0.6990920305252075,0.7151153683662415,0.7218509316444397,0.7151153683662415,0.4285714328289032,0.4000000059604645
9,1,3,0.6938341856002808,0.7070909738540649,0.7103513479232788,0.7070909738540649,0.4357142746448517,0.47999998927116394
9,1,4,0.6902011632919312,0.7015432119369507,0.7020822763442993,0.7015432119369507,0.4714285731315613,0.4399999976158142
9,1,5,0.6874692440032959,0.6977689862251282,0.696143388748169,0.6977689862251282,0.5214285850524902,0.47999998927116394
9,1,6,0.685200035572052,0.6952419877052307,0.6918646097183228,0.6952419877052307,0.5142857432365417,0.5199999809265137
9,1,7,0.683154821395874,0.6935716271400452,0.6887391209602356,0.6935716271400452,0.5071428418159485,0.47999998927116394
9,1,8,0.6812209486961365,0.6924620270729065,0.686384379863739,0.6924620270729065,0.5214285850524902,0.4399999976158142
9,1,9,0.679351270198822,0.691684365272522,0.6845088005065918,0.691684365272522,0.5285714268684387,0.4399999976158142
9,1,10,0.677523672580719,0.6910631060600281,0.682890772819519,0.6910631060600281,0.5285714268684387,0.4399999976158142
9,1,11,0.6757232546806335,0.6904708743095398,0.6813672780990601,0.6904708743095398,0.5285714268684387,0.4399999976158142
9,1,12,0.6739364862442017,0.6898258924484253,0.6798282265663147,0.6898258924484253,0.5428571701049805,0.47999998927116394
9,1,13,0.672152042388916,0.689087450504303,0.6782094836235046,0.689087450504303,0.5428571701049805,0.47999998927116394
9,1,14,0.6703625321388245,0.6882458329200745,0.6764853596687317,0.6882458329200745,0.5571428537368774,0.47999998927116394
9,1,15,0.6685643196105957,0.6873130798339844,0.6746572256088257,0.6873130798339844,0.5642856955528259,0.5199999809265137
9,1,16,0.6667566299438477,0.6863119602203369,0.6727426648139954,0.6863119602203369,0.5785714387893677,0.5199999809265137
9,1,17,0.6649401783943176,0.6852680444717407,0.6707661151885986,0.6852680444717407,0.5785714387893677,0.5199999809265137
9,1,18,0.6631154417991638,0.6842037439346313,0.6687516570091248,0.6842037439346313,0.5928571224212646,0.5600000023841858
9,1,19,0.6612827181816101,0.6831357479095459,0.6667186617851257,0.6831357479095459,0.5928571224212646,0.6000000238418579
9,1,20,0.6594406962394714,0.6820735931396484,0.6646802425384521,0.6820735931396484,0.6071428656578064,0.6399999856948853
9,1,21,0.6575874090194702,0.6810204386711121,0.6626424789428711,0.6810204386711121,0.6071428656578064,0.6399999856948853
9,1,22,0.6557203531265259,0.6799744963645935,0.6606065034866333,0.6799744963645935,0.6285714507102966,0.6800000071525574
9,1,23,0.6538362503051758,0.6789305806159973,0.6585685610771179,0.6789305806159973,0.6357142925262451,0.6800000071525574
9,1,24,0.6519315242767334,0.6778814792633057,0.6565226316452026,0.6778814792633057,0.6714285612106323,0.7200000286102295
9,1,25,0.6500027775764465,0.6768192052841187,0.6544616222381592,0.6768192052841187,0.6785714030265808,0.7200000286102295
9,1,26,0.6480463147163391,0.6757364869117737,0.652378261089325,0.6757364869117737,0.6785714030265808,0.7200000286102295
9,1,27,0.6460586786270142,0.6746262311935425,0.650265634059906,0.6746262311935425,0.6857143044471741,0.7200000286102295
9,1,28,0.6440361142158508,0.6734827160835266,0.6481178998947144,0.6734827160835266,0.6928571462631226,0.7200000286102295
9,1,29,0.6419752240180969,0.6723009347915649,0.6459299921989441,0.6723009347915649,0.6928571462631226,0.7200000286102295
9,1,30,0.6398724317550659,0.6710765361785889,0.6436977386474609,0.6710765361785889,0.6928571462631226,0.7200000286102295
9,1,31,0.6377242207527161,0.6698052883148193,0.6414175033569336,0.6698052883148193,0.6857143044471741,0.7200000286102295
9,1,32,0.6355268955230713,0.6684831976890564,0.6390857696533203,0.6684831976890564,0.6857143044471741,0.7599999904632568
9,1,33,0.6332768201828003,0.6671060919761658,0.6366990804672241,0.6671060919761658,0.6857143044471741,0.7599999904632568
9,1,34,0.6309700012207031,0.6656690835952759,0.6342539191246033,0.6656690835952759,0.6857143044471741,0.7599999904632568
9,1,35,0.6286028027534485,0.6641676425933838,0.6317465305328369,0.6641676425933838,0.6857143044471741,0.7599999904632568
9,1,36,0.6261714100837708,0.6625962853431702,0.629172682762146,0.6625962853431702,0.6857143044471741,0.7599999904632568
9,1,37,0.6236719489097595,0.6609498858451843,0.6265283226966858,0.6609498858451843,0.6857143044471741,0.7599999904632568
9,1,38,0.6211007237434387,0.659223198890686,0.6238091588020325,0.659223198890686,0.6857143044471741,0.7599999904632568
9,1,39,0.6184545159339905,0.6574116349220276,0.6210111379623413,0.6574116349220276,0.6857143044471741,0.7599999904632568
9,1,40,0.6157301664352417,0.6555111408233643,0.6181303858757019,0.6555111408233643,0.699999988079071,0.7599999904632568
9,1,41,0.6129254102706909,0.6535194516181946,0.6151641011238098,0.6535194516181946,0.699999988079071,0.7599999904632568
9,1,42,0.6100383400917053,0.651435136795044,0.6121096014976501,0.651435136795044,0.699999988079071,0.7599999904632568
9,1,43,0.6070680618286133,0.6492597460746765,0.6089656352996826,0.6492597460746765,0.7071428298950195,0.7599999904632568
9,1,44,0.6040148138999939,0.6469968557357788,0.6057321429252625,0.6469968557357788,0.699999988079071,0.7599999904632568
9,1,45,0.6008799076080322,0.6446540951728821,0.6024102568626404,0.6446540951728821,0.6928571462631226,0.7599999904632568
9,1,46,0.5976656079292297,0.6422426104545593,0.5990027189254761,0.6422426104545593,0.6928571462631226,0.7599999904632568
9,1,47,0.5943759083747864,0.6397781372070312,0.5955138206481934,0.6397781372070312,0.6857143044471741,0.7599999904632568
9,1,48,0.5910153388977051,0.637281060218811,0.5919491648674011,0.637281060218811,0.6928571462631226,0.7200000286102295
9,1,49,0.5875892043113708,0.6347763538360596,0.5883157849311829,0.6347763538360596,0.7071428298950195,0.7200000286102295
9,1,50,0.5841028690338135,0.6322929263114929,0.5846211314201355,0.6322929263114929,0.7142857313156128,0.7200000286102295
9,1,51,0.580560564994812,0.6298620104789734,0.5808723568916321,0.6298620104789734,0.7142857313156128,0.7200000286102295
9,1,52,0.5769648551940918,0.6275153160095215,0.5770754218101501,0.6275153160095215,0.7214285731315613,0.7599999904632568
9,1,53,0.5733153223991394,0.6252829432487488,0.573233425617218,0.6252829432487488,0.7285714149475098,0.7599999904632568
9,1,54,0.5696080923080444,0.6231904029846191,0.5693459510803223,0.6231904029846191,0.7285714149475098,0.7599999904632568
9,1,55,0.5658352971076965,0.6212571859359741,0.565407931804657,0.6212571859359741,0.7214285731315613,0.7200000286102295
9,1,56,0.561985433101654,0.6194955706596375,0.5614097714424133,0.6194955706596375,0.7214285731315613,0.7200000286102295
9,1,57,0.5580442547798157,0.6179114580154419,0.5573381781578064,0.6179114580154419,0.7428571581840515,0.6800000071525574
9,1,58,0.5539962649345398,0.6165059804916382,0.5531768798828125,0.6165059804916382,0.75,0.6399999856948853
9,1,59,0.5498259663581848,0.6152780652046204,0.5489096641540527,0.6152780652046204,0.7428571581840515,0.6399999856948853
9,1,60,0.5455195307731628,0.6142276525497437,0.5445208549499512,0.6142276525497437,0.7357142567634583,0.6399999856948853
9,1,61,0.541065514087677,0.6133588552474976,0.5399972796440125,0.6133588552474976,0.7428571581840515,0.6000000238418579
9,1,62,0.5364553332328796,0.6126825213432312,0.5353288054466248,0.6126825213432312,0.7428571581840515,0.6399999856948853
9,1,63,0.5316832065582275,0.6122176647186279,0.5305086374282837,0.6122176647186279,0.75,0.6399999856948853
9,1,64,0.5267462134361267,0.6119927167892456,0.5255337953567505,0.6119927167892456,0.7571428418159485,0.6000000238418579
9,1,65,0.5216439366340637,0.6120455861091614,0.5204042196273804,0.6120455861091614,0.75,0.6000000238418579
9,1,66,0.5163785815238953,0.6124225854873657,0.5151236057281494,0.6124225854873657,0.75,0.6000000238418579
9,1,67,0.5109553337097168,0.6131770610809326,0.5096988677978516,0.6131770610809326,0.75,0.6000000238418579
9,1,68,0.5053828954696655,0.6143660545349121,0.5041409134864807,0.6143660545349121,0.75,0.6000000238418579
9,1,69,0.49967437982559204,0.6160476207733154,0.4984646439552307,0.6160476207733154,0.7571428418159485,0.6000000238418579
9,1,70,0.4938473701477051,0.6182746291160583,0.4926891326904297,0.6182746291160583,0.7571428418159485,0.6000000238418579
9,1,71,0.48792412877082825,0.621088981628418,0.48683711886405945,0.621088981628418,0.7642857432365417,0.6000000238418579
9,1,72,0.48193076252937317,0.6245156526565552,0.48093360662460327,0.6245156526565552,0.7642857432365417,0.6000000238418579
9,1,73,0.4758951961994171,0.6285569667816162,0.4750044643878937,0.6285569667816162,0.7785714268684387,0.6000000238418579
9,1,74,0.4698449671268463,0.6331912279129028,0.46907371282577515,0.6331912279129028,0.7857142686843872,0.6000000238418579
9,1,75,0.4638044536113739,0.6383756995201111,0.4631612002849579,0.6383756995201111,0.7857142686843872,0.6000000238418579
9,1,76,0.45779305696487427,0.6440541744232178,0.45728158950805664,0.6440541744232178,0.7857142686843872,0.5600000023841858
9,1,77,0.45182380080223083,0.6501678228378296,0.4514439105987549,0.6501678228378296,0.7928571701049805,0.5600000023841858
9,1,78,0.445903480052948,0.6566652655601501,0.44565168023109436,0.6566652655601501,0.7928571701049805,0.5600000023841858
9,1,79,0.4400327801704407,0.6635098457336426,0.4399045407772064,0.6635098457336426,0.7928571701049805,0.6000000238418579
9,1,80,0.43420711159706116,0.6706804037094116,0.43419840931892395,0.6706804037094116,0.7928571701049805,0.6000000238418579
9,1,81,0.42841723561286926,0.6781699657440186,0.4285261332988739,0.6781699657440186,0.8071428537368774,0.6000000238418579
9,1,82,0.4226502776145935,0.6859794855117798,0.422877699136734,0.6859794855117798,0.8071428537368774,0.6000000238418579
9,1,83,0.4168904721736908,0.694113552570343,0.4172402620315552,0.694113552570343,0.8142856955528259,0.5600000023841858
9,1,84,0.4111199975013733,0.7025766968727112,0.4115986227989197,0.7025766968727112,0.8142856955528259,0.5600000023841858
9,1,85,0.40532001852989197,0.7113725543022156,0.40593576431274414,0.7113725543022156,0.8142856955528259,0.5600000023841858
9,1,86,0.3994711637496948,0.7205044627189636,0.40023306012153625,0.7205044627189636,0.8142856955528259,0.5600000023841858
9,1,87,0.39355430006980896,0.729978084564209,0.3944716453552246,0.729978084564209,0.8142856955528259,0.5600000023841858
9,1,88,0.38755059242248535,0.7398038506507874,0.38863232731819153,0.7398038506507874,0.8142856955528259,0.5600000023841858
9,1,89,0.381441593170166,0.7499977946281433,0.3826964199542999,0.7499977946281433,0.8142856955528259,0.5600000023841858
10,1,1,0.7014194130897522,0.7044246792793274,0.7027279138565063,0.7044246792793274,0.4642857015132904,0.36000001430511475
10,1,2,0.6970650553703308,0.6998909711837769,0.6968571543693542,0.6998909711837769,0.5,0.47999998927116394
10,1,3,0.6945640444755554,0.6959492564201355,0.6920474171638489,0.6959492564201355,0.5285714268684387,0.5199999809265137
10,1,4,0.6923695802688599,0.6926425099372864,0.6878709197044373,0.6926425099372864,0.5357142686843872,0.5600000023841858
10,1,5,0.6902729868888855,0.6898729205131531,0.6842955946922302,0.6898729205131531,0.6071428656578064,0.5600000023841858
10,1,6,0.6881776452064514,0.6875180006027222,0.6812208294868469,0.6875180006027222,0.6071428656578064,0.6000000238418579
10,1,7,0.6860467791557312,0.6854650974273682,0.6785330176353455,0.6854650974273682,0.6214285492897034,0.6000000238418579
10,1,8,0.6838800311088562,0.6836184859275818,0.6761263012886047,0.6836184859275818,0.6142857074737549,0.6000000238418579
10,1,9,0.6816933751106262,0.6819003820419312,0.6739087700843811,0.6819003820419312,0.6214285492897034,0.5600000023841858
10,1,10,0.6795058846473694,0.6802507042884827,0.6718053817749023,0.6802507042884827,0.6214285492897034,0.6000000238418579
10,1,11,0.6773317456245422,0.6786253452301025,0.6697580218315125,0.6786253452301025,0.6214285492897034,0.6399999856948853
10,1,12,0.6751787662506104,0.6769956946372986,0.6677259206771851,0.6769956946372986,0.6357142925262451,0.6399999856948853
10,1,13,0.6730483174324036,0.675345778465271,0.6656834483146667,0.675345778465271,0.6499999761581421,0.6399999856948853
10,1,14,0.6709372401237488,0.6736700534820557,0.6636177897453308,0.6736700534820557,0.6499999761581421,0.6399999856948853
10,1,15,0.6688398122787476,0.6719684600830078,0.661524772644043,0.6719684600830078,0.6571428775787354,0.6399999856948853
10,1,16,0.6667487025260925,0.6702441573143005,0.6594058275222778,0.6702441573143005,0.6714285612106323,0.6000000238418579
10,1,17,0.6646559834480286,0.6685004234313965,0.6572641134262085,0.6685004234313965,0.6857143044471741,0.6000000238418579
10,1,18,0.6625540852546692,0.6667396426200867,0.6551027894020081,0.6667396426200867,0.6785714030265808,0.6399999856948853
10,1,19,0.660435676574707,0.6649619936943054,0.6529233455657959,0.6649619936943054,0.6785714030265808,0.6399999856948853
10,1,20,0.6582939028739929,0.6631656885147095,0.6507249474525452,0.6631656885147095,0.6785714030265808,0.6399999856948853
10,1,21,0.6561228036880493,0.661346971988678,0.6485044956207275,0.661346971988678,0.6785714030265808,0.6399999856948853
10,1,22,0.6539164781570435,0.6595009565353394,0.6462570428848267,0.6595009565353394,0.6785714030265808,0.6399999856948853
10,1,23,0.6516692638397217,0.6576216220855713,0.6439759135246277,0.6576216220855713,0.6714285612106323,0.6000000238418579
10,1,24,0.6493752002716064,0.6557027697563171,0.6416536569595337,0.6557027697563171,0.6785714030265808,0.6000000238418579
10,1,25,0.6470280289649963,0.6537376642227173,0.6392818093299866,0.6537376642227173,0.6785714030265808,0.6000000238418579
10,1,26,0.6446208953857422,0.651719868183136,0.63685142993927,0.651719868183136,0.6785714030265808,0.6000000238418579
10,1,27,0.6421461701393127,0.6496431827545166,0.634353518486023,0.6496431827545166,0.6785714030265808,0.6000000238418579
10,1,28,0.6395952701568604,0.6475011706352234,0.6317781805992126,0.6475011706352234,0.6857143044471741,0.6000000238418579
10,1,29,0.6369582414627075,0.6452876329421997,0.6291149258613586,0.6452876329421997,0.699999988079071,0.6000000238418579
10,1,30,0.6342247128486633,0.6429963707923889,0.6263526678085327,0.6429963707923889,0.699999988079071,0.5600000023841858
10,1,31,0.6313823461532593,0.6406214237213135,0.6234792470932007,0.6406214237213135,0.699999988079071,0.5600000023841858
10,1,32,0.6284178495407104,0.6381569504737854,0.6204806566238403,0.6381569504737854,0.7071428298950195,0.5600000023841858
10,1,33,0.6253165006637573,0.6355972290039062,0.6173417568206787,0.6355972290039062,0.7071428298950195,0.5600000023841858
10,1,34,0.6220617294311523,0.6329376697540283,0.6140451431274414,0.6329376697540283,0.7071428298950195,0.6000000238418579
10,1,35,0.6186354756355286,0.6301748752593994,0.6105713844299316,0.6301748752593994,0.7142857313156128,0.6399999856948853
10,1,36,0.6150178909301758,0.627307653427124,0.6068989634513855,0.627307653427124,0.7142857313156128,0.6399999856948853
10,1,37,0.6111873984336853,0.6243381500244141,0.603003978729248,0.6243381500244141,0.7071428298950195,0.6399999856948853
10,1,38,0.6071207523345947,0.6212738156318665,0.598860502243042,0.6212738156318665,0.7071428298950195,0.6000000238418579
10,1,39,0.6027934551239014,0.618129551410675,0.5944408178329468,0.618129551410675,0.7071428298950195,0.6000000238418579
10,1,40,0.5981810092926025,0.6149306297302246,0.5897165536880493,0.6149306297302246,0.7071428298950195,0.6399999856948853
10,1,41,0.5932595133781433,0.611717164516449,0.5846600532531738,0.611717164516449,0.7071428298950195,0.6399999856948853
10,1,42,0.5880089998245239,0.6085488796234131,0.5792468786239624,0.6085488796234131,0.7214285731315613,0.6800000071525574
10,1,43,0.5824153423309326,0.6055108904838562,0.5734596252441406,0.6055108904838562,0.7214285731315613,0.6800000071525574
10,1,44,0.5764757394790649,0.6027193069458008,0.5672934055328369,0.6027193069458008,0.7214285731315613,0.6800000071525574
10,1,45,0.5702034831047058,0.6003249883651733,0.5607625842094421,0.6003249883651733,0.7142857313156128,0.6800000071525574
10,1,46,0.5636332631111145,0.5985108017921448,0.5539083480834961,0.5985108017921448,0.7285714149475098,0.6800000071525574
10,1,47,0.5568252205848694,0.5974778532981873,0.5468052625656128,0.5974778532981873,0.7285714149475098,0.6800000071525574
10,1,48,0.5498644113540649,0.5974156856536865,0.5395610332489014,0.5974156856536865,0.7357142567634583,0.6800000071525574
10,1,49,0.5428535342216492,0.5984556674957275,0.5323087573051453,0.5984556674957275,0.7428571581840515,0.6800000071525574
10,1,50,0.5359004139900208,0.6006230711936951,0.5251868367195129,0.6006230711936951,0.7357142567634583,0.7200000286102295
10,1,51,0.5291032195091248,0.6038169264793396,0.5183140635490417,0.6038169264793396,0.7285714149475098,0.7599999904632568
10,1,52,0.5225398540496826,0.6078393459320068,0.5117736458778381,0.6078393459320068,0.7142857313156128,0.7599999904632568
10,1,53,0.5162644386291504,0.6124623417854309,0.5056118369102478,0.6124623417854309,0.7071428298950195,0.7599999904632568
10,1,54,0.5103099346160889,0.6174856424331665,0.4998490512371063,0.6174856424331665,0.7357142567634583,0.7599999904632568
10,1,55,0.5046931505203247,0.6227478981018066,0.49448755383491516,0.6227478981018066,0.7357142567634583,0.7599999904632568
10,1,56,0.49942082166671753,0.6281047463417053,0.489510715007782,0.6281047463417053,0.7571428418159485,0.7599999904632568
10,1,57,0.4944898188114166,0.6334006786346436,0.48488345742225647,0.6334006786346436,0.7785714268684387,0.7599999904632568
10,1,58,0.4898838698863983,0.638456404209137,0.48055872321128845,0.638456404209137,0.7857142686843872,0.7599999904632568
10,1,59,0.48557189106941223,0.6430789828300476,0.47648510336875916,0.6430789828300476,0.7928571701049805,0.7599999904632568
10,1,60,0.4815100431442261,0.6470909118652344,0.4726104140281677,0.6470909118652344,0.800000011920929,0.7599999904632568
10,1,61,0.4776458740234375,0.6503671407699585,0.46888259053230286,0.6503671407699585,0.800000011920929,0.7599999904632568
10,1,62,0.4739243686199188,0.6528614163398743,0.46525508165359497,0.6528614163398743,0.800000011920929,0.7599999904632568
10,1,63,0.4702950119972229,0.6546089053153992,0.46169111132621765,0.6546089053153992,0.800000011920929,0.7599999904632568
10,1,64,0.46671754121780396,0.655703604221344,0.4581643342971802,0.655703604221344,0.8142856955528259,0.7599999904632568
10,1,65,0.4631623327732086,0.6562674045562744,0.4546560049057007,0.6562674045562744,0.8142856955528259,0.7599999904632568
10,1,66,0.45960840582847595,0.6564199924468994,0.4511529505252838,0.6564199924468994,0.8142856955528259,0.7599999904632568
10,1,67,0.4560394287109375,0.6562591791152954,0.44764453172683716,0.6562591791152954,0.8142856955528259,0.7599999904632568
10,1,68,0.45244213938713074,0.6558537483215332,0.44411972165107727,0.6558537483215332,0.8142856955528259,0.7599999904632568
10,1,69,0.4488043785095215,0.655246913433075,0.4405665397644043,0.655246913433075,0.8071428537368774,0.7599999904632568
10,1,70,0.44511404633522034,0.6544639468193054,0.4369722306728363,0.6544639468193054,0.8071428537368774,0.7599999904632568
10,1,71,0.44135984778404236,0.6535223126411438,0.43332338333129883,0.6535223126411438,0.8071428537368774,0.7599999904632568
10,1,72,0.43753111362457275,0.6524378061294556,0.42960673570632935,0.6524378061294556,0.8142856955528259,0.7599999904632568
10,1,73,0.43361786007881165,0.6512298583984375,0.425809770822525,0.6512298583984375,0.8142856955528259,0.7599999904632568
11,2,1,0.7010780572891235,0.709887683391571,0.7189092040061951,0.709887683391571,0.4100719392299652,0.4399999976158142
11,2,2,0.6953462362289429,0.701567530632019,0.708412766456604,0.701567530632019,0.41726619005203247,0.4399999976158142
11,2,3,0.6919109225273132,0.6952968835830688,0.6994579434394836,0.6952968835830688,0.4532374143600464,0.6000000238418579
11,2,4,0.6894388198852539,0.690970242023468,0.6925677061080933,0.690970242023468,0.5035971403121948,0.5600000023841858
11,2,5,0.6874271035194397,0.6881369948387146,0.6874307990074158,0.6881369948387146,0.568345308303833,0.6000000238418579
11,2,6,0.6855347156524658,0.6863626837730408,0.683614194393158,0.6863626837730408,0.5755395889282227,0.5600000023841858
11,2,7,0.6835962533950806,0.6853002309799194,0.6807298064231873,0.6853002309799194,0.5827338099479675,0.6000000238418579
11,2,8,0.6815727353096008,0.6846853494644165,0.6784666776657104,0.6846853494644165,0.6115108132362366,0.6000000238418579
11,2,9,0.6794866919517517,0.6843169927597046,0.6765824556350708,0.6843169927597046,0.6115108132362366,0.6000000238418579
11,2,10,0.6773752570152283,0.6840453147888184,0.674889862537384,0.6840453147888184,0.633093535900116,0.6000000238418579
11,2,11,0.6752668023109436,0.6837670207023621,0.6732509136199951,0.6837670207023621,0.6474820375442505,0.5600000023841858
11,2,12,0.6731753945350647,0.683421790599823,0.6715741157531738,0.683421790599823,0.6546762585639954,0.5600000023841858
11,2,13,0.6711048483848572,0.6829861998558044,0.6698101162910461,0.6829861998558044,0.6690647602081299,0.5600000023841858
11,2,14,0.6690531969070435,0.6824643611907959,0.6679448485374451,0.6824643611907959,0.6690647602081299,0.5600000023841858
11,2,15,0.6670158505439758,0.681876003742218,0.6659879088401794,0.681876003742218,0.6834532618522644,0.5600000023841858
11,2,16,0.664986789226532,0.681246817111969,0.6639614701271057,0.681246817111969,0.6906474828720093,0.6000000238418579
11,2,17,0.6629599928855896,0.6806008815765381,0.661890983581543,0.6806008815765381,0.6906474828720093,0.6000000238418579
11,2,18,0.6609289646148682,0.6799569129943848,0.6597980260848999,0.6799569129943848,0.6978417038917542,0.6399999856948853
11,2,19,0.6588876247406006,0.6793262362480164,0.6576975584030151,0.6793262362480164,0.6906474828720093,0.6800000071525574
11,2,20,0.6568302512168884,0.6787137389183044,0.6555968523025513,0.6787137389183044,0.6906474828720093,0.6800000071525574
11,2,21,0.6547519564628601,0.6781195998191833,0.6534963846206665,0.6781195998191833,0.7050359845161438,0.6800000071525574
11,2,22,0.6526482701301575,0.6775404214859009,0.651391863822937,0.6775404214859009,0.7122302055358887,0.6800000071525574
11,2,23,0.650515615940094,0.6769720315933228,0.6492757201194763,0.6769720315933228,0.7050359845161438,0.6800000071525574
11,2,24,0.648350179195404,0.6764097809791565,0.6471391320228577,0.6764097809791565,0.7122302055358887,0.6000000238418579
11,2,25,0.646148681640625,0.6758498549461365,0.6449734568595886,0.6758498549461365,0.7122302055358887,0.6000000238418579
11,2,26,0.6439073085784912,0.6752901673316956,0.6427705883979797,0.6752901673316956,0.7122302055358887,0.6000000238418579
11,2,27,0.6416219472885132,0.6747295260429382,0.6405237913131714,0.6747295260429382,0.7122302055358887,0.6000000238418579
11,2,28,0.6392884850502014,0.6741684675216675,0.6382272839546204,0.6741684675216675,0.6978417038917542,0.6000000238418579
11,2,29,0.6369022130966187,0.6736080050468445,0.6358761191368103,0.6736080050468445,0.6978417038917542,0.6000000238418579
11,2,30,0.6344584822654724,0.6730504631996155,0.6334658861160278,0.6730504631996155,0.6978417038917542,0.6000000238418579
11,2,31,0.6319518685340881,0.672498345375061,0.6309922933578491,0.672498345375061,0.6906474828720093,0.5600000023841858
11,2,32,0.6293771266937256,0.671954333782196,0.6284509301185608,0.671954333782196,0.6906474828720093,0.5600000023841858
11,2,33,0.6267290711402893,0.6714221239089966,0.6258367896080017,0.6714221239089966,0.6906474828720093,0.5600000023841858
11,2,34,0.6240023374557495,0.6709058284759521,0.6231445670127869,0.6709058284759521,0.6978417038917542,0.5600000023841858
11,2,35,0.6211917996406555,0.6704100966453552,0.620369017124176,0.6704100966453552,0.6978417038917542,0.5600000023841858
11,2,36,0.6182923913002014,0.6699408888816833,0.6175044775009155,0.6699408888816833,0.7122302055358887,0.5600000023841858
11,2,37,0.6152999401092529,0.6695054769515991,0.6145454049110413,0.6695054769515991,0.7122302055358887,0.5600000023841858
11,2,38,0.6122103929519653,0.6691128611564636,0.6114873290061951,0.6691128611564636,0.7122302055358887,0.5600000023841858
11,2,39,0.6090210676193237,0.668773889541626,0.6083259582519531,0.668773889541626,0.7122302055358887,0.5600000023841858
11,2,40,0.6057301759719849,0.6685012578964233,0.6050586104393005,0.6685012578964233,0.7266187071800232,0.5600000023841858
11,2,41,0.6023375988006592,0.6683101654052734,0.6016842722892761,0.6683101654052734,0.7194244861602783,0.5600000023841858
11,2,42,0.5988451838493347,0.6682177782058716,0.5982034802436829,0.6682177782058716,0.7122302055358887,0.5600000023841858
11,2,43,0.5952569842338562,0.6682434678077698,0.59461909532547,0.6682434678077698,0.7122302055358887,0.5600000023841858
11,2,44,0.5915794372558594,0.6684082746505737,0.5909363627433777,0.6684082746505737,0.7194244861602783,0.5199999809265137
11,2,45,0.5878217816352844,0.6687344312667847,0.5871630311012268,0.6687344312667847,0.7122302055358887,0.5199999809265137
11,2,46,0.5839950442314148,0.6692441701889038,0.5833092331886292,0.6692441701889038,0.7194244861602783,0.5199999809265137
11,2,47,0.5801115036010742,0.6699586510658264,0.5793867707252502,0.6699586510658264,0.7194244861602783,0.5199999809265137
11,2,48,0.5761831402778625,0.6708962917327881,0.5754073858261108,0.6708962917327881,0.7194244861602783,0.5199999809265137
11,2,49,0.5722197890281677,0.6720702648162842,0.5713817477226257,0.6720702648162842,0.7122302055358887,0.5199999809265137
11,2,50,0.5682263970375061,0.6734870672225952,0.5673165321350098,0.6734870672225952,0.7122302055358887,0.5199999809265137
11,2,51,0.5642014145851135,0.6751450896263123,0.5632124543190002,0.6751450896263123,0.7122302055358887,0.5199999809265137
11,2,52,0.5601353049278259,0.6770343780517578,0.5590628385543823,0.6770343780517578,0.7122302055358887,0.5199999809265137
11,2,53,0.5560114979743958,0.6791378259658813,0.5548534393310547,0.6791378259658813,0.7194244861602783,0.5199999809265137
11,2,54,0.5518079996109009,0.6814340353012085,0.5505646467208862,0.6814340353012085,0.7194244861602783,0.5199999809265137
11,2,55,0.547501266002655,0.683901309967041,0.5461744666099548,0.683901309967041,0.7194244861602783,0.5600000023841858
11,2,56,0.5430696606636047,0.6865227222442627,0.5416616797447205,0.6865227222442627,0.7194244861602783,0.5600000023841858
11,2,57,0.5384960770606995,0.6892902255058289,0.5370095372200012,0.6892902255058289,0.7194244861602783,0.5600000023841858
11,2,58,0.5337685942649841,0.6922082304954529,0.5322058200836182,0.6922082304954529,0.7194244861602783,0.5600000023841858
11,2,59,0.5288796424865723,0.6952953934669495,0.5272430181503296,0.6952953934669495,0.7194244861602783,0.5600000023841858
11,2,60,0.5238245129585266,0.6985846161842346,0.522116482257843,0.6985846161842346,0.7338129281997681,0.6000000238418579
11,2,61,0.5185986161231995,0.7021225094795227,0.5168221592903137,0.7021225094795227,0.7338129281997681,0.6000000238418579
11,2,62,0.5131961703300476,0.7059674263000488,0.5113551020622253,0.7059674263000488,0.7338129281997681,0.6000000238418579
11,2,63,0.5076091289520264,0.7101873159408569,0.505708634853363,0.7101873159408569,0.7338129281997681,0.6399999856948853
11,2,64,0.5018271207809448,0.7148582935333252,0.499873548746109,0.7148582935333252,0.7482014298439026,0.6399999856948853
11,2,65,0.49583694338798523,0.7200639247894287,0.49383875727653503,0.7200639247894287,0.7482014298439026,0.6399999856948853
11,2,66,0.4896238148212433,0.7258952856063843,0.4875914752483368,0.7258952856063843,0.7482014298439026,0.6399999856948853
11,2,67,0.48317158222198486,0.7324535250663757,0.4811175763607025,0.7324535250663757,0.7625899314880371,0.6399999856948853
12,2,1,0.7030773758888245,0.7032073736190796,0.7083922028541565,0.7032073736190796,0.42446044087409973,0.47999998927116394
12,2,2,0.6976069808006287,0.6997054815292358,0.7020459771156311,0.6997054815292358,0.43884891271591187,0.4000000059604645
12,2,3,0.6948105692863464,0.6966923475265503,0.6953613758087158,0.6966923475265503,0.4892086386680603,0.4399999976158142
12,2,4,0.6926647424697876,0.6944113373756409,0.689550518989563,0.6944113373756409,0.568345308303833,0.4000000059604645
12,2,5,0.6908149719238281,0.6927541494369507,0.6847125291824341,0.6927541494369507,0.6043165326118469,0.4399999976158142
12,2,6,0.6890187859535217,0.6915574669837952,0.6806998252868652,0.6915574669837952,0.6043165326118469,0.4399999976158142
12,2,7,0.6871348023414612,0.6906816959381104,0.6773218512535095,0.6906816959381104,0.6115108132362366,0.4399999976158142
12,2,8,0.685110330581665,0.6900250911712646,0.6744080185890198,0.6900250911712646,0.6187050342559814,0.47999998927116394
12,2,9,0.6829529404640198,0.6895184516906738,0.6718219518661499,0.6895184516906738,0.633093535900116,0.5199999809265137
12,2,10,0.6806997656822205,0.6891130805015564,0.6694589257240295,0.6891130805015564,0.633093535900116,0.5199999809265137
12,2,11,0.6783946752548218,0.6887738704681396,0.6672397255897522,0.6887738704681396,0.6546762585639954,0.5600000023841858
12,2,12,0.6760756373405457,0.6884751319885254,0.6651042699813843,0.6884751319885254,0.6618704795837402,0.5600000023841858
12,2,13,0.6737692952156067,0.6881980299949646,0.6630097031593323,0.6881980299949646,0.6690647602081299,0.6000000238418579
12,2,14,0.6714910864830017,0.6879302859306335,0.6609269976615906,0.6879302859306335,0.6690647602081299,0.6000000238418579
12,2,15,0.6692472696304321,0.6876654028892517,0.6588388085365295,0.6876654028892517,0.6762589812278748,0.6399999856948853
12,2,16,0.6670376658439636,0.6874005198478699,0.6567372679710388,0.6874005198478699,0.6762589812278748,0.6399999856948853
12,2,17,0.6648582220077515,0.6871359944343567,0.6546199917793274,0.6871359944343567,0.6762589812278748,0.6399999856948853
12,2,18,0.6627024412155151,0.6868736743927002,0.6524890065193176,0.6868736743927002,0.6690647602081299,0.6399999856948853
12,2,19,0.6605631113052368,0.686615526676178,0.6503472924232483,0.686615526676178,0.6618704795837402,0.6399999856948853
12,2,20,0.6584330201148987,0.6863635182380676,0.6481984257698059,0.6863635182380676,0.6690647602081299,0.6399999856948853
12,2,21,0.6563056111335754,0.686119019985199,0.6460444331169128,0.686119019985199,0.6690647602081299,0.6399999856948853
12,2,22,0.6541746258735657,0.6858822703361511,0.6438862681388855,0.6858822703361511,0.6762589812278748,0.6399999856948853
12,2,23,0.6520349979400635,0.6856533885002136,0.6417233943939209,0.6856533885002136,0.6762589812278748,0.6399999856948853
12,2,24,0.6498823761940002,0.6854315400123596,0.639553964138031,0.6854315400123596,0.6978417038917542,0.6000000238418579
12,2,25,0.6477129459381104,0.6852152943611145,0.6373750567436218,0.6852152943611145,0.7050359845161438,0.6000000238418579
12,2,26,0.645523190498352,0.6850035190582275,0.6351829171180725,0.6850035190582275,0.7122302055358887,0.6000000238418579
12,2,27,0.6433097720146179,0.6847946047782898,0.6329736113548279,0.6847946047782898,0.7122302055358887,0.6000000238418579
12,2,28,0.6410695910453796,0.684586763381958,0.6307421922683716,0.684586763381958,0.7050359845161438,0.6000000238418579
12,2,29,0.6387991309165955,0.6843787431716919,0.628484308719635,0.6843787431716919,0.7122302055358887,0.6000000238418579
12,2,30,0.6364946365356445,0.6841690540313721,0.6261951923370361,0.6841690540313721,0.7122302055358887,0.6000000238418579
12,2,31,0.6341522932052612,0.683956503868103,0.623869776725769,0.683956503868103,0.7122302055358887,0.6000000238418579
12,2,32,0.631767749786377,0.6837400197982788,0.6215031743049622,0.6837400197982788,0.7194244861602783,0.6000000238418579
12,2,33,0.6293360590934753,0.6835185289382935,0.61909019947052,0.6835185289382935,0.7266187071800232,0.6000000238418579
12,2,34,0.6268523931503296,0.6832913160324097,0.6166256666183472,0.6832913160324097,0.7410072088241577,0.6000000238418579
12,2,35,0.6243111491203308,0.683057963848114,0.6141038537025452,0.683057963848114,0.7338129281997681,0.6000000238418579
12,2,36,0.6217063069343567,0.6828177571296692,0.6115187406539917,0.6828177571296692,0.7338129281997681,0.6000000238418579
12,2,37,0.6190317273139954,0.6825709342956543,0.6088639497756958,0.6825709342956543,0.7338129281997681,0.6000000238418579
12,2,38,0.6162805557250977,0.6823179125785828,0.6061325669288635,0.6823179125785828,0.7338129281997681,0.6000000238418579
12,2,39,0.6134456992149353,0.6820593476295471,0.6033172011375427,0.6820593476295471,0.7338129281997681,0.6000000238418579
12,2,40,0.6105197668075562,0.6817969679832458,0.6004100441932678,0.6817969679832458,0.7194244861602783,0.6000000238418579
12,2,41,0.6074945330619812,0.6815330386161804,0.5974022746086121,0.6815330386161804,0.7194244861602783,0.5600000023841858
12,2,42,0.6043617725372314,0.6812713742256165,0.5942850708961487,0.6812713742256165,0.7266187071800232,0.6000000238418579
12,2,43,0.6011127233505249,0.6810173988342285,0.5910488963127136,0.6810173988342285,0.7266187071800232,0.6000000238418579
12,2,44,0.5977382063865662,0.680778443813324,0.5876835584640503,0.680778443813324,0.7266187071800232,0.6000000238418579
12,2,45,0.594228982925415,0.6805645227432251,0.584178626537323,0.6805645227432251,0.7266187071800232,0.6000000238418579
12,2,46,0.5905758142471313,0.680389404296875,0.5805236101150513,0.680389404296875,0.7266187071800232,0.6000000238418579
12,2,47,0.586769163608551,0.6802714467048645,0.576707661151886,0.6802714467048645,0.7194244861602783,0.6000000238418579
12,2,48,0.5828005075454712,0.6802352666854858,0.5727207660675049,0.6802352666854858,0.7194244861602783,0.5600000023841858
12,2,49,0.5786619186401367,0.6803131699562073,0.5685529112815857,0.6803131699562073,0.7338129281997681,0.5600000023841858
12,2,50,0.5743467807769775,0.6805480718612671,0.5641961097717285,0.6805480718612671,0.7410072088241577,0.6000000238418579
12,2,51,0.569850504398346,0.6809958815574646,0.5596441030502319,0.6809958815574646,0.7482014298439026,0.5600000023841858
12,2,52,0.5651713013648987,0.6817290782928467,0.5548940896987915,0.6817290782928467,0.7410072088241577,0.5600000023841858
12,2,53,0.560310959815979,0.6828411817550659,0.5499478578567505,0.6828411817550659,0.7553957104682922,0.5600000023841858
12,2,54,0.5552758574485779,0.6844505071640015,0.5448127388954163,0.6844505071640015,0.7553957104682922,0.5600000023841858
12,2,55,0.5500778555870056,0.6867039203643799,0.5395044088363647,0.6867039203643799,0.7553957104682922,0.5600000023841858
12,2,56,0.5447350740432739,0.6897782683372498,0.5340468883514404,0.6897782683372498,0.7553957104682922,0.5199999809265137
12,2,57,0.539271891117096,0.6938781142234802,0.5284743905067444,0.6938781142234802,0.7482014298439026,0.5199999809265137
12,2,58,0.533718466758728,0.6992250084877014,0.5228296518325806,0.6992250084877014,0.7482014298439026,0.47999998927116394
12,2,59,0.5281077027320862,0.7060377597808838,0.5171611309051514,0.7060377597808838,0.7553957104682922,0.47999998927116394
12,2,60,0.5224714875221252,0.7144990563392639,0.5115165710449219,0.7144990563392639,0.7625899314880371,0.47999998927116394
12,2,61,0.5168335437774658,0.7247160077095032,0.5059334635734558,0.7247160077095032,0.7625899314880371,0.47999998927116394
12,2,62,0.5112028121948242,0.7366845011711121,0.5004296898841858,0.7366845011711121,0.7625899314880371,0.47999998927116394
12,2,63,0.5055692195892334,0.750276505947113,0.4949975907802582,0.750276505947113,0.769784152507782,0.47999998927116394
12,2,64,0.4999048113822937,0.7652669548988342,0.4896053671836853,0.7652669548988342,0.7482014298439026,0.47999998927116394
12,2,65,0.49417269229888916,0.7813973426818848,0.4842072129249573,0.7813973426818848,0.7482014298439026,0.47999998927116394
12,2,66,0.48833832144737244,0.7984556555747986,0.4787568151950836,0.7984556555747986,0.7553957104682922,0.47999998927116394
12,2,67,0.482379287481308,0.8163350820541382,0.47321873903274536,0.8163350820541382,0.7625899314880371,0.47999998927116394
12,2,68,0.47628772258758545,0.8350511193275452,0.46757352352142334,0.8350511193275452,0.7625899314880371,0.47999998927116394
12,2,69,0.4700683057308197,0.8547152876853943,0.46181613206863403,0.8547152876853943,0.7625899314880371,0.4399999976158142
12,2,70,0.46373265981674194,0.8754808306694031,0.45595207810401917,0.8754808306694031,0.7769784331321716,0.4399999976158142
12,2,71,0.4572957456111908,0.8974800109863281,0.44999271631240845,0.8974800109863281,0.7625899314880371,0.4399999976158142
12,2,72,0.4507734179496765,0.9207699298858643,0.4439517557621002,0.9207699298858643,0.769784152507782,0.4399999976158142
12,2,73,0.44418129324913025,0.945298969745636,0.4378422796726227,0.945298969745636,0.7841726541519165,0.47999998927116394
13,2,1,0.691987931728363,0.6833422183990479,0.6903749108314514,0.6833422183990479,0.5539568066596985,0.6399999856948853
13,2,2,0.6879957914352417,0.6835700273513794,0.6901049017906189,0.6835700273513794,0.5467625856399536,0.6399999856948853
13,2,3,0.6851471066474915,0.6827704906463623,0.6893261671066284,0.6827704906463623,0.5323740839958191,0.5600000023841858
13,2,4,0.6824037432670593,0.6811771392822266,0.6873549818992615,0.6811771392822266,0.568345308303833,0.6000000238418579
13,2,5,0.67966628074646,0.6791731119155884,0.6845372915267944,0.6791731119155884,0.5827338099479675,0.6399999856948853
13,2,6,0.6769505143165588,0.677086353302002,0.681325376033783,0.677086353302002,0.5827338099479675,0.6800000071525574
13,2,7,0.6742805242538452,0.6751153469085693,0.678084135055542,0.6751153469085693,0.5899280309677124,0.7200000286102295
13,2,8,0.6716588139533997,0.6733319759368896,0.6750237345695496,0.6733319759368896,0.5899280309677124,0.7200000286102295
13,2,9,0.6690725088119507,0.6717185378074646,0.6722074747085571,0.6717185378074646,0.6043165326118469,0.6800000071525574
13,2,10,0.6665036082267761,0.6702121496200562,0.6695943474769592,0.6702121496200562,0.6115108132362366,0.6800000071525574
13,2,11,0.6639335751533508,0.6687415242195129,0.6670917272567749,0.6687415242195129,0.597122311592102,0.6800000071525574
13,2,12,0.6613442301750183,0.6672502756118774,0.6645997762680054,0.6672502756118774,0.597122311592102,0.6800000071525574
13,2,13,0.6587188243865967,0.6657082438468933,0.662042498588562,0.6657082438468933,0.6043165326118469,0.6399999856948853
13,2,14,0.6560429930686951,0.6641087532043457,0.6593801379203796,0.6641087532043457,0.597122311592102,0.6399999856948853
13,2,15,0.6533052325248718,0.6624600887298584,0.6566057205200195,0.6624600887298584,0.597122311592102,0.6399999856948853
13,2,16,0.6504959464073181,0.660773754119873,0.6537312865257263,0.660773754119873,0.597122311592102,0.6399999856948853
13,2,17,0.6476059556007385,0.6590562462806702,0.6507720351219177,0.6590562462806702,0.6043165326118469,0.6399999856948853
13,2,18,0.644625186920166,0.657305121421814,0.6477349400520325,0.657305121421814,0.6115108132362366,0.6399999856948853
13,2,19,0.6415427923202515,0.6555101871490479,0.644614040851593,0.6555101871490479,0.6187050342559814,0.6399999856948853
13,2,20,0.6383472681045532,0.6536571979522705,0.6413925886154175,0.6536571979522705,0.6402877569198608,0.6399999856948853
13,2,21,0.6350275874137878,0.6517312526702881,0.6380490064620972,0.6517312526702881,0.6474820375442505,0.6399999856948853
13,2,22,0.631574273109436,0.6497200727462769,0.6345632672309875,0.6497200727462769,0.6402877569198608,0.6399999856948853
13,2,23,0.627980649471283,0.6476140022277832,0.6309223175048828,0.6476140022277832,0.6402877569198608,0.6399999856948853
13,2,24,0.624243974685669,0.6454062461853027,0.6271220445632935,0.6454062461853027,0.6402877569198608,0.6800000071525574
13,2,25,0.6203672289848328,0.6430914402008057,0.6231669187545776,0.6430914402008057,0.6474820375442505,0.6800000071525574
13,2,26,0.6163599491119385,0.6406654119491577,0.619068443775177,0.6406654119491577,0.6402877569198608,0.7200000286102295
13,2,27,0.612240731716156,0.6381268501281738,0.6148452162742615,0.6381268501281738,0.6402877569198608,0.7200000286102295
13,2,28,0.6080378890037537,0.6354791522026062,0.6105237603187561,0.6354791522026062,0.6402877569198608,0.7200000286102295
13,2,29,0.6037907004356384,0.632732629776001,0.6061417460441589,0.632732629776001,0.6474820375442505,0.7200000286102295
13,2,30,0.5995482802391052,0.6299063563346863,0.6017495393753052,0.6299063563346863,0.6474820375442505,0.7200000286102295
13,2,31,0.5953648090362549,0.6270256638526917,0.5974081754684448,0.6270256638526917,0.6618704795837402,0.7200000286102295
13,2,32,0.5912904143333435,0.6241191625595093,0.5931798815727234,0.6241191625595093,0.6762589812278748,0.7200000286102295
13,2,33,0.587358295917511,0.621213436126709,0.5891134142875671,0.621213436126709,0.6834532618522644,0.7200000286102295
13,2,34,0.5835712552070618,0.618327260017395,0.5852273106575012,0.618327260017395,0.6834532618522644,0.7200000286102295
13,2,35,0.5798953175544739,0.6154687404632568,0.5815002918243408,0.6154687404632568,0.6762589812278748,0.7200000286102295
13,2,36,0.5762664675712585,0.6126355528831482,0.5778751373291016,0.6126355528831482,0.6690647602081299,0.7200000286102295
13,2,37,0.5726100206375122,0.609821081161499,0.5742769241333008,0.609821081161499,0.6690647602081299,0.7200000286102295
13,2,38,0.5688660144805908,0.6070206761360168,0.5706376433372498,0.6070206761360168,0.6618704795837402,0.7200000286102295
13,2,39,0.5650060772895813,0.6042354702949524,0.5669160485267639,0.6042354702949524,0.6618704795837402,0.7200000286102295
13,2,40,0.5610365271568298,0.6014721393585205,0.5631041526794434,0.6014721393585205,0.6690647602081299,0.7200000286102295
13,2,41,0.5569876432418823,0.5987398028373718,0.5592203140258789,0.5987398028373718,0.6690647602081299,0.7200000286102295
13,2,42,0.5528980493545532,0.5960471630096436,0.5552952885627747,0.5960471630096436,0.6762589812278748,0.7200000286102295
13,2,43,0.5488028526306152,0.5934019088745117,0.5513593554496765,0.5934019088745117,0.6762589812278748,0.7200000286102295
13,2,44,0.5447271466255188,0.5908104181289673,0.5474350452423096,0.5908104181289673,0.6834532618522644,0.7200000286102295
13,2,45,0.5406846404075623,0.5882787108421326,0.5435357093811035,0.5882787108421326,0.6978417038917542,0.7200000286102295
13,2,46,0.5366795659065247,0.5858124494552612,0.5396652817726135,0.5858124494552612,0.7122302055358887,0.7200000286102295
13,2,47,0.5327088236808777,0.5834177136421204,0.535821259021759,0.5834177136421204,0.7194244861602783,0.7200000286102295
13,2,48,0.5287644863128662,0.5811009407043457,0.531995952129364,0.5811009407043457,0.7338129281997681,0.7200000286102295
13,2,49,0.5248358249664307,0.5788683295249939,0.5281780958175659,0.5788683295249939,0.7338129281997681,0.7200000286102295
13,2,50,0.5209111571311951,0.5767258405685425,0.5243558287620544,0.5767258405685425,0.7338129281997681,0.6800000071525574
13,2,51,0.5169788599014282,0.5746786594390869,0.520517110824585,0.5746786594390869,0.7338129281997681,0.6800000071525574
13,2,52,0.513028621673584,0.5727312564849854,0.5166511535644531,0.5727312564849854,0.7338129281997681,0.6800000071525574
13,2,53,0.5090513825416565,0.5708877444267273,0.5127488970756531,0.5708877444267273,0.7338129281997681,0.6800000071525574
13,2,54,0.5050392150878906,0.5691510438919067,0.5088028907775879,0.5691510438919067,0.7338129281997681,0.6800000071525574
13,2,55,0.5009856224060059,0.5675239562988281,0.5048069953918457,0.5675239562988281,0.7338129281997681,0.6800000071525574
13,2,56,0.496884286403656,0.5660091042518616,0.5007559657096863,0.5660091042518616,0.7338129281997681,0.6800000071525574
13,2,57,0.4927290678024292,0.5646092891693115,0.49664443731307983,0.5646092891693115,0.7338129281997681,0.6800000071525574
13,2,58,0.488513320684433,0.5633280277252197,0.49246686697006226,0.5633280277252197,0.7410072088241577,0.6800000071525574
13,2,59,0.4842298626899719,0.56216961145401,0.48821714520454407,0.56216961145401,0.7410072088241577,0.6800000071525574
13,2,60,0.47987130284309387,0.561139702796936,0.4838884174823761,0.561139702796936,0.7410072088241577,0.6800000071525574
13,2,61,0.47542938590049744,0.5602455735206604,0.4794732928276062,0.5602455735206604,0.7482014298439026,0.6800000071525574
13,2,62,0.47089600563049316,0.5594961643218994,0.4749637842178345,0.5594961643218994,0.7482014298439026,0.6800000071525574
13,2,63,0.46626248955726624,0.5589025616645813,0.47035178542137146,0.5589025616645813,0.7482014298439026,0.6800000071525574
13,2,64,0.4615202844142914,0.558478057384491,0.46562880277633667,0.558478057384491,0.7482014298439026,0.6800000071525574
13,2,65,0.45666128396987915,0.5582383871078491,0.4607867896556854,0.5582383871078491,0.7553957104682922,0.6800000071525574
13,2,66,0.4516772925853729,0.5582022070884705,0.455817312002182,0.5582022070884705,0.7553957104682922,0.6800000071525574
13,2,67,0.44656088948249817,0.5583904385566711,0.4507126212120056,0.5583904385566711,0.7553957104682922,0.6800000071525574
13,2,68,0.44130513072013855,0.5588273406028748,0.4454653859138489,0.5588273406028748,0.7553957104682922,0.6800000071525574
13,2,69,0.43590375781059265,0.5595395565032959,0.4400688707828522,0.5595395565032959,0.7482014298439026,0.7200000286102295
13,2,70,0.4303520917892456,0.5605563521385193,0.4345173239707947,0.5605563521385193,0.7482014298439026,0.7200000286102295
13,2,71,0.4246463477611542,0.5619091987609863,0.42880645394325256,0.5619091987609863,0.7482014298439026,0.7200000286102295
13,2,72,0.4187849462032318,0.5636304616928101,0.42293357849121094,0.5636304616928101,0.7482014298439026,0.7200000286102295
13,2,73,0.4127683937549591,0.5657535195350647,0.41689836978912354,0.5657535195350647,0.7553957104682922,0.7200000286102295
13,2,74,0.40659940242767334,0.5683114528656006,0.4107031524181366,0.5683114528656006,0.7553957104682922,0.7200000286102295
13,2,75,0.40028342604637146,0.5713356137275696,0.4043530225753784,0.5713356137275696,0.769784152507782,0.7200000286102295
13,2,76,0.3938281536102295,0.5748552680015564,0.39785587787628174,0.5748552680015564,0.7769784331321716,0.7200000286102295
13,2,77,0.38724350929260254,0.578896164894104,0.3912222981452942,0.578896164894104,0.7841726541519165,0.7200000286102295
13,2,78,0.3805404305458069,0.5834802389144897,0.38446441292762756,0.5834802389144897,0.7841726541519165,0.7200000286102295
13,2,79,0.3737299144268036,0.588625431060791,0.3775949776172638,0.588625431060791,0.7913669347763062,0.7200000286102295
13,2,80,0.36682167649269104,0.5943453311920166,0.37062543630599976,0.5943453311920166,0.7913669347763062,0.7200000286102295
13,2,81,0.3598220944404602,0.6006497740745544,0.36356431245803833,0.6006497740745544,0.8057553768157959,0.7200000286102295
13,2,82,0.35273277759552,0.6075456142425537,0.35641494393348694,0.6075456142425537,0.8201438784599304,0.7200000286102295
13,2,83,0.34554916620254517,0.615039050579071,0.3491741716861725,0.615039050579071,0.8345323801040649,0.6800000071525574
13,2,84,0.3382599949836731,0.623141884803772,0.3418310582637787,0.623141884803772,0.8417266011238098,0.6800000071525574
13,2,85,0.33084815740585327,0.6318812370300293,0.33436718583106995,0.6318812370300293,0.8489208817481995,0.6800000071525574
13,2,86,0.32329264283180237,0.6413148641586304,0.3267578184604645,0.6413148641586304,0.8489208817481995,0.6800000071525574
13,2,87,0.3155718445777893,0.6515457034111023,0.3189755082130432,0.6515457034111023,0.8561151027679443,0.6800000071525574
13,2,88,0.30766531825065613,0.6627287268638611,0.310994416475296,0.6627287268638611,0.8705036044120789,0.6800000071525574
13,2,89,0.2995537221431732,0.6750660538673401,0.3027929961681366,0.6750660538673401,0.8705036044120789,0.6800000071525574
13,2,90,0.2912153899669647,0.6888046264648438,0.2943519949913025,0.6888046264648438,0.8776978254318237,0.6800000071525574
13,2,91,0.28262361884117126,0.7042443752288818,0.2856481075286865,0.7042443752288818,0.8848921060562134,0.6399999856948853
14,2,1,0.694374144077301,0.6917377710342407,0.7174631357192993,0.6917377710342407,0.4642857015132904,0.47999998927116394
14,2,2,0.6858604550361633,0.6829019784927368,0.7020819783210754,0.6829019784927368,0.4571428596973419,0.5600000023841858
14,2,3,0.6810685992240906,0.6764753460884094,0.6884557604789734,0.6764753460884094,0.5357142686843872,0.5600000023841858
14,2,4,0.6784437894821167,0.6721125245094299,0.6784194707870483,0.6721125245094299,0.6142857074737549,0.6399999856948853
14,2,5,0.6769253611564636,0.6691330075263977,0.6712979674339294,0.6691330075263977,0.6071428656578064,0.6399999856948853
14,2,6,0.6756717562675476,0.6669793725013733,0.6662083864212036,0.6669793725013733,0.6285714507102966,0.6399999856948853
14,2,7,0.6742109060287476,0.6652880907058716,0.6624342799186707,0.6652880907058716,0.6499999761581421,0.6399999856948853
14,2,8,0.6723842620849609,0.6638508439064026,0.6594828367233276,0.6638508439064026,0.6428571343421936,0.6800000071525574
14,2,9,0.6702218055725098,0.6625546813011169,0.6570352911949158,0.6625546813011169,0.6499999761581421,0.6800000071525574
14,2,10,0.6678298115730286,0.661334216594696,0.654881477355957,0.661334216594696,0.6642857193946838,0.6800000071525574
14,2,11,0.6653182506561279,0.660146176815033,0.6528743505477905,0.660146176815033,0.6642857193946838,0.6399999856948853
14,2,12,0.662769615650177,0.6589587330818176,0.6509081721305847,0.6589587330818176,0.6714285612106323,0.6399999856948853
14,2,13,0.6602322459220886,0.6577505469322205,0.6489089131355286,0.6577505469322205,0.6785714030265808,0.6000000238418579
14,2,14,0.6577277779579163,0.6565096378326416,0.6468324065208435,0.6565096378326416,0.6714285612106323,0.6000000238418579
14,2,15,0.655259370803833,0.6552320718765259,0.6446592807769775,0.6552320718765259,0.6642857193946838,0.6000000238418579
14,2,16,0.6528197526931763,0.6539195775985718,0.6423893570899963,0.6539195775985718,0.6714285612106323,0.6000000238418579
14,2,17,0.6503961682319641,0.6525766253471375,0.6400340795516968,0.6525766253471375,0.6642857193946838,0.6399999856948853
14,2,18,0.6479735970497131,0.651207447052002,0.6376097202301025,0.651207447052002,0.6714285612106323,0.6399999856948853
14,2,19,0.6455370187759399,0.6498152017593384,0.6351316571235657,0.6498152017593384,0.6714285612106323,0.6800000071525574
14,2,20,0.6430721282958984,0.6484007835388184,0.6326117515563965,0.6484007835388184,0.6642857193946838,0.6800000071525574
14,2,21,0.6405665278434753,0.6469638347625732,0.6300563216209412,0.6469638347625732,0.6642857193946838,0.6800000071525574
14,2,22,0.6380097270011902,0.6455013751983643,0.6274663209915161,0.6455013751983643,0.6714285612106323,0.7599999904632568
14,2,23,0.6353937387466431,0.6440107226371765,0.6248385310173035,0.6440107226371765,0.6785714030265808,0.7599999904632568
14,2,24,0.6327119469642639,0.6424877643585205,0.6221662163734436,0.6424877643585205,0.6785714030265808,0.7599999904632568
14,2,25,0.6299592852592468,0.6409291625022888,0.619440495967865,0.6409291625022888,0.6714285612106323,0.7599999904632568
14,2,26,0.6271310448646545,0.639331042766571,0.6166518330574036,0.639331042766571,0.6714285612106323,0.7599999904632568
14,2,27,0.6242232918739319,0.6376906037330627,0.6137905120849609,0.6376906037330627,0.6714285612106323,0.7599999904632568
14,2,28,0.6212316751480103,0.6360052824020386,0.6108474731445312,0.6360052824020386,0.6642857193946838,0.7599999904632568
14,2,29,0.6181523203849792,0.6342735886573792,0.6078146696090698,0.6342735886573792,0.6714285612106323,0.7599999904632568
14,2,30,0.6149807572364807,0.6324946880340576,0.6046856641769409,0.6324946880340576,0.6785714030265808,0.7599999904632568
14,2,31,0.6117134690284729,0.6306692361831665,0.6014552116394043,0.6306692361831665,0.6857143044471741,0.7599999904632568
14,2,32,0.6083472371101379,0.6287991404533386,0.5981199145317078,0.6287991404533386,0.6857143044471741,0.7599999904632568
14,2,33,0.6048802733421326,0.6268883943557739,0.5946779251098633,0.6268883943557739,0.6857143044471741,0.7599999904632568
14,2,34,0.601312518119812,0.6249436140060425,0.5911296010017395,0.6249436140060425,0.6785714030265808,0.7599999904632568
14,2,35,0.5976470708847046,0.6229747533798218,0.5874780416488647,0.6229747533798218,0.6785714030265808,0.7599999904632568
14,2,36,0.5938901901245117,0.6209958791732788,0.5837294459342957,0.6209958791732788,0.6714285612106323,0.7599999904632568
14,2,37,0.590052604675293,0.6190263628959656,0.5798943638801575,0.6190263628959656,0.6642857193946838,0.7599999904632568
14,2,38,0.5861504077911377,0.6170912384986877,0.5759889483451843,0.6170912384986877,0.6571428775787354,0.7599999904632568
14,2,39,0.5822051167488098,0.6152216196060181,0.5720352530479431,0.6152216196060181,0.6714285612106323,0.7599999904632568
14,2,40,0.5782440304756165,0.6134542226791382,0.5680626034736633,0.6134542226791382,0.6785714030265808,0.7599999904632568
14,2,41,0.5742996335029602,0.6118294596672058,0.5641066431999207,0.6118294596672058,0.6714285612106323,0.7599999904632568
14,2,42,0.5704073309898376,0.6103885173797607,0.560208261013031,0.6103885173797607,0.6642857193946838,0.7599999904632568
14,2,43,0.5666025876998901,0.6091678738594055,0.5564101934432983,0.6091678738594055,0.6642857193946838,0.7599999904632568
14,2,44,0.5629167556762695,0.6081945300102234,0.5527524948120117,0.6081945300102234,0.6928571462631226,0.7599999904632568
14,2,45,0.5593723058700562,0.6074804067611694,0.5492660403251648,0.6074804067611694,0.6928571462631226,0.7200000286102295
14,2,46,0.5559797286987305,0.6070200204849243,0.5459679365158081,0.6070200204849243,0.699999988079071,0.7200000286102295
14,2,47,0.5527358651161194,0.6067915558815002,0.5428572297096252,0.6067915558815002,0.7071428298950195,0.7200000286102295
14,2,48,0.549625813961029,0.6067621111869812,0.5399162769317627,0.6067621111869812,0.7071428298950195,0.7200000286102295
14,2,49,0.546627402305603,0.6068941354751587,0.5371150970458984,0.6068941354751587,0.7071428298950195,0.7200000286102295
14,2,50,0.5437152981758118,0.6071527600288391,0.5344180464744568,0.6071527600288391,0.7071428298950195,0.7200000286102295
14,2,51,0.5408647060394287,0.6075097918510437,0.5317904353141785,0.6075097918510437,0.7071428298950195,0.7200000286102295
14,2,52,0.5380539894104004,0.6079453229904175,0.5292025804519653,0.6079453229904175,0.7214285731315613,0.7200000286102295
14,2,53,0.5352641344070435,0.6084478497505188,0.526630699634552,0.6084478497505188,0.7142857313156128,0.7200000286102295
14,2,54,0.5324787497520447,0.6090129017829895,0.5240558981895447,0.6090129017829895,0.7071428298950195,0.7200000286102295
14,2,55,0.5296839475631714,0.6096412539482117,0.5214632153511047,0.6096412539482117,0.7071428298950195,0.7200000286102295
14,2,56,0.5268676280975342,0.6103376746177673,0.5188403725624084,0.6103376746177673,0.7142857313156128,0.7200000286102295
14,2,57,0.5240188837051392,0.6111096739768982,0.5161773562431335,0.6111096739768982,0.7214285731315613,0.7200000286102295
14,2,58,0.5211279392242432,0.6119673252105713,0.5134657025337219,0.6119673252105713,0.7285714149475098,0.7200000286102295
14,2,59,0.518185555934906,0.6129226088523865,0.5106982588768005,0.6129226088523865,0.7357142567634583,0.7200000286102295
14,2,60,0.51518315076828,0.6139895915985107,0.5078681707382202,0.6139895915985107,0.75,0.7200000286102295
14,2,61,0.5121122002601624,0.6151848435401917,0.5049688220024109,0.6151848435401917,0.75,0.7200000286102295
14,2,62,0.508963942527771,0.6165274977684021,0.5019928216934204,0.6165274977684021,0.75,0.7200000286102295
14,2,63,0.5057293772697449,0.6180402636528015,0.4989326596260071,0.6180402636528015,0.75,0.7200000286102295
14,2,64,0.5023984909057617,0.6197500824928284,0.495779812335968,0.6197500824928284,0.75,0.7200000286102295
14,2,65,0.49896082282066345,0.6216886043548584,0.4925254285335541,0.6216886043548584,0.7571428418159485,0.7200000286102295
14,2,66,0.49540475010871887,0.623893678188324,0.48915910720825195,0.623893678188324,0.7642857432365417,0.7200000286102295
14,2,67,0.49171724915504456,0.6264100670814514,0.4856698215007782,0.6264100670814514,0.7642857432365417,0.7200000286102295
14,2,68,0.487883985042572,0.629290759563446,0.4820449948310852,0.629290759563446,0.7642857432365417,0.6800000071525574
14,2,69,0.4838888943195343,0.6325984001159668,0.4782707691192627,0.6325984001159668,0.7714285850524902,0.6800000071525574
14,2,70,0.47971391677856445,0.6364074349403381,0.47433143854141235,0.6364074349403381,0.7785714268684387,0.6800000071525574
14,2,71,0.4753383696079254,0.6408061385154724,0.4702094495296478,0.6408061385154724,0.7785714268684387,0.6800000071525574
14,2,72,0.4707389771938324,0.6458999514579773,0.4658846855163574,0.6458999514579773,0.7928571701049805,0.6800000071525574
14,2,73,0.4658890962600708,0.6518153548240662,0.46133410930633545,0.6518153548240662,0.7928571701049805,0.6800000071525574
15,2,1,0.6938031911849976,0.729714572429657,0.7038485407829285,0.729714572429657,0.4642857015132904,0.3199999928474426
15,2,2,0.6892403960227966,0.7221527099609375,0.6951789259910583,0.7221527099609375,0.5,0.36000001430511475
15,2,3,0.6868321299552917,0.71677565574646,0.6875539422035217,0.71677565574646,0.5357142686843872,0.5199999809265137
15,2,4,0.6850922107696533,0.7131055593490601,0.6819809675216675,0.7131055593490601,0.5785714387893677,0.5199999809265137
15,2,5,0.6834245920181274,0.7105734944343567,0.6780232191085815,0.7105734944343567,0.6285714507102966,0.5199999809265137
15,2,6,0.681560218334198,0.7087640166282654,0.6751745939254761,0.7087640166282654,0.6285714507102966,0.5199999809265137
15,2,7,0.6794826984405518,0.7073891162872314,0.6730304956436157,0.7073891162872314,0.6499999761581421,0.47999998927116394
15,2,8,0.6772863268852234,0.7062296271324158,0.671281635761261,0.7062296271324158,0.6428571343421936,0.5199999809265137
15,2,9,0.6750695705413818,0.7051122784614563,0.6696882247924805,0.7051122784614563,0.6571428775787354,0.5199999809265137
15,2,10,0.6728915572166443,0.7039172649383545,0.6680766344070435,0.7039172649383545,0.6499999761581421,0.5199999809265137
15,2,11,0.6707729697227478,0.7025863528251648,0.6663458347320557,0.7025863528251648,0.6285714507102966,0.5199999809265137
15,2,12,0.6687114238739014,0.7011171579360962,0.6644636392593384,0.7011171579360962,0.6357142925262451,0.5199999809265137
15,2,13,0.6666938662528992,0.6995427012443542,0.66245037317276,0.6995427012443542,0.6571428775787354,0.5199999809265137
15,2,14,0.6647041440010071,0.6979076862335205,0.6603525280952454,0.6979076862335205,0.6499999761581421,0.5199999809265137
15,2,15,0.6627246737480164,0.6962512731552124,0.6582196950912476,0.6962512731552124,0.6428571343421936,0.5199999809265137
15,2,16,0.6607399582862854,0.6945981383323669,0.6560888886451721,0.6945981383323669,0.6499999761581421,0.5199999809265137
15,2,17,0.6587376594543457,0.6929561495780945,0.6539795398712158,0.6929561495780945,0.6642857193946838,0.5199999809265137
15,2,18,0.6567094326019287,0.6913201808929443,0.6518933773040771,0.6913201808929443,0.6714285612106323,0.5600000023841858
15,2,19,0.6546506285667419,0.6896770000457764,0.6498199701309204,0.6896770000457764,0.6857143044471741,0.5199999809265137
15,2,20,0.6525583863258362,0.6880100965499878,0.6477421522140503,0.6880100965499878,0.699999988079071,0.5600000023841858
15,2,21,0.6504307389259338,0.6863040924072266,0.6456413865089417,0.6863040924072266,0.7071428298950195,0.5600000023841858
15,2,22,0.6482647657394409,0.6845468878746033,0.6435015797615051,0.6845468878746033,0.7142857313156128,0.6000000238418579
15,2,23,0.6460561156272888,0.6827309131622314,0.6413103938102722,0.6827309131622314,0.7214285731315613,0.6399999856948853
15,2,24,0.6437990069389343,0.6808521151542664,0.6390597820281982,0.6808521151542664,0.7142857313156128,0.6399999856948853
15,2,25,0.6414861679077148,0.6789087057113647,0.6367442011833191,0.6789087057113647,0.7142857313156128,0.6399999856948853
15,2,26,0.6391093730926514,0.6768994927406311,0.6343590617179871,0.6768994927406311,0.7142857313156128,0.6399999856948853
15,2,27,0.6366593837738037,0.6748232841491699,0.6318991780281067,0.6748232841491699,0.7214285731315613,0.6399999856948853
15,2,28,0.634126603603363,0.6726780533790588,0.6293572783470154,0.6726780533790588,0.7214285731315613,0.6399999856948853
15,2,29,0.6315008997917175,0.6704608201980591,0.6267234683036804,0.6704608201980591,0.7142857313156128,0.6399999856948853
15,2,30,0.6287714242935181,0.668169379234314,0.6239855289459229,0.668169379234314,0.7142857313156128,0.6399999856948853
15,2,31,0.6259264349937439,0.665803074836731,0.6211291551589966,0.665803074836731,0.7142857313156128,0.6399999856948853
15,2,32,0.6229531168937683,0.6633641719818115,0.6181383728981018,0.6633641719818115,0.7071428298950195,0.6000000238418579
15,2,33,0.6198374032974243,0.6608597636222839,0.6149962544441223,0.6608597636222839,0.7142857313156128,0.6000000238418579
15,2,34,0.6165637969970703,0.6583037376403809,0.6116845011711121,0.6583037376403809,0.7142857313156128,0.6000000238418579
15,2,35,0.6131154894828796,0.6557186245918274,0.6081842184066772,0.6557186245918274,0.7214285731315613,0.6000000238418579
15,2,36,0.609474778175354,0.6531388759613037,0.6044749021530151,0.6531388759613037,0.7214285731315613,0.6000000238418579
15,2,37,0.605623722076416,0.6506146192550659,0.6005353927612305,0.6506146192550659,0.7214285731315613,0.6000000238418579
15,2,38,0.6015450358390808,0.6482171416282654,0.596343994140625,0.6482171416282654,0.7214285731315613,0.6000000238418579
15,2,39,0.5972243547439575,0.6460448503494263,0.5918805003166199,0.6460448503494263,0.7428571581840515,0.6000000238418579
15,2,40,0.5926523208618164,0.6442307829856873,0.5871288776397705,0.6442307829856873,0.7428571581840515,0.6000000238418579
15,2,41,0.5878292918205261,0.6429486870765686,0.5820815563201904,0.6429486870765686,0.7285714149475098,0.6000000238418579
15,2,42,0.5827702879905701,0.6424146890640259,0.5767459869384766,0.6424146890640259,0.7285714149475098,0.6000000238418579
15,2,43,0.5775124430656433,0.6428791284561157,0.57115238904953,0.6428791284561157,0.7285714149475098,0.6000000238418579
15,2,44,0.5721195936203003,0.644599437713623,0.5653605461120605,0.644599437713623,0.7285714149475098,0.6000000238418579
15,2,45,0.566681444644928,0.647786557674408,0.559461772441864,0.647786557674408,0.7214285731315613,0.6000000238418579
15,2,46,0.5612976551055908,0.6525231003761292,0.5535678267478943,0.6525231003761292,0.7142857313156128,0.6399999856948853
15,2,47,0.5560420155525208,0.6586813926696777,0.547780454158783,0.6586813926696777,0.7071428298950195,0.6000000238418579
15,2,48,0.5509240031242371,0.6658946871757507,0.5421527028083801,0.6658946871757507,0.7214285731315613,0.6000000238418579
15,2,49,0.5458819270133972,0.6736387014389038,0.5366731882095337,0.6736387014389038,0.7285714149475098,0.6000000238418579
15,2,50,0.5408332943916321,0.6813991665840149,0.5312977433204651,0.6813991665840149,0.7428571581840515,0.6000000238418579
15,2,51,0.5357430577278137,0.6888266801834106,0.5260012745857239,0.6888266801834106,0.7357142567634583,0.5600000023841858
15,2,52,0.5306422710418701,0.6957883238792419,0.5207957029342651,0.6957883238792419,0.7357142567634583,0.5600000023841858
15,2,53,0.5255900621414185,0.7023172974586487,0.5157061219215393,0.7023172974586487,0.7357142567634583,0.5600000023841858
15,2,54,0.5206289291381836,0.7085232734680176,0.5107417106628418,0.7085232734680176,0.7428571581840515,0.5600000023841858
15,2,55,0.5157687664031982,0.7145159244537354,0.5058887004852295,0.7145159244537354,0.7428571581840515,0.5600000023841858
15,2,56,0.5109937191009521,0.7203661203384399,0.5011201500892639,0.7203661203384399,0.7428571581840515,0.5600000023841858
15,2,57,0.5062753558158875,0.7260984182357788,0.49640610814094543,0.7260984182357788,0.7428571581840515,0.5600000023841858
15,2,58,0.5015806555747986,0.7317084670066833,0.49171939492225647,0.7317084670066833,0.7428571581840515,0.5600000023841858
15,2,59,0.4968763589859009,0.7371898889541626,0.48703569173812866,0.7371898889541626,0.7428571581840515,0.5600000023841858
15,2,60,0.49213147163391113,0.7425602674484253,0.482332706451416,0.7425602674484253,0.7428571581840515,0.5600000023841858
15,2,61,0.4873182475566864,0.7478755116462708,0.47758978605270386,0.7478755116462708,0.7571428418159485,0.5600000023841858
15,2,62,0.4824131429195404,0.7532300353050232,0.472787469625473,0.7532300353050232,0.7642857432365417,0.5199999809265137
15,2,63,0.4773964583873749,0.7587460279464722,0.46790722012519836,0.7587460279464722,0.7642857432365417,0.5199999809265137
15,2,64,0.47225043177604675,0.7645577788352966,0.4629307985305786,0.7645577788352966,0.7714285850524902,0.5199999809265137
15,2,65,0.46695786714553833,0.7707996368408203,0.4578399062156677,0.7707996368408203,0.7857142686843872,0.5199999809265137
15,2,66,0.46150076389312744,0.7775976657867432,0.4526154696941376,0.7775976657867432,0.7928571701049805,0.5199999809265137
15,2,67,0.45585930347442627,0.785068690776825,0.447237104177475,0.785068690776825,0.8142856955528259,0.5199999809265137
16,2,1,0.7052472233772278,0.6896555423736572,0.726361095905304,0.6896555423736572,0.4000000059604645,0.47999998927116394
16,2,2,0.6967529058456421,0.6851969361305237,0.7103000283241272,0.6851969361305237,0.4571428596973419,0.6000000238418579
16,2,3,0.6917017698287964,0.6830596327781677,0.7017195820808411,0.6830596327781677,0.47857141494750977,0.5600000023841858
16,2,4,0.6874719262123108,0.6821566224098206,0.6956119537353516,0.6821566224098206,0.5071428418159485,0.5600000023841858
16,2,5,0.6836279630661011,0.6820035576820374,0.6909071803092957,0.6820035576820374,0.550000011920929,0.5600000023841858
16,2,6,0.6800093054771423,0.6823052167892456,0.6870529651641846,0.6823052167892456,0.5642856955528259,0.6000000238418579
16,2,7,0.6765367984771729,0.6828528046607971,0.6836856603622437,0.6828528046607971,0.5571428537368774,0.6000000238418579
16,2,8,0.6731568574905396,0.6834940910339355,0.6805464029312134,0.6834940910339355,0.5714285969734192,0.5600000023841858
16,2,9,0.6698256134986877,0.6841275095939636,0.6774546504020691,0.6841275095939636,0.5928571224212646,0.5600000023841858
16,2,10,0.6665077209472656,0.6846976280212402,0.6742976903915405,0.6846976280212402,0.6071428656578064,0.5199999809265137
16,2,11,0.6631770730018616,0.6851891875267029,0.6710193753242493,0.6851891875267029,0.5857142806053162,0.47999998927116394
16,2,12,0.6598171591758728,0.6856162548065186,0.6676057577133179,0.6856162548065186,0.5857142806053162,0.5199999809265137
16,2,13,0.6564188599586487,0.6860098838806152,0.6640698313713074,0.6860098838806152,0.6285714507102966,0.5199999809265137
16,2,14,0.6529761552810669,0.6864079236984253,0.66043621301651,0.6864079236984253,0.6357142925262451,0.5199999809265137
16,2,15,0.6494839191436768,0.6868470907211304,0.6567298173904419,0.6868470907211304,0.6285714507102966,0.5199999809265137
16,2,16,0.6459354758262634,0.6873575448989868,0.6529680490493774,0.6873575448989868,0.6428571343421936,0.5199999809265137
16,2,17,0.6423218250274658,0.6879629492759705,0.649157702922821,0.6879629492759705,0.6499999761581421,0.47999998927116394
16,2,18,0.6386315226554871,0.6886808276176453,0.645294189453125,0.6886808276176453,0.6499999761581421,0.47999998927116394
16,2,19,0.6348508596420288,0.6895244121551514,0.6413636207580566,0.6895244121551514,0.6642857193946838,0.47999998927116394
16,2,20,0.6309642791748047,0.6905076503753662,0.6373451948165894,0.6905076503753662,0.6571428775787354,0.47999998927116394
16,2,21,0.6269550323486328,0.6916476488113403,0.6332144141197205,0.6916476488113403,0.6571428775787354,0.47999998927116394
16,2,22,0.6228055953979492,0.6929690837860107,0.6289453506469727,0.6929690837860107,0.6642857193946838,0.4399999976158142
16,2,23,0.6184983849525452,0.6945070624351501,0.6245133876800537,0.6945070624351501,0.6714285612106323,0.4399999976158142
16,2,24,0.6140161156654358,0.6963109374046326,0.6198955774307251,0.6963109374046326,0.6642857193946838,0.4399999976158142
16,2,25,0.609342634677887,0.6984468102455139,0.6150723099708557,0.6984468102455139,0.6571428775787354,0.4000000059604645
16,2,26,0.6044638156890869,0.7010002136230469,0.610027015209198,0.7010002136230469,0.6571428775787354,0.4399999976158142
16,2,27,0.5993689298629761,0.7040799856185913,0.60474693775177,0.7040799856185913,0.6785714030265808,0.4399999976158142
16,2,28,0.5940523743629456,0.7078213691711426,0.5992237329483032,0.7078213691711426,0.6857143044471741,0.4399999976158142
16,2,29,0.5885171890258789,0.7123892307281494,0.5934550762176514,0.7123892307281494,0.6928571462631226,0.4399999976158142
16,2,30,0.5827783942222595,0.7179809808731079,0.5874490737915039,0.7179809808731079,0.699999988079071,0.47999998927116394
17,2,1,0.6916766166687012,0.7310019731521606,0.6867207884788513,0.7310019731521606,0.5785714387893677,0.4000000059604645
17,2,2,0.6857947111129761,0.7356731295585632,0.6829835176467896,0.7356731295585632,0.5928571224212646,0.4000000059604645
17,2,3,0.6828186511993408,0.7412173748016357,0.6857224106788635,0.7412173748016357,0.5785714387893677,0.2800000011920929
17,2,4,0.6811054944992065,0.7466657757759094,0.6893060803413391,0.7466657757759094,0.5642856955528259,0.3199999928474426
17,2,5,0.6801926493644714,0.7514169216156006,0.692889392375946,0.7514169216156006,0.5142857432365417,0.3199999928474426
17,2,6,0.6796464323997498,0.7551177144050598,0.6959393620491028,0.7551177144050598,0.5357142686843872,0.36000001430511475
17,2,7,0.6791353225708008,0.7576347589492798,0.6981449127197266,0.7576347589492798,0.48571428656578064,0.4000000059604645
17,2,8,0.6784545183181763,0.7590091824531555,0.6993876695632935,0.7590091824531555,0.47857141494750977,0.4000000059604645
17,2,9,0.6775110363960266,0.7593972086906433,0.6996978521347046,0.7593972086906433,0.47857141494750977,0.4000000059604645
17,2,10,0.6762940287590027,0.7590121626853943,0.6992008090019226,0.7590121626853943,0.4714285731315613,0.4000000059604645
17,2,11,0.6748400330543518,0.7580776214599609,0.6980666518211365,0.7580776214599609,0.47857141494750977,0.4000000059604645
17,2,12,0.6732056736946106,0.7567968964576721,0.696471631526947,0.7567968964576721,0.4714285731315613,0.4000000059604645
17,2,13,0.671448826789856,0.7553361654281616,0.6945745348930359,0.7553361654281616,0.4714285731315613,0.36000001430511475
17,2,14,0.6696189045906067,0.7538204789161682,0.6925031542778015,0.7538204789161682,0.4714285731315613,0.36000001430511475
17,2,15,0.6677525639533997,0.7523359060287476,0.6903526782989502,0.7523359060287476,0.4714285731315613,0.36000001430511475
17,2,16,0.665874719619751,0.7509353756904602,0.688187301158905,0.7509353756904602,0.4928571283817291,0.36000001430511475
17,2,17,0.6639993786811829,0.7496458292007446,0.6860456466674805,0.7496458292007446,0.5,0.36000001430511475
17,2,18,0.6621327996253967,0.7484765648841858,0.6839467287063599,0.7484765648841858,0.5,0.36000001430511475
17,2,19,0.6602755784988403,0.7474237084388733,0.6818952560424805,0.7474237084388733,0.5142857432365417,0.36000001430511475
17,2,20,0.6584244966506958,0.7464767694473267,0.6798866987228394,0.7464767694473267,0.5214285850524902,0.36000001430511475
17,2,21,0.6565741300582886,0.7456210851669312,0.6779108047485352,0.7456210851669312,0.5214285850524902,0.36000001430511475
17,2,22,0.6547181010246277,0.7448417544364929,0.6759549379348755,0.7448417544364929,0.5214285850524902,0.36000001430511475
17,2,23,0.6528491973876953,0.7441242337226868,0.6740056276321411,0.7441242337226868,0.5285714268684387,0.36000001430511475
17,2,24,0.6509608626365662,0.7434560656547546,0.6720500588417053,0.7434560656547546,0.5285714268684387,0.36000001430511475
17,2,25,0.6490464210510254,0.7428270578384399,0.6700766086578369,0.7428270578384399,0.5285714268684387,0.4000000059604645
17,2,26,0.6470999717712402,0.742229700088501,0.6680755615234375,0.742229700088501,0.5357142686843872,0.4000000059604645
18,2,1,0.6914609670639038,0.6922290921211243,0.6763907670974731,0.6922290921211243,0.5785714387893677,0.6000000238418579
18,2,2,0.686514139175415,0.6945350170135498,0.6739674210548401,0.6945350170135498,0.5785714387893677,0.5600000023841858
18,2,3,0.6834335923194885,0.6970002055168152,0.6738808751106262,0.6970002055168152,0.6071428656578064,0.4399999976158142
18,2,4,0.6809242963790894,0.6992743611335754,0.6738551259040833,0.6992743611335754,0.5928571224212646,0.5199999809265137
18,2,5,0.6787881255149841,0.701205849647522,0.6736181378364563,0.701205849647522,0.6071428656578064,0.5199999809265137
18,2,6,0.6768885850906372,0.7027513980865479,0.6730624437332153,0.7027513980865479,0.6000000238418579,0.5199999809265137
18,2,7,0.6751322150230408,0.703940212726593,0.6721709966659546,0.703940212726593,0.6214285492897034,0.47999998927116394
18,2,8,0.6734611392021179,0.7048423290252686,0.6709839105606079,0.7048423290252686,0.6142857074737549,0.47999998927116394
18,2,9,0.6718425154685974,0.7055429220199585,0.6695708632469177,0.7055429220199585,0.6142857074737549,0.4399999976158142
18,2,10,0.6702585220336914,0.7061235904693604,0.6680085062980652,0.7061235904693604,0.6285714507102966,0.4399999976158142
18,2,11,0.6686995029449463,0.706652045249939,0.666365921497345,0.706652045249939,0.6357142925262451,0.4399999976158142
18,2,12,0.6671589612960815,0.7071777582168579,0.6646972894668579,0.7071777582168579,0.6428571343421936,0.47999998927116394
18,2,13,0.665632426738739,0.7077329754829407,0.6630398631095886,0.7077329754829407,0.6428571343421936,0.47999998927116394
18,2,14,0.6641167402267456,0.7083355784416199,0.6614158749580383,0.7083355784416199,0.6428571343421936,0.47999998927116394
18,2,15,0.6626096963882446,0.708992063999176,0.6598350405693054,0.708992063999176,0.6428571343421936,0.47999998927116394
18,2,16,0.6611099243164062,0.7097023725509644,0.6582990288734436,0.7097023725509644,0.6499999761581421,0.47999998927116394
18,2,17,0.6596164107322693,0.7104618549346924,0.6568033695220947,0.7104618549346924,0.6499999761581421,0.47999998927116394
18,2,18,0.6581286787986755,0.7112642526626587,0.655340850353241,0.7112642526626587,0.6499999761581421,0.47999998927116394
18,2,19,0.6566460728645325,0.7121031284332275,0.6539033651351929,0.7121031284332275,0.6499999761581421,0.47999998927116394
18,2,20,0.655167818069458,0.7129732370376587,0.6524827480316162,0.7129732370376587,0.6571428775787354,0.47999998927116394
18,2,21,0.653692901134491,0.7138704657554626,0.651072084903717,0.7138704657554626,0.6571428775787354,0.47999998927116394
18,2,22,0.6522200703620911,0.7147929668426514,0.6496659517288208,0.7147929668426514,0.6499999761581421,0.5199999809265137
18,2,23,0.650748074054718,0.7157399654388428,0.6482599377632141,0.7157399654388428,0.6499999761581421,0.5199999809265137
18,2,24,0.6492751836776733,0.7167123556137085,0.6468513011932373,0.7167123556137085,0.6571428775787354,0.5600000023841858
18,2,25,0.647800087928772,0.7177116870880127,0.6454380750656128,0.7177116870880127,0.6499999761581421,0.5600000023841858
18,2,26,0.6463209986686707,0.7187404632568359,0.6440191268920898,0.7187404632568359,0.6499999761581421,0.5600000023841858
19,2,1,0.7005196809768677,0.6834111213684082,0.6750321984291077,0.6834111213684082,0.5928571224212646,0.5600000023841858
19,2,2,0.6897570490837097,0.6913283467292786,0.6723989248275757,0.6913283467292786,0.6071428656578064,0.5600000023841858
19,2,3,0.6832241415977478,0.7004439830780029,0.6746513247489929,0.7004439830780029,0.5928571224212646,0.5600000023841858
19,2,4,0.6793234944343567,0.7092942595481873,0.6779466271400452,0.7092942595481873,0.6285714507102966,0.36000001430511475
19,2,5,0.6768477559089661,0.716776430606842,0.68074631690979,0.716776430606842,0.5714285969734192,0.36000001430511475
19,2,6,0.6748147010803223,0.7224267721176147,0.6821091771125793,0.7224267721176147,0.550000011920929,0.36000001430511475
19,2,7,0.672666072845459,0.7263553142547607,0.6817504167556763,0.7263553142547607,0.5428571701049805,0.36000001430511475
19,2,8,0.6702191829681396,0.7290065288543701,0.6798816919326782,0.7290065288543701,0.5571428537368774,0.2800000011920929
19,2,9,0.6675093173980713,0.7309143543243408,0.6769580841064453,0.7309143543243408,0.5857142806053162,0.23999999463558197
19,2,10,0.6646445393562317,0.7325426340103149,0.6734631061553955,0.7325426340103149,0.5642856955528259,0.23999999463558197
19,2,11,0.6617211699485779,0.7342178225517273,0.6697855591773987,0.7342178225517273,0.5785714387893677,0.2800000011920929
19,2,12,0.6587958931922913,0.7361269593238831,0.6661799550056458,0.7361269593238831,0.5857142806053162,0.2800000011920929
19,2,13,0.6558911800384521,0.7383458018302917,0.662775993347168,0.7383458018302917,0.6000000238418579,0.2800000011920929
19,2,14,0.653008222579956,0.740874707698822,0.6596089005470276,0.740874707698822,0.6142857074737549,0.2800000011920929
19,2,15,0.6501369476318359,0.7436702251434326,0.6566522121429443,0.7436702251434326,0.6142857074737549,0.2800000011920929
19,2,16,0.6472622156143188,0.7466707825660706,0.6538447737693787,0.7466707825660706,0.6142857074737549,0.2800000011920929
19,2,17,0.6443650126457214,0.7498144507408142,0.6511117815971375,0.7498144507408142,0.6214285492897034,0.3199999928474426
19,2,18,0.6414245367050171,0.7530516982078552,0.648379921913147,0.7530516982078552,0.6428571343421936,0.36000001430511475
19,2,19,0.6384196281433105,0.7563515305519104,0.6455873847007751,0.7563515305519104,0.6428571343421936,0.36000001430511475
19,2,20,0.6353304386138916,0.7597034573554993,0.6426889896392822,0.7597034573554993,0.6428571343421936,0.3199999928474426
19,2,21,0.6321395039558411,0.7631151080131531,0.6396564841270447,0.7631151080131531,0.6357142925262451,0.3199999928474426
19,2,22,0.6288327574729919,0.7666078209877014,0.6364763975143433,0.7666078209877014,0.6285714507102966,0.3199999928474426
19,2,23,0.6253986358642578,0.7702111005783081,0.6331454515457153,0.7702111005783081,0.6571428775787354,0.3199999928474426
19,2,24,0.6218273639678955,0.7739564776420593,0.6296652555465698,0.7739564776420593,0.6714285612106323,0.3199999928474426
19,2,25,0.6181105375289917,0.7778740525245667,0.6260383725166321,0.7778740525245667,0.6642857193946838,0.3199999928474426
19,2,26,0.614240825176239,0.781989574432373,0.6222652196884155,0.781989574432373,0.6857143044471741,0.3199999928474426
20,2,1,0.7053326964378357,0.6828070878982544,0.6836234331130981,0.6828070878982544,0.5857142806053162,0.5600000023841858
20,2,2,0.6949358582496643,0.6852172613143921,0.6810760498046875,0.6852172613143921,0.6000000238418579,0.47999998927116394
20,2,3,0.6903260350227356,0.6863648891448975,0.6791747212409973,0.6863648891448975,0.5928571224212646,0.47999998927116394
20,2,4,0.6867766380310059,0.6868041157722473,0.6769964694976807,0.6868041157722473,0.6071428656578064,0.47999998927116394
20,2,5,0.6837047934532166,0.6868081092834473,0.6745911240577698,0.6868081092834473,0.6000000238418579,0.47999998927116394
20,2,6,0.6809033155441284,0.6865533590316772,0.6720356345176697,0.6865533590316772,0.6071428656578064,0.47999998927116394
20,2,7,0.6782687306404114,0.6861626505851746,0.6693961024284363,0.6861626505851746,0.5928571224212646,0.47999998927116394
20,2,8,0.6757383346557617,0.6857213377952576,0.6667221188545227,0.6857213377952576,0.6071428656578064,0.5199999809265137
20,2,9,0.6732688546180725,0.6852858066558838,0.6640467643737793,0.6852858066558838,0.6142857074737549,0.47999998927116394
20,2,10,0.6708289980888367,0.6848904490470886,0.6613898277282715,0.6848904490470886,0.6142857074737549,0.47999998927116394
20,2,11,0.6683963537216187,0.6845542192459106,0.6587595343589783,0.6845542192459106,0.6214285492897034,0.47999998927116394
20,2,12,0.6659548878669739,0.684285044670105,0.6561570167541504,0.684285044670105,0.6285714507102966,0.47999998927116394
20,2,13,0.6634935140609741,0.6840834617614746,0.6535781025886536,0.6840834617614746,0.6142857074737549,0.47999998927116394
20,2,14,0.6610049605369568,0.6839466094970703,0.6510152220726013,0.6839466094970703,0.6071428656578064,0.47999998927116394
20,2,15,0.658484160900116,0.683869481086731,0.6484591364860535,0.683869481086731,0.6071428656578064,0.47999998927116394
20,2,16,0.6559275388717651,0.6838468909263611,0.6458998322486877,0.6838468909263611,0.6214285492897034,0.47999998927116394
20,2,17,0.6533321142196655,0.6838741302490234,0.6433271765708923,0.6838741302490234,0.6285714507102966,0.47999998927116394
20,2,18,0.6506944298744202,0.6839479207992554,0.6407312750816345,0.6839479207992554,0.6357142925262451,0.47999998927116394
20,2,19,0.6480106711387634,0.6840665936470032,0.6381023526191711,0.6840665936470032,0.6285714507102966,0.47999998927116394
20,2,20,0.6452766060829163,0.6842305064201355,0.6354316473007202,0.6842305064201355,0.6285714507102966,0.47999998927116394
20,2,21,0.6424868702888489,0.684441089630127,0.6327106356620789,0.684441089630127,0.6357142925262451,0.47999998927116394
20,2,22,0.639635443687439,0.684701681137085,0.6299314498901367,0.684701681137085,0.6428571343421936,0.47999998927116394
20,2,23,0.6367158889770508,0.6850172281265259,0.6270861029624939,0.6850172281265259,0.6428571343421936,0.47999998927116394
20,2,24,0.6337210536003113,0.6853939294815063,0.6241674423217773,0.6853939294815063,0.6428571343421936,0.47999998927116394
20,2,25,0.6306436657905579,0.6858389377593994,0.621168315410614,0.6858389377593994,0.6571428775787354,0.47999998927116394
20,2,26,0.627476155757904,0.6863611340522766,0.6180815696716309,0.6863611340522766,0.6642857193946838,0.47999998927116394
21,3,1,0.6955017447471619,0.6723306775093079,0.6822177767753601,0.6723306775093079,0.633093535900116,0.6399999856948853
21,3,2,0.6895554065704346,0.6773892045021057,0.68372642993927,0.6773892045021057,0.597122311592102,0.6399999856948853
21,3,3,0.6859009265899658,0.6816871166229248,0.6864234209060669,0.6816871166229248,0.5179855823516846,0.7200000286102295
21,3,4,0.6832618713378906,0.6843198537826538,0.6882156133651733,0.6843198537826538,0.5251798629760742,0.5600000023841858
21,3,5,0.680902361869812,0.6851165890693665,0.6883596777915955,0.6851165890693665,0.5251798629760742,0.5600000023841858
21,3,6,0.6784706115722656,0.684445321559906,0.6868453621864319,0.684445321559906,0.5467625856399536,0.6000000238418579
21,3,7,0.6759164333343506,0.6828998327255249,0.684119462966919,0.6828998327255249,0.5539568066596985,0.6000000238418579
21,3,8,0.6733174920082092,0.6810405254364014,0.6807671189308167,0.6810405254364014,0.5611510872840881,0.6000000238418579
21,3,9,0.6707516312599182,0.6792624592781067,0.6772873401641846,0.6792624592781067,0.5755395889282227,0.6399999856948853
21,3,10,0.6682506799697876,0.6777742505073547,0.6739984750747681,0.6777742505073547,0.5827338099479675,0.6399999856948853
21,3,11,0.6658108830451965,0.6766337752342224,0.6710405349731445,0.6766337752342224,0.6043165326118469,0.6399999856948853
21,3,12,0.6634130477905273,0.6758008599281311,0.6684200763702393,0.6758008599281311,0.6043165326118469,0.6000000238418579
21,3,13,0.6610372066497803,0.6751860976219177,0.666062593460083,0.6751860976219177,0.6115108132362366,0.5600000023841858
21,3,14,0.6586645841598511,0.6746888160705566,0.6638585329055786,0.6746888160705566,0.6115108132362366,0.5600000023841858
21,3,15,0.656277060508728,0.6742245554924011,0.6616971492767334,0.6742245554924011,0.6187050342559814,0.6000000238418579
21,3,16,0.6538572907447815,0.6737401485443115,0.6594898104667664,0.6737401485443115,0.6187050342559814,0.6000000238418579
21,3,17,0.6513894200325012,0.6732184886932373,0.6571813821792603,0.6732184886932373,0.6187050342559814,0.6000000238418579
21,3,18,0.6488611102104187,0.6726722717285156,0.6547504663467407,0.6726722717285156,0.6474820375442505,0.6000000238418579
21,3,19,0.6462626457214355,0.6721333861351013,0.6522004008293152,0.6721333861351013,0.6474820375442505,0.6000000238418579
21,3,20,0.6435856819152832,0.6716403365135193,0.6495471596717834,0.6716403365135193,0.6546762585639954,0.6000000238418579
21,3,21,0.6408223509788513,0.6712283492088318,0.6468069553375244,0.6712283492088318,0.6618704795837402,0.6000000238418579
21,3,22,0.6379632353782654,0.6709249019622803,0.6439881920814514,0.6709249019622803,0.6618704795837402,0.6000000238418579
21,3,23,0.6349977254867554,0.6707488298416138,0.6410877108573914,0.6707488298416138,0.6618704795837402,0.5600000023841858
21,3,24,0.6319139003753662,0.6707134246826172,0.6380916833877563,0.6707134246826172,0.6618704795837402,0.5600000023841858
21,3,25,0.6286985874176025,0.6708310842514038,0.634979248046875,0.6708310842514038,0.6690647602081299,0.5600000023841858
21,3,26,0.6253388524055481,0.6711182594299316,0.6317271590232849,0.6711182594299316,0.6762589812278748,0.5199999809265137
21,3,27,0.6218224763870239,0.6715983748435974,0.6283137202262878,0.6715983748435974,0.6834532618522644,0.5199999809265137
21,3,28,0.6181386709213257,0.6723036170005798,0.6247221827507019,0.6723036170005798,0.6834532618522644,0.5199999809265137
21,3,29,0.6142795085906982,0.6732725501060486,0.6209405660629272,0.6732725501060486,0.6906474828720093,0.5199999809265137
21,3,30,0.6102402210235596,0.674547016620636,0.6169617176055908,0.674547016620636,0.7050359845161438,0.5199999809265137
21,3,31,0.606020987033844,0.6761670708656311,0.6127813458442688,0.6761670708656311,0.7122302055358887,0.5199999809265137
21,3,32,0.6016273498535156,0.6781648993492126,0.6083977818489075,0.6781648993492126,0.7194244861602783,0.5199999809265137
21,3,33,0.5970723628997803,0.6805608868598938,0.6038127541542053,0.6805608868598938,0.7266187071800232,0.5199999809265137
21,3,34,0.5923773050308228,0.6833587884902954,0.5990336537361145,0.6833587884902954,0.7266187071800232,0.5199999809265137
21,3,35,0.5875723361968994,0.6865422129631042,0.5940776467323303,0.6865422129631042,0.7194244861602783,0.5199999809265137
21,3,36,0.5826961398124695,0.6900711059570312,0.5889739394187927,0.6900711059570312,0.7194244861602783,0.5199999809265137
21,3,37,0.5777921676635742,0.6938755512237549,0.5837641358375549,0.6938755512237549,0.7194244861602783,0.5199999809265137
21,3,38,0.5729024410247803,0.697853147983551,0.5784968733787537,0.697853147983551,0.7266187071800232,0.5199999809265137
21,3,39,0.5680593848228455,0.7018685340881348,0.5732198357582092,0.7018685340881348,0.7050359845161438,0.5600000023841858
21,3,40,0.5632779002189636,0.7057656645774841,0.5679693818092346,0.7057656645774841,0.7122302055358887,0.6000000238418579
21,3,41,0.5585504174232483,0.7093909382820129,0.5627650022506714,0.7093909382820129,0.7122302055358887,0.6000000238418579
21,3,42,0.5538497567176819,0.7126219272613525,0.557607889175415,0.7126219272613525,0.7050359845161438,0.6000000238418579
21,3,43,0.5491386651992798,0.71539306640625,0.5524858236312866,0.71539306640625,0.7050359845161438,0.6000000238418579
21,3,44,0.5443824529647827,0.7177107334136963,0.5473798513412476,0.7177107334136963,0.7050359845161438,0.6000000238418579
21,3,45,0.5395583510398865,0.7196516990661621,0.5422714352607727,0.7196516990661621,0.7050359845161438,0.6000000238418579
21,3,46,0.5346585512161255,0.7213480472564697,0.5371466875076294,0.7213480472564697,0.7122302055358887,0.6000000238418579
21,3,47,0.5296842455863953,0.7229571342468262,0.5319953560829163,0.7229571342468262,0.7194244861602783,0.6000000238418579
21,3,48,0.5246369242668152,0.7246306538581848,0.5268060564994812,0.7246306538581848,0.7194244861602783,0.6000000238418579
21,3,49,0.5195112824440002,0.7264915704727173,0.5215617418289185,0.7264915704727173,0.7266187071800232,0.6000000238418579
22,3,1,0.7039050459861755,0.7026379108428955,0.709290623664856,0.7026379108428955,0.40287768840789795,0.47999998927116394
22,3,2,0.6982659101486206,0.7091033458709717,0.7039647102355957,0.7091033458709717,0.40287768840789795,0.4000000059604645
22,3,3,0.6950510740280151,0.7160126566886902,0.7046927809715271,0.7160126566886902,0.43884891271591187,0.4000000059604645
22,3,4,0.6924958229064941,0.7223078012466431,0.7058035731315613,0.7223078012466431,0.41726619005203247,0.4000000059604645
22,3,5,0.6902500987052917,0.7274952530860901,0.7065083384513855,0.7274952530860901,0.41726619005203247,0.4000000059604645
22,3,6,0.6880530118942261,0.7314014434814453,0.7064540982246399,0.7314014434814453,0.41726619005203247,0.4000000059604645
22,3,7,0.6857472658157349,0.7340825796127319,0.7055339813232422,0.7340825796127319,0.41726619005203247,0.4000000059604645
22,3,8,0.6832723617553711,0.7357404828071594,0.7038091421127319,0.7357404828071594,0.4100719392299652,0.4000000059604645
22,3,9,0.6806356310844421,0.736642599105835,0.7014372944831848,0.736642599105835,0.4100719392299652,0.4000000059604645
22,3,10,0.6778785586357117,0.7370597720146179,0.6986109018325806,0.7370597720146179,0.4460431635379791,0.4000000059604645
22,3,11,0.6750510334968567,0.7372264862060547,0.6955132484436035,0.7372264862060547,0.46043166518211365,0.4000000059604645
22,3,12,0.672195553779602,0.7373232245445251,0.6922928094863892,0.7373232245445251,0.4892086386680603,0.4000000059604645
22,3,13,0.6693413257598877,0.7374735474586487,0.6890552043914795,0.7374735474586487,0.5179855823516846,0.4000000059604645
22,3,14,0.66650390625,0.737750232219696,0.6858643889427185,0.737750232219696,0.5395683646202087,0.36000001430511475
22,3,15,0.6636878848075867,0.7381868958473206,0.6827499866485596,0.7381868958473206,0.5467625856399536,0.36000001430511475
22,3,16,0.6608902215957642,0.7387887835502625,0.6797168850898743,0.7387887835502625,0.5467625856399536,0.36000001430511475
22,3,17,0.6581029891967773,0.7395442128181458,0.6767523288726807,0.7395442128181458,0.5611510872840881,0.36000001430511475
22,3,18,0.6553156971931458,0.7404327392578125,0.6738351583480835,0.7404327392578125,0.5755395889282227,0.36000001430511475
22,3,19,0.6525168418884277,0.7414321303367615,0.670940101146698,0.7414321303367615,0.5827338099479675,0.36000001430511475
22,3,20,0.6496953368186951,0.742522656917572,0.6680424213409424,0.742522656917572,0.597122311592102,0.36000001430511475
22,3,21,0.6468406915664673,0.7436898946762085,0.6651199460029602,0.7436898946762085,0.5899280309677124,0.36000001430511475
22,3,22,0.6439438462257385,0.744925856590271,0.6621548533439636,0.744925856590271,0.6043165326118469,0.36000001430511475
22,3,23,0.640997052192688,0.7462284564971924,0.6591336131095886,0.7462284564971924,0.6187050342559814,0.3199999928474426
22,3,24,0.6379939317703247,0.747600793838501,0.6560468077659607,0.747600793838501,0.6258992552757263,0.3199999928474426
22,3,25,0.6349296569824219,0.749049961566925,0.6528881192207336,0.749049961566925,0.633093535900116,0.3199999928474426
22,3,26,0.6317999958992004,0.7505853176116943,0.6496537327766418,0.7505853176116943,0.6402877569198608,0.36000001430511475
23,3,1,0.6849896907806396,0.6776707172393799,0.6849454641342163,0.6776707172393799,0.5395683646202087,0.800000011920929
23,3,2,0.6811047792434692,0.6788246631622314,0.6844787001609802,0.6788246631622314,0.5035971403121948,0.6800000071525574
23,3,3,0.6786288022994995,0.6792111396789551,0.6849625110626221,0.6792111396789551,0.5323740839958191,0.6800000071525574
23,3,4,0.6763648986816406,0.6786032915115356,0.684736967086792,0.6786032915115356,0.5323740839958191,0.6399999856948853
23,3,5,0.6740951538085938,0.6770965456962585,0.6835976839065552,0.6770965456962585,0.5251798629760742,0.6399999856948853
23,3,6,0.6717504858970642,0.674945056438446,0.6816554069519043,0.674945056438446,0.5323740839958191,0.6399999856948853
23,3,7,0.6693429946899414,0.6724406480789185,0.6791542768478394,0.6724406480789185,0.5395683646202087,0.6800000071525574
23,3,8,0.6669122576713562,0.6698317527770996,0.6763591766357422,0.6698317527770996,0.568345308303833,0.6800000071525574
23,3,9,0.664493203163147,0.6672883033752441,0.673487663269043,0.6672883033752441,0.5899280309677124,0.6800000071525574
23,3,10,0.6621033549308777,0.6648986339569092,0.6706826686859131,0.6648986339569092,0.6043165326118469,0.7599999904632568
23,3,11,0.6597445011138916,0.6626861691474915,0.6680123209953308,0.6626861691474915,0.6258992552757263,0.7200000286102295
23,3,12,0.6574081778526306,0.6606311202049255,0.6654856204986572,0.6606311202049255,0.6402877569198608,0.7200000286102295
23,3,13,0.6550809741020203,0.6586924195289612,0.6630732417106628,0.6586924195289612,0.6546762585639954,0.7200000286102295
23,3,14,0.6527475118637085,0.6568243503570557,0.6607267260551453,0.6568243503570557,0.6762589812278748,0.7200000286102295
23,3,15,0.6503927111625671,0.6549878716468811,0.6583941578865051,0.6549878716468811,0.6834532618522644,0.800000011920929
23,3,16,0.6480026841163635,0.6531567573547363,0.6560309529304504,0.6531567573547363,0.6690647602081299,0.800000011920929
23,3,17,0.6455649733543396,0.6513184905052185,0.6536052823066711,0.6513184905052185,0.6834532618522644,0.800000011920929
23,3,18,0.6430690288543701,0.649472713470459,0.6510984301567078,0.649472713470459,0.6834532618522644,0.7599999904632568
23,3,19,0.6405059099197388,0.6476265788078308,0.6485024690628052,0.6476265788078308,0.6762589812278748,0.7599999904632568
23,3,20,0.6378667950630188,0.6457909345626831,0.6458154916763306,0.6457909345626831,0.6762589812278748,0.7599999904632568
23,3,21,0.6351427435874939,0.6439772248268127,0.6430370211601257,0.6439772248268127,0.6762589812278748,0.7599999904632568
23,3,22,0.6323233842849731,0.6421953439712524,0.6401646733283997,0.6421953439712524,0.6834532618522644,0.7599999904632568
23,3,23,0.6293969750404358,0.6404543519020081,0.6371911764144897,0.6404543519020081,0.6834532618522644,0.7599999904632568
23,3,24,0.6263502836227417,0.6387627124786377,0.634104311466217,0.6387627124786377,0.6906474828720093,0.7200000286102295
23,3,25,0.623167872428894,0.6371309161186218,0.6308872699737549,0.6371309161186218,0.6978417038917542,0.7200000286102295
23,3,26,0.6198329329490662,0.6355733871459961,0.6275200843811035,0.6355733871459961,0.7122302055358887,0.7200000286102295
23,3,27,0.6163278222084045,0.6341111660003662,0.6239809989929199,0.6341111660003662,0.7122302055358887,0.7200000286102295
23,3,28,0.6126336455345154,0.6327740550041199,0.6202479004859924,0.6327740550041199,0.7266187071800232,0.7200000286102295
23,3,29,0.6087313294410706,0.63160240650177,0.6162995100021362,0.63160240650177,0.7338129281997681,0.7200000286102295
23,3,30,0.604602038860321,0.6306506395339966,0.6121155619621277,0.6306506395339966,0.7410072088241577,0.7200000286102295
23,3,31,0.600227952003479,0.6299892067909241,0.6076774001121521,0.6299892067909241,0.7410072088241577,0.7200000286102295
23,3,32,0.5955941081047058,0.6297086477279663,0.6029688119888306,0.6297086477279663,0.7338129281997681,0.7200000286102295
23,3,33,0.590690016746521,0.6299240589141846,0.5979773998260498,0.6299240589141846,0.7410072088241577,0.7200000286102295
23,3,34,0.5855130553245544,0.6307783126831055,0.5926976799964905,0.6307783126831055,0.7410072088241577,0.6800000071525574
23,3,35,0.580072283744812,0.6324443221092224,0.5871354937553406,0.6324443221092224,0.7338129281997681,0.6800000071525574
23,3,36,0.5743919014930725,0.6351203322410583,0.5813127756118774,0.6351203322410583,0.7410072088241577,0.6800000071525574
23,3,37,0.5685147047042847,0.6390159130096436,0.5752730369567871,0.6390159130096436,0.7410072088241577,0.6800000071525574
23,3,38,0.5625003576278687,0.6443212628364563,0.5690812468528748,0.6443212628364563,0.7266187071800232,0.6800000071525574
23,3,39,0.5564180016517639,0.651160478591919,0.5628167986869812,0.651160478591919,0.7266187071800232,0.6800000071525574
23,3,40,0.5503289103507996,0.6595370769500732,0.5565549731254578,0.6595370769500732,0.7266187071800232,0.6800000071525574
23,3,41,0.544264018535614,0.6692970991134644,0.5503402352333069,0.6692970991134644,0.7266187071800232,0.6800000071525574
23,3,42,0.5382075905799866,0.6801466941833496,0.54416424036026,0.6801466941833496,0.7338129281997681,0.6800000071525574
23,3,43,0.5321018099784851,0.6917409300804138,0.537966251373291,0.6917409300804138,0.7410072088241577,0.6800000071525574
23,3,44,0.5258761644363403,0.7038144469261169,0.5316624045372009,0.7038144469261169,0.7410072088241577,0.6399999856948853
23,3,45,0.5194807648658752,0.7162878513336182,0.5251862406730652,0.7162878513336182,0.7482014298439026,0.6399999856948853
23,3,46,0.5128995776176453,0.7292968034744263,0.51850825548172,0.7292968034744263,0.7482014298439026,0.6800000071525574
23,3,47,0.50613933801651,0.7431431412696838,0.5116270184516907,0.7431431412696838,0.7482014298439026,0.6800000071525574
23,3,48,0.4992118775844574,0.7582070231437683,0.5045512914657593,0.7582070231437683,0.7266187071800232,0.6800000071525574
23,3,49,0.4921261966228485,0.7748554348945618,0.4972914457321167,0.7748554348945618,0.7266187071800232,0.6800000071525574
23,3,50,0.48489177227020264,0.793367326259613,0.4898613691329956,0.793367326259613,0.7338129281997681,0.6800000071525574
23,3,51,0.4775243401527405,0.8138757348060608,0.4822816848754883,0.8138757348060608,0.7482014298439026,0.6800000071525574
23,3,52,0.4700469970703125,0.8363372683525085,0.47457924485206604,0.8363372683525085,0.7553957104682922,0.6800000071525574
23,3,53,0.46248549222946167,0.8605391979217529,0.4667825996875763,0.8605391979217529,0.7625899314880371,0.6399999856948853
23,3,54,0.45486167073249817,0.8861532807350159,0.45891597867012024,0.8861532807350159,0.769784152507782,0.6399999856948853
23,3,55,0.44718798995018005,0.9128282070159912,0.45099586248397827,0.9128282070159912,0.7625899314880371,0.6399999856948853
23,3,56,0.4394674599170685,0.9402916431427002,0.4430311322212219,0.9402916431427002,0.7769784331321716,0.6399999856948853
23,3,57,0.4316949248313904,0.9684199690818787,0.43502405285835266,0.9684199690818787,0.7841726541519165,0.6399999856948853
24,3,1,0.7056910991668701,0.7290477752685547,0.7219877243041992,0.7290477752685547,0.3857142925262451,0.3199999928474426
24,3,2,0.6990119814872742,0.7273659706115723,0.7102493047714233,0.7273659706115723,0.3928571343421936,0.2800000011920929
24,3,3,0.6946249604225159,0.7270951271057129,0.7047708034515381,0.7270951271057129,0.40714284777641296,0.2800000011920929
24,3,4,0.690662682056427,0.7274256944656372,0.7006403803825378,0.7274256944656372,0.4357142746448517,0.2800000011920929
24,3,5,0.6869356036186218,0.7280156016349792,0.6970923542976379,0.7280156016349792,0.44999998807907104,0.3199999928474426
24,3,6,0.6833653450012207,0.7286791801452637,0.6937811970710754,0.7286791801452637,0.4714285731315613,0.36000001430511475
24,3,7,0.679901123046875,0.7293190956115723,0.6905205249786377,0.7293190956115723,0.48571428656578064,0.4000000059604645
24,3,8,0.6765062212944031,0.7298993468284607,0.6872162222862244,0.7298993468284607,0.4928571283817291,0.4000000059604645
24,3,9,0.6731563210487366,0.7304245829582214,0.683835506439209,0.7304245829582214,0.5142857432365417,0.4000000059604645
24,3,10,0.6698355674743652,0.7309237122535706,0.6803831458091736,0.7309237122535706,0.5428571701049805,0.4000000059604645
24,3,11,0.6665344834327698,0.7314340472221375,0.6768823862075806,0.7314340472221375,0.5571428537368774,0.4000000059604645
24,3,12,0.6632455587387085,0.7319918274879456,0.6733607649803162,0.7319918274879456,0.5571428537368774,0.4399999976158142
24,3,13,0.6599617004394531,0.7326256632804871,0.6698401570320129,0.7326256632804871,0.6071428656578064,0.4000000059604645
24,3,14,0.6566743850708008,0.7333546280860901,0.666332483291626,0.7333546280860901,0.6071428656578064,0.4000000059604645
24,3,15,0.6533742547035217,0.7341892123222351,0.6628386378288269,0.7341892123222351,0.6000000238418579,0.4399999976158142
24,3,16,0.6500502228736877,0.7351327538490295,0.6593506932258606,0.7351327538490295,0.6000000238418579,0.4399999976158142
24,3,17,0.6466904878616333,0.7361856698989868,0.6558535695075989,0.7361856698989868,0.6214285492897034,0.4399999976158142
24,3,18,0.6432827711105347,0.7373470067977905,0.6523286700248718,0.7373470067977905,0.6357142925262451,0.4399999976158142
24,3,19,0.6398141384124756,0.738618016242981,0.648756206035614,0.738618016242981,0.6499999761581421,0.4399999976158142
24,3,20,0.6362723112106323,0.7400026917457581,0.6451171040534973,0.7400026917457581,0.6642857193946838,0.4399999976158142
24,3,21,0.6326443552970886,0.7415099143981934,0.6413940191268921,0.7415099143981934,0.6642857193946838,0.4399999976158142
24,3,22,0.6289181709289551,0.7431530952453613,0.6375720500946045,0.7431530952453613,0.6714285612106323,0.4399999976158142
24,3,23,0.6250813603401184,0.7449502348899841,0.6336374878883362,0.7449502348899841,0.6785714030265808,0.4399999976158142
24,3,24,0.6211222410202026,0.7469242811203003,0.6295789480209351,0.7469242811203003,0.6928571462631226,0.4399999976158142
24,3,25,0.6170288324356079,0.7491021752357483,0.625385046005249,0.7491021752357483,0.6928571462631226,0.4399999976158142
24,3,26,0.6127898097038269,0.7515155076980591,0.6210449934005737,0.7515155076980591,0.6928571462631226,0.4399999976158142
24,3,27,0.6083945035934448,0.7542006969451904,0.616547703742981,0.7542006969451904,0.6928571462631226,0.4399999976158142
24,3,28,0.6038331389427185,0.7572001814842224,0.6118825078010559,0.7572001814842224,0.7071428298950195,0.4399999976158142
25,3,1,0.6934888362884521,0.6937591433525085,0.687217652797699,0.6937591433525085,0.5571428537368774,0.5600000023841858
25,3,2,0.6867899298667908,0.6949966549873352,0.6813086867332458,0.6949966549873352,0.5714285969734192,0.5600000023841858
25,3,3,0.6829870939254761,0.6967662572860718,0.6822932362556458,0.6967662572860718,0.6000000238418579,0.5199999809265137
25,3,4,0.6802364587783813,0.6982691884040833,0.683812141418457,0.6982691884040833,0.6142857074737549,0.47999998927116394
25,3,5,0.6780074238777161,0.6989920735359192,0.6847581267356873,0.6989920735359192,0.5642856955528259,0.47999998927116394
25,3,6,0.6758763194084167,0.6987642645835876,0.6846323013305664,0.6987642645835876,0.5571428537368774,0.47999998927116394
25,3,7,0.6736164093017578,0.6976940631866455,0.6833555698394775,0.6976940631866455,0.5357142686843872,0.47999998927116394
25,3,8,0.6711747050285339,0.6960380673408508,0.6811230182647705,0.6960380673408508,0.5428571701049805,0.47999998927116394
25,3,9,0.6685958504676819,0.6940789818763733,0.6782518625259399,0.6940789818763733,0.5428571701049805,0.47999998927116394
25,3,10,0.6659533381462097,0.6920498609542847,0.6750600337982178,0.6920498609542847,0.5571428537368774,0.4399999976158142
25,3,11,0.6633095741271973,0.6901047229766846,0.6717991232872009,0.6901047229766846,0.5642856955528259,0.5199999809265137
25,3,12,0.6607027649879456,0.6883231997489929,0.6686320900917053,0.6883231997489929,0.5714285969734192,0.5600000023841858
25,3,13,0.6581493616104126,0.6867272257804871,0.665640115737915,0.6867272257804871,0.5714285969734192,0.5600000023841858
25,3,14,0.655650794506073,0.6853023767471313,0.6628419756889343,0.6853023767471313,0.5928571224212646,0.6000000238418579
25,3,15,0.6532003283500671,0.6840158104896545,0.6602160334587097,0.6840158104896545,0.5857142806053162,0.6000000238418579
25,3,16,0.6507863402366638,0.6828289031982422,0.6577191948890686,0.6828289031982422,0.5928571224212646,0.6000000238418579
25,3,17,0.6483954191207886,0.6817058324813843,0.655301570892334,0.6817058324813843,0.5928571224212646,0.6399999856948853
25,3,18,0.6460141539573669,0.6806191205978394,0.6529169082641602,0.6806191205978394,0.6000000238418579,0.6399999856948853
25,3,19,0.6436299681663513,0.6795510053634644,0.6505287885665894,0.6795510053634644,0.6000000238418579,0.6399999856948853
25,3,20,0.6412324905395508,0.6784934997558594,0.6481122970581055,0.6784934997558594,0.6071428656578064,0.6399999856948853
25,3,21,0.6388136744499207,0.6774463057518005,0.6456538438796997,0.6774463057518005,0.6071428656578064,0.6399999856948853
25,3,22,0.6363670825958252,0.6764142513275146,0.6431482434272766,0.6764142513275146,0.6000000238418579,0.6399999856948853
25,3,23,0.6338882446289062,0.6754041910171509,0.6405957937240601,0.6754041910171509,0.6071428656578064,0.6399999856948853
25,3,24,0.6313730478286743,0.6744236946105957,0.6379988789558411,0.6744236946105957,0.6000000238418579,0.6800000071525574
25,3,25,0.6288176774978638,0.673479437828064,0.6353597044944763,0.673479437828064,0.6000000238418579,0.6800000071525574
25,3,26,0.6262180209159851,0.6725770831108093,0.6326783299446106,0.6725770831108093,0.6071428656578064,0.6800000071525574
25,3,27,0.6235694289207458,0.6717210412025452,0.6299523115158081,0.6717210412025452,0.6214285492897034,0.6800000071525574
25,3,28,0.6208666563034058,0.6709153652191162,0.6271765828132629,0.6709153652191162,0.6285714507102966,0.6399999856948853
25,3,29,0.618104100227356,0.6701648831367493,0.6243444681167603,0.6701648831367493,0.6285714507102966,0.6399999856948853
25,3,30,0.6152754426002502,0.6694750189781189,0.621447741985321,0.6694750189781189,0.6357142925262451,0.6399999856948853
25,3,31,0.6123745441436768,0.6688537001609802,0.6184778809547424,0.6688537001609802,0.6357142925262451,0.6399999856948853
25,3,32,0.6093950867652893,0.6683114767074585,0.6154268980026245,0.6683114767074585,0.6357142925262451,0.6399999856948853
25,3,33,0.6063311100006104,0.6678614020347595,0.612287163734436,0.6678614020347595,0.6357142925262451,0.6399999856948853
25,3,34,0.603177011013031,0.6675204634666443,0.6090520024299622,0.6675204634666443,0.6428571343421936,0.6000000238418579
25,3,35,0.599927544593811,0.6673091053962708,0.6057159900665283,0.6673091053962708,0.6499999761581421,0.6000000238418579
25,3,36,0.5965784788131714,0.6672520637512207,0.6022741794586182,0.6672520637512207,0.6571428775787354,0.6000000238418579
25,3,37,0.5931265354156494,0.6673786640167236,0.5987226366996765,0.6673786640167236,0.6571428775787354,0.6000000238418579
25,3,38,0.5895695090293884,0.6677235960960388,0.5950584411621094,0.6677235960960388,0.6571428775787354,0.6000000238418579
25,3,39,0.5859068036079407,0.6683276295661926,0.5912800431251526,0.6683276295661926,0.6571428775787354,0.6000000238418579
25,3,40,0.5821402668952942,0.6692379117012024,0.5873876810073853,0.6692379117012024,0.6714285612106323,0.6399999856948853
25,3,41,0.5782736539840698,0.6705079674720764,0.5833842754364014,0.6705079674720764,0.6785714030265808,0.6399999856948853
25,3,42,0.574314296245575,0.6721974015235901,0.5792756080627441,0.6721974015235901,0.6785714030265808,0.6399999856948853
25,3,43,0.5702725648880005,0.6743700504302979,0.5750716328620911,0.6743700504302979,0.6857143044471741,0.6399999856948853
25,3,44,0.5661625862121582,0.6770905256271362,0.5707864165306091,0.6770905256271362,0.6857143044471741,0.6399999856948853
25,3,45,0.5620021820068359,0.6804198622703552,0.5664381980895996,0.6804198622703552,0.699999988079071,0.6000000238418579
25,3,46,0.5578123927116394,0.6844080090522766,0.562049150466919,0.6844080090522766,0.699999988079071,0.6000000238418579
25,3,47,0.5536168217658997,0.6890871524810791,0.557644784450531,0.6890871524810791,0.6928571462631226,0.6000000238418579
25,3,48,0.5494400858879089,0.6944618225097656,0.5532519817352295,0.6944618225097656,0.6928571462631226,0.5600000023841858
25,3,49,0.545306384563446,0.7005025744438171,0.5488978624343872,0.7005025744438171,0.6857143044471741,0.5600000023841858
25,3,50,0.5412384867668152,0.7071413993835449,0.5446076989173889,0.7071413993835449,0.699999988079071,0.5600000023841858
25,3,51,0.5372547507286072,0.7142723798751831,0.5404030680656433,0.7142723798751831,0.7142857313156128,0.5600000023841858
25,3,52,0.5333693623542786,0.7217566967010498,0.5363001227378845,0.7217566967010498,0.7214285731315613,0.5600000023841858
25,3,53,0.5295900106430054,0.7294341325759888,0.5323091745376587,0.7294341325759888,0.7285714149475098,0.5600000023841858
25,3,54,0.5259189009666443,0.7371371984481812,0.5284340977668762,0.7371371984481812,0.7357142567634583,0.5600000023841858
25,3,55,0.5223524570465088,0.7447049617767334,0.5246728658676147,0.7447049617767334,0.7428571581840515,0.5600000023841858
25,3,56,0.5188819766044617,0.7519970536231995,0.5210180282592773,0.7519970536231995,0.7428571581840515,0.5600000023841858
25,3,57,0.5154946446418762,0.7589015364646912,0.5174577832221985,0.7589015364646912,0.7428571581840515,0.5600000023841858
25,3,58,0.5121741890907288,0.7653405070304871,0.5139765739440918,0.7653405070304871,0.7357142567634583,0.5600000023841858
25,3,59,0.5089027285575867,0.771270215511322,0.5105562210083008,0.771270215511322,0.7357142567634583,0.5600000023841858
25,3,60,0.5056610107421875,0.7766764163970947,0.5071771144866943,0.7766764163970947,0.7428571581840515,0.5600000023841858
25,3,61,0.5024296641349792,0.7815703749656677,0.5038192868232727,0.7815703749656677,0.75,0.5600000023841858
26,3,1,0.6886695027351379,0.6925754547119141,0.681766152381897,0.6925754547119141,0.6285714507102966,0.47999998927116394
26,3,2,0.6846075057983398,0.6954980492591858,0.6814023852348328,0.6954980492591858,0.6642857193946838,0.5199999809265137
26,3,3,0.6819575428962708,0.6981866955757141,0.6824812889099121,0.6981866955757141,0.6000000238418579,0.5199999809265137
26,3,4,0.6797820329666138,0.700115442276001,0.6831881403923035,0.700115442276001,0.550000011920929,0.5199999809265137
26,3,5,0.6777822375297546,0.7011169195175171,0.6831245422363281,0.7011169195175171,0.5214285850524902,0.5199999809265137
26,3,6,0.6757869720458984,0.7012726068496704,0.6822177767753601,0.7012726068496704,0.5285714268684387,0.5199999809265137
26,3,7,0.6737328767776489,0.700803279876709,0.6805917024612427,0.700803279876709,0.5285714268684387,0.5600000023841858
26,3,8,0.6716231107711792,0.6999666094779968,0.6784641742706299,0.6999666094779968,0.5357142686843872,0.5600000023841858
26,3,9,0.6694856286048889,0.6989870667457581,0.6760634779930115,0.6989870667457581,0.5928571224212646,0.5600000023841858
26,3,10,0.6673466563224792,0.6980244517326355,0.6735773086547852,0.6980244517326355,0.6000000238418579,0.5600000023841858
26,3,11,0.6652218103408813,0.6971702575683594,0.67113196849823,0.6971702575683594,0.6214285492897034,0.5600000023841858
26,3,12,0.6631159782409668,0.696459174156189,0.6687940955162048,0.696459174156189,0.6285714507102966,0.5600000023841858
26,3,13,0.6610276103019714,0.6958873867988586,0.6665825843811035,0.6958873867988586,0.6285714507102966,0.5600000023841858
26,3,14,0.6589518189430237,0.6954290270805359,0.6644840836524963,0.6954290270805359,0.6357142925262451,0.5199999809265137
26,3,15,0.6568828225135803,0.695049524307251,0.6624679565429688,0.695049524307251,0.6499999761581421,0.5199999809265137
26,3,16,0.6548137664794922,0.6947158575057983,0.6604979038238525,0.6947158575057983,0.6642857193946838,0.5199999809265137
26,3,17,0.6527382731437683,0.6944019794464111,0.6585400700569153,0.6944019794464111,0.6785714030265808,0.5199999809265137
26,3,18,0.6506503224372864,0.694091260433197,0.6565682888031006,0.694091260433197,0.6785714030265808,0.5600000023841858
26,3,19,0.6485445499420166,0.6937770247459412,0.6545655131340027,0.6937770247459412,0.6857143044471741,0.5199999809265137
26,3,20,0.6464166641235352,0.6934598684310913,0.6525233387947083,0.6934598684310913,0.6857143044471741,0.5199999809265137
26,3,21,0.6442630887031555,0.6931459307670593,0.6504398584365845,0.6931459307670593,0.6928571462631226,0.5199999809265137
26,3,22,0.6420809030532837,0.6928433775901794,0.6483170390129089,0.6928433775901794,0.6857143044471741,0.5199999809265137
26,3,23,0.6398673057556152,0.6925605535507202,0.6461581587791443,0.6925605535507202,0.6785714030265808,0.5199999809265137
26,3,24,0.6376194357872009,0.6923048496246338,0.6439657211303711,0.6923048496246338,0.6785714030265808,0.5199999809265137
26,3,25,0.6353342533111572,0.6920816898345947,0.641740083694458,0.6920816898345947,0.6785714030265808,0.5199999809265137
26,3,26,0.6330081224441528,0.6918950080871582,0.6394798159599304,0.6918950080871582,0.6785714030265808,0.5199999809265137
26,3,27,0.6306375861167908,0.6917482614517212,0.6371808648109436,0.6917482614517212,0.6928571462631226,0.5600000023841858
26,3,28,0.628218412399292,0.6916447281837463,0.6348384022712708,0.6916447281837463,0.6857143044471741,0.5600000023841858
26,3,29,0.6257464289665222,0.691588819026947,0.6324462294578552,0.691588819026947,0.699999988079071,0.6000000238418579
26,3,30,0.6232172250747681,0.6915869116783142,0.629998505115509,0.6915869116783142,0.6928571462631226,0.6000000238418579
26,3,31,0.6206263303756714,0.6916475892066956,0.6274895668029785,0.6916475892066956,0.6928571462631226,0.6000000238418579
26,3,32,0.6179695129394531,0.6917823553085327,0.6249141097068787,0.6917823553085327,0.699999988079071,0.5600000023841858
26,3,33,0.6152423024177551,0.6920060515403748,0.6222677826881409,0.6920060515403748,0.7071428298950195,0.5600000023841858
26,3,34,0.6124405264854431,0.6923372149467468,0.6195458173751831,0.6923372149467468,0.7071428298950195,0.5600000023841858
26,3,35,0.6095597147941589,0.6927985548973083,0.6167438626289368,0.6927985548973083,0.7142857313156128,0.5600000023841858
26,3,36,0.6065953969955444,0.6934179663658142,0.6138569712638855,0.6934179663658142,0.7071428298950195,0.5600000023841858
26,3,37,0.6035430431365967,0.6942296624183655,0.6108797192573547,0.6942296624183655,0.7071428298950195,0.5600000023841858
26,3,38,0.6003977656364441,0.6952760815620422,0.6078060865402222,0.6952760815620422,0.7071428298950195,0.5600000023841858
26,3,39,0.5971546769142151,0.6966100931167603,0.6046292185783386,0.6966100931167603,0.7071428298950195,0.5199999809265137
26,3,40,0.5938084125518799,0.6982963681221008,0.6013419032096863,0.6982963681221008,0.7142857313156128,0.5199999809265137
26,3,41,0.5903535485267639,0.7004144787788391,0.5979362726211548,0.7004144787788391,0.7142857313156128,0.5199999809265137
26,3,42,0.5867845416069031,0.703061580657959,0.5944039821624756,0.703061580657959,0.7142857313156128,0.5199999809265137
26,3,43,0.5830958485603333,0.7063533663749695,0.5907367467880249,0.7063533663749695,0.7214285731315613,0.5199999809265137
26,3,44,0.5792830586433411,0.7104249000549316,0.5869262218475342,0.7104249000549316,0.7285714149475098,0.5199999809265137
26,3,45,0.5753429532051086,0.7154290676116943,0.5829651355743408,0.7154290676116943,0.7285714149475098,0.47999998927116394
26,3,46,0.5712754130363464,0.7215313911437988,0.5788481831550598,0.7215313911437988,0.7214285731315613,0.5199999809265137
26,3,47,0.5670846104621887,0.7288994789123535,0.5745740532875061,0.7288994789123535,0.7214285731315613,0.47999998927116394
26,3,48,0.5627796649932861,0.7376859188079834,0.5701470971107483,0.7376859188079834,0.7285714149475098,0.47999998927116394
26,3,49,0.5583762526512146,0.7480038404464722,0.5655792951583862,0.7480038404464722,0.7142857313156128,0.47999998927116394
26,3,50,0.5538948774337769,0.7598980665206909,0.5608908534049988,0.7598980665206909,0.7142857313156128,0.5199999809265137
26,3,51,0.5493592619895935,0.7733176350593567,0.5561093091964722,0.7733176350593567,0.7071428298950195,0.5199999809265137
26,3,52,0.5447932481765747,0.7880980968475342,0.5512662529945374,0.7880980968475342,0.7071428298950195,0.5199999809265137
26,3,53,0.5402186512947083,0.8039636015892029,0.5463945269584656,0.8039636015892029,0.7142857313156128,0.5199999809265137
26,3,54,0.5356550812721252,0.8205503225326538,0.5415259599685669,0.8205503225326538,0.699999988079071,0.47999998927116394
27,3,1,0.6891896724700928,0.6769151091575623,0.7041059136390686,0.6769151091575623,0.4714285731315613,0.5600000023841858
27,3,2,0.6833270192146301,0.6687058806419373,0.6921170949935913,0.6687058806419373,0.5071428418159485,0.6399999856948853
27,3,3,0.6799702048301697,0.6631506085395813,0.6830326914787292,0.6631506085395813,0.5714285969734192,0.6399999856948853
27,3,4,0.6775460839271545,0.6598236560821533,0.6766486763954163,0.6598236560821533,0.6071428656578064,0.6399999856948853
27,3,5,0.675369918346405,0.6581016778945923,0.6722531914710999,0.6581016778945923,0.6714285612106323,0.6800000071525574
27,3,6,0.6731271743774414,0.6574470400810242,0.669200599193573,0.6574470400810242,0.6642857193946838,0.7200000286102295
27,3,7,0.6707687973976135,0.6574233174324036,0.6669878959655762,0.6574233174324036,0.6571428775787354,0.7599999904632568
27,3,8,0.6683527827262878,0.657673180103302,0.6652234792709351,0.657673180103302,0.6642857193946838,0.7599999904632568
27,3,9,0.6659362316131592,0.6579235196113586,0.6635980606079102,0.6579235196113586,0.6714285612106323,0.7599999904632568
27,3,10,0.6635408401489258,0.6580016613006592,0.6618878245353699,0.6580016613006592,0.6714285612106323,0.6800000071525574
27,3,11,0.6611618995666504,0.6578413248062134,0.6599652171134949,0.6578413248062134,0.6714285612106323,0.6800000071525574
27,3,12,0.6587856411933899,0.6574641466140747,0.6577960848808289,0.6574641466140747,0.6714285612106323,0.7200000286102295
27,3,13,0.656400203704834,0.6569440960884094,0.6554150581359863,0.6569440960884094,0.6785714030265808,0.7200000286102295
27,3,14,0.6539961099624634,0.6563701629638672,0.6528905630111694,0.6563701629638672,0.6714285612106323,0.7599999904632568
27,3,15,0.6515645980834961,0.655819296836853,0.6502926349639893,0.655819296836853,0.6928571462631226,0.7599999904632568
27,3,16,0.6490961909294128,0.6553422808647156,0.6476731300354004,0.6553422808647156,0.6928571462631226,0.7200000286102295
27,3,17,0.6465816497802734,0.6549617052078247,0.6450570821762085,0.6549617052078247,0.6928571462631226,0.7200000286102295
27,3,18,0.6440123915672302,0.6546780467033386,0.6424451470375061,0.6546780467033386,0.6928571462631226,0.7200000286102295
27,3,19,0.6413806676864624,0.6544786691665649,0.6398199796676636,0.6544786691665649,0.6928571462631226,0.7200000286102295
27,3,20,0.6386790871620178,0.6543472409248352,0.6371550559997559,0.6543472409248352,0.699999988079071,0.7200000286102295
27,3,21,0.6358997225761414,0.6542712450027466,0.6344217658042908,0.6542712450027466,0.699999988079071,0.7200000286102295
27,3,22,0.6330336928367615,0.6542466878890991,0.6315955519676208,0.6542466878890991,0.699999988079071,0.6800000071525574
27,3,23,0.630070686340332,0.654279351234436,0.6286576986312866,0.654279351234436,0.699999988079071,0.6800000071525574
27,3,24,0.6269991993904114,0.6543838381767273,0.6255954504013062,0.6543838381767273,0.6857143044471741,0.6399999856948853
27,3,25,0.6238061785697937,0.654580295085907,0.6223995685577393,0.654580295085907,0.6857143044471741,0.6399999856948853
27,3,26,0.6204778552055359,0.6548926830291748,0.6190617680549622,0.6548926830291748,0.7071428298950195,0.6399999856948853
27,3,27,0.6169988512992859,0.6553456783294678,0.6155716776847839,0.6553456783294678,0.699999988079071,0.6399999856948853
27,3,28,0.6133531928062439,0.655965268611908,0.611915647983551,0.655965268611908,0.699999988079071,0.6399999856948853
27,3,29,0.6095239520072937,0.6567794680595398,0.6080757975578308,0.6567794680595398,0.7142857313156128,0.6399999856948853
27,3,30,0.6054932475090027,0.6578211188316345,0.6040311455726624,0.6578211188316345,0.7214285731315613,0.6399999856948853
27,3,31,0.6012430191040039,0.6591305732727051,0.5997592806816101,0.6591305732727051,0.7214285731315613,0.6399999856948853
27,3,32,0.59675532579422,0.6607587933540344,0.5952379703521729,0.6607587933540344,0.7428571581840515,0.6000000238418579
27,3,33,0.5920129418373108,0.6627700328826904,0.5904468894004822,0.6627700328826904,0.7428571581840515,0.6000000238418579
27,3,34,0.5870006084442139,0.6652427911758423,0.5853692293167114,0.6652427911758423,0.7357142567634583,0.6000000238418579
27,3,35,0.5817066431045532,0.6682702898979187,0.5799919962882996,0.6682702898979187,0.7214285731315613,0.6000000238418579
27,3,36,0.5761246681213379,0.671959400177002,0.5743082165718079,0.671959400177002,0.7285714149475098,0.6000000238418579
27,3,37,0.5702555775642395,0.6764277815818787,0.568317711353302,0.6764277815818787,0.7214285731315613,0.6000000238418579
27,3,38,0.5641088485717773,0.6817973256111145,0.5620295405387878,0.6817973256111145,0.7214285731315613,0.5600000023841858
27,3,39,0.5577036142349243,0.688181459903717,0.5554634928703308,0.688181459903717,0.7357142567634583,0.5600000023841858
27,3,40,0.551067590713501,0.6956639289855957,0.548651397228241,0.6956639289855957,0.7428571581840515,0.5600000023841858
27,3,41,0.5442342758178711,0.7042694687843323,0.5416329503059387,0.7042694687843323,0.7428571581840515,0.5600000023841858
27,3,42,0.5372396111488342,0.713936448097229,0.5344510674476624,0.713936448097229,0.75,0.5199999809265137
27,3,43,0.5301171541213989,0.7245058417320251,0.5271444320678711,0.7245058417320251,0.7571428418159485,0.5199999809265137
27,3,44,0.5228977799415588,0.7357473969459534,0.519745409488678,0.7357473969459534,0.7642857432365417,0.5199999809265137
27,3,45,0.5156117081642151,0.7474183440208435,0.5122820734977722,0.7474183440208435,0.7642857432365417,0.47999998927116394
27,3,46,0.5082947611808777,0.7593343257904053,0.5047875046730042,0.7593343257904053,0.7785714268684387,0.47999998927116394
27,3,47,0.5009945631027222,0.7714113593101501,0.4973074197769165,0.7714113593101501,0.7857142686843872,0.47999998927116394
28,3,1,0.6964243054389954,0.677207350730896,0.6891438364982605,0.677207350730896,0.5642856955528259,0.6000000238418579
28,3,2,0.6886087656021118,0.6829986572265625,0.6877427697181702,0.6829986572265625,0.5785714387893677,0.5199999809265137
28,3,3,0.683102548122406,0.6861055493354797,0.6840217709541321,0.6861055493354797,0.5785714387893677,0.47999998927116394
28,3,4,0.6780646443367004,0.6877745985984802,0.6791905164718628,0.6877745985984802,0.5928571224212646,0.47999998927116394
28,3,5,0.6733046174049377,0.6888386011123657,0.6738643050193787,0.6888386011123657,0.6214285492897034,0.5199999809265137
28,3,6,0.6687597036361694,0.6898546814918518,0.6684545278549194,0.6898546814918518,0.6499999761581421,0.47999998927116394
28,3,7,0.6643794178962708,0.6911416053771973,0.6632075309753418,0.6911416053771973,0.6642857193946838,0.47999998927116394
28,3,8,0.660114586353302,0.6928269863128662,0.6582356095314026,0.6928269863128662,0.6785714030265808,0.5199999809265137
28,3,9,0.6559262871742249,0.6949065923690796,0.6535567045211792,0.6949065923690796,0.6928571462631226,0.5199999809265137
28,3,10,0.6517916917800903,0.6973005533218384,0.6491314768791199,0.6973005533218384,0.6928571462631226,0.47999998927116394
28,3,11,0.6477002501487732,0.6999002695083618,0.6448937058448792,0.6999002695083618,0.699999988079071,0.4399999976158142
28,3,12,0.6436468958854675,0.7026042342185974,0.6407718658447266,0.7026042342185974,0.699999988079071,0.4399999976158142
28,3,13,0.6396266222000122,0.7053399085998535,0.6367032527923584,0.7053399085998535,0.7071428298950195,0.47999998927116394
28,3,14,0.6356310844421387,0.7080720663070679,0.6326423287391663,0.7080720663070679,0.6857143044471741,0.4000000059604645
28,3,15,0.6316487193107605,0.7108003497123718,0.628561794757843,0.7108003497123718,0.6928571462631226,0.4000000059604645
28,3,16,0.6276661157608032,0.7135484218597412,0.6244497895240784,0.7135484218597412,0.6928571462631226,0.4000000059604645
28,3,17,0.6236686706542969,0.7163512706756592,0.6203043460845947,0.7163512706756592,0.6857143044471741,0.4000000059604645
28,3,18,0.6196425557136536,0.7192440629005432,0.6161263585090637,0.7192440629005432,0.6928571462631226,0.4000000059604645
28,3,19,0.61557537317276,0.7222551107406616,0.6119160652160645,0.7222551107406616,0.6928571462631226,0.4000000059604645
28,3,20,0.6114566326141357,0.7254034280776978,0.6076699495315552,0.7254034280776978,0.6928571462631226,0.4000000059604645
28,3,21,0.6072787642478943,0.7287002801895142,0.6033804416656494,0.7287002801895142,0.699999988079071,0.4000000059604645
28,3,22,0.6030358672142029,0.7321524620056152,0.5990378260612488,0.7321524620056152,0.7071428298950195,0.4000000059604645
28,3,23,0.5987244844436646,0.7357676029205322,0.594632089138031,0.7357676029205322,0.7142857313156128,0.4000000059604645
28,3,24,0.5943426489830017,0.7395562529563904,0.5901549458503723,0.7395562529563904,0.7142857313156128,0.4000000059604645
28,3,25,0.589890718460083,0.7435343265533447,0.5856018662452698,0.7435343265533447,0.7214285731315613,0.4000000059604645
28,3,26,0.5853707194328308,0.747721254825592,0.5809727311134338,0.747721254825592,0.7214285731315613,0.4000000059604645
29,3,1,0.7007184624671936,0.6983906626701355,0.7075052261352539,0.6983906626701355,0.4571428596973419,0.47999998927116394
29,3,2,0.6958872675895691,0.6946370601654053,0.6998673677444458,0.6946370601654053,0.48571428656578064,0.5199999809265137
29,3,3,0.6922414302825928,0.6917253136634827,0.6942326426506042,0.6917253136634827,0.5071428418159485,0.6000000238418579
29,3,4,0.6888722777366638,0.6894746422767639,0.6896148324012756,0.6894746422767639,0.5357142686843872,0.6000000238418579
29,3,5,0.6856509447097778,0.6877196431159973,0.6857538223266602,0.6877196431159973,0.5857142806053162,0.6399999856948853
29,3,6,0.6825255155563354,0.6863136291503906,0.6824184060096741,0.6863136291503906,0.6071428656578064,0.6399999856948853
29,3,7,0.679474949836731,0.6851328015327454,0.6794072389602661,0.6851328015327454,0.6142857074737549,0.6399999856948853
29,3,8,0.6764872074127197,0.6840810179710388,0.6765568256378174,0.6840810179710388,0.6214285492897034,0.6399999856948853
29,3,9,0.6735514402389526,0.6830947399139404,0.6737502813339233,0.6830947399139404,0.6285714507102966,0.6399999856948853
29,3,10,0.6706562042236328,0.6821420192718506,0.6709184646606445,0.6821420192718506,0.6428571343421936,0.6800000071525574
29,3,11,0.6677912473678589,0.68121737241745,0.66803377866745,0.68121737241745,0.6428571343421936,0.6800000071525574
29,3,12,0.6649477481842041,0.6803315877914429,0.6650989651679993,0.6803315877914429,0.6428571343421936,0.6399999856948853
29,3,13,0.6621178984642029,0.6795015931129456,0.6621319055557251,0.6795015931129456,0.6499999761581421,0.6399999856948853
29,3,14,0.659294068813324,0.6787433624267578,0.6591534614562988,0.6787433624267578,0.6571428775787354,0.6000000238418579
29,3,15,0.6564687490463257,0.6780676245689392,0.6561785936355591,0.6780676245689392,0.6571428775787354,0.6000000238418579
29,3,16,0.6536344289779663,0.6774791479110718,0.6532132029533386,0.6774791479110718,0.6785714030265808,0.6000000238418579
29,3,17,0.6507837176322937,0.6769779324531555,0.6502537131309509,0.6769779324531555,0.6714285612106323,0.6000000238418579
29,3,18,0.6479096412658691,0.6765615344047546,0.647290050983429,0.6765615344047546,0.6714285612106323,0.6000000238418579
29,3,19,0.6450058817863464,0.6762279272079468,0.6443084478378296,0.6762279272079468,0.6571428775787354,0.5600000023841858
29,3,20,0.642066240310669,0.675977885723114,0.641295313835144,0.675977885723114,0.6642857193946838,0.5199999809265137
29,3,21,0.6390854716300964,0.6758154034614563,0.6382386088371277,0.6758154034614563,0.6571428775787354,0.5199999809265137
29,3,22,0.6360582709312439,0.6757490634918213,0.6351298689842224,0.6757490634918213,0.6571428775787354,0.5199999809265137
29,3,23,0.6329801082611084,0.6757915019989014,0.6319632530212402,0.6757915019989014,0.6714285612106323,0.5199999809265137
29,3,24,0.6298469305038452,0.6759586930274963,0.6287355422973633,0.6759586930274963,0.6785714030265808,0.5199999809265137
29,3,25,0.6266553997993469,0.676270067691803,0.6254449486732483,0.676270067691803,0.6785714030265808,0.5199999809265137
29,3,26,0.6234028935432434,0.6767471432685852,0.622090220451355,0.6767471432685852,0.6642857193946838,0.5199999809265137
29,3,27,0.6200882196426392,0.6774142980575562,0.6186705231666565,0.6774142980575562,0.6714285612106323,0.5199999809265137
29,3,28,0.616711437702179,0.6782988905906677,0.615185558795929,0.6782988905906677,0.6785714030265808,0.5199999809265137
29,3,29,0.6132745742797852,0.6794301867485046,0.6116361021995544,0.6794301867485046,0.6714285612106323,0.5199999809265137
29,3,30,0.6097818613052368,0.6808404326438904,0.6080250144004822,0.6808404326438904,0.6785714030265808,0.5199999809265137
29,3,31,0.6062400341033936,0.682563304901123,0.6043584942817688,0.682563304901123,0.6785714030265808,0.5199999809265137
29,3,32,0.6026580929756165,0.68463134765625,0.6006455421447754,0.68463134765625,0.6928571462631226,0.5199999809265137
29,3,33,0.5990480184555054,0.6870739459991455,0.5968992710113525,0.6870739459991455,0.7071428298950195,0.5600000023841858
29,3,34,0.5954234004020691,0.6899124979972839,0.5931357145309448,0.6899124979972839,0.7071428298950195,0.5600000023841858
29,3,35,0.5917993783950806,0.6931560039520264,0.5893731713294983,0.6931560039520264,0.7142857313156128,0.5600000023841858
29,3,36,0.5881905555725098,0.6967965960502625,0.5856303572654724,0.6967965960502625,0.7214285731315613,0.5600000023841858
29,3,37,0.5846098065376282,0.7008049488067627,0.5819251537322998,0.7008049488067627,0.7214285731315613,0.5600000023841858
29,3,38,0.581065833568573,0.7051292657852173,0.5782715678215027,0.7051292657852173,0.7214285731315613,0.5199999809265137
29,3,39,0.57756108045578,0.7096957564353943,0.5746784806251526,0.7096957564353943,0.7142857313156128,0.5199999809265137
29,3,40,0.5740911364555359,0.7144142389297485,0.571146547794342,0.7144142389297485,0.7142857313156128,0.5199999809265137
29,3,41,0.5706442594528198,0.7191857695579529,0.5676687359809875,0.7191857695579529,0.7142857313156128,0.5199999809265137
29,3,42,0.5672038197517395,0.7239140868186951,0.5642300844192505,0.7239140868186951,0.7214285731315613,0.5600000023841858
29,3,43,0.5637512803077698,0.7285151481628418,0.560810923576355,0.7285151481628418,0.7214285731315613,0.5600000023841858
29,3,44,0.5602691769599915,0.7329259514808655,0.557390570640564,0.7329259514808655,0.7285714149475098,0.6000000238418579
29,3,45,0.556745171546936,0.7371077537536621,0.5539511442184448,0.7371077537536621,0.7285714149475098,0.6399999856948853
29,3,46,0.55317223072052,0.7410451769828796,0.5504797697067261,0.7410451769828796,0.7428571581840515,0.6399999856948853
29,3,47,0.5495498180389404,0.7447420358657837,0.5469694137573242,0.7447420358657837,0.7428571581840515,0.6399999856948853
30,3,1,0.7016466856002808,0.6927086710929871,0.7200531959533691,0.6927086710929871,0.4285714328289032,0.47999998927116394
30,3,2,0.6959468722343445,0.6877745985984802,0.708258330821991,0.6877745985984802,0.44999998807907104,0.6000000238418579
30,3,3,0.692546010017395,0.684347927570343,0.7005533576011658,0.684347927570343,0.4714285731315613,0.6000000238418579
30,3,4,0.6899023652076721,0.6818543076515198,0.695039689540863,0.6818543076515198,0.5,0.5600000023841858
30,3,5,0.6876010894775391,0.6799396276473999,0.6910373568534851,0.6799396276473999,0.5428571701049805,0.5600000023841858
30,3,6,0.6854499578475952,0.6783868670463562,0.688067615032196,0.6783868670463562,0.5571428537368774,0.5600000023841858
30,3,7,0.683373749256134,0.6770581603050232,0.6857697367668152,0.6770581603050232,0.550000011920929,0.5600000023841858
30,3,8,0.6813485026359558,0.6758570075035095,0.6838656067848206,0.6758570075035095,0.550000011920929,0.5600000023841858
30,3,9,0.6793643832206726,0.6747126579284668,0.6821438670158386,0.6747126579284668,0.550000011920929,0.5199999809265137
30,3,10,0.6774114370346069,0.6735761165618896,0.6804543733596802,0.6735761165618896,0.5642856955528259,0.5199999809265137
30,3,11,0.6754782795906067,0.6724197268486023,0.6787043809890747,0.6724197268486023,0.5714285969734192,0.5199999809265137
30,3,12,0.6735551357269287,0.6712344288825989,0.6768516302108765,0.6712344288825989,0.5642856955528259,0.5199999809265137
30,3,13,0.6716352105140686,0.6700238585472107,0.6748918890953064,0.6700238585472107,0.550000011920929,0.47999998927116394
30,3,14,0.6697143316268921,0.6687992811203003,0.6728444695472717,0.6687992811203003,0.5642856955528259,0.47999998927116394
30,3,15,0.6677894592285156,0.6675720810890198,0.6707379817962646,0.6675720810890198,0.5642856955528259,0.5600000023841858
30,3,16,0.6658576726913452,0.6663520336151123,0.66860032081604,0.6663520336151123,0.5714285969734192,0.5600000023841858
30,3,17,0.6639153361320496,0.6651445031166077,0.666451632976532,0.6651445031166077,0.5785714387893677,0.5600000023841858
30,3,18,0.6619575023651123,0.6639511585235596,0.6643028259277344,0.6639511585235596,0.5928571224212646,0.6000000238418579
30,3,19,0.6599791049957275,0.6627704501152039,0.6621550917625427,0.6627704501152039,0.6000000238418579,0.6000000238418579
30,3,20,0.6579744219779968,0.6615989208221436,0.6600024700164795,0.6615989208221436,0.6000000238418579,0.6000000238418579
30,3,21,0.655937671661377,0.6604322791099548,0.657834529876709,0.6604322791099548,0.6071428656578064,0.6000000238418579
30,3,22,0.6538628935813904,0.6592665910720825,0.6556386351585388,0.6592665910720825,0.6142857074737549,0.6000000238418579
30,3,23,0.6517441868782043,0.6580987572669983,0.6534020304679871,0.6580987572669983,0.6285714507102966,0.6000000238418579
30,3,24,0.6495756506919861,0.6569269299507141,0.6511133909225464,0.6569269299507141,0.6285714507102966,0.6000000238418579
30,3,25,0.6473512649536133,0.6557508707046509,0.6487631797790527,0.6557508707046509,0.6285714507102966,0.6000000238418579
30,3,26,0.6450647115707397,0.654571533203125,0.6463431715965271,0.654571533203125,0.6285714507102966,0.6000000238418579
30,3,27,0.6427099108695984,0.653391420841217,0.6438469290733337,0.653391420841217,0.6285714507102966,0.6000000238418579
30,3,28,0.6402800679206848,0.6522142291069031,0.6412683129310608,0.6522142291069031,0.6214285492897034,0.6000000238418579
30,3,29,0.6377686858177185,0.651045560836792,0.6386013627052307,0.651045560836792,0.6214285492897034,0.6000000238418579
30,3,30,0.6351685523986816,0.6498922109603882,0.6358397006988525,0.6498922109603882,0.6142857074737549,0.6000000238418579
30,3,31,0.6324731707572937,0.64876389503479,0.6329761743545532,0.64876389503479,0.6285714507102966,0.6000000238418579
30,3,32,0.6296754479408264,0.6476731300354004,0.6300033330917358,0.6476731300354004,0.6285714507102966,0.6000000238418579
30,3,33,0.6267690062522888,0.6466366648674011,0.6269139051437378,0.6466366648674011,0.6357142925262451,0.6000000238418579
30,3,34,0.623748242855072,0.6456763744354248,0.6237007975578308,0.6456763744354248,0.6428571343421936,0.6000000238418579
30,3,35,0.6206083297729492,0.6448206305503845,0.6203583478927612,0.6448206305503845,0.6499999761581421,0.6000000238418579
30,3,36,0.6173461079597473,0.6441055536270142,0.6168830394744873,0.6441055536270142,0.6571428775787354,0.6000000238418579
30,3,37,0.6139605641365051,0.6435767412185669,0.6132743954658508,0.6435767412185669,0.6642857193946838,0.6000000238418579
30,3,38,0.6104530096054077,0.6432898640632629,0.609535813331604,0.6432898640632629,0.6642857193946838,0.6000000238418579
30,3,39,0.6068283915519714,0.6433115601539612,0.605675220489502,0.6433115601539612,0.6642857193946838,0.6000000238418579
30,3,40,0.6030950546264648,0.6437184810638428,0.6017064452171326,0.6437184810638428,0.6642857193946838,0.5600000023841858
30,3,41,0.5992655158042908,0.6445943713188171,0.597649097442627,0.6445943713188171,0.6642857193946838,0.5600000023841858
30,3,42,0.5953554511070251,0.646024227142334,0.5935288071632385,0.646024227142334,0.6571428775787354,0.5600000023841858
30,3,43,0.5913822650909424,0.6480838060379028,0.5893756747245789,0.6480838060379028,0.6714285612106323,0.5600000023841858
30,3,44,0.5873627662658691,0.6508246660232544,0.5852214097976685,0.6508246660232544,0.6642857193946838,0.6000000238418579
30,3,45,0.5833089351654053,0.6542560458183289,0.5810931324958801,0.6542560458183289,0.6642857193946838,0.6000000238418579
30,3,46,0.5792233347892761,0.6583297848701477,0.5770066976547241,0.6583297848701477,0.6785714030265808,0.6000000238418579
30,3,47,0.5750955939292908,0.6629321575164795,0.5729588270187378,0.6629321575164795,0.6714285612106323,0.6000000238418579
30,3,48,0.5709015727043152,0.667894721031189,0.5689237117767334,0.667894721031189,0.6785714030265808,0.6000000238418579
30,3,49,0.5666068196296692,0.6730232834815979,0.5648554563522339,0.6730232834815979,0.6857143044471741,0.6000000238418579
30,3,50,0.5621742606163025,0.6781408190727234,0.5606974363327026,0.6781408190727234,0.6857143044471741,0.6000000238418579
30,3,51,0.5575734376907349,0.68312668800354,0.5563961863517761,0.68312668800354,0.6928571462631226,0.6000000238418579
30,3,52,0.5527868270874023,0.6879408359527588,0.5519125461578369,0.6879408359527588,0.6928571462631226,0.6000000238418579
30,3,53,0.5478119254112244,0.6926212310791016,0.5472283363342285,0.6926212310791016,0.6857143044471741,0.6000000238418579
30,3,54,0.542658805847168,0.6972629427909851,0.5423455834388733,0.6972629427909851,0.6857143044471741,0.6000000238418579
30,3,55,0.5373470187187195,0.701988160610199,0.5372822880744934,0.701988160610199,0.699999988079071,0.6000000238418579
30,3,56,0.5319024920463562,0.7069145441055298,0.5320674180984497,0.7069145441055298,0.699999988079071,0.6000000238418579
30,3,57,0.526355504989624,0.7121315598487854,0.5267359018325806,0.7121315598487854,0.7142857313156128,0.6000000238418579
30,3,58,0.5207391977310181,0.7176854014396667,0.5213238000869751,0.7176854014396667,0.7142857313156128,0.6000000238418579
30,3,59,0.5150851011276245,0.7235758900642395,0.515863299369812,0.7235758900642395,0.7285714149475098,0.6000000238418579
30,3,60,0.5094197988510132,0.7297682762145996,0.5103790163993835,0.7297682762145996,0.7285714149475098,0.6000000238418579
30,3,61,0.5037610530853271,0.736214816570282,0.5048861503601074,0.736214816570282,0.7285714149475098,0.6000000238418579
30,3,62,0.49811699986457825,0.7428809404373169,0.4993911683559418,0.7428809404373169,0.75,0.6000000238418579
30,3,63,0.4924875497817993,0.7497657537460327,0.4938950538635254,0.7497657537460327,0.75,0.5600000023841858
31,4,1,0.6968837380409241,0.6804215312004089,0.7177060842514038,0.6804215312004089,0.4532374143600464,0.6000000238418579
31,4,2,0.6891478896141052,0.6767054796218872,0.6998873353004456,0.6767054796218872,0.4748201370239258,0.5600000023841858
31,4,3,0.6856377720832825,0.6755259037017822,0.6912503838539124,0.6755259037017822,0.5251798629760742,0.5600000023841858
31,4,4,0.6831763982772827,0.675734281539917,0.6863632202148438,0.675734281539917,0.5611510872840881,0.5600000023841858
31,4,5,0.6810710430145264,0.6767348647117615,0.6836336255073547,0.6767348647117615,0.597122311592102,0.5600000023841858
31,4,6,0.6791310906410217,0.6781430840492249,0.6821383237838745,0.6781430840492249,0.6258992552757263,0.5600000023841858
31,4,7,0.6773078441619873,0.6796661615371704,0.6812400817871094,0.6796661615371704,0.6402877569198608,0.6000000238418579
31,4,8,0.6755620241165161,0.6810838580131531,0.6804766058921814,0.6810838580131531,0.633093535900116,0.6000000238418579
31,4,9,0.6738429665565491,0.6822656393051147,0.6795436143875122,0.6822656393051147,0.6402877569198608,0.6000000238418579
31,4,10,0.6721068024635315,0.6831760406494141,0.6782930493354797,0.6831760406494141,0.6474820375442505,0.6000000238418579
31,4,11,0.6703320145606995,0.6838536262512207,0.6767110228538513,0.6838536262512207,0.6690647602081299,0.6000000238418579
31,4,12,0.6685185432434082,0.6843751668930054,0.6748707890510559,0.6843751668930054,0.6690647602081299,0.6000000238418579
31,4,13,0.6666773557662964,0.6848209500312805,0.672880232334137,0.6848209500312805,0.6834532618522644,0.6000000238418579
31,4,14,0.6648204922676086,0.6852529048919678,0.6708394885063171,0.6852529048919678,0.6834532618522644,0.5600000023841858
31,4,15,0.6629554033279419,0.6857060194015503,0.6688178777694702,0.6857060194015503,0.6834532618522644,0.6000000238418579
31,4,16,0.6610840559005737,0.6861894726753235,0.666847288608551,0.6861894726753235,0.6978417038917542,0.5199999809265137
31,4,17,0.6592035889625549,0.6866948008537292,0.6649280190467834,0.6866948008537292,0.7122302055358887,0.5600000023841858
31,4,18,0.6573082804679871,0.6872032284736633,0.6630392670631409,0.6872032284736633,0.7122302055358887,0.5199999809265137
31,4,19,0.6553905606269836,0.6876943111419678,0.6611508131027222,0.6876943111419678,0.7122302055358887,0.5199999809265137
31,4,20,0.6534420251846313,0.6881511807441711,0.6592330932617188,0.6881511807441711,0.7122302055358887,0.5199999809265137
31,4,21,0.6514548659324646,0.6885632872581482,0.6572629809379578,0.6885632872581482,0.7050359845161438,0.5199999809265137
31,4,22,0.6494212746620178,0.6889261603355408,0.6552254557609558,0.6889261603355408,0.7050359845161438,0.5199999809265137
31,4,23,0.6473342776298523,0.6892399787902832,0.653113603591919,0.6892399787902832,0.7122302055358887,0.5199999809265137
31,4,24,0.6451870203018188,0.6895065307617188,0.6509247422218323,0.6895065307617188,0.7122302055358887,0.5199999809265137
31,4,25,0.6429724097251892,0.6897270083427429,0.6486573219299316,0.6897270083427429,0.6978417038917542,0.5199999809265137
31,4,26,0.6406822204589844,0.6898996829986572,0.6463080644607544,0.6898996829986572,0.6978417038917542,0.5199999809265137
31,4,27,0.6383069753646851,0.6900203227996826,0.6438697576522827,0.6900203227996826,0.6978417038917542,0.5199999809265137
31,4,28,0.6358359456062317,0.6900812387466431,0.6413310766220093,0.6900812387466431,0.6978417038917542,0.47999998927116394
32,4,1,0.6929993033409119,0.701972484588623,0.7116989493370056,0.701972484588623,0.4100719392299652,0.4399999976158142
32,4,2,0.6860700845718384,0.6971447467803955,0.6965765953063965,0.6971447467803955,0.4532374143600464,0.4000000059604645
32,4,3,0.6822760105133057,0.6952593922615051,0.6885773539543152,0.6952593922615051,0.5323740839958191,0.4399999976158142
32,4,4,0.6792688965797424,0.6949710845947266,0.6834812760353088,0.6949710845947266,0.5395683646202087,0.4399999976158142
32,4,5,0.6765702366828918,0.6955991983413696,0.6801013946533203,0.6955991983413696,0.5467625856399536,0.47999998927116394
32,4,6,0.6740367412567139,0.696718692779541,0.6777456998825073,0.696718692779541,0.5611510872840881,0.47999998927116394
32,4,7,0.6716233491897583,0.6980334520339966,0.6759319305419922,0.6980334520339966,0.5755395889282227,0.47999998927116394
32,4,8,0.6692979335784912,0.6993398070335388,0.6743085384368896,0.6993398070335388,0.5755395889282227,0.5199999809265137
32,4,9,0.6670235395431519,0.7005192041397095,0.6726385354995728,0.7005192041397095,0.597122311592102,0.5199999809265137
32,4,10,0.6647664904594421,0.701531171798706,0.6707935333251953,0.701531171798706,0.6115108132362366,0.5600000023841858
32,4,11,0.6625050902366638,0.7023937106132507,0.6687385439872742,0.7023937106132507,0.6187050342559814,0.5600000023841858
32,4,12,0.6602312922477722,0.7031581401824951,0.6665033102035522,0.7031581401824951,0.6115108132362366,0.5600000023841858
32,4,13,0.6579464673995972,0.7038831114768982,0.6641495227813721,0.7038831114768982,0.6258992552757263,0.5600000023841858
32,4,14,0.6556547284126282,0.7046193480491638,0.6617427468299866,0.7046193480491638,0.6474820375442505,0.5199999809265137
32,4,15,0.6533596515655518,0.7054004669189453,0.6593344807624817,0.7054004669189453,0.633093535900116,0.5199999809265137
32,4,16,0.6510621309280396,0.7062423825263977,0.6569543480873108,0.7062423825263977,0.6402877569198608,0.5199999809265137
32,4,17,0.648760199546814,0.7071475386619568,0.6546111106872559,0.7071475386619568,0.6474820375442505,0.5199999809265137
32,4,18,0.646449625492096,0.7081092596054077,0.6522970199584961,0.7081092596054077,0.6546762585639954,0.5199999809265137
32,4,19,0.6441248655319214,0.7091181874275208,0.6499950289726257,0.7091181874275208,0.6618704795837402,0.5199999809265137
32,4,20,0.6417794823646545,0.7101653218269348,0.6476847529411316,0.7101653218269348,0.6690647602081299,0.5199999809265137
32,4,21,0.6394070386886597,0.7112454771995544,0.645347535610199,0.7112454771995544,0.6690647602081299,0.5199999809265137
32,4,22,0.6370010375976562,0.7123576402664185,0.6429689526557922,0.7123576402664185,0.6690647602081299,0.5600000023841858
32,4,23,0.6345558762550354,0.7135052680969238,0.6405400037765503,0.7135052680969238,0.6690647602081299,0.5600000023841858
32,4,24,0.6320662498474121,0.714694082736969,0.6380554437637329,0.714694082736969,0.6690647602081299,0.5600000023841858
32,4,25,0.6295275092124939,0.7159317135810852,0.6355131268501282,0.7159317135810852,0.6762589812278748,0.5600000023841858
32,4,26,0.6269349455833435,0.7172260284423828,0.6329116225242615,0.7172260284423828,0.6834532618522644,0.5600000023841858
32,4,27,0.624284029006958,0.7185842394828796,0.6302486658096313,0.7185842394828796,0.6978417038917542,0.5600000023841858
32,4,28,0.6215701103210449,0.7200127243995667,0.627520740032196,0.7200127243995667,0.6906474828720093,0.5600000023841858
32,4,29,0.6187882423400879,0.7215177416801453,0.6247225999832153,0.7215177416801453,0.6978417038917542,0.5199999809265137
33,4,1,0.7010507583618164,0.6902378797531128,0.7187125086784363,0.6902378797531128,0.4460431635379791,0.47999998927116394
33,4,2,0.6954609155654907,0.686485767364502,0.708528459072113,0.686485767364502,0.4316546618938446,0.47999998927116394
33,4,3,0.6917798519134521,0.6847131848335266,0.7019572257995605,0.6847131848335266,0.4460431635379791,0.5199999809265137
33,4,4,0.6886078119277954,0.6843016147613525,0.6970832943916321,0.6843016147613525,0.4748201370239258,0.5600000023841858
33,4,5,0.6857097744941711,0.6848076581954956,0.6933271288871765,0.6848076581954956,0.48201438784599304,0.5199999809265137
33,4,6,0.682986319065094,0.6858785152435303,0.6903168559074402,0.6858785152435303,0.4892086386680603,0.5199999809265137
33,4,7,0.6803880929946899,0.6872329711914062,0.6877704858779907,0.6872329711914062,0.5035971403121948,0.47999998927116394
33,4,8,0.6778831481933594,0.6886600255966187,0.6854718327522278,0.6886600255966187,0.5179855823516846,0.47999998927116394
33,4,9,0.6754451990127563,0.6900204420089722,0.6832637786865234,0.6900204420089722,0.5323740839958191,0.47999998927116394
33,4,10,0.6730533242225647,0.6912416815757751,0.6810464262962341,0.6912416815757751,0.5395683646202087,0.47999998927116394
33,4,11,0.6706921458244324,0.6923065781593323,0.6787715554237366,0.6923065781593323,0.5467625856399536,0.47999998927116394
33,4,12,0.6683527231216431,0.6932350993156433,0.6764299273490906,0.6932350993156433,0.5539568066596985,0.47999998927116394
33,4,13,0.6660313606262207,0.6940659880638123,0.674036979675293,0.6940659880638123,0.568345308303833,0.5199999809265137
33,4,14,0.663726806640625,0.6948423981666565,0.6716192960739136,0.6948423981666565,0.5827338099479675,0.5199999809265137
33,4,15,0.6614384651184082,0.6956002712249756,0.6692030429840088,0.6956002712249756,0.597122311592102,0.5199999809265137
33,4,16,0.6591648459434509,0.6963636875152588,0.6668073534965515,0.6963636875152588,0.5899280309677124,0.5199999809265137
33,4,17,0.6569035053253174,0.6971437931060791,0.664441704750061,0.6971437931060791,0.6043165326118469,0.5600000023841858
33,4,18,0.6546501517295837,0.6979405879974365,0.6621065735816956,0.6979405879974365,0.6258992552757263,0.5600000023841858
33,4,19,0.6523999571800232,0.6987467408180237,0.6597952246665955,0.6987467408180237,0.633093535900116,0.5600000023841858
33,4,20,0.6501474976539612,0.6995511054992676,0.6574967503547668,0.6995511054992676,0.6402877569198608,0.5600000023841858
33,4,21,0.6478868722915649,0.7003416419029236,0.6551991701126099,0.7003416419029236,0.6546762585639954,0.5600000023841858
33,4,22,0.6456127762794495,0.7011077404022217,0.6528909206390381,0.7011077404022217,0.6618704795837402,0.5600000023841858
33,4,23,0.6433199644088745,0.7018409967422485,0.6505626440048218,0.7018409967422485,0.6690647602081299,0.5600000023841858
33,4,24,0.6410040259361267,0.7025349140167236,0.6482073068618774,0.7025349140167236,0.6834532618522644,0.5600000023841858
33,4,25,0.6386604309082031,0.7031844854354858,0.6458198428153992,0.7031844854354858,0.6834532618522644,0.5600000023841858
33,4,26,0.6362856030464172,0.7037841081619263,0.6433965563774109,0.7037841081619263,0.6762589812278748,0.5600000023841858
33,4,27,0.6338753700256348,0.7043269872665405,0.6409342288970947,0.7043269872665405,0.6834532618522644,0.5600000023841858
33,4,28,0.6314263343811035,0.7048038244247437,0.6384294629096985,0.7048038244247437,0.6834532618522644,0.5600000023841858
33,4,29,0.628934383392334,0.7052026987075806,0.6358780860900879,0.7052026987075806,0.6834532618522644,0.5600000023841858
34,4,1,0.6999750137329102,0.6674286723136902,0.6810752749443054,0.6674286723136902,0.6000000238418579,0.5600000023841858
34,4,2,0.6933531761169434,0.6708033084869385,0.679862916469574,0.6708033084869385,0.5714285969734192,0.7200000286102295
34,4,3,0.6895909309387207,0.6739055514335632,0.6815160512924194,0.6739055514335632,0.5857142806053162,0.6800000071525574
34,4,4,0.6868783235549927,0.6761143207550049,0.6828874349594116,0.6761143207550049,0.5714285969734192,0.6000000238418579
34,4,5,0.6846798062324524,0.677193284034729,0.6833530068397522,0.677193284034729,0.5214285850524902,0.5600000023841858
34,4,6,0.6826637983322144,0.677232563495636,0.6827447414398193,0.677232563495636,0.5285714268684387,0.6000000238418579
34,4,7,0.6806771159172058,0.6765149831771851,0.6812005043029785,0.6765149831771851,0.5428571701049805,0.6000000238418579
34,4,8,0.678678035736084,0.675373375415802,0.6790095567703247,0.675373375415802,0.5428571701049805,0.6399999856948853
34,4,9,0.6766694188117981,0.6740925312042236,0.6764801740646362,0.6740925312042236,0.5571428537368774,0.6399999856948853
34,4,10,0.6746582984924316,0.6728670001029968,0.6738595962524414,0.6728670001029968,0.5785714387893677,0.6800000071525574
34,4,11,0.6726438999176025,0.6717996001243591,0.671306312084198,0.6717996001243591,0.5857142806053162,0.6399999856948853
34,4,12,0.6706207394599915,0.670921802520752,0.6688961386680603,0.670921802520752,0.6071428656578064,0.6399999856948853
34,4,13,0.6685834527015686,0.6702180504798889,0.6666430830955505,0.6702180504798889,0.6071428656578064,0.6800000071525574
34,4,14,0.6665297150611877,0.6696481108665466,0.6645224094390869,0.6696481108665466,0.6142857074737549,0.6800000071525574
34,4,15,0.6644588708877563,0.6691646575927734,0.6624901294708252,0.6691646575927734,0.6285714507102966,0.6800000071525574
34,4,16,0.6623698472976685,0.668724000453949,0.6604980230331421,0.668724000453949,0.6357142925262451,0.6800000071525574
34,4,17,0.6602604985237122,0.6682937741279602,0.658502995967865,0.6682937741279602,0.6499999761581421,0.6399999856948853
34,4,18,0.6581268310546875,0.6678550243377686,0.65647292137146,0.6678550243377686,0.6571428775787354,0.6399999856948853
34,4,19,0.655963659286499,0.6674010753631592,0.654387891292572,0.6674010753631592,0.6571428775787354,0.6399999856948853
34,4,20,0.6537649631500244,0.666934609413147,0.652238667011261,0.666934609413147,0.6571428775787354,0.6399999856948853
34,4,21,0.651524007320404,0.66646409034729,0.6500236392021179,0.66646409034729,0.6499999761581421,0.6399999856948853
34,4,22,0.6492346525192261,0.6659998893737793,0.6477450728416443,0.6659998893737793,0.6571428775787354,0.6399999856948853
34,4,23,0.6468899250030518,0.6655520796775818,0.645405650138855,0.6655520796775818,0.6499999761581421,0.6399999856948853
34,4,24,0.6444832682609558,0.6651281714439392,0.6430065035820007,0.6651281714439392,0.6428571343421936,0.6399999856948853
34,4,25,0.6420075297355652,0.6647338271141052,0.6405456066131592,0.6647338271141052,0.6428571343421936,0.6399999856948853
34,4,26,0.6394560933113098,0.6643723249435425,0.6380177140235901,0.6643723249435425,0.6499999761581421,0.6399999856948853
34,4,27,0.636820912361145,0.6640467047691345,0.6354146599769592,0.6640467047691345,0.6499999761581421,0.6399999856948853
34,4,28,0.6340944766998291,0.6637599468231201,0.6327264308929443,0.6637599468231201,0.6499999761581421,0.6399999856948853
34,4,29,0.6312680840492249,0.6635164022445679,0.6299417018890381,0.6635164022445679,0.6499999761581421,0.6399999856948853
34,4,30,0.6283327341079712,0.6633232235908508,0.6270487904548645,0.6633232235908508,0.6571428775787354,0.6000000238418579
34,4,31,0.6252790093421936,0.6631902456283569,0.6240358352661133,0.6631902456283569,0.6571428775787354,0.6000000238418579
34,4,32,0.6220970749855042,0.6631307005882263,0.620891273021698,0.6631307005882263,0.6571428775787354,0.6000000238418579
34,4,33,0.6187771558761597,0.6631620526313782,0.6176039576530457,0.6631620526313782,0.6571428775787354,0.6000000238418579
34,4,34,0.61531001329422,0.6633059978485107,0.614162802696228,0.6633059978485107,0.6571428775787354,0.6000000238418579
34,4,35,0.6116871237754822,0.6635892391204834,0.6105569005012512,0.6635892391204834,0.6571428775787354,0.6000000238418579
34,4,36,0.6079022884368896,0.6640443205833435,0.6067763566970825,0.6640443205833435,0.6642857193946838,0.6000000238418579
34,4,37,0.603951632976532,0.6647112965583801,0.6028121113777161,0.6647112965583801,0.6785714030265808,0.6000000238418579
34,4,38,0.5998358726501465,0.66563880443573,0.5986576676368713,0.66563880443573,0.6785714030265808,0.6000000238418579
34,4,39,0.5955613255500793,0.6668851971626282,0.5943107604980469,0.6668851971626282,0.6857143044471741,0.6000000238418579
34,4,40,0.591141939163208,0.6685203313827515,0.5897751450538635,0.6685203313827515,0.6714285612106323,0.6000000238418579
34,4,41,0.5866010189056396,0.670624852180481,0.585063099861145,0.670624852180481,0.6785714030265808,0.5600000023841858
34,4,42,0.5819721817970276,0.6732883453369141,0.5801979303359985,0.6732883453369141,0.6714285612106323,0.5600000023841858
34,4,43,0.5772987008094788,0.676604688167572,0.5752151608467102,0.676604688167572,0.6785714030265808,0.5600000023841858
34,4,44,0.5726310610771179,0.6806618571281433,0.5701624155044556,0.6806618571281433,0.6785714030265808,0.5600000023841858
34,4,45,0.5680208206176758,0.6855280995368958,0.5650969743728638,0.6855280995368958,0.6785714030265808,0.6000000238418579
34,4,46,0.5635114908218384,0.6912327408790588,0.560078501701355,0.6912327408790588,0.6857143044471741,0.5600000023841858
34,4,47,0.5591290593147278,0.6977479457855225,0.5551602244377136,0.6977479457855225,0.6857143044471741,0.6000000238418579
34,4,48,0.554876446723938,0.7049773335456848,0.5503799319267273,0.7049773335456848,0.7071428298950195,0.5600000023841858
34,4,49,0.5507341623306274,0.7127619385719299,0.5457545518875122,0.7127619385719299,0.7142857313156128,0.5600000023841858
34,4,50,0.5466704368591309,0.7209039926528931,0.5412817001342773,0.7209039926528931,0.7285714149475098,0.5600000023841858
34,4,51,0.5426546335220337,0.7292055487632751,0.5369470119476318,0.7292055487632751,0.7285714149475098,0.5600000023841858
34,4,52,0.5386665463447571,0.7375040650367737,0.5327315926551819,0.7375040650367737,0.7357142567634583,0.5600000023841858
34,4,53,0.5346983671188354,0.7456960082054138,0.5286164283752441,0.7456960082054138,0.7428571581840515,0.5199999809265137
34,4,54,0.5307502150535583,0.7537406086921692,0.5245828628540039,0.7537406086921692,0.7428571581840515,0.5199999809265137
34,4,55,0.5268228650093079,0.7616496086120605,0.5206112861633301,0.7616496086120605,0.7357142567634583,0.5199999809265137
34,4,56,0.522913932800293,0.7694689035415649,0.5166805982589722,0.7694689035415649,0.7357142567634583,0.5199999809265137
34,4,57,0.5190163254737854,0.7772613763809204,0.5127697587013245,0.7772613763809204,0.7357142567634583,0.5199999809265137
35,4,1,0.7141223549842834,0.6883972883224487,0.7277348041534424,0.6883972883224487,0.3928571343421936,0.5199999809265137
35,4,2,0.7081483602523804,0.6808890700340271,0.7177674174308777,0.6808890700340271,0.3928571343421936,0.6399999856948853
35,4,3,0.7039895057678223,0.6754401326179504,0.7102278470993042,0.6754401326179504,0.4000000059604645,0.6399999856948853
35,4,4,0.7003632187843323,0.6716132164001465,0.7044743895530701,0.6716132164001465,0.4357142746448517,0.6399999856948853
35,4,5,0.6969821453094482,0.6689234375953674,0.7000040411949158,0.6689234375953674,0.44999998807907104,0.6399999856948853
35,4,6,0.6937256455421448,0.6669501662254333,0.6964048147201538,0.6669501662254333,0.4714285731315613,0.6800000071525574
35,4,7,0.6905508041381836,0.665355920791626,0.6933407187461853,0.665355920791626,0.48571428656578064,0.6800000071525574
35,4,8,0.687440812587738,0.663890540599823,0.6905465722084045,0.663890540599823,0.5,0.6399999856948853
35,4,9,0.6843807101249695,0.662392795085907,0.6878277659416199,0.662392795085907,0.5,0.6399999856948853
35,4,10,0.6813535690307617,0.6607818007469177,0.6850608587265015,0.6607818007469177,0.4928571283817291,0.6399999856948853
35,4,11,0.6783437728881836,0.6590408086776733,0.6821881532669067,0.6590408086776733,0.5214285850524902,0.6399999856948853
35,4,12,0.6753400564193726,0.657193124294281,0.679201602935791,0.657193124294281,0.5642856955528259,0.6800000071525574
35,4,13,0.6723341941833496,0.6552793979644775,0.6761236786842346,0.6552793979644775,0.5785714387893677,0.6800000071525574
35,4,14,0.6693196892738342,0.6533393859863281,0.6729879379272461,0.6533393859863281,0.6000000238418579,0.6800000071525574
35,4,15,0.666289746761322,0.6514013409614563,0.669823944568634,0.6514013409614563,0.6071428656578064,0.6399999856948853
35,4,16,0.6632363796234131,0.6494791507720947,0.6666504740715027,0.6494791507720947,0.6357142925262451,0.6800000071525574
35,4,17,0.6601502895355225,0.6475726962089539,0.6634724140167236,0.6475726962089539,0.6571428775787354,0.7200000286102295
35,4,18,0.6570215821266174,0.6456726789474487,0.660282552242279,0.6456726789474487,0.6714285612106323,0.7599999904632568
35,4,19,0.653839647769928,0.6437647342681885,0.6570654511451721,0.6437647342681885,0.6642857193946838,0.7599999904632568
35,4,20,0.6505935192108154,0.6418337225914001,0.6538015604019165,0.6418337225914001,0.6714285612106323,0.7599999904632568
35,4,21,0.6472722887992859,0.6398666501045227,0.6504704356193542,0.6398666501045227,0.6857143044471741,0.7599999904632568
35,4,22,0.643864631652832,0.6378539800643921,0.6470536589622498,0.6378539800643921,0.6857143044471741,0.7599999904632568
35,4,23,0.6403594613075256,0.6357902884483337,0.6435351967811584,0.6357902884483337,0.6714285612106323,0.7599999904632568
35,4,24,0.6367454528808594,0.6336732506752014,0.6399019956588745,0.6336732506752014,0.6714285612106323,0.7599999904632568
35,4,25,0.6330115795135498,0.6315032243728638,0.6361432671546936,0.6315032243728638,0.6714285612106323,0.7599999904632568
35,4,26,0.6291465163230896,0.6292824745178223,0.6322488784790039,0.6292824745178223,0.6714285612106323,0.7599999904632568
35,4,27,0.6251396536827087,0.6270147562026978,0.6282090544700623,0.6270147562026978,0.6785714030265808,0.7599999904632568
35,4,28,0.6209809184074402,0.6247056722640991,0.6240138411521912,0.6247056722640991,0.6928571462631226,0.7599999904632568
35,4,29,0.6166617274284363,0.6223638653755188,0.619653582572937,0.6223638653755188,0.6928571462631226,0.7599999904632568
35,4,30,0.6121755242347717,0.620002031326294,0.6151195168495178,0.620002031326294,0.6928571462631226,0.7599999904632568
35,4,31,0.6075190901756287,0.6176391839981079,0.610405445098877,0.6176391839981079,0.6928571462631226,0.7599999904632568
35,4,32,0.6026936173439026,0.6153018474578857,0.6055096387863159,0.6153018474578857,0.6928571462631226,0.7200000286102295
35,4,33,0.5977057218551636,0.6130257248878479,0.6004369258880615,0.6130257248878479,0.6928571462631226,0.7200000286102295
35,4,34,0.5925689935684204,0.6108558177947998,0.5951998233795166,0.6108558177947998,0.6928571462631226,0.7200000286102295
35,4,35,0.5873038172721863,0.6088457703590393,0.5898199081420898,0.6088457703590393,0.6928571462631226,0.7200000286102295
35,4,36,0.581937313079834,0.6070544719696045,0.5843270421028137,0.6070544719696045,0.699999988079071,0.7200000286102295
35,4,37,0.5765002369880676,0.6055411100387573,0.5787572860717773,0.6055411100387573,0.6928571462631226,0.7200000286102295
35,4,38,0.5710222125053406,0.6043570041656494,0.5731475949287415,0.6043570041656494,0.699999988079071,0.7200000286102295
35,4,39,0.5655241012573242,0.6035361289978027,0.5675284266471863,0.6035361289978027,0.699999988079071,0.7200000286102295
35,4,40,0.560009777545929,0.6030873656272888,0.5619142651557922,0.6030873656272888,0.699999988079071,0.7599999904632568
35,4,41,0.5544595718383789,0.6029915809631348,0.5562956929206848,0.6029915809631348,0.699999988079071,0.7200000286102295
35,4,42,0.5488305687904358,0.6032077670097351,0.5506357550621033,0.6032077670097351,0.699999988079071,0.6800000071525574
35,4,43,0.5430660247802734,0.6036884784698486,0.544877827167511,0.6036884784698486,0.7214285731315613,0.6800000071525574
35,4,44,0.5371109843254089,0.6043989658355713,0.5389607548713684,0.6043989658355713,0.7214285731315613,0.6399999856948853
35,4,45,0.5309300422668457,0.6053326725959778,0.532838761806488,0.6053326725959778,0.7285714149475098,0.6399999856948853
35,4,46,0.5245151519775391,0.6065151691436768,0.5264937281608582,0.6065151691436768,0.7285714149475098,0.6000000238418579
35,4,47,0.5178852081298828,0.607997715473175,0.5199365019798279,0.607997715473175,0.7357142567634583,0.6399999856948853
35,4,48,0.5110758543014526,0.6098441481590271,0.5131980776786804,0.6098441481590271,0.75,0.6399999856948853
35,4,49,0.50412917137146,0.6121159791946411,0.5063183307647705,0.6121159791946411,0.75,0.6399999856948853
35,4,50,0.4970850944519043,0.6148596405982971,0.49933624267578125,0.6148596405982971,0.7571428418159485,0.6399999856948853
35,4,51,0.4899762272834778,0.6180950403213501,0.49228429794311523,0.6180950403213501,0.7642857432365417,0.6399999856948853
35,4,52,0.4828263819217682,0.6218089461326599,0.48518508672714233,0.6218089461326599,0.7714285850524902,0.6000000238418579
35,4,53,0.4756503403186798,0.6259536743164062,0.4780503511428833,0.6259536743164062,0.7857142686843872,0.6399999856948853
35,4,54,0.4684537649154663,0.6304538249969482,0.47088122367858887,0.6304538249969482,0.7928571701049805,0.6399999856948853
35,4,55,0.4612349271774292,0.6352193355560303,0.46366995573043823,0.6352193355560303,0.7928571701049805,0.6399999856948853
35,4,56,0.4539860188961029,0.6401647925376892,0.45640334486961365,0.6401647925376892,0.7928571701049805,0.6399999856948853
35,4,57,0.44669511914253235,0.645226240158081,0.44906601309776306,0.645226240158081,0.800000011920929,0.6399999856948853
35,4,58,0.4393478333950043,0.6503729820251465,0.44164323806762695,0.6503729820251465,0.8142856955528259,0.6399999856948853
35,4,59,0.43192732334136963,0.6556110382080078,0.4341219961643219,0.6556110382080078,0.8214285969734192,0.6399999856948853
35,4,60,0.4244146943092346,0.6609771847724915,0.42649054527282715,0.6609771847724915,0.8142856955528259,0.6399999856948853
35,4,61,0.416788250207901,0.6665316224098206,0.41873645782470703,0.6665316224098206,0.8214285969734192,0.6399999856948853
35,4,62,0.4090234637260437,0.6723498702049255,0.4108456075191498,0.6723498702049255,0.8142856955528259,0.6399999856948853
35,4,63,0.40109387040138245,0.6785199642181396,0.4028014540672302,0.6785199642181396,0.8214285969734192,0.6399999856948853
35,4,64,0.3929721415042877,0.6851449012756348,0.3945854604244232,0.6851449012756348,0.8214285969734192,0.6000000238418579
35,4,65,0.38463249802589417,0.6923479437828064,0.386178582906723,0.6923479437828064,0.8285714387893677,0.6000000238418579
35,4,66,0.37605270743370056,0.7002759575843811,0.3775632679462433,0.7002759575843811,0.8285714387893677,0.6000000238418579
36,4,1,0.6828249096870422,0.674213707447052,0.6859058737754822,0.674213707447052,0.5214285850524902,0.5199999809265137
36,4,2,0.6793053150177002,0.6714638471603394,0.6819526553153992,0.6714638471603394,0.5285714268684387,0.6000000238418579
36,4,3,0.6767870783805847,0.6688188314437866,0.6803693771362305,0.6688188314437866,0.5357142686843872,0.6399999856948853
36,4,4,0.6744067072868347,0.6659884452819824,0.6788761615753174,0.6659884452819824,0.5642856955528259,0.6800000071525574
36,4,5,0.6720850467681885,0.6628830432891846,0.6771596670150757,0.6628830432891846,0.5857142806053162,0.6800000071525574
36,4,6,0.6697837114334106,0.6595211029052734,0.675153374671936,0.6595211029052734,0.5857142806053162,0.6399999856948853
36,4,7,0.6674875617027283,0.6559774279594421,0.6728991866111755,0.6559774279594421,0.5928571224212646,0.7200000286102295
36,4,8,0.6651938557624817,0.6523418426513672,0.6704850792884827,0.6523418426513672,0.6000000238418579,0.7200000286102295
36,4,9,0.6629044413566589,0.6486904621124268,0.6680025458335876,0.6486904621124268,0.6214285492897034,0.7200000286102295
36,4,10,0.6606194972991943,0.6450707912445068,0.6655222773551941,0.6450707912445068,0.6142857074737549,0.7200000286102295
36,4,11,0.6583360433578491,0.641499936580658,0.6630838513374329,0.641499936580658,0.6214285492897034,0.7200000286102295
36,4,12,0.6560484766960144,0.6379699110984802,0.6606979370117188,0.6379699110984802,0.6428571343421936,0.7200000286102295
36,4,13,0.6537495255470276,0.6344568729400635,0.6583532691001892,0.6344568729400635,0.6428571343421936,0.7200000286102295
36,4,14,0.651431143283844,0.6309298872947693,0.6560261845588684,0.6309298872947693,0.6499999761581421,0.7200000286102295
36,4,15,0.6490846872329712,0.6273586750030518,0.6536898016929626,0.6273586750030518,0.6571428775787354,0.7599999904632568
36,4,16,0.6467016339302063,0.6237185001373291,0.6513198018074036,0.6237185001373291,0.6571428775787354,0.7599999904632568
36,4,17,0.644273579120636,0.6199914216995239,0.648897647857666,0.6199914216995239,0.6571428775787354,0.7200000286102295
36,4,18,0.641792356967926,0.6161654591560364,0.6464118957519531,0.6161654591560364,0.6499999761581421,0.7200000286102295
36,4,19,0.6392499208450317,0.6122331619262695,0.6438560485839844,0.6122331619262695,0.6571428775787354,0.7200000286102295
36,4,20,0.636638343334198,0.6081879138946533,0.6412264704704285,0.6081879138946533,0.6642857193946838,0.7200000286102295
36,4,21,0.6339496374130249,0.6040226817131042,0.6385200023651123,0.6040226817131042,0.6714285612106323,0.7200000286102295
36,4,22,0.6311752796173096,0.5997281074523926,0.6357319951057434,0.5997281074523926,0.6714285612106323,0.7200000286102295
36,4,23,0.6283062100410461,0.5952925086021423,0.6328554153442383,0.5952925086021423,0.6785714030265808,0.7200000286102295
36,4,24,0.6253331899642944,0.5907032489776611,0.6298807859420776,0.5907032489776611,0.6714285612106323,0.7200000286102295
36,4,25,0.6222465634346008,0.5859473347663879,0.6267973184585571,0.5859473347663879,0.6714285612106323,0.7200000286102295
36,4,26,0.6190367937088013,0.5810142159461975,0.623593270778656,0.5810142159461975,0.6714285612106323,0.7200000286102295
36,4,27,0.6156951785087585,0.5758974552154541,0.6202577948570251,0.5758974552154541,0.6714285612106323,0.7599999904632568
36,4,28,0.6122134327888489,0.570597231388092,0.6167815923690796,0.570597231388092,0.6785714030265808,0.7599999904632568
36,4,29,0.6085853576660156,0.5651223063468933,0.6131576895713806,0.5651223063468933,0.6714285612106323,0.7599999904632568
36,4,30,0.6048071384429932,0.5594937801361084,0.6093822121620178,0.5594937801361084,0.6714285612106323,0.7599999904632568
36,4,31,0.6008782982826233,0.5537484288215637,0.6054544448852539,0.5537484288215637,0.6714285612106323,0.7200000286102295
36,4,32,0.5968027114868164,0.5479438304901123,0.6013784408569336,0.5479438304901123,0.6785714030265808,0.7200000286102295
36,4,33,0.5925894975662231,0.5421640872955322,0.5971633195877075,0.5421640872955322,0.6857143044471741,0.7200000286102295
36,4,34,0.5882531404495239,0.5365256667137146,0.592824399471283,0.5365256667137146,0.699999988079071,0.7200000286102295
36,4,35,0.5838135480880737,0.5311819314956665,0.5883835554122925,0.5311819314956665,0.6928571462631226,0.7200000286102295
36,4,36,0.5792942047119141,0.5263240337371826,0.583868682384491,0.5263240337371826,0.699999988079071,0.7200000286102295
36,4,37,0.574719250202179,0.5221741199493408,0.5793102979660034,0.5221741199493408,0.7071428298950195,0.7200000286102295
36,4,38,0.5701080560684204,0.5189700722694397,0.5747363567352295,0.5189700722694397,0.7142857313156128,0.7200000286102295
36,4,39,0.5654699206352234,0.5169392824172974,0.5701653361320496,0.5169392824172974,0.7142857313156128,0.7200000286102295
36,4,40,0.5608002543449402,0.5162671804428101,0.5655990242958069,0.5162671804428101,0.7285714149475098,0.7200000286102295
36,4,41,0.5560798048973083,0.5170672535896301,0.561019241809845,0.5170672535896301,0.7285714149475098,0.7200000286102295
36,4,42,0.5512789487838745,0.5193665027618408,0.5563899874687195,0.5193665027618408,0.7428571581840515,0.7200000286102295
36,4,43,0.5463660359382629,0.5231134295463562,0.5516671538352966,0.5231134295463562,0.7428571581840515,0.6800000071525574
36,4,44,0.541316032409668,0.5282062292098999,0.546809732913971,0.5282062292098999,0.7428571581840515,0.6800000071525574
36,4,45,0.5361144542694092,0.5345281958580017,0.5417901277542114,0.5345281958580017,0.7642857432365417,0.6800000071525574
36,4,46,0.5307570099830627,0.5419739484786987,0.5365952849388123,0.5419739484786987,0.7571428418159485,0.6000000238418579
36,4,47,0.5252434015274048,0.5504623651504517,0.5312221050262451,0.5504623651504517,0.75,0.6000000238418579
36,4,48,0.5195722579956055,0.5599359273910522,0.5256710648536682,0.5599359273910522,0.75,0.6000000238418579
36,4,49,0.5137373208999634,0.5703529715538025,0.5199410915374756,0.5703529715538025,0.75,0.6000000238418579
36,4,50,0.5077266693115234,0.5816811919212341,0.5140271782875061,0.5816811919212341,0.7571428418159485,0.6000000238418579
36,4,51,0.5015233159065247,0.5939023494720459,0.5079193711280823,0.5939023494720459,0.7571428418159485,0.6000000238418579
36,4,52,0.49510660767555237,0.6070329546928406,0.5016042590141296,0.6070329546928406,0.7571428418159485,0.6000000238418579
36,4,53,0.48845404386520386,0.6211569309234619,0.4950666129589081,0.6211569309234619,0.7571428418159485,0.5600000023841858
36,4,54,0.48154178261756897,0.6364610195159912,0.4882909059524536,0.6364610195159912,0.7571428418159485,0.5600000023841858
36,4,55,0.4743448495864868,0.6532519459724426,0.48126205801963806,0.6532519459724426,0.7571428418159485,0.5600000023841858
36,4,56,0.4668361246585846,0.6719380021095276,0.4739650785923004,0.6719380021095276,0.7571428418159485,0.5600000023841858
36,4,57,0.45898693799972534,0.6929590106010437,0.46638303995132446,0.6929590106010437,0.7642857432365417,0.5600000023841858
36,4,58,0.45077088475227356,0.7166647911071777,0.45849621295928955,0.7166647911071777,0.7714285850524902,0.5600000023841858
36,4,59,0.4421757161617279,0.7431580424308777,0.4502868950366974,0.7431580424308777,0.7714285850524902,0.5600000023841858
36,4,60,0.4332212507724762,0.7721446752548218,0.4417503774166107,0.7721446752548218,0.7714285850524902,0.5600000023841858
36,4,61,0.42397695779800415,0.8028725385665894,0.4329107701778412,0.8028725385665894,0.7714285850524902,0.5600000023841858
36,4,62,0.4145643413066864,0.834246039390564,0.4238322973251343,0.834246039390564,0.7785714268684387,0.5600000023841858
36,4,63,0.40513116121292114,0.8651566505432129,0.4146115481853485,0.8651566505432129,0.7928571701049805,0.5600000023841858
36,4,64,0.39579975605010986,0.8949257135391235,0.40534669160842896,0.8949257135391235,0.7928571701049805,0.6000000238418579
36,4,65,0.38662105798721313,0.9235387444496155,0.3961128890514374,0.9235387444496155,0.8142856955528259,0.5600000023841858
37,4,1,0.7011469006538391,0.7191200256347656,0.7193223834037781,0.7191200256347656,0.4357142746448517,0.3199999928474426
37,4,2,0.6936003565788269,0.7068578600883484,0.7033195495605469,0.7068578600883484,0.44285714626312256,0.4399999976158142
37,4,3,0.6889607906341553,0.6984528303146362,0.6928059458732605,0.6984528303146362,0.48571428656578064,0.5600000023841858
37,4,4,0.6852386593818665,0.6928359270095825,0.6856436729431152,0.6928359270095825,0.5357142686843872,0.6000000238418579
37,4,5,0.6817490458488464,0.6890508532524109,0.6807382702827454,0.6890508532524109,0.5857142806053162,0.6000000238418579
37,4,6,0.6782935261726379,0.6863355040550232,0.6772462725639343,0.6863355040550232,0.6214285492897034,0.6000000238418579
37,4,7,0.6748876571655273,0.6840855479240417,0.6745004653930664,0.6840855479240417,0.6714285612106323,0.6000000238418579
37,4,8,0.6715607643127441,0.6818584203720093,0.6719679236412048,0.6818584203720093,0.6571428775787354,0.5600000023841858
37,4,9,0.668297529220581,0.6794114112854004,0.6692731976509094,0.6794114112854004,0.6642857193946838,0.6000000238418579
37,4,10,0.665061891078949,0.6767019629478455,0.6662349700927734,0.6767019629478455,0.6499999761581421,0.6000000238418579
37,4,11,0.6618285179138184,0.6738284826278687,0.6628525853157043,0.6738284826278687,0.6714285612106323,0.6800000071525574
37,4,12,0.6585866212844849,0.6709420084953308,0.6592383980751038,0.6709420084953308,0.6857143044471741,0.6800000071525574
37,4,13,0.6553295254707336,0.6681727766990662,0.6555336117744446,0.6681727766990662,0.6785714030265808,0.6399999856948853
37,4,14,0.6520466208457947,0.6655940413475037,0.6518459916114807,0.6655940413475037,0.6857143044471741,0.6399999856948853
37,4,15,0.6487231850624084,0.6632197499275208,0.6482237577438354,0.6632197499275208,0.6714285612106323,0.6399999856948853
37,4,16,0.645344078540802,0.6610230207443237,0.6446583271026611,0.6610230207443237,0.6714285612106323,0.6399999856948853
37,4,17,0.6418957710266113,0.6589601635932922,0.641103982925415,0.6589601635932922,0.6714285612106323,0.6399999856948853
37,4,18,0.6383655071258545,0.6569930911064148,0.6375012993812561,0.6569930911064148,0.6714285612106323,0.6399999856948853
37,4,19,0.6347407698631287,0.6551029682159424,0.6337975859642029,0.6551029682159424,0.6857143044471741,0.6399999856948853
37,4,20,0.6310088038444519,0.6532955169677734,0.6299575567245483,0.6532955169677734,0.6857143044471741,0.6399999856948853
37,4,21,0.6271564960479736,0.6515966057777405,0.6259661912918091,0.6515966057777405,0.6785714030265808,0.6399999856948853
37,4,22,0.6231701374053955,0.6500450968742371,0.621821403503418,0.6500450968742371,0.6785714030265808,0.6399999856948853
37,4,23,0.6190357804298401,0.6486855149269104,0.6175251007080078,0.6486855149269104,0.6857143044471741,0.6399999856948853
37,4,24,0.6147390604019165,0.6475650072097778,0.6130752563476562,0.6475650072097778,0.6857143044471741,0.6399999856948853
37,4,25,0.6102665662765503,0.6467358469963074,0.6084616780281067,0.6467358469963074,0.6928571462631226,0.6399999856948853
37,4,26,0.6056058406829834,0.6462604403495789,0.603667676448822,0.6462604403495789,0.699999988079071,0.6399999856948853
37,4,27,0.6007468104362488,0.6462196111679077,0.598675012588501,0.6462196111679077,0.6928571462631226,0.6399999856948853
37,4,28,0.5956824421882629,0.6467181444168091,0.5934697389602661,0.6467181444168091,0.699999988079071,0.6000000238418579
37,4,29,0.5904105305671692,0.6478884816169739,0.5880468487739563,0.6478884816169739,0.7071428298950195,0.6000000238418579
37,4,30,0.5849352478981018,0.6498900651931763,0.5824124217033386,0.6498900651931763,0.7142857313156128,0.6000000238418579
37,4,31,0.57927006483078,0.6529048681259155,0.576583206653595,0.6529048681259155,0.7071428298950195,0.6000000238418579
37,4,32,0.5734398365020752,0.6571287512779236,0.5705862641334534,0.6571287512779236,0.7071428298950195,0.6000000238418579
37,4,33,0.5674827694892883,0.6627564430236816,0.5644592642784119,0.6627564430236816,0.699999988079071,0.6000000238418579
37,4,34,0.561450719833374,0.6699588298797607,0.5582520365715027,0.6699588298797607,0.7071428298950195,0.6000000238418579
37,4,35,0.5554049611091614,0.6788482666015625,0.552026629447937,0.6788482666015625,0.7071428298950195,0.5600000023841858
37,4,36,0.5494068264961243,0.6894359588623047,0.54585200548172,0.6894359588623047,0.7071428298950195,0.5600000023841858
37,4,37,0.5435037612915039,0.7015905976295471,0.5397899746894836,0.7015905976295471,0.7142857313156128,0.5600000023841858
37,4,38,0.5377152562141418,0.7150222659111023,0.5338776111602783,0.7150222659111023,0.7285714149475098,0.5600000023841858
37,4,39,0.5320277810096741,0.7293095588684082,0.528114378452301,0.7293095588684082,0.7357142567634583,0.5600000023841858
37,4,40,0.5264045596122742,0.7439767718315125,0.5224663019180298,0.7439767718315125,0.7357142567634583,0.5600000023841858
37,4,41,0.5208094120025635,0.758592426776886,0.516886293888092,0.758592426776886,0.7285714149475098,0.5600000023841858
37,4,42,0.5152285099029541,0.7728434801101685,0.5113396644592285,0.7728434801101685,0.7285714149475098,0.5600000023841858
37,4,43,0.5096766352653503,0.7865478992462158,0.5058207511901855,0.7865478992462158,0.7357142567634583,0.5600000023841858
37,4,44,0.5041869282722473,0.7996090650558472,0.5003491044044495,0.7996090650558472,0.75,0.6000000238418579
37,4,45,0.4987946152687073,0.8119508624076843,0.4949566423892975,0.8119508624076843,0.75,0.6000000238418579
37,4,46,0.49352607131004333,0.8234716653823853,0.4896731674671173,0.8234716653823853,0.75,0.6000000238418579
37,4,47,0.4883953034877777,0.8340404629707336,0.48452016711235046,0.8340404629707336,0.7428571581840515,0.6000000238418579
37,4,48,0.4834054708480835,0.8435298800468445,0.47950810194015503,0.8435298800468445,0.75,0.6399999856948853
37,4,49,0.4785514175891876,0.8518692255020142,0.47463685274124146,0.8518692255020142,0.7428571581840515,0.6399999856948853
37,4,50,0.473823606967926,0.8590880036354065,0.4698989987373352,0.8590880036354065,0.7428571581840515,0.6000000238418579
37,4,51,0.46921131014823914,0.8653300404548645,0.4652840793132782,0.8653300404548645,0.7428571581840515,0.6000000238418579
37,4,52,0.46470528841018677,0.8708275556564331,0.4607822000980377,0.8708275556564331,0.7428571581840515,0.6000000238418579
38,4,1,0.69339519739151,0.6871634125709534,0.7013667821884155,0.6871634125709534,0.4928571283817291,0.6000000238418579
38,4,2,0.6877192854881287,0.6838275194168091,0.6950047016143799,0.6838275194168091,0.5214285850524902,0.5600000023841858
38,4,3,0.684739887714386,0.6806945204734802,0.6883457899093628,0.6806945204734802,0.5642856955528259,0.5600000023841858
38,4,4,0.6825165748596191,0.678348183631897,0.6827021241188049,0.678348183631897,0.5571428537368774,0.6800000071525574
38,4,5,0.6806685924530029,0.6767452359199524,0.6782552599906921,0.6767452359199524,0.5785714387893677,0.6000000238418579
38,4,6,0.6789070963859558,0.6757123470306396,0.6748172640800476,0.6757123470306396,0.6142857074737549,0.6000000238418579
38,4,7,0.677073061466217,0.6750776767730713,0.6721261143684387,0.6750776767730713,0.6214285492897034,0.6000000238418579
38,4,8,0.6751229166984558,0.6747002601623535,0.6699407696723938,0.6747002601623535,0.6285714507102966,0.6000000238418579
38,4,9,0.6730789542198181,0.6744676232337952,0.6680631637573242,0.6744676232337952,0.6428571343421936,0.6000000238418579
38,4,10,0.6709839701652527,0.6742910742759705,0.6663368344306946,0.6742910742759705,0.6428571343421936,0.6000000238418579
38,4,11,0.6688741445541382,0.6741066575050354,0.6646453738212585,0.6741066575050354,0.6357142925262451,0.6000000238418579
38,4,12,0.6667718887329102,0.6738746762275696,0.6629120111465454,0.6738746762275696,0.6428571343421936,0.6000000238418579
38,4,13,0.6646857857704163,0.6735785007476807,0.6610956192016602,0.6735785007476807,0.6428571343421936,0.6000000238418579
38,4,14,0.6626156568527222,0.6732190847396851,0.6591857671737671,0.6732190847396851,0.6357142925262451,0.6399999856948853
38,4,15,0.6605561971664429,0.6728082299232483,0.6571914553642273,0.6728082299232483,0.6285714507102966,0.6000000238418579
38,4,16,0.6584987044334412,0.6723617315292358,0.655131995677948,0.6723617315292358,0.6428571343421936,0.5600000023841858
38,4,17,0.6564332842826843,0.6718940734863281,0.6530271172523499,0.6718940734863281,0.6428571343421936,0.5600000023841858
38,4,18,0.654349148273468,0.671415388584137,0.6508923768997192,0.671415388584137,0.6499999761581421,0.5600000023841858
38,4,19,0.6522361636161804,0.6709311604499817,0.6487360000610352,0.6709311604499817,0.6571428775787354,0.5600000023841858
38,4,20,0.6500847935676575,0.6704421043395996,0.6465588212013245,0.6704421043395996,0.6642857193946838,0.5199999809265137
38,4,21,0.6478869318962097,0.6699455976486206,0.6443554162979126,0.6699455976486206,0.6642857193946838,0.5199999809265137
38,4,22,0.6456351280212402,0.6694368720054626,0.6421162486076355,0.6694368720054626,0.6714285612106323,0.5199999809265137
38,4,23,0.6433224081993103,0.6689099669456482,0.639829158782959,0.6689099669456482,0.6714285612106323,0.5199999809265137
38,4,24,0.6409419178962708,0.6683589816093445,0.6374813914299011,0.6683589816093445,0.6642857193946838,0.5199999809265137
38,4,25,0.6384863257408142,0.667778491973877,0.6350601315498352,0.667778491973877,0.6714285612106323,0.5199999809265137
38,4,26,0.6359475255012512,0.6671635508537292,0.6325533390045166,0.6671635508537292,0.6785714030265808,0.5199999809265137
38,4,27,0.6333162784576416,0.6665099263191223,0.6299496293067932,0.6665099263191223,0.6785714030265808,0.47999998927116394
38,4,28,0.6305825114250183,0.6658137440681458,0.6272380948066711,0.6658137440681458,0.6857143044471741,0.47999998927116394
38,4,29,0.6277351379394531,0.665070652961731,0.6244074702262878,0.665070652961731,0.6928571462631226,0.47999998927116394
38,4,30,0.6247618198394775,0.6642763018608093,0.6214460134506226,0.6642763018608093,0.6928571462631226,0.47999998927116394
38,4,31,0.6216492652893066,0.663425087928772,0.6183410286903381,0.663425087928772,0.6928571462631226,0.47999998927116394
38,4,32,0.6183838844299316,0.6625109910964966,0.6150782704353333,0.6625109910964966,0.6928571462631226,0.5199999809265137
38,4,33,0.6149513125419617,0.661526620388031,0.6116425395011902,0.661526620388031,0.6857143044471741,0.5199999809265137
38,4,34,0.6113369464874268,0.6604638695716858,0.6080173850059509,0.6604638695716858,0.6857143044471741,0.5199999809265137
38,4,35,0.6075270175933838,0.6593140959739685,0.6041860580444336,0.6593140959739685,0.6785714030265808,0.5199999809265137
38,4,36,0.6035085320472717,0.6580684185028076,0.6001322865486145,0.6580684185028076,0.6928571462631226,0.5199999809265137
38,4,37,0.599271297454834,0.6567181348800659,0.5958411693572998,0.6567181348800659,0.6928571462631226,0.5199999809265137
38,4,38,0.5948089957237244,0.6552565693855286,0.591301441192627,0.6552565693855286,0.6928571462631226,0.5199999809265137
38,4,39,0.5901219248771667,0.6536799073219299,0.5865073204040527,0.6536799073219299,0.6928571462631226,0.5199999809265137
38,4,40,0.5852205753326416,0.6519895792007446,0.5814613699913025,0.6519895792007446,0.6928571462631226,0.5199999809265137
38,4,41,0.5801293253898621,0.6501961350440979,0.5761793851852417,0.6501961350440979,0.6857143044471741,0.5199999809265137
38,4,42,0.5748921036720276,0.6483228206634521,0.5706942081451416,0.6483228206634521,0.6785714030265808,0.5199999809265137
38,4,43,0.5695769786834717,0.6464089155197144,0.5650624632835388,0.6464089155197144,0.6714285612106323,0.5199999809265137
38,4,44,0.5642792582511902,0.6445114016532898,0.5593680143356323,0.6445114016532898,0.6785714030265808,0.5199999809265137
38,4,45,0.5591190457344055,0.6427010893821716,0.5537238717079163,0.6427010893821716,0.6928571462631226,0.5199999809265137
38,4,46,0.554227888584137,0.6410495638847351,0.5482637882232666,0.6410495638847351,0.6928571462631226,0.5600000023841858
38,4,47,0.5497228503227234,0.6396095156669617,0.5431228876113892,0.6396095156669617,0.6928571462631226,0.5600000023841858
38,4,48,0.5456688404083252,0.6383945941925049,0.5384039878845215,0.6383945941925049,0.6928571462631226,0.5600000023841858
38,4,49,0.5420491099357605,0.6373752951622009,0.5341446399688721,0.6373752951622009,0.699999988079071,0.5600000023841858
38,4,50,0.5387668609619141,0.6364970207214355,0.5303042531013489,0.6364970207214355,0.6928571462631226,0.5600000023841858
38,4,51,0.5356881022453308,0.6357072591781616,0.5267876386642456,0.6357072591781616,0.6857143044471741,0.6000000238418579
38,4,52,0.5326993465423584,0.6349731683731079,0.5234909057617188,0.6349731683731079,0.6928571462631226,0.6000000238418579
38,4,53,0.5297399163246155,0.6342783570289612,0.5203364491462708,0.6342783570289612,0.699999988079071,0.6000000238418579
38,4,54,0.5267956852912903,0.6336121559143066,0.517278790473938,0.6336121559143066,0.699999988079071,0.6000000238418579
38,4,55,0.523874044418335,0.6329625844955444,0.5142919421195984,0.6329625844955444,0.699999988079071,0.6000000238418579
38,4,56,0.520983874797821,0.6323165893554688,0.5113554000854492,0.6323165893554688,0.699999988079071,0.6000000238418579
38,4,57,0.5181272625923157,0.631662130355835,0.5084511637687683,0.631662130355835,0.7071428298950195,0.6000000238418579
38,4,58,0.5152993202209473,0.6309910416603088,0.5055630803108215,0.6309910416603088,0.7071428298950195,0.6000000238418579
38,4,59,0.5124906897544861,0.6302993297576904,0.502679169178009,0.6302993297576904,0.7071428298950195,0.6399999856948853
38,4,60,0.5096890330314636,0.6295865178108215,0.49978941679000854,0.6295865178108215,0.7142857313156128,0.6399999856948853
38,4,61,0.5068812370300293,0.6288547515869141,0.4968857765197754,0.6288547515869141,0.7214285731315613,0.6399999856948853
38,4,62,0.5040542483329773,0.6281071901321411,0.49396055936813354,0.6281071901321411,0.7214285731315613,0.6800000071525574
38,4,63,0.5011965036392212,0.6273473501205444,0.4910065233707428,0.6273473501205444,0.7214285731315613,0.6800000071525574
38,4,64,0.49829766154289246,0.6265785098075867,0.4880163371562958,0.6265785098075867,0.7285714149475098,0.6800000071525574
38,4,65,0.4953494966030121,0.6258034706115723,0.4849831759929657,0.6258034706115723,0.7357142567634583,0.6800000071525574
38,4,66,0.4923461973667145,0.6250248551368713,0.48190024495124817,0.6250248551368713,0.7428571581840515,0.6800000071525574
38,4,67,0.4892827570438385,0.6242451667785645,0.4787614047527313,0.6242451667785645,0.7428571581840515,0.6800000071525574
38,4,68,0.48615553975105286,0.6234666705131531,0.4755607545375824,0.6234666705131531,0.7571428418159485,0.6800000071525574
38,4,69,0.4829609990119934,0.6226922869682312,0.47229304909706116,0.6226922869682312,0.7642857432365417,0.6800000071525574
38,4,70,0.47969546914100647,0.621925413608551,0.4689529836177826,0.621925413608551,0.7642857432365417,0.6800000071525574
38,4,71,0.4763551354408264,0.6211702227592468,0.4655359089374542,0.6211702227592468,0.7642857432365417,0.6800000071525574
38,4,72,0.47293615341186523,0.6204314231872559,0.46203744411468506,0.6204314231872559,0.7642857432365417,0.6800000071525574
38,4,73,0.4694344103336334,0.6197149753570557,0.4584534764289856,0.6197149753570557,0.7785714268684387,0.6800000071525574
38,4,74,0.4658462405204773,0.6190276741981506,0.4547809064388275,0.6190276741981506,0.7785714268684387,0.7200000286102295
38,4,75,0.46216821670532227,0.6183769106864929,0.4510168731212616,0.6183769106864929,0.7785714268684387,0.7200000286102295
38,4,76,0.4583977162837982,0.6177715063095093,0.4471595287322998,0.6177715063095093,0.7785714268684387,0.7200000286102295
38,4,77,0.45453304052352905,0.6172212958335876,0.44320809841156006,0.6172212958335876,0.7785714268684387,0.7200000286102295
38,4,78,0.45057374238967896,0.616737425327301,0.43916311860084534,0.616737425327301,0.7785714268684387,0.7599999904632568
38,4,79,0.44652050733566284,0.6163327693939209,0.435026615858078,0.6163327693939209,0.7785714268684387,0.7599999904632568
38,4,80,0.4423758387565613,0.6160216331481934,0.43080225586891174,0.6160216331481934,0.7928571701049805,0.7599999904632568
38,4,81,0.43814370036125183,0.6158207058906555,0.426495760679245,0.6158207058906555,0.7928571701049805,0.7599999904632568
38,4,82,0.4338296055793762,0.6157488822937012,0.42211467027664185,0.6157488822937012,0.7928571701049805,0.7599999904632568
38,4,83,0.42944085597991943,0.6158267855644226,0.4176684021949768,0.6158267855644226,0.7928571701049805,0.7599999904632568
38,4,84,0.4249860346317291,0.6160776019096375,0.41316813230514526,0.6160776019096375,0.800000011920929,0.7599999904632568
38,4,85,0.4204747676849365,0.6165263652801514,0.40862607955932617,0.6165263652801514,0.8071428537368774,0.7599999904632568
38,4,86,0.4159166216850281,0.6171994209289551,0.40405479073524475,0.6171994209289551,0.8142856955528259,0.7599999904632568
38,4,87,0.4113210141658783,0.61812424659729,0.39946597814559937,0.61812424659729,0.8214285969734192,0.7599999904632568
38,4,88,0.4066956639289856,0.6193290948867798,0.394869863986969,0.6193290948867798,0.8285714387893677,0.7599999904632568
38,4,89,0.4020459055900574,0.6208415031433105,0.3902736008167267,0.6208415031433105,0.8285714387893677,0.7599999904632568
38,4,90,0.39737406373023987,0.622688889503479,0.38568049669265747,0.622688889503479,0.8357142806053162,0.7599999904632568
38,4,91,0.3926789164543152,0.6248980164527893,0.3810898959636688,0.6248980164527893,0.8357142806053162,0.7599999904632568
38,4,92,0.38795581459999084,0.6274952292442322,0.37649646401405334,0.6274952292442322,0.8428571224212646,0.7599999904632568
38,4,93,0.3831969201564789,0.6305067539215088,0.3718910217285156,0.6305067539215088,0.8428571224212646,0.7599999904632568
38,4,94,0.3783918619155884,0.6339598894119263,0.3672613203525543,0.6339598894119263,0.8428571224212646,0.7599999904632568
38,4,95,0.37352854013442993,0.6378836631774902,0.36259281635284424,0.6378836631774902,0.8428571224212646,0.7599999904632568
38,4,96,0.36859390139579773,0.6423097848892212,0.35786962509155273,0.6423097848892212,0.8500000238418579,0.7599999904632568
38,4,97,0.36357468366622925,0.6472739577293396,0.35307541489601135,0.6472739577293396,0.8500000238418579,0.7200000286102295
38,4,98,0.3584577143192291,0.6528156995773315,0.3481939733028412,0.6528156995773315,0.8500000238418579,0.7200000286102295
38,4,99,0.3532305359840393,0.658979594707489,0.34320956468582153,0.658979594707489,0.8500000238418579,0.7200000286102295
38,4,100,0.34788161516189575,0.6658137440681458,0.33810725808143616,0.6658137440681458,0.8500000238418579,0.6800000071525574
38,4,101,0.34240084886550903,0.6733700633049011,0.33287304639816284,0.6733700633049011,0.8642857074737549,0.6800000071525574
38,4,102,0.33677980303764343,0.6817017197608948,0.3274945616722107,0.6817017197608948,0.8642857074737549,0.6800000071525574
38,4,103,0.3310122787952423,0.6908615827560425,0.3219611644744873,0.6908615827560425,0.8857142925262451,0.6800000071525574
38,4,104,0.32509487867355347,0.7008994221687317,0.3162651062011719,0.7008994221687317,0.8928571343421936,0.6800000071525574
38,4,105,0.3190270960330963,0.7118592858314514,0.3104023337364197,0.7118592858314514,0.8928571343421936,0.6800000071525574
38,4,106,0.312811017036438,0.723777174949646,0.3043729364871979,0.723777174949646,0.8999999761581421,0.6000000238418579
38,4,107,0.306450754404068,0.7366820573806763,0.29818105697631836,0.7366820573806763,0.8999999761581421,0.6000000238418579
39,4,1,0.6942257285118103,0.7107580304145813,0.7092318534851074,0.7107580304145813,0.44999998807907104,0.4000000059604645
39,4,2,0.687904417514801,0.7027732729911804,0.6998395919799805,0.7027732729911804,0.44285714626312256,0.4000000059604645
39,4,3,0.6839920878410339,0.696261465549469,0.6907267570495605,0.696261465549469,0.5071428418159485,0.5199999809265137
39,4,4,0.6810991168022156,0.6915435791015625,0.6836192607879639,0.6915435791015625,0.5785714387893677,0.47999998927116394
39,4,5,0.6786437630653381,0.6882712841033936,0.6782930493354797,0.6882712841033936,0.6000000238418579,0.47999998927116394
39,4,6,0.6762384176254272,0.6860336065292358,0.6742771863937378,0.6860336065292358,0.6000000238418579,0.5199999809265137
39,4,7,0.6737241744995117,0.6844810247421265,0.671137809753418,0.6844810247421265,0.6357142925262451,0.5199999809265137
39,4,8,0.6710925102233887,0.6833323836326599,0.66852867603302,0.6833323836326599,0.6357142925262451,0.5199999809265137
39,4,9,0.6683919429779053,0.6823657751083374,0.6661804914474487,0.6823657751083374,0.6428571343421936,0.5199999809265137
39,4,10,0.6656690835952759,0.6814204454421997,0.6638904809951782,0.6814204454421997,0.6428571343421936,0.5199999809265137
39,4,11,0.6629499197006226,0.6804007887840271,0.6615219712257385,0.6804007887840271,0.6499999761581421,0.5199999809265137
39,4,12,0.6602417826652527,0.6792730093002319,0.6590036749839783,0.6792730093002319,0.6714285612106323,0.5600000023841858
39,4,13,0.6575417518615723,0.6780506372451782,0.6563202142715454,0.6780506372451782,0.6642857193946838,0.5600000023841858
39,4,14,0.6548409461975098,0.6767737865447998,0.6534936428070068,0.6767737865447998,0.6714285612106323,0.5600000023841858
39,4,15,0.6521272659301758,0.6754902601242065,0.6505629420280457,0.6754902601242065,0.6714285612106323,0.5199999809265137
39,4,16,0.6493858695030212,0.6742407083511353,0.6475656628608704,0.6742407083511353,0.6714285612106323,0.5199999809265137
39,4,17,0.6466004252433777,0.673053503036499,0.6445274353027344,0.673053503036499,0.6785714030265808,0.5600000023841858
39,4,18,0.643754780292511,0.6719428300857544,0.6414578557014465,0.6719428300857544,0.6857143044471741,0.5600000023841858
39,4,19,0.6408340334892273,0.6709121465682983,0.6383517384529114,0.6709121465682983,0.6857143044471741,0.5600000023841858
39,4,20,0.637825071811676,0.6699597239494324,0.6351925730705261,0.6699597239494324,0.6857143044471741,0.5600000023841858
39,4,21,0.6347160935401917,0.6690821051597595,0.631957471370697,0.6690821051597595,0.6857143044471741,0.5199999809265137
39,4,22,0.631496012210846,0.6682794094085693,0.6286215782165527,0.6682794094085693,0.6857143044471741,0.5600000023841858
39,4,23,0.6281535625457764,0.6675580739974976,0.6251610517501831,0.6675580739974976,0.6857143044471741,0.5199999809265137
39,4,24,0.6246763467788696,0.6669325828552246,0.621554970741272,0.6669325828552246,0.6857143044471741,0.5199999809265137
39,4,25,0.621051013469696,0.6664267182350159,0.6177857518196106,0.6664267182350159,0.6857143044471741,0.5199999809265137
39,4,26,0.61726313829422,0.6660735607147217,0.6138384938240051,0.6660735607147217,0.6928571462631226,0.5199999809265137
39,4,27,0.6132974028587341,0.6659168004989624,0.6096997261047363,0.6659168004989624,0.6857143044471741,0.5199999809265137
39,4,28,0.6091389060020447,0.6660122871398926,0.6053564548492432,0.6660122871398926,0.6928571462631226,0.5199999809265137
39,4,29,0.6047741174697876,0.6664305329322815,0.6007962226867676,0.6664305329322815,0.699999988079071,0.5199999809265137
39,4,30,0.600192129611969,0.6672617197036743,0.5960076451301575,0.6672617197036743,0.7214285731315613,0.5199999809265137
39,4,31,0.5953872799873352,0.6686211228370667,0.5909820795059204,0.6686211228370667,0.7214285731315613,0.5600000023841858
39,4,32,0.5903607606887817,0.6706553101539612,0.5857173800468445,0.6706553101539612,0.7214285731315613,0.5600000023841858
39,4,33,0.5851231813430786,0.673546552658081,0.5802215337753296,0.673546552658081,0.7285714149475098,0.5600000023841858
39,4,34,0.5796965956687927,0.6775134205818176,0.5745169520378113,0.6775134205818176,0.7214285731315613,0.5600000023841858
39,4,35,0.5741164684295654,0.6828019618988037,0.5686432123184204,0.6828019618988037,0.7285714149475098,0.5600000023841858
39,4,36,0.5684298872947693,0.6896605491638184,0.5626583695411682,0.6896605491638184,0.7357142567634583,0.5600000023841858
39,4,37,0.5626921057701111,0.6982942223548889,0.5566350221633911,0.6982942223548889,0.7285714149475098,0.5600000023841858
39,4,38,0.5569570064544678,0.7087960839271545,0.5506505966186523,0.7087960839271545,0.7214285731315613,0.5600000023841858
39,4,39,0.551264762878418,0.721076488494873,0.5447719693183899,0.721076488494873,0.7214285731315613,0.5600000023841858
39,4,40,0.5456300973892212,0.7348220944404602,0.5390387773513794,0.7348220944404602,0.7214285731315613,0.5600000023841858
39,4,41,0.5400406718254089,0.7495323419570923,0.5334534049034119,0.7495323419570923,0.7214285731315613,0.5199999809265137
39,4,42,0.5344686508178711,0.764640748500824,0.5279866456985474,0.764640748500824,0.7285714149475098,0.5199999809265137
39,4,43,0.5288904309272766,0.77967369556427,0.5225980877876282,0.77967369556427,0.7285714149475098,0.5199999809265137
39,4,44,0.52330082654953,0.7943617105484009,0.51725834608078,0.7943617105484009,0.7357142567634583,0.5199999809265137
39,4,45,0.5177105665206909,0.8086550235748291,0.5119562745094299,0.8086550235748291,0.7357142567634583,0.5199999809265137
39,4,46,0.5121344327926636,0.8226602673530579,0.5066909790039062,0.8226602673530579,0.7428571581840515,0.5199999809265137
39,4,47,0.5065807700157166,0.8365499973297119,0.5014591813087463,0.8365499973297119,0.7428571581840515,0.5199999809265137
39,4,48,0.5010474920272827,0.8504862189292908,0.49625086784362793,0.8504862189292908,0.7357142567634583,0.5199999809265137
39,4,49,0.49552416801452637,0.8645800948143005,0.4910513162612915,0.8645800948143005,0.7285714149475098,0.5199999809265137
39,4,50,0.48999688029289246,0.8788825869560242,0.4858444333076477,0.8788825869560242,0.7357142567634583,0.5199999809265137
39,4,51,0.4844518303871155,0.8933985829353333,0.48061561584472656,0.8933985829353333,0.7357142567634583,0.5600000023841858
39,4,52,0.4788782298564911,0.908109724521637,0.47535279393196106,0.908109724521637,0.7428571581840515,0.5600000023841858
40,4,1,0.7121323943138123,0.6954967975616455,0.7408457398414612,0.6954967975616455,0.4000000059604645,0.4399999976158142
40,4,2,0.7020624876022339,0.6897286176681519,0.7209123373031616,0.6897286176681519,0.3857142925262451,0.5199999809265137
40,4,3,0.6962153315544128,0.6879286170005798,0.7096102237701416,0.6879286170005798,0.41428571939468384,0.5199999809265137
40,4,4,0.6916535496711731,0.6884800791740417,0.701829731464386,0.6884800791740417,0.4357142746448517,0.5600000023841858
40,4,5,0.6876599788665771,0.690518319606781,0.6962019801139832,0.690518319606781,0.4571428596973419,0.5199999809265137
40,4,6,0.683951199054718,0.6934810876846313,0.6919392347335815,0.6934810876846313,0.5071428418159485,0.47999998927116394
40,4,7,0.6804149150848389,0.6969655752182007,0.6885032653808594,0.6969655752182007,0.5214285850524902,0.47999998927116394
40,4,8,0.6769955158233643,0.7006762027740479,0.6854974031448364,0.7006762027740479,0.5357142686843872,0.4399999976158142
40,4,9,0.6736477017402649,0.7044103145599365,0.6826297044754028,0.7044103145599365,0.550000011920929,0.47999998927116394
40,4,10,0.6703285574913025,0.7080536484718323,0.6797043681144714,0.7080536484718323,0.5642856955528259,0.47999998927116394
40,4,11,0.6670032143592834,0.7115703821182251,0.67661452293396,0.7115703821182251,0.5714285969734192,0.4399999976158142
40,4,12,0.6636497378349304,0.714984655380249,0.6733278632164001,0.714984655380249,0.6071428656578064,0.4399999976158142
40,4,13,0.6602582931518555,0.7183563709259033,0.6698629856109619,0.7183563709259033,0.6071428656578064,0.4000000059604645
40,4,14,0.6568261384963989,0.7217590808868408,0.6662642359733582,0.7217590808868408,0.6285714507102966,0.4000000059604645
40,4,15,0.6533527374267578,0.7252624034881592,0.662580132484436,0.7252624034881592,0.6357142925262451,0.4000000059604645
40,4,16,0.6498358249664307,0.7289229035377502,0.6588485836982727,0.7289229035377502,0.6428571343421936,0.4000000059604645
40,4,17,0.6462697982788086,0.7327810525894165,0.6550900936126709,0.7327810525894165,0.6642857193946838,0.4000000059604645
40,4,18,0.6426460146903992,0.7368621230125427,0.6513073444366455,0.7368621230125427,0.6714285612106323,0.36000001430511475
40,4,19,0.6389528512954712,0.7411817908287048,0.6474879384040833,0.7411817908287048,0.6857143044471741,0.4000000059604645
40,4,20,0.6351771950721741,0.7457512021064758,0.6436094045639038,0.7457512021064758,0.6857143044471741,0.4000000059604645
40,4,21,0.631304919719696,0.750582754611969,0.6396449208259583,0.750582754611969,0.699999988079071,0.36000001430511475
40,4,22,0.6273217797279358,0.7556948661804199,0.6355671882629395,0.7556948661804199,0.6928571462631226,0.36000001430511475
40,4,23,0.623214066028595,0.7611159682273865,0.631352424621582,0.7611159682273865,0.7071428298950195,0.36000001430511475
40,4,24,0.6189691424369812,0.7668845653533936,0.6269814372062683,0.7668845653533936,0.699999988079071,0.36000001430511475
40,4,25,0.6145757436752319,0.7730510830879211,0.6224403977394104,0.7730510830879211,0.7071428298950195,0.36000001430511475
40,4,26,0.6100248098373413,0.7796762585639954,0.6177197694778442,0.7796762585639954,0.699999988079071,0.36000001430511475
40,4,27,0.605309784412384,0.7868303656578064,0.61281418800354,0.7868303656578064,0.7071428298950195,0.36000001430511475
40,4,28,0.6004273891448975,0.7945917248725891,0.6077213883399963,0.7945917248725891,0.7214285731315613,0.36000001430511475
41,5,1,0.6955640316009521,0.6729087233543396,0.690208911895752,0.6729087233543396,0.5539568066596985,0.7599999904632568
41,5,2,0.6917145252227783,0.6763055920600891,0.6901293992996216,0.6763055920600891,0.5467625856399536,0.6000000238418579
41,5,3,0.6892547011375427,0.6793504357337952,0.6910665035247803,0.6793504357337952,0.48201438784599304,0.5600000023841858
41,5,4,0.6871179938316345,0.6817877292633057,0.6915404796600342,0.6817877292633057,0.5251798629760742,0.5600000023841858
41,5,5,0.6850816607475281,0.6835359334945679,0.6913399696350098,0.6835359334945679,0.5251798629760742,0.5199999809265137
41,5,6,0.6830321550369263,0.6846368312835693,0.6904426217079163,0.6846368312835693,0.5467625856399536,0.5199999809265137
41,5,7,0.6809263825416565,0.6852082014083862,0.6889374256134033,0.6852082014083862,0.5467625856399536,0.5199999809265137
41,5,8,0.6787649989128113,0.6853986978530884,0.6869699954986572,0.6853986978530884,0.568345308303833,0.5199999809265137
41,5,9,0.6765680909156799,0.6853535175323486,0.6846983432769775,0.6853535175323486,0.5755395889282227,0.5600000023841858
41,5,10,0.6743583679199219,0.6851930022239685,0.6822636723518372,0.6851930022239685,0.568345308303833,0.5600000023841858
41,5,11,0.6721526384353638,0.6850042939186096,0.6797735691070557,0.6850042939186096,0.5755395889282227,0.6000000238418579
41,5,12,0.6699594855308533,0.6848424673080444,0.6772998571395874,0.6848424673080444,0.5827338099479675,0.6000000238418579
41,5,13,0.6677805781364441,0.6847354173660278,0.6748812198638916,0.6847354173660278,0.6043165326118469,0.5600000023841858
41,5,14,0.6656122803688049,0.6846910119056702,0.6725307106971741,0.6846910119056702,0.6115108132362366,0.5600000023841858
41,5,15,0.6634482741355896,0.6847038865089417,0.670243501663208,0.6847038865089417,0.6402877569198608,0.5600000023841858
41,5,16,0.6612808704376221,0.6847615838050842,0.6680045127868652,0.6847615838050842,0.6546762585639954,0.5600000023841858
41,5,17,0.6591019034385681,0.6848491430282593,0.6657931804656982,0.6848491430282593,0.6474820375442505,0.5600000023841858
41,5,18,0.6569034457206726,0.6849523186683655,0.6635881066322327,0.6849523186683655,0.6474820375442505,0.5600000023841858
41,5,19,0.6546778082847595,0.6850593686103821,0.6613696813583374,0.6850593686103821,0.6474820375442505,0.5600000023841858
41,5,20,0.6524176597595215,0.6851624250411987,0.6591213345527649,0.6851624250411987,0.6546762585639954,0.5600000023841858
41,5,21,0.6501161456108093,0.6852571368217468,0.6568295955657959,0.6852571368217468,0.6618704795837402,0.5600000023841858
41,5,22,0.6477665901184082,0.68534255027771,0.6544845104217529,0.68534255027771,0.6762589812278748,0.5600000023841858
41,5,23,0.6453624963760376,0.6854205131530762,0.6520782113075256,0.6854205131530762,0.6762589812278748,0.5600000023841858
41,5,24,0.6428970098495483,0.6854945421218872,0.6496044397354126,0.6854945421218872,0.6762589812278748,0.5600000023841858
41,5,25,0.6403630971908569,0.685569167137146,0.6470574140548706,0.685569167137146,0.6762589812278748,0.5600000023841858
41,5,26,0.6377531886100769,0.6856496334075928,0.6444310545921326,0.6856496334075928,0.6762589812278748,0.5600000023841858
42,5,1,0.70014488697052,0.7364754676818848,0.7017754316329956,0.7364754676818848,0.4676258862018585,0.4000000059604645
42,5,2,0.6951645016670227,0.7313028573989868,0.6985342502593994,0.7313028573989868,0.4892086386680603,0.4000000059604645
42,5,3,0.6919919848442078,0.7260186076164246,0.6926445960998535,0.7260186076164246,0.5179855823516846,0.36000001430511475
42,5,4,0.6892442107200623,0.7214780449867249,0.6871957778930664,0.7214780449867249,0.5395683646202087,0.36000001430511475
42,5,5,0.6866586208343506,0.7177773118019104,0.682550311088562,0.7177773118019104,0.5467625856399536,0.4399999976158142
42,5,6,0.6840508580207825,0.7147921919822693,0.6786530613899231,0.7147921919822693,0.5539568066596985,0.4000000059604645
42,5,7,0.6813330054283142,0.7123394012451172,0.6753352284431458,0.7123394012451172,0.5755395889282227,0.4000000059604645
42,5,8,0.6784955263137817,0.710233747959137,0.6724122762680054,0.710233747959137,0.5827338099479675,0.4000000059604645
42,5,9,0.675568163394928,0.7083119750022888,0.6697155237197876,0.7083119750022888,0.597122311592102,0.4399999976158142
42,5,10,0.6725865006446838,0.7064445614814758,0.6671033501625061,0.7064445614814758,0.6187050342559814,0.4000000059604645
42,5,11,0.6695742607116699,0.7045421600341797,0.6644665002822876,0.7045421600341797,0.633093535900116,0.4000000059604645
42,5,12,0.6665388345718384,0.7025564312934875,0.6617332696914673,0.7025564312934875,0.6402877569198608,0.47999998927116394
42,5,13,0.6634752750396729,0.7004735469818115,0.6588661670684814,0.7004735469818115,0.6474820375442505,0.47999998927116394
42,5,14,0.6603695154190063,0.6983034610748291,0.6558549404144287,0.6983034610748291,0.6546762585639954,0.47999998927116394
42,5,15,0.6572025418281555,0.6960672736167908,0.6527061462402344,0.6960672736167908,0.6690647602081299,0.5199999809265137
42,5,16,0.6539522409439087,0.6937874555587769,0.6494320631027222,0.6937874555587769,0.6762589812278748,0.47999998927116394
42,5,17,0.6505956649780273,0.6914805769920349,0.6460412740707397,0.6914805769920349,0.6834532618522644,0.47999998927116394
42,5,18,0.6471099853515625,0.6891542077064514,0.6425341963768005,0.6891542077064514,0.6978417038917542,0.47999998927116394
42,5,19,0.6434735059738159,0.6868076324462891,0.6389010548591614,0.6868076324462891,0.7050359845161438,0.47999998927116394
42,5,20,0.6396657228469849,0.6844348311424255,0.6351224780082703,0.6844348311424255,0.7050359845161438,0.47999998927116394
42,5,21,0.6356672048568726,0.6820275187492371,0.6311725378036499,0.6820275187492371,0.7050359845161438,0.47999998927116394
42,5,22,0.6314589381217957,0.679579496383667,0.6270211935043335,0.679579496383667,0.7122302055358887,0.5600000023841858
42,5,23,0.6270224452018738,0.677091121673584,0.6226385235786438,0.677091121673584,0.7122302055358887,0.5600000023841858
42,5,24,0.6223399043083191,0.6745720505714417,0.6179971098899841,0.6745720505714417,0.7266187071800232,0.5600000023841858
42,5,25,0.6173960566520691,0.6720442771911621,0.6130748987197876,0.6720442771911621,0.7266187071800232,0.5600000023841858
42,5,26,0.6121809482574463,0.6695442795753479,0.6078581213951111,0.6695442795753479,0.7266187071800232,0.5600000023841858
42,5,27,0.6066946387290955,0.6671258807182312,0.6023440361022949,0.6671258807182312,0.7338129281997681,0.6000000238418579
42,5,28,0.6009541749954224,0.6648622751235962,0.5965461730957031,0.6648622751235962,0.7338129281997681,0.6000000238418579
42,5,29,0.5950022339820862,0.6628472805023193,0.5905009508132935,0.6628472805023193,0.7338129281997681,0.6000000238418579
42,5,30,0.58891761302948,0.661192774772644,0.58427894115448,0.661192774772644,0.7266187071800232,0.6000000238418579
42,5,31,0.582823634147644,0.660013735294342,0.5779955387115479,0.660013735294342,0.7410072088241577,0.5600000023841858
42,5,32,0.5768879055976868,0.6593943238258362,0.5718169808387756,0.6593943238258362,0.7338129281997681,0.5600000023841858
42,5,33,0.5713039040565491,0.6593312621116638,0.565947949886322,0.6593312621116638,0.7410072088241577,0.5600000023841858
42,5,34,0.5662400722503662,0.659674882888794,0.5605862736701965,0.659674882888794,0.7482014298439026,0.5600000023841858
42,5,35,0.5617660284042358,0.6601155996322632,0.5558446049690247,0.6601155996322632,0.7410072088241577,0.5600000023841858
42,5,36,0.5577964186668396,0.6602684259414673,0.5516817569732666,0.6602684259414673,0.7410072088241577,0.5600000023841858
42,5,37,0.5541167855262756,0.6598343849182129,0.5479127764701843,0.6598343849182129,0.7338129281997681,0.6000000238418579
42,5,38,0.5504965782165527,0.658730685710907,0.5443145036697388,0.658730685710907,0.7194244861602783,0.6000000238418579
42,5,39,0.5468047261238098,0.6570914387702942,0.5407432317733765,0.6570914387702942,0.7266187071800232,0.6000000238418579
42,5,40,0.5430350303649902,0.6551620364189148,0.5371668338775635,0.6551620364189148,0.7410072088241577,0.6000000238418579
42,5,41,0.5392512083053589,0.6531824469566345,0.5336175560951233,0.6531824469566345,0.7410072088241577,0.6000000238418579
42,5,42,0.5355212092399597,0.6513249278068542,0.5301343202590942,0.6513249278068542,0.7410072088241577,0.6399999856948853
42,5,43,0.5318850874900818,0.6496855020523071,0.5267374515533447,0.6496855020523071,0.7482014298439026,0.6000000238418579
42,5,44,0.5283527374267578,0.6482998132705688,0.523428738117218,0.6482998132705688,0.7482014298439026,0.6399999856948853
42,5,45,0.5249155163764954,0.6471636295318604,0.5201989412307739,0.6471636295318604,0.7482014298439026,0.6399999856948853
42,5,46,0.5215552449226379,0.646250307559967,0.5170339941978455,0.646250307559967,0.7482014298439026,0.6399999856948853
42,5,47,0.518250584602356,0.6455241441726685,0.5139172077178955,0.6455241441726685,0.7410072088241577,0.6399999856948853
42,5,48,0.514980137348175,0.6449505686759949,0.5108319520950317,0.6449505686759949,0.7410072088241577,0.6399999856948853
42,5,49,0.5117239356040955,0.644502580165863,0.5077617764472961,0.644502580165863,0.7482014298439026,0.6399999856948853
42,5,50,0.5084651708602905,0.6441634893417358,0.5046926140785217,0.6441634893417358,0.7482014298439026,0.6399999856948853
42,5,51,0.5051912665367126,0.643928050994873,0.5016123652458191,0.643928050994873,0.7482014298439026,0.6399999856948853
42,5,52,0.5018930435180664,0.6437996029853821,0.49851199984550476,0.6437996029853821,0.7410072088241577,0.6000000238418579
42,5,53,0.4985641837120056,0.6437866687774658,0.49538475275039673,0.6437866687774658,0.7338129281997681,0.6000000238418579
42,5,54,0.4951995313167572,0.6439001560211182,0.4922254681587219,0.6439001560211182,0.7338129281997681,0.6000000238418579
42,5,55,0.4917944371700287,0.6441500186920166,0.4890294373035431,0.6441500186920166,0.7410072088241577,0.6000000238418579
42,5,56,0.48834386467933655,0.6445446610450745,0.48579204082489014,0.6445446610450745,0.7410072088241577,0.6000000238418579
42,5,57,0.48484209179878235,0.6450909376144409,0.48250842094421387,0.6450909376144409,0.7482014298439026,0.6000000238418579
42,5,58,0.48128288984298706,0.6457944512367249,0.47917333245277405,0.6457944512367249,0.7482014298439026,0.6000000238418579
42,5,59,0.4776594936847687,0.6466609835624695,0.475781112909317,0.6466609835624695,0.7482014298439026,0.6000000238418579
42,5,60,0.4739651679992676,0.6476984620094299,0.47232598066329956,0.6476984620094299,0.7482014298439026,0.6000000238418579
42,5,61,0.47019287943840027,0.648917019367218,0.4688020348548889,0.648917019367218,0.7482014298439026,0.6000000238418579
42,5,62,0.4663357734680176,0.6503304839134216,0.46520349383354187,0.6503304839134216,0.7482014298439026,0.6000000238418579
42,5,63,0.46238720417022705,0.65195631980896,0.46152469515800476,0.65195631980896,0.7482014298439026,0.6000000238418579
42,5,64,0.4583405554294586,0.6538158655166626,0.4577600359916687,0.6538158655166626,0.7553957104682922,0.6000000238418579
42,5,65,0.45418912172317505,0.655933678150177,0.4539039134979248,0.655933678150177,0.7625899314880371,0.6000000238418579
42,5,66,0.4499264657497406,0.6583374738693237,0.4499507546424866,0.6583374738693237,0.7625899314880371,0.6000000238418579
42,5,67,0.4455457031726837,0.6610575318336487,0.4458947777748108,0.6610575318336487,0.769784152507782,0.6000000238418579
42,5,68,0.44103994965553284,0.664125919342041,0.4417298436164856,0.664125919342041,0.7769784331321716,0.6399999856948853
42,5,69,0.4364018738269806,0.6675758957862854,0.43744954466819763,0.6675758957862854,0.7841726541519165,0.6399999856948853
42,5,70,0.43162432312965393,0.6714414358139038,0.43304678797721863,0.6714414358139038,0.798561155796051,0.6399999856948853
42,5,71,0.4266996681690216,0.6757550835609436,0.4285140335559845,0.6757550835609436,0.798561155796051,0.6399999856948853
42,5,72,0.42162036895751953,0.6805474162101746,0.4238430857658386,0.6805474162101746,0.798561155796051,0.6399999856948853
42,5,73,0.41637906432151794,0.6858446598052979,0.41902533173561096,0.6858446598052979,0.798561155796051,0.6399999856948853
42,5,74,0.4109691083431244,0.6916671991348267,0.41405192017555237,0.6916671991348267,0.798561155796051,0.6800000071525574
42,5,75,0.40538474917411804,0.6980282068252563,0.40891388058662415,0.6980282068252563,0.8057553768157959,0.6800000071525574
42,5,76,0.39962175488471985,0.7049326300621033,0.40360310673713684,0.7049326300621033,0.8057553768157959,0.6800000071525574
42,5,77,0.3936782777309418,0.7123778462409973,0.39811277389526367,0.7123778462409973,0.8057553768157959,0.6800000071525574
42,5,78,0.3875550627708435,0.7203540802001953,0.39243823289871216,0.7203540802001953,0.8057553768157959,0.6800000071525574
43,5,1,0.7031851410865784,0.693366527557373,0.7049772143363953,0.693366527557373,0.41726619005203247,0.5199999809265137
43,5,2,0.697577178478241,0.6956437826156616,0.6976249814033508,0.6956437826156616,0.4748201370239258,0.47999998927116394
43,5,3,0.6945383548736572,0.6988694667816162,0.6985146403312683,0.6988694667816162,0.5395683646202087,0.47999998927116394
43,5,4,0.6922087073326111,0.7016798257827759,0.6999424695968628,0.7016798257827759,0.5035971403121948,0.47999998927116394
43,5,5,0.6901864409446716,0.7034651041030884,0.7007890939712524,0.7034651041030884,0.5179855823516846,0.4399999976158142
43,5,6,0.6881535053253174,0.7040640115737915,0.7005887627601624,0.7040640115737915,0.48201438784599304,0.4399999976158142
43,5,7,0.6859478950500488,0.7036268711090088,0.6992756128311157,0.7036268711090088,0.5179855823516846,0.47999998927116394
43,5,8,0.6835474371910095,0.7024635076522827,0.6970413327217102,0.7024635076522827,0.5251798629760742,0.4399999976158142
43,5,9,0.6810100078582764,0.7009117603302002,0.694193959236145,0.7009117603302002,0.5323740839958191,0.4000000059604645
43,5,10,0.6784141659736633,0.6992522478103638,0.6910443902015686,0.6992522478103638,0.5467625856399536,0.4000000059604645
43,5,11,0.675823450088501,0.6976737976074219,0.6878395676612854,0.6976737976074219,0.5611510872840881,0.4399999976158142
43,5,12,0.6732751131057739,0.6962748765945435,0.6847381591796875,0.6962748765945435,0.5755395889282227,0.47999998927116394
43,5,13,0.6707826852798462,0.6950827836990356,0.6818157434463501,0.6950827836990356,0.5755395889282227,0.47999998927116394
43,5,14,0.6683434247970581,0.6940784454345703,0.6790834665298462,0.6940784454345703,0.5827338099479675,0.5199999809265137
43,5,15,0.6659455895423889,0.6932192444801331,0.6765109896659851,0.6932192444801331,0.5827338099479675,0.5199999809265137
43,5,16,0.6635726094245911,0.6924554705619812,0.674046516418457,0.6924554705619812,0.597122311592102,0.5199999809265137
43,5,17,0.6612071394920349,0.6917440891265869,0.6716336011886597,0.6917440891265869,0.597122311592102,0.5199999809265137
43,5,18,0.6588326692581177,0.6910545229911804,0.6692221164703369,0.6910545229911804,0.5899280309677124,0.5600000023841858
43,5,19,0.6564354300498962,0.6903711557388306,0.6667746305465698,0.6903711557388306,0.6043165326118469,0.5600000023841858
43,5,20,0.6540044546127319,0.6896920204162598,0.6642680168151855,0.6896920204162598,0.6043165326118469,0.5600000023841858
43,5,21,0.651531994342804,0.6890256404876709,0.6616919636726379,0.6890256404876709,0.6115108132362366,0.5600000023841858
43,5,22,0.6490122675895691,0.6883864402770996,0.6590448617935181,0.6883864402770996,0.633093535900116,0.5600000023841858
43,5,23,0.6464406847953796,0.687791109085083,0.6563294529914856,0.687791109085083,0.633093535900116,0.5600000023841858
43,5,24,0.6438125371932983,0.6872553825378418,0.6535488367080688,0.6872553825378418,0.6258992552757263,0.5600000023841858
43,5,25,0.6411226391792297,0.6867932677268982,0.650703489780426,0.6867932677268982,0.6402877569198608,0.5600000023841858
43,5,26,0.6383647918701172,0.6864169239997864,0.6477901339530945,0.6864169239997864,0.6402877569198608,0.6000000238418579
43,5,27,0.6355313062667847,0.6861371397972107,0.6448013782501221,0.6861371397972107,0.6402877569198608,0.6000000238418579
43,5,28,0.6326136589050293,0.6859650611877441,0.6417260766029358,0.6859650611877441,0.6402877569198608,0.5600000023841858
43,5,29,0.6296024322509766,0.6859138011932373,0.6385513544082642,0.6859138011932373,0.6546762585639954,0.5600000023841858
43,5,30,0.626487672328949,0.6859998106956482,0.6352633237838745,0.6859998106956482,0.6474820375442505,0.6000000238418579
43,5,31,0.6232590079307556,0.6862435936927795,0.6318482756614685,0.6862435936927795,0.6618704795837402,0.6000000238418579
43,5,32,0.619905948638916,0.6866714358329773,0.6282932162284851,0.6866714358329773,0.6762589812278748,0.6000000238418579
43,5,33,0.6164178848266602,0.6873142123222351,0.6245859861373901,0.6873142123222351,0.6762589812278748,0.6000000238418579
43,5,34,0.6127839088439941,0.6882089972496033,0.6207147836685181,0.6882089972496033,0.6834532618522644,0.6000000238418579
43,5,35,0.6089932322502136,0.6893985867500305,0.6166680455207825,0.6893985867500305,0.6978417038917542,0.6000000238418579
43,5,36,0.6050347685813904,0.6909327507019043,0.6124335527420044,0.6909327507019043,0.7122302055358887,0.6000000238418579
43,5,37,0.600897490978241,0.692868709564209,0.6079992651939392,0.692868709564209,0.7122302055358887,0.5600000023841858
43,5,38,0.5965710878372192,0.6952717304229736,0.6033533215522766,0.6952717304229736,0.7122302055358887,0.5600000023841858
43,5,39,0.5920457243919373,0.6982158422470093,0.598484992980957,0.6982158422470093,0.7194244861602783,0.5600000023841858
43,5,40,0.587313711643219,0.7017822265625,0.5933862328529358,0.7017822265625,0.7194244861602783,0.5199999809265137
43,5,41,0.5823693871498108,0.706055760383606,0.5880529284477234,0.706055760383606,0.7122302055358887,0.5199999809265137
43,5,42,0.5772103071212769,0.7111188769340515,0.5824852585792542,0.7111188769340515,0.7122302055358887,0.5199999809265137
43,5,43,0.5718379020690918,0.7170396447181702,0.5766897797584534,0.7170396447181702,0.7266187071800232,0.5199999809265137
43,5,44,0.5662580132484436,0.723857045173645,0.5706782937049866,0.723857045173645,0.7266187071800232,0.5199999809265137
43,5,45,0.5604810118675232,0.7315635681152344,0.564469039440155,0.7315635681152344,0.7194244861602783,0.5199999809265137
43,5,46,0.5545209050178528,0.7400891780853271,0.5580863356590271,0.7400891780853271,0.7194244861602783,0.5199999809265137
43,5,47,0.5483945608139038,0.7492974996566772,0.5515593886375427,0.7492974996566772,0.7194244861602783,0.5199999809265137
43,5,48,0.5421201586723328,0.7590040564537048,0.5449209213256836,0.7590040564537048,0.7266187071800232,0.5199999809265137
43,5,49,0.5357177257537842,0.7690209746360779,0.5382053256034851,0.7690209746360779,0.7410072088241577,0.5199999809265137
43,5,50,0.5292121171951294,0.7792178392410278,0.5314485430717468,0.7792178392410278,0.7410072088241577,0.5199999809265137
43,5,51,0.5226356387138367,0.7895663380622864,0.5246860980987549,0.7895663380622864,0.7338129281997681,0.5199999809265137
43,5,52,0.5160243511199951,0.8001461029052734,0.5179464221000671,0.8001461029052734,0.7410072088241577,0.5199999809265137
43,5,53,0.5094074010848999,0.8111063241958618,0.5112378597259521,0.8111063241958618,0.7553957104682922,0.5199999809265137
43,5,54,0.5027927160263062,0.8226133584976196,0.5045391917228699,0.8226133584976196,0.769784152507782,0.5199999809265137
44,5,1,0.7137486338615417,0.703144907951355,0.7259842753410339,0.703144907951355,0.4285714328289032,0.4000000059604645
44,5,2,0.7067126035690308,0.6985841989517212,0.7177643775939941,0.6985841989517212,0.4285714328289032,0.47999998927116394
44,5,3,0.7022397518157959,0.6945444345474243,0.7083332538604736,0.6945444345474243,0.4642857015132904,0.5600000023841858
44,5,4,0.6987108588218689,0.6915285587310791,0.7002667784690857,0.6915285587310791,0.4928571283817291,0.6000000238418579
44,5,5,0.6957100629806519,0.6893822550773621,0.693734884262085,0.6893822550773621,0.5,0.5600000023841858
44,5,6,0.6928885579109192,0.6878623366355896,0.688495934009552,0.6878623366355896,0.5142857432365417,0.5199999809265137
44,5,7,0.6900354623794556,0.6867733597755432,0.6842328310012817,0.6867733597755432,0.5357142686843872,0.5199999809265137
44,5,8,0.687073290348053,0.6859807372093201,0.6806563138961792,0.6859807372093201,0.5642856955528259,0.5199999809265137
44,5,9,0.6840084791183472,0.6853880286216736,0.6775280833244324,0.6853880286216736,0.6214285492897034,0.5199999809265137
44,5,10,0.680880606174469,0.6849174499511719,0.674656867980957,0.6849174499511719,0.6428571343421936,0.47999998927116394
44,5,11,0.6777284741401672,0.6845039129257202,0.6718937754631042,0.6845039129257202,0.6714285612106323,0.4399999976158142
44,5,12,0.6745762228965759,0.6840972304344177,0.6691309809684753,0.6840972304344177,0.6785714030265808,0.4399999976158142
44,5,13,0.6714330911636353,0.6836656332015991,0.6662997007369995,0.6836656332015991,0.6857143044471741,0.4399999976158142
44,5,14,0.6682965755462646,0.6831964254379272,0.6633667945861816,0.6831964254379272,0.699999988079071,0.47999998927116394
44,5,15,0.6651575565338135,0.6826920509338379,0.6603260040283203,0.6826920509338379,0.699999988079071,0.47999998927116394
44,5,16,0.6620029211044312,0.6821649670600891,0.6571881175041199,0.6821649670600891,0.6928571462631226,0.47999998927116394
44,5,17,0.6588176488876343,0.6816316246986389,0.6539704203605652,0.6816316246986389,0.6857143044471741,0.5199999809265137
44,5,18,0.655585765838623,0.681108295917511,0.6506894826889038,0.681108295917511,0.699999988079071,0.5600000023841858
44,5,19,0.6522911787033081,0.6806079745292664,0.6473552584648132,0.6806079745292664,0.699999988079071,0.5600000023841858
44,5,20,0.6489189267158508,0.6801400780677795,0.6439698338508606,0.6801400780677795,0.699999988079071,0.6000000238418579
44,5,21,0.6454551219940186,0.6797103881835938,0.6405269503593445,0.6797103881835938,0.699999988079071,0.5600000023841858
44,5,22,0.6418871879577637,0.6793224811553955,0.6370140910148621,0.6793224811553955,0.699999988079071,0.5600000023841858
44,5,23,0.6382039189338684,0.6789793372154236,0.6334143280982971,0.6789793372154236,0.7071428298950195,0.5199999809265137
44,5,24,0.6343948841094971,0.6786852478981018,0.6297094821929932,0.6786852478981018,0.7214285731315613,0.6000000238418579
44,5,25,0.6304503679275513,0.6784480810165405,0.6258812546730042,0.6784480810165405,0.7428571581840515,0.6000000238418579
44,5,26,0.6263611912727356,0.6782810688018799,0.6219140887260437,0.6782810688018799,0.75,0.6000000238418579
44,5,27,0.6221192479133606,0.6782044172286987,0.6177957653999329,0.6782044172286987,0.75,0.6000000238418579
44,5,28,0.617717981338501,0.6782461404800415,0.6135181188583374,0.6782461404800415,0.7428571581840515,0.6000000238418579
44,5,29,0.6131534576416016,0.678443431854248,0.6090773940086365,0.678443431854248,0.7428571581840515,0.6000000238418579
44,5,30,0.6084256172180176,0.6788432598114014,0.6044741868972778,0.6788432598114014,0.7357142567634583,0.6000000238418579
44,5,31,0.6035395264625549,0.679501473903656,0.599713921546936,0.679501473903656,0.7357142567634583,0.6000000238418579
44,5,32,0.5985072255134583,0.6804834604263306,0.5948069095611572,0.6804834604263306,0.7214285731315613,0.6399999856948853
44,5,33,0.5933483242988586,0.6818623542785645,0.589769721031189,0.6818623542785645,0.7285714149475098,0.6399999856948853
44,5,34,0.5880910754203796,0.6837164163589478,0.5846264958381653,0.6837164163589478,0.7285714149475098,0.6399999856948853
44,5,35,0.5827705264091492,0.6861255764961243,0.5794091820716858,0.6861255764961243,0.7214285731315613,0.6399999856948853
44,5,36,0.5774269104003906,0.6891638040542603,0.5741577744483948,0.6891638040542603,0.7071428298950195,0.6399999856948853
44,5,37,0.5720998644828796,0.6928888559341431,0.5689168572425842,0.6928888559341431,0.7142857313156128,0.6399999856948853
44,5,38,0.5668224692344666,0.6973275542259216,0.5637310743331909,0.6973275542259216,0.7071428298950195,0.6000000238418579
44,5,39,0.561615526676178,0.7024610638618469,0.5586351752281189,0.7024610638618469,0.7214285731315613,0.5600000023841858
44,5,40,0.5564847588539124,0.7082154750823975,0.5536473393440247,0.7082154750823975,0.7214285731315613,0.5600000023841858
44,5,41,0.5514233708381653,0.7144700884819031,0.5487659573554993,0.7144700884819031,0.7285714149475098,0.5600000023841858
44,5,42,0.5464210510253906,0.7210847735404968,0.5439755320549011,0.7210847735404968,0.7357142567634583,0.5600000023841858
44,5,43,0.5414727330207825,0.7279379963874817,0.539258599281311,0.7279379963874817,0.7357142567634583,0.5600000023841858
44,5,44,0.5365835428237915,0.7349534630775452,0.5346059799194336,0.7349534630775452,0.7285714149475098,0.5600000023841858
44,5,45,0.5317679643630981,0.7421037554740906,0.5300199389457703,0.7421037554740906,0.7142857313156128,0.5600000023841858
44,5,46,0.5270435214042664,0.7493915557861328,0.5255093574523926,0.7493915557861328,0.7142857313156128,0.5600000023841858
44,5,47,0.5224255919456482,0.7568246722221375,0.5210846662521362,0.7568246722221375,0.7142857313156128,0.5600000023841858
44,5,48,0.5179240107536316,0.7643923759460449,0.5167536735534668,0.7643923759460449,0.7142857313156128,0.5199999809265137
44,5,49,0.5135420560836792,0.7720492482185364,0.5125198364257812,0.7720492482185364,0.7357142567634583,0.47999998927116394
44,5,50,0.509276807308197,0.7797116637229919,0.5083813667297363,0.7797116637229919,0.7285714149475098,0.47999998927116394
44,5,51,0.5051196813583374,0.7872684597969055,0.5043299794197083,0.7872684597969055,0.7285714149475098,0.47999998927116394
44,5,52,0.5010573267936707,0.7946011424064636,0.5003519654273987,0.7946011424064636,0.7214285731315613,0.47999998927116394
45,5,1,0.724105179309845,0.6797357797622681,0.6791467666625977,0.6797357797622681,0.5928571224212646,0.6000000238418579
45,5,2,0.7045121192932129,0.6818210482597351,0.6737023591995239,0.6818210482597351,0.5928571224212646,0.6000000238418579
45,5,3,0.6923757195472717,0.6882155537605286,0.6741001605987549,0.6882155537605286,0.5928571224212646,0.5199999809265137
45,5,4,0.6854802370071411,0.6959909796714783,0.6775804758071899,0.6959909796714783,0.6214285492897034,0.47999998927116394
45,5,5,0.6818341016769409,0.7024762034416199,0.6816868185997009,0.7024762034416199,0.6142857074737549,0.4399999976158142
45,5,6,0.6795875430107117,0.7060906291007996,0.6844183206558228,0.7060906291007996,0.550000011920929,0.4399999976158142
45,5,7,0.6775290966033936,0.706616222858429,0.6848001480102539,0.706616222858429,0.5571428537368774,0.4399999976158142
45,5,8,0.6751932501792908,0.7048086524009705,0.6829150319099426,0.7048086524009705,0.5714285969734192,0.4399999976158142
45,5,9,0.6726015210151672,0.7017636895179749,0.6794780492782593,0.7017636895179749,0.6142857074737549,0.47999998927116394
45,5,10,0.6699252128601074,0.6984378099441528,0.6753365993499756,0.6984378099441528,0.6285714507102966,0.47999998927116394
45,5,11,0.6672816276550293,0.6954469084739685,0.6711550951004028,0.6954469084739685,0.6642857193946838,0.4399999976158142
45,5,12,0.6646915078163147,0.6930692195892334,0.6673181653022766,0.6930692195892334,0.6499999761581421,0.47999998927116394
45,5,13,0.6621230840682983,0.6913365721702576,0.6639677286148071,0.6913365721702576,0.6499999761581421,0.47999998927116394
45,5,14,0.6595430374145508,0.690133810043335,0.6610819697380066,0.690133810043335,0.6428571343421936,0.47999998927116394
45,5,15,0.6569358110427856,0.6892737746238708,0.6585474014282227,0.6892737746238708,0.6499999761581421,0.47999998927116394
45,5,16,0.6542978286743164,0.6885547637939453,0.6562102437019348,0.6885547637939453,0.6428571343421936,0.47999998927116394
45,5,17,0.6516250967979431,0.687802255153656,0.6539151668548584,0.687802255153656,0.6499999761581421,0.47999998927116394
45,5,18,0.6489074230194092,0.6868992447853088,0.651535153388977,0.6868992447853088,0.6428571343421936,0.47999998927116394
45,5,19,0.6461303234100342,0.6857967972755432,0.6489903330802917,0.6857967972755432,0.6428571343421936,0.5199999809265137
45,5,20,0.6432792544364929,0.6845049262046814,0.6462520956993103,0.6845049262046814,0.6428571343421936,0.5199999809265137
45,5,21,0.6403423547744751,0.6830695867538452,0.6433324217796326,0.6830695867538452,0.6357142925262451,0.5199999809265137
45,5,22,0.6373092532157898,0.6815451979637146,0.6402643322944641,0.6815451979637146,0.6357142925262451,0.5600000023841858
45,5,23,0.6341699361801147,0.6799731254577637,0.6370819211006165,0.6799731254577637,0.6499999761581421,0.5600000023841858
45,5,24,0.6309131383895874,0.6783692240715027,0.6338052153587341,0.6783692240715027,0.6499999761581421,0.6000000238418579
45,5,25,0.6275261640548706,0.6767220497131348,0.6304342150688171,0.6767220497131348,0.6571428775787354,0.6000000238418579
45,5,26,0.6239941120147705,0.6749994158744812,0.6269493103027344,0.6749994158744812,0.6571428775787354,0.5600000023841858
45,5,27,0.6203006505966187,0.6731580495834351,0.6233178377151489,0.6731580495834351,0.6642857193946838,0.5600000023841858
45,5,28,0.6164277791976929,0.6711547374725342,0.619502604007721,0.6711547374725342,0.6642857193946838,0.5600000023841858
45,5,29,0.6123565435409546,0.6689517498016357,0.6154696345329285,0.6689517498016357,0.6642857193946838,0.5600000023841858
45,5,30,0.6080678105354309,0.6665186285972595,0.611192524433136,0.6665186285972595,0.6785714030265808,0.5600000023841858
45,5,31,0.6035432815551758,0.6638267636299133,0.6066533923149109,0.6638267636299133,0.6785714030265808,0.5600000023841858
45,5,32,0.5987672209739685,0.6608428955078125,0.6018394231796265,0.6608428955078125,0.6785714030265808,0.5600000023841858
45,5,33,0.5937269330024719,0.657522976398468,0.5967397689819336,0.657522976398468,0.6857143044471741,0.5600000023841858
45,5,34,0.5884158611297607,0.6538116931915283,0.5913437008857727,0.6538116931915283,0.6857143044471741,0.5600000023841858
45,5,35,0.5828357934951782,0.6496500372886658,0.5856431722640991,0.6496500372886658,0.6928571462631226,0.6000000238418579
45,5,36,0.5770007967948914,0.6449875831604004,0.579640805721283,0.6449875831604004,0.7071428298950195,0.6399999856948853
45,5,37,0.5709421634674072,0.6397994756698608,0.5733601450920105,0.6397994756698608,0.7071428298950195,0.6399999856948853
45,5,38,0.5647119879722595,0.6340999603271484,0.5668542385101318,0.6340999603271484,0.7142857313156128,0.6399999856948853
45,5,39,0.5583857893943787,0.6279519200325012,0.5602089166641235,0.6279519200325012,0.7071428298950195,0.6800000071525574
45,5,40,0.5520597100257874,0.6214753985404968,0.5535369515419006,0.6214753985404968,0.6928571462631226,0.6800000071525574
45,5,41,0.5458407402038574,0.6148491501808167,0.5469684600830078,0.6148491501808167,0.699999988079071,0.6800000071525574
45,5,42,0.5398291945457458,0.6082961559295654,0.5406352877616882,0.6082961559295654,0.7142857313156128,0.6800000071525574
45,5,43,0.5340977907180786,0.6020410060882568,0.5346490144729614,0.6020410060882568,0.7142857313156128,0.6800000071525574
45,5,44,0.5286757946014404,0.5962543487548828,0.5290728211402893,0.5962543487548828,0.7071428298950195,0.7200000286102295
45,5,45,0.5235466957092285,0.5910201072692871,0.5239039659500122,0.5910201072692871,0.7071428298950195,0.7200000286102295
45,5,46,0.5186600089073181,0.5863392949104309,0.5190820693969727,0.5863392949104309,0.7142857313156128,0.7599999904632568
45,5,47,0.5139506459236145,0.5821541547775269,0.514514684677124,0.5821541547775269,0.7071428298950195,0.7599999904632568
45,5,48,0.5093521475791931,0.5783789157867432,0.510099470615387,0.5783789157867432,0.7357142567634583,0.7599999904632568
45,5,49,0.5048030018806458,0.5749256610870361,0.5057395100593567,0.5749256610870361,0.7357142567634583,0.7599999904632568
45,5,50,0.5002476572990417,0.5717185139656067,0.5013545155525208,0.5717185139656067,0.7285714149475098,0.7599999904632568
45,5,51,0.49564000964164734,0.5686948895454407,0.496884822845459,0.5686948895454407,0.7285714149475098,0.7599999904632568
45,5,52,0.49094462394714355,0.5658075213432312,0.49228838086128235,0.5658075213432312,0.7428571581840515,0.7599999904632568
45,5,53,0.48613595962524414,0.5630241632461548,0.4875389039516449,0.5630241632461548,0.75,0.7599999904632568
45,5,54,0.4811957776546478,0.5603254437446594,0.48262110352516174,0.5603254437446594,0.75,0.7599999904632568
45,5,55,0.47610965371131897,0.5577038526535034,0.47752466797828674,0.5577038526535034,0.7571428418159485,0.7599999904632568
45,5,56,0.470863938331604,0.5551621317863464,0.47224050760269165,0.5551621317863464,0.7571428418159485,0.800000011920929
45,5,57,0.46544358134269714,0.5527114272117615,0.46675851941108704,0.5527114272117615,0.7571428418159485,0.800000011920929
45,5,58,0.45983195304870605,0.5503689646720886,0.4610661566257477,0.5503689646720886,0.7642857432365417,0.800000011920929
45,5,59,0.4540097415447235,0.5481557846069336,0.4551476538181305,0.5481557846069336,0.7785714268684387,0.800000011920929
45,5,60,0.4479549825191498,0.546095073223114,0.4489840865135193,0.546095073223114,0.7785714268684387,0.800000011920929
45,5,61,0.4416426122188568,0.54421067237854,0.44255274534225464,0.54421067237854,0.7785714268684387,0.8399999737739563
45,5,62,0.4350442588329315,0.5425260066986084,0.43582677841186523,0.5425260066986084,0.7785714268684387,0.8399999737739563
45,5,63,0.42812779545783997,0.541064441204071,0.42877525091171265,0.541064441204071,0.7785714268684387,0.800000011920929
45,5,64,0.4208577275276184,0.539849042892456,0.42136359214782715,0.539849042892456,0.7857142686843872,0.800000011920929
45,5,65,0.41319599747657776,0.5389042496681213,0.41355466842651367,0.5389042496681213,0.7857142686843872,0.800000011920929
45,5,66,0.40510356426239014,0.5382580757141113,0.405310720205307,0.5382580757141113,0.7928571701049805,0.800000011920929
45,5,67,0.39654359221458435,0.5379450917243958,0.3965970575809479,0.5379450917243958,0.8071428537368774,0.800000011920929
45,5,68,0.38748565316200256,0.5380108952522278,0.38738712668418884,0.5380108952522278,0.800000011920929,0.800000011920929
45,5,69,0.37791261076927185,0.5385183095932007,0.37766969203948975,0.5385183095932007,0.8285714387893677,0.800000011920929
45,5,70,0.3678286671638489,0.539553165435791,0.36745789647102356,0.539553165435791,0.8357142806053162,0.800000011920929
45,5,71,0.35726916790008545,0.5412309169769287,0.3567988872528076,0.5412309169769287,0.8357142806053162,0.800000011920929
45,5,72,0.3463073968887329,0.5436990857124329,0.34578073024749756,0.5436990857124329,0.8357142806053162,0.800000011920929
45,5,73,0.33505386114120483,0.5471303462982178,0.3345309793949127,0.5471303462982178,0.8500000238418579,0.800000011920929
45,5,74,0.3236420154571533,0.5516936779022217,0.32320302724838257,0.5516936779022217,0.8642857074737549,0.800000011920929
45,5,75,0.3122027814388275,0.557487428188324,0.3119511306285858,0.557487428188324,0.8642857074737549,0.800000011920929
45,5,76,0.3008376955986023,0.5644489526748657,0.30090010166168213,0.5644489526748657,0.8857142925262451,0.800000011920929
45,5,77,0.2896033823490143,0.5723251700401306,0.2901085317134857,0.5723251700401306,0.8999999761581421,0.800000011920929
45,5,78,0.2785069942474365,0.5807919502258301,0.279535710811615,0.5807919502258301,0.8999999761581421,0.8399999737739563
45,5,79,0.26752111315727234,0.5896556973457336,0.26907017827033997,0.5896556973457336,0.8999999761581421,0.800000011920929
45,5,80,0.2566293179988861,0.5989601016044617,0.2586398124694824,0.5989601016044617,0.8999999761581421,0.800000011920929
45,5,81,0.24586334824562073,0.6089184880256653,0.24827466905117035,0.6089184880256653,0.9142857193946838,0.800000011920929
45,5,82,0.23528872430324554,0.6198180913925171,0.23804190754890442,0.6198180913925171,0.9142857193946838,0.800000011920929
45,5,83,0.22497546672821045,0.631939709186554,0.22797009348869324,0.631939709186554,0.9142857193946838,0.800000011920929
45,5,84,0.21498210728168488,0.6454865336418152,0.21808363497257233,0.6454865336418152,0.9285714030265808,0.800000011920929
45,5,85,0.20534367859363556,0.6604791283607483,0.2084391713142395,0.6604791283607483,0.9285714030265808,0.800000011920929
45,5,86,0.19604600965976715,0.677427351474762,0.19907060265541077,0.677427351474762,0.9357143044471741,0.800000011920929
45,5,87,0.1870451420545578,0.6959556341171265,0.18993589282035828,0.6959556341171265,0.9428571462631226,0.800000011920929
45,5,88,0.17826604843139648,0.7196161150932312,0.18100498616695404,0.7196161150932312,0.9428571462631226,0.800000011920929
45,5,89,0.16962112486362457,0.7369796633720398,0.17209871113300323,0.7369796633720398,0.9428571462631226,0.800000011920929
45,5,90,0.16141444444656372,0.7838149070739746,0.16381220519542694,0.7838149070739746,0.9428571462631226,0.7599999904632568
45,5,91,0.1527414321899414,0.7513062357902527,0.15442858636379242,0.7513062357902527,0.9571428298950195,0.7599999904632568
45,5,92,0.16445328295230865,0.8483837246894836,0.16704992949962616,0.8483837246894836,0.9428571462631226,0.7599999904632568
46,5,1,0.6946346163749695,0.7023108005523682,0.7048109173774719,0.7023108005523682,0.4214285612106323,0.47999998927116394
46,5,2,0.6902318596839905,0.694309413433075,0.6976295113563538,0.694309413433075,0.4928571283817291,0.5199999809265137
46,5,3,0.6873692870140076,0.68764328956604,0.6906817555427551,0.68764328956604,0.5571428537368774,0.5199999809265137
46,5,4,0.6850062608718872,0.682620108127594,0.6848758459091187,0.682620108127594,0.5642856955528259,0.5600000023841858
46,5,5,0.6828413009643555,0.6790502667427063,0.6801300048828125,0.6790502667427063,0.6428571343421936,0.6800000071525574
46,5,6,0.6806752681732178,0.6766288876533508,0.6762221455574036,0.6766288876533508,0.6357142925262451,0.6800000071525574
46,5,7,0.6784177422523499,0.6750441789627075,0.6729331612586975,0.6750441789627075,0.6357142925262451,0.6800000071525574
46,5,8,0.6760590076446533,0.6740170121192932,0.6700789928436279,0.6740170121192932,0.6357142925262451,0.6800000071525574
46,5,9,0.6736310124397278,0.6733156442642212,0.6675119400024414,0.6733156442642212,0.6428571343421936,0.6399999856948853
46,5,10,0.6711756587028503,0.6727610230445862,0.6651149392127991,0.6727610230445862,0.6714285612106323,0.6399999856948853
46,5,11,0.6687268018722534,0.6722276210784912,0.6627976894378662,0.6722276210784912,0.6714285612106323,0.6000000238418579
46,5,12,0.6663037538528442,0.6716400384902954,0.6604958772659302,0.6716400384902954,0.6857143044471741,0.6000000238418579
46,5,13,0.6639133095741272,0.6709648370742798,0.6581688523292542,0.6709648370742798,0.6714285612106323,0.6000000238418579
46,5,14,0.6615529656410217,0.6701992750167847,0.6557974219322205,0.6701992750167847,0.6571428775787354,0.6000000238418579
46,5,15,0.6592143774032593,0.6693606376647949,0.6533772349357605,0.6693606376647949,0.6571428775787354,0.6000000238418579
46,5,16,0.6568863391876221,0.6684741377830505,0.6509137153625488,0.6684741377830505,0.6642857193946838,0.6000000238418579
46,5,17,0.6545564532279968,0.6675658226013184,0.6484159231185913,0.6675658226013184,0.6714285612106323,0.6000000238418579
46,5,18,0.6522125005722046,0.6666567921638489,0.6458920240402222,0.6666567921638489,0.6642857193946838,0.6000000238418579
46,5,19,0.6498435139656067,0.6657613515853882,0.6433470845222473,0.6657613515853882,0.6714285612106323,0.6000000238418579
46,5,20,0.6474396586418152,0.6648871898651123,0.6407822370529175,0.6648871898651123,0.6785714030265808,0.6000000238418579
46,5,21,0.6449929475784302,0.6640356183052063,0.6381940245628357,0.6640356183052063,0.6714285612106323,0.6000000238418579
46,5,22,0.6424965262413025,0.6632049679756165,0.6355761885643005,0.6632049679756165,0.6714285612106323,0.6000000238418579
46,5,23,0.6399446129798889,0.6623911261558533,0.63291996717453,0.6623911261558533,0.6785714030265808,0.5600000023841858
46,5,24,0.6373319625854492,0.661590576171875,0.6302157640457153,0.661590576171875,0.6928571462631226,0.5600000023841858
46,5,25,0.6346534490585327,0.6608008742332458,0.6274536848068237,0.6608008742332458,0.6928571462631226,0.5600000023841858
46,5,26,0.631903886795044,0.6600218415260315,0.6246243119239807,0.6600218415260315,0.6928571462631226,0.5600000023841858
46,5,27,0.6290777325630188,0.6592556238174438,0.6217197179794312,0.6592556238174438,0.6928571462631226,0.5600000023841858
46,5,28,0.6261692643165588,0.6585071086883545,0.6187328696250916,0.6585071086883545,0.6928571462631226,0.5600000023841858
46,5,29,0.6231727600097656,0.6577829718589783,0.6156578063964844,0.6577829718589783,0.7071428298950195,0.5600000023841858
46,5,30,0.6200828552246094,0.6570916771888733,0.6124899983406067,0.6570916771888733,0.699999988079071,0.5600000023841858
46,5,31,0.6168947815895081,0.6564433574676514,0.6092259287834167,0.6564433574676514,0.699999988079071,0.6000000238418579
46,5,32,0.6136048436164856,0.6558488607406616,0.6058632731437683,0.6558488607406616,0.7071428298950195,0.6000000238418579
46,5,33,0.6102107763290405,0.655320405960083,0.6024009585380554,0.655320405960083,0.699999988079071,0.6000000238418579
46,5,34,0.6067120432853699,0.6548712253570557,0.5988394021987915,0.6548712253570557,0.699999988079071,0.6000000238418579
46,5,35,0.6031096577644348,0.6545151472091675,0.5951811671257019,0.6545151472091675,0.6928571462631226,0.6000000238418579
46,5,36,0.5994064211845398,0.654267430305481,0.5914308428764343,0.654267430305481,0.6928571462631226,0.6000000238418579
46,5,37,0.5956061482429504,0.6541441082954407,0.5875948071479797,0.6541441082954407,0.6928571462631226,0.6000000238418579
46,5,38,0.5917121767997742,0.6541621685028076,0.5836806297302246,0.6541621685028076,0.6785714030265808,0.6000000238418579
46,5,39,0.5877262353897095,0.6543390154838562,0.579695463180542,0.6543390154838562,0.6785714030265808,0.6000000238418579
46,5,40,0.5836458206176758,0.6546933054924011,0.5756436586380005,0.6546933054924011,0.6928571462631226,0.6000000238418579
46,5,41,0.579463005065918,0.6552451848983765,0.5715242624282837,0.6552451848983765,0.6857143044471741,0.6000000238418579
46,5,42,0.5751626491546631,0.6560181975364685,0.5673291087150574,0.6560181975364685,0.6857143044471741,0.6000000238418579
46,5,43,0.5707236528396606,0.6570410132408142,0.5630418658256531,0.6570410132408142,0.6857143044471741,0.6399999856948853
46,5,44,0.5661212801933289,0.6583520770072937,0.5586395263671875,0.6583520770072937,0.6857143044471741,0.6399999856948853
46,5,45,0.5613301396369934,0.6600030660629272,0.5540952682495117,0.6600030660629272,0.6928571462631226,0.6399999856948853
46,5,46,0.5563277006149292,0.6620661020278931,0.5493823885917664,0.6620661020278931,0.699999988079071,0.6399999856948853
46,5,47,0.551095187664032,0.6646391153335571,0.5444771647453308,0.6646391153335571,0.7142857313156128,0.6399999856948853
46,5,48,0.5456165075302124,0.6678531169891357,0.5393593907356262,0.6678531169891357,0.7142857313156128,0.6399999856948853
46,5,49,0.5398750901222229,0.6718782782554626,0.5340119004249573,0.6718782782554626,0.7214285731315613,0.6399999856948853
46,5,50,0.5338519215583801,0.676929771900177,0.5284178256988525,0.676929771900177,0.7214285731315613,0.6399999856948853
46,5,51,0.5275229215621948,0.6832725405693054,0.5225585103034973,0.6832725405693054,0.7214285731315613,0.6399999856948853
46,5,52,0.5208593010902405,0.6912245750427246,0.5164104104042053,0.6912245750427246,0.7214285731315613,0.6399999856948853
46,5,53,0.5138273239135742,0.7011566162109375,0.509944498538971,0.7011566162109375,0.7285714149475098,0.6399999856948853
46,5,54,0.5063912272453308,0.7134870290756226,0.5031245350837708,0.7134870290756226,0.7357142567634583,0.5600000023841858
46,5,55,0.49851977825164795,0.7286649346351624,0.49591052532196045,0.7286649346351624,0.75,0.5600000023841858
46,5,56,0.4901983439922333,0.7471261024475098,0.4882687032222748,0.7471261024475098,0.7642857432365417,0.5600000023841858
46,5,57,0.48144835233688354,0.769174337387085,0.4801904261112213,0.769174337387085,0.7642857432365417,0.5600000023841858
46,5,58,0.4723483622074127,0.7947374582290649,0.4717133045196533,0.7947374582290649,0.7785714268684387,0.5600000023841858
46,5,59,0.46303972601890564,0.8230328559875488,0.4629281759262085,0.8230328559875488,0.7785714268684387,0.5600000023841858
46,5,60,0.45369720458984375,0.8524539470672607,0.4539533257484436,0.8524539470672607,0.7714285850524902,0.5600000023841858
46,5,61,0.44447261095046997,0.8811348080635071,0.44489139318466187,0.8811348080635071,0.7785714268684387,0.5600000023841858
46,5,62,0.43546465039253235,0.9080317616462708,0.43582430481910706,0.9080317616462708,0.7857142686843872,0.5600000023841858
47,5,1,0.715288519859314,0.7062596082687378,0.7227063179016113,0.7062596082687378,0.3857142925262451,0.4000000059604645
47,5,2,0.709679901599884,0.7047842144966125,0.7161226272583008,0.7047842144966125,0.4214285612106323,0.4000000059604645
47,5,3,0.7055941820144653,0.7039666175842285,0.7120617628097534,0.7039666175842285,0.4285714328289032,0.4399999976158142
47,5,4,0.7018187642097473,0.7033945322036743,0.7086285352706909,0.7033945322036743,0.4285714328289032,0.4000000059604645
47,5,5,0.6982357501983643,0.7028833627700806,0.7054320573806763,0.7028833627700806,0.4714285731315613,0.4000000059604645
47,5,6,0.694794774055481,0.7023445963859558,0.7023118734359741,0.7023445963859558,0.4714285731315613,0.4399999976158142
47,5,7,0.6914637088775635,0.7017450928688049,0.6991959810256958,0.7017450928688049,0.4928571283817291,0.47999998927116394
47,5,8,0.6882195472717285,0.7010846138000488,0.6960598826408386,0.7010846138000488,0.5142857432365417,0.47999998927116394
47,5,9,0.6850467920303345,0.7003801465034485,0.6929062604904175,0.7003801465034485,0.5142857432365417,0.5199999809265137
47,5,10,0.6819339990615845,0.6996544003486633,0.6897501349449158,0.6996544003486633,0.5428571701049805,0.5199999809265137
47,5,11,0.6788719296455383,0.6989274621009827,0.6866093277931213,0.6989274621009827,0.550000011920929,0.5199999809265137
47,5,12,0.6758524179458618,0.6982138156890869,0.6834985613822937,0.6982138156890869,0.5714285969734192,0.5199999809265137
47,5,13,0.6728672981262207,0.6975196599960327,0.6804258823394775,0.6975196599960327,0.5642856955528259,0.5600000023841858
47,5,14,0.6699080467224121,0.6968448758125305,0.6773924231529236,0.6968448758125305,0.5785714387893677,0.5199999809265137
47,5,15,0.666965663433075,0.6961835622787476,0.674393355846405,0.6961835622787476,0.5857142806053162,0.5199999809265137
47,5,16,0.6640306711196899,0.6955264210700989,0.6714189648628235,0.6955264210700989,0.6000000238418579,0.47999998927116394
47,5,17,0.6610932350158691,0.6948621273040771,0.6684569716453552,0.6948621273040771,0.6000000238418579,0.47999998927116394
47,5,18,0.6581436991691589,0.6941790580749512,0.6654935479164124,0.6941790580749512,0.5928571224212646,0.47999998927116394
47,5,19,0.6551715135574341,0.6934656500816345,0.6625146269798279,0.6934656500816345,0.6071428656578064,0.5199999809265137
47,5,20,0.6521667242050171,0.6927112340927124,0.6595063805580139,0.6927112340927124,0.6142857074737549,0.5199999809265137
47,5,21,0.6491188406944275,0.6919056177139282,0.6564561724662781,0.6919056177139282,0.6214285492897034,0.5199999809265137
47,5,22,0.6460172533988953,0.6910394430160522,0.6533515453338623,0.6910394430160522,0.6214285492897034,0.47999998927116394
47,5,23,0.6428508758544922,0.6901035904884338,0.6501805782318115,0.6901035904884338,0.6214285492897034,0.5199999809265137
47,5,24,0.6396084427833557,0.6890888810157776,0.6469318270683289,0.6890888810157776,0.6214285492897034,0.5199999809265137
47,5,25,0.6362777948379517,0.687985360622406,0.6435932517051697,0.687985360622406,0.6357142925262451,0.5199999809265137
47,5,26,0.6328465938568115,0.6867830753326416,0.6401521563529968,0.6867830753326416,0.6357142925262451,0.5199999809265137
47,5,27,0.6293014883995056,0.6854708194732666,0.6365948915481567,0.6854708194732666,0.6571428775787354,0.5199999809265137
47,5,28,0.6256283521652222,0.6840370893478394,0.6329069137573242,0.6840370893478394,0.6571428775787354,0.5199999809265137
47,5,29,0.6218127012252808,0.6824710369110107,0.6290724873542786,0.6824710369110107,0.6642857193946838,0.5600000023841858
47,5,30,0.6178392171859741,0.6807616353034973,0.6250748038291931,0.6807616353034973,0.6714285612106323,0.6000000238418579
47,5,31,0.6136927604675293,0.6789011359214783,0.620896577835083,0.6789011359214783,0.6714285612106323,0.6000000238418579
47,5,32,0.6093581914901733,0.6768850088119507,0.6165201663970947,0.6768850088119507,0.6857143044471741,0.6399999856948853
47,5,33,0.6048218011856079,0.6747158169746399,0.6119286417961121,0.6747158169746399,0.6785714030265808,0.6399999856948853
47,5,34,0.6000718474388123,0.6724063754081726,0.6071069836616516,0.6724063754081726,0.6785714030265808,0.6399999856948853
47,5,35,0.5951008200645447,0.6699848175048828,0.602043628692627,0.6699848175048828,0.6857143044471741,0.6399999856948853
47,5,36,0.589907705783844,0.6675006747245789,0.5967331528663635,0.6675006747245789,0.6857143044471741,0.6399999856948853
47,5,37,0.5845007300376892,0.6650323271751404,0.5911794900894165,0.6650323271751404,0.699999988079071,0.6399999856948853
47,5,38,0.5789021849632263,0.6626932621002197,0.585400402545929,0.6626932621002197,0.7142857313156128,0.6399999856948853
47,5,39,0.5731526017189026,0.6606367230415344,0.5794329047203064,0.6606367230415344,0.7142857313156128,0.6399999856948853
47,5,40,0.5673157572746277,0.6590517163276672,0.5733389854431152,0.6590517163276672,0.7285714149475098,0.6399999856948853
47,5,41,0.5614804625511169,0.6581445336341858,0.5672095417976379,0.6581445336341858,0.7285714149475098,0.6399999856948853
47,5,42,0.555756688117981,0.6580989956855774,0.5611626505851746,0.6580989956855774,0.7285714149475098,0.6800000071525574
47,5,43,0.5502614974975586,0.6590145230293274,0.5553309917449951,0.6590145230293274,0.7285714149475098,0.6800000071525574
47,5,44,0.5450908541679382,0.6608392596244812,0.5498344302177429,0.6608392596244812,0.7357142567634583,0.6800000071525574
47,5,45,0.5402854084968567,0.6633350253105164,0.5447415709495544,0.6633350253105164,0.7285714149475098,0.6399999856948853
47,5,46,0.5358085036277771,0.6661161184310913,0.5400388836860657,0.6661161184310913,0.7285714149475098,0.6399999856948853
47,5,47,0.531559944152832,0.66876620054245,0.5356343984603882,0.66876620054245,0.7214285731315613,0.6399999856948853
47,5,48,0.5274247527122498,0.6709761619567871,0.531400740146637,0.6709761619567871,0.7285714149475098,0.6399999856948853
47,5,49,0.5233244895935059,0.6726208329200745,0.5272335410118103,0.6726208329200745,0.7285714149475098,0.6399999856948853
47,5,50,0.5192356109619141,0.6737433075904846,0.5230845212936401,0.6737433075904846,0.7357142567634583,0.6000000238418579
47,5,51,0.5151718854904175,0.6744800806045532,0.5189530253410339,0.6744800806045532,0.7357142567634583,0.6000000238418579
47,5,52,0.5111552476882935,0.674984335899353,0.5148581266403198,0.674984335899353,0.7428571581840515,0.6000000238418579
47,5,53,0.5071977376937866,0.6753806471824646,0.5108132362365723,0.6753806471824646,0.7428571581840515,0.6000000238418579
47,5,54,0.5032978057861328,0.6757502555847168,0.5068187117576599,0.6757502555847168,0.7357142567634583,0.6000000238418579
47,5,55,0.4994449019432068,0.6761351227760315,0.502865195274353,0.6761351227760315,0.75,0.6000000238418579
47,5,56,0.4956253170967102,0.6765485405921936,0.4989403188228607,0.6765485405921936,0.75,0.6000000238418579
47,5,57,0.4918249845504761,0.6769859194755554,0.4950319528579712,0.6769859194755554,0.75,0.6000000238418579
47,5,58,0.488031268119812,0.6774351000785828,0.4911278784275055,0.6774351000785828,0.75,0.6000000238418579
47,5,59,0.4842323958873749,0.677883505821228,0.4872155785560608,0.677883505821228,0.7571428418159485,0.6000000238418579
47,5,60,0.4804178476333618,0.6783245205879211,0.48328307271003723,0.6783245205879211,0.7642857432365417,0.6800000071525574
47,5,61,0.4765782356262207,0.6787582635879517,0.47931966185569763,0.6787582635879517,0.7642857432365417,0.6800000071525574
47,5,62,0.4727053642272949,0.6791910529136658,0.47531652450561523,0.6791910529136658,0.7714285850524902,0.7200000286102295
47,5,63,0.4687914252281189,0.6796325445175171,0.4712657928466797,0.6796325445175171,0.7714285850524902,0.7200000286102295
47,5,64,0.4648290276527405,0.6800925731658936,0.4671599864959717,0.6800925731658936,0.7714285850524902,0.7200000286102295
47,5,65,0.4608100950717926,0.6805781722068787,0.4629915654659271,0.6805781722068787,0.7714285850524902,0.7200000286102295
47,5,66,0.4567263424396515,0.6810929775238037,0.45875266194343567,0.6810929775238037,0.7714285850524902,0.7200000286102295
47,5,67,0.4525686800479889,0.6816357970237732,0.45443475246429443,0.6816357970237732,0.7785714268684387,0.7200000286102295
48,5,1,0.7112606763839722,0.6771354079246521,0.6792464256286621,0.6771354079246521,0.5928571224212646,0.6000000238418579
48,5,2,0.6994964480400085,0.6771637797355652,0.674984872341156,0.6771637797355652,0.5928571224212646,0.6399999856948853
48,5,3,0.6921985149383545,0.678680419921875,0.6763362288475037,0.678680419921875,0.5642856955528259,0.6000000238418579
48,5,4,0.6877431869506836,0.6808733344078064,0.6792014837265015,0.6808733344078064,0.5714285969734192,0.5199999809265137
48,5,5,0.6851275563240051,0.68291175365448,0.6822206974029541,0.68291175365448,0.5857142806053162,0.5600000023841858
48,5,6,0.6834243535995483,0.6842737793922424,0.6844480037689209,0.6842737793922424,0.6000000238418579,0.5199999809265137
48,5,7,0.6819980144500732,0.684787929058075,0.6854243874549866,0.684787929058075,0.5928571224212646,0.47999998927116394
48,5,8,0.6805238723754883,0.6845400929450989,0.6851155161857605,0.6845400929450989,0.5785714387893677,0.5199999809265137
48,5,9,0.6789024472236633,0.6837441325187683,0.6837568879127502,0.6837441325187683,0.5857142806053162,0.5199999809265137
48,5,10,0.6771509647369385,0.6826348900794983,0.6816906929016113,0.6826348900794983,0.6000000238418579,0.5199999809265137
48,5,11,0.6753219366073608,0.6814059615135193,0.6792471408843994,0.6814059615135193,0.5857142806053162,0.5199999809265137
48,5,12,0.6734612584114075,0.6801881194114685,0.6766831278800964,0.6801881194114685,0.6071428656578064,0.5199999809265137
48,5,13,0.671595573425293,0.6790529489517212,0.6741672158241272,0.6790529489517212,0.6214285492897034,0.5199999809265137
48,5,14,0.6697363257408142,0.678026556968689,0.6717888116836548,0.678026556968689,0.6428571343421936,0.5199999809265137
48,5,15,0.6678863763809204,0.677104651927948,0.6695786714553833,0.677104651927948,0.6428571343421936,0.5600000023841858
48,5,16,0.6660451889038086,0.6762654781341553,0.6675283312797546,0.6762654781341553,0.6428571343421936,0.5600000023841858
48,5,17,0.6642110347747803,0.6754792928695679,0.6656075716018677,0.6754792928695679,0.6285714507102966,0.5600000023841858
48,5,18,0.6623812317848206,0.6747151017189026,0.6637765765190125,0.6747151017189026,0.6285714507102966,0.5600000023841858
48,5,19,0.660551905632019,0.6739446520805359,0.6619948148727417,0.6739446520805359,0.6285714507102966,0.6399999856948853
48,5,20,0.6587184071540833,0.6731451153755188,0.6602272391319275,0.6731451153755188,0.6428571343421936,0.6399999856948853
48,5,21,0.6568754315376282,0.6723000407218933,0.6584466099739075,0.6723000407218933,0.6499999761581421,0.6399999856948853
48,5,22,0.6550179719924927,0.671398937702179,0.6566346287727356,0.671398937702179,0.6571428775787354,0.6399999856948853
48,5,23,0.6531410217285156,0.6704355478286743,0.6547814607620239,0.6704355478286743,0.6499999761581421,0.6399999856948853
48,5,24,0.6512402296066284,0.6694076061248779,0.6528832316398621,0.6694076061248779,0.6499999761581421,0.6399999856948853
48,5,25,0.6493118405342102,0.6683132648468018,0.6509402990341187,0.6683132648468018,0.6499999761581421,0.6399999856948853
48,5,26,0.6473524570465088,0.6671513319015503,0.6489548683166504,0.6671513319015503,0.6499999761581421,0.6399999856948853
48,5,27,0.6453587412834167,0.6659192442893982,0.6469293832778931,0.6659192442893982,0.6571428775787354,0.6399999856948853
48,5,28,0.6433274745941162,0.6646130084991455,0.6448647975921631,0.6646130084991455,0.6571428775787354,0.6399999856948853
48,5,29,0.6412556767463684,0.6632265448570251,0.6427609324455261,0.6632265448570251,0.6642857193946838,0.6399999856948853
48,5,30,0.6391395926475525,0.6617519855499268,0.6406151652336121,0.6617519855499268,0.6785714030265808,0.6399999856948853
48,5,31,0.6369758248329163,0.6601803302764893,0.6384236216545105,0.6601803302764893,0.6928571462631226,0.6000000238418579
48,5,32,0.6347604393959045,0.658501148223877,0.636181116104126,0.658501148223877,0.6857143044471741,0.6000000238418579
48,5,33,0.6324896216392517,0.6567030549049377,0.6338817477226257,0.6567030549049377,0.6857143044471741,0.6000000238418579
48,5,34,0.6301591396331787,0.65477454662323,0.6315194368362427,0.65477454662323,0.6857143044471741,0.6000000238418579
48,5,35,0.6277651786804199,0.6527036428451538,0.629088282585144,0.6527036428451538,0.6857143044471741,0.6000000238418579
48,5,36,0.6253037452697754,0.650478184223175,0.6265829205513,0.650478184223175,0.6857143044471741,0.6000000238418579
48,5,37,0.6227712631225586,0.6480861902236938,0.6239984631538391,0.6480861902236938,0.6857143044471741,0.6000000238418579
48,5,38,0.6201644539833069,0.6455156803131104,0.6213309168815613,0.6455156803131104,0.6857143044471741,0.6000000238418579
48,5,39,0.6174808144569397,0.6427549719810486,0.6185766458511353,0.6427549719810486,0.6928571462631226,0.6000000238418579
48,5,40,0.6147182583808899,0.6397930979728699,0.6157330274581909,0.6397930979728699,0.6928571462631226,0.6399999856948853
48,5,41,0.6118759512901306,0.6366205811500549,0.612797737121582,0.6366205811500549,0.6928571462631226,0.6399999856948853
48,5,42,0.6089539527893066,0.6332301497459412,0.609769880771637,0.6332301497459412,0.6928571462631226,0.6399999856948853
48,5,43,0.6059535145759583,0.6296179890632629,0.6066491007804871,0.6296179890632629,0.6928571462631226,0.6399999856948853
48,5,44,0.6028773784637451,0.6257853507995605,0.6034368276596069,0.6257853507995605,0.6928571462631226,0.6399999856948853
48,5,45,0.5997292399406433,0.62173992395401,0.6001355648040771,0.62173992395401,0.6928571462631226,0.6399999856948853
48,5,46,0.5965138077735901,0.6174977421760559,0.5967499017715454,0.6174977421760559,0.6928571462631226,0.6399999856948853
48,5,47,0.5932363271713257,0.6130841970443726,0.5932850241661072,0.6130841970443726,0.6928571462631226,0.6800000071525574
48,5,48,0.589901328086853,0.6085350513458252,0.589747428894043,0.6085350513458252,0.7071428298950195,0.6800000071525574
48,5,49,0.5865118503570557,0.603895366191864,0.586142897605896,0.603895366191864,0.699999988079071,0.6800000071525574
48,5,50,0.5830678939819336,0.5992177724838257,0.5824757814407349,0.5992177724838257,0.699999988079071,0.6800000071525574
48,5,51,0.5795649886131287,0.5945589542388916,0.5787470936775208,0.5945589542388916,0.699999988079071,0.6800000071525574
48,5,52,0.5759936571121216,0.589974045753479,0.5749533772468567,0.589974045753479,0.6928571462631226,0.6800000071525574
48,5,53,0.5723386406898499,0.5855107307434082,0.5710859894752502,0.5855107307434082,0.6928571462631226,0.6800000071525574
48,5,54,0.5685800909996033,0.5812035799026489,0.5671302676200867,0.5812035799026489,0.699999988079071,0.6800000071525574
48,5,55,0.564694344997406,0.5770705938339233,0.563066840171814,0.5770705938339233,0.6928571462631226,0.6800000071525574
48,5,56,0.5606558918952942,0.5731114745140076,0.558872401714325,0.5731114745140076,0.6928571462631226,0.6800000071525574
48,5,57,0.5564387440681458,0.5693100094795227,0.5545211434364319,0.5693100094795227,0.6928571462631226,0.6800000071525574
48,5,58,0.5520169138908386,0.5656386017799377,0.5499857664108276,0.5656386017799377,0.6928571462631226,0.6800000071525574
48,5,59,0.5473642945289612,0.5620641112327576,0.5452386140823364,0.5620641112327576,0.699999988079071,0.6800000071525574
48,5,60,0.5424541234970093,0.5585539937019348,0.5402510762214661,0.5585539937019348,0.699999988079071,0.7200000286102295
48,5,61,0.5372572541236877,0.555081307888031,0.5349934697151184,0.555081307888031,0.7071428298950195,0.7200000286102295
48,5,62,0.5317415595054626,0.551628828048706,0.5294347405433655,0.551628828048706,0.7071428298950195,0.7200000286102295
48,5,63,0.5258714556694031,0.5481917262077332,0.5235415697097778,0.5481917262077332,0.7142857313156128,0.7200000286102295
48,5,64,0.5196073055267334,0.5447790026664734,0.5172789692878723,0.5447790026664734,0.7142857313156128,0.7200000286102295
48,5,65,0.5129075050354004,0.5414159893989563,0.5106112957000732,0.5414159893989563,0.7214285731315613,0.7200000286102295
48,5,66,0.5057305097579956,0.5381481647491455,0.5035042762756348,0.5381481647491455,0.7428571581840515,0.7200000286102295
48,5,67,0.49803903698921204,0.5350486040115356,0.49592992663383484,0.5350486040115356,0.7428571581840515,0.7200000286102295
48,5,68,0.48980996012687683,0.5322322249412537,0.4878746569156647,0.5322322249412537,0.7428571581840515,0.7200000286102295
48,5,69,0.48104575276374817,0.5298760533332825,0.4793519675731659,0.5298760533332825,0.7357142567634583,0.7200000286102295
48,5,70,0.47179168462753296,0.5282439589500427,0.470418781042099,0.5282439589500427,0.7428571581840515,0.7200000286102295
48,5,71,0.4621494710445404,0.527703583240509,0.4611888825893402,0.527703583240509,0.7571428418159485,0.7200000286102295
48,5,72,0.45227569341659546,0.5287107229232788,0.4518294632434845,0.5287107229232788,0.7785714268684387,0.7200000286102295
48,5,73,0.4423438608646393,0.5317265391349792,0.4425216019153595,0.5317265391349792,0.7857142686843872,0.7200000286102295
48,5,74,0.43247190117836,0.5370481610298157,0.43338316679000854,0.5370481610298157,0.800000011920929,0.7200000286102295
48,5,75,0.4226532280445099,0.5446047782897949,0.4243847727775574,0.5446047782897949,0.8142856955528259,0.7200000286102295
48,5,76,0.4127536714076996,0.5539071559906006,0.4153119623661041,0.5539071559906006,0.8142856955528259,0.7200000286102295
48,5,77,0.402597576379776,0.5643441081047058,0.40585026144981384,0.5643441081047058,0.8285714387893677,0.7200000286102295
48,5,78,0.3920726180076599,0.5756468176841736,0.39579227566719055,0.5756468176841736,0.8357142806053162,0.6800000071525574
48,5,79,0.38115358352661133,0.5881065130233765,0.38514795899391174,0.5881065130233765,0.8500000238418579,0.6800000071525574
48,5,80,0.3698830306529999,0.6024637818336487,0.3740617334842682,0.6024637818336487,0.8428571224212646,0.6800000071525574
48,5,81,0.3583424985408783,0.6195622086524963,0.36272165179252625,0.6195622086524963,0.8428571224212646,0.6800000071525574
48,5,82,0.3466164469718933,0.6399426460266113,0.35127922892570496,0.6399426460266113,0.8428571224212646,0.6800000071525574
48,5,83,0.33476167917251587,0.6636279225349426,0.3397844433784485,0.6636279225349426,0.8428571224212646,0.6800000071525574
48,5,84,0.3227628171443939,0.6902381181716919,0.3281746208667755,0.6902381181716919,0.8642857074737549,0.6800000071525574
48,5,85,0.31053951382637024,0.7193863391876221,0.31629839539527893,0.7193863391876221,0.8714285492897034,0.6800000071525574
48,5,86,0.2979568839073181,0.7507877349853516,0.30402907729148865,0.7507877349853516,0.8785714507102966,0.6399999856948853
48,5,87,0.28495246171951294,0.7825495004653931,0.29142966866493225,0.7825495004653931,0.8999999761581421,0.6399999856948853
48,5,88,0.27192750573158264,0.8092582821846008,0.27897214889526367,0.8092582821846008,0.8999999761581421,0.6399999856948853
48,5,89,0.26024773716926575,0.8355804681777954,0.2676370143890381,0.8355804681777954,0.9142857193946838,0.6399999856948853
48,5,90,0.24791526794433594,0.8760531544685364,0.2550194561481476,0.8760531544685364,0.9285714030265808,0.6399999856948853
48,5,91,0.2338232547044754,0.9321801066398621,0.24074357748031616,0.9321801066398621,0.9357143044471741,0.6399999856948853
48,5,92,0.22275908291339874,0.9730895161628723,0.2297072857618332,0.9730895161628723,0.9357143044471741,0.6399999856948853
48,5,93,0.21455173194408417,0.942635178565979,0.22034083306789398,0.942635178565979,0.9357143044471741,0.6399999856948853
48,5,94,0.22225302457809448,0.9206692576408386,0.22699598968029022,0.9206692576408386,0.9214285612106323,0.6000000238418579
48,5,95,0.282505601644516,1.0027350187301636,0.31157156825065613,1.0027350187301636,0.8857142925262451,0.7200000286102295
48,5,96,0.3036319315433502,0.9385250806808472,0.29249998927116394,0.9385250806808472,0.8785714507102966,0.6399999856948853
49,5,1,0.7061869502067566,0.7133345603942871,0.7188246250152588,0.7133345603942871,0.40714284777641296,0.36000001430511475
49,5,2,0.7006350159645081,0.7046815752983093,0.7097086906433105,0.7046815752983093,0.44999998807907104,0.4399999976158142
49,5,3,0.6974418759346008,0.6977485418319702,0.7009148597717285,0.6977485418319702,0.44999998807907104,0.5600000023841858
49,5,4,0.6952447295188904,0.6927185654640198,0.6940587759017944,0.6927185654640198,0.5214285850524902,0.5199999809265137
49,5,5,0.693456768989563,0.6892313361167908,0.6888996958732605,0.6892313361167908,0.5857142806053162,0.47999998927116394
49,5,6,0.6916661262512207,0.6868759393692017,0.6849934458732605,0.6868759393692017,0.6000000238418579,0.47999998927116394
49,5,7,0.6896843910217285,0.6853053569793701,0.6819432377815247,0.6853053569793701,0.5928571224212646,0.47999998927116394
49,5,8,0.6874914169311523,0.684245765209198,0.6794468760490417,0.684245765209198,0.6071428656578064,0.47999998927116394
49,5,9,0.6851489543914795,0.6834815740585327,0.6772819757461548,0.6834815740585327,0.6071428656578064,0.5199999809265137
49,5,10,0.682734489440918,0.6828452944755554,0.675281822681427,0.6828452944755554,0.6357142925262451,0.5199999809265137
49,5,11,0.6803067922592163,0.6822169423103333,0.673323392868042,0.6822169423103333,0.6642857193946838,0.5600000023841858
49,5,12,0.6778984069824219,0.6815233826637268,0.6713239550590515,0.6815233826637268,0.6785714030265808,0.5600000023841858
49,5,13,0.6755204200744629,0.6807335615158081,0.6692370772361755,0.6807335615158081,0.6928571462631226,0.6000000238418579
49,5,14,0.6731703877449036,0.6798495650291443,0.6670479774475098,0.6798495650291443,0.7071428298950195,0.5600000023841858
49,5,15,0.6708382368087769,0.6788931488990784,0.6647636294364929,0.6788931488990784,0.7142857313156128,0.5600000023841858
49,5,16,0.6685105562210083,0.6778943538665771,0.6624018549919128,0.6778943538665771,0.7214285731315613,0.5199999809265137
49,5,17,0.6661723256111145,0.6768826246261597,0.6599829792976379,0.6768826246261597,0.7214285731315613,0.5199999809265137
49,5,18,0.6638087034225464,0.6758804321289062,0.6575230956077576,0.6758804321289062,0.7142857313156128,0.5199999809265137
49,5,19,0.6614062786102295,0.6749019026756287,0.6550313830375671,0.6749019026756287,0.7214285731315613,0.5199999809265137
49,5,20,0.6589531302452087,0.673952579498291,0.6525093913078308,0.673952579498291,0.7214285731315613,0.5600000023841858
49,5,21,0.6564397811889648,0.6730313301086426,0.6499523520469666,0.6730313301086426,0.7214285731315613,0.5600000023841858
49,5,22,0.6538580060005188,0.672132670879364,0.6473506093025208,0.672132670879364,0.699999988079071,0.5600000023841858
49,5,23,0.651201069355011,0.6712485551834106,0.6446917057037354,0.6712485551834106,0.6928571462631226,0.5600000023841858
49,5,24,0.64846271276474,0.6703711152076721,0.6419622898101807,0.6703711152076721,0.699999988079071,0.5600000023841858
49,5,25,0.6456367373466492,0.6694927215576172,0.6391494274139404,0.6694927215576172,0.699999988079071,0.5600000023841858
49,5,26,0.6427165865898132,0.6686083078384399,0.6362412571907043,0.6686083078384399,0.7071428298950195,0.5600000023841858
49,5,27,0.6396957039833069,0.6677141785621643,0.6332276463508606,0.6677141785621643,0.7071428298950195,0.5600000023841858
49,5,28,0.6365669965744019,0.6668083071708679,0.6301000118255615,0.6668083071708679,0.7142857313156128,0.5600000023841858
49,5,29,0.6333239078521729,0.6658899188041687,0.6268513202667236,0.6658899188041687,0.7071428298950195,0.5199999809265137
49,5,30,0.6299605369567871,0.6649583578109741,0.6234763264656067,0.6649583578109741,0.7214285731315613,0.47999998927116394
49,5,31,0.626472532749176,0.6640132069587708,0.619970977306366,0.6640132069587708,0.7142857313156128,0.47999998927116394
49,5,32,0.6228581070899963,0.6630536913871765,0.616333544254303,0.6630536913871765,0.7214285731315613,0.47999998927116394
49,5,33,0.6191186904907227,0.6620785593986511,0.612564742565155,0.6620785593986511,0.7071428298950195,0.47999998927116394
49,5,34,0.6152600646018982,0.6610867977142334,0.6086689233779907,0.6610867977142334,0.699999988079071,0.5199999809265137
49,5,35,0.6112929582595825,0.6600778102874756,0.6046552658081055,0.6600778102874756,0.699999988079071,0.5199999809265137
49,5,36,0.6072342991828918,0.6590526700019836,0.6005387902259827,0.6590526700019836,0.7071428298950195,0.5199999809265137
49,5,37,0.6031064987182617,0.6580139398574829,0.5963413119316101,0.6580139398574829,0.699999988079071,0.5199999809265137
49,5,38,0.5989375710487366,0.6569669246673584,0.59209144115448,0.6569669246673584,0.6928571462631226,0.5199999809265137
49,5,39,0.5947584509849548,0.6559195518493652,0.5878234505653381,0.6559195518493652,0.6928571462631226,0.5199999809265137
49,5,40,0.5906007885932922,0.6548810005187988,0.5835745930671692,0.6548810005187988,0.7071428298950195,0.5199999809265137
49,5,41,0.5864927172660828,0.6538597345352173,0.5793817043304443,0.6538597345352173,0.699999988079071,0.5199999809265137
49,5,42,0.5824549794197083,0.6528606414794922,0.5752758383750916,0.6528606414794922,0.699999988079071,0.5199999809265137
49,5,43,0.5784982442855835,0.6518826484680176,0.571277916431427,0.6518826484680176,0.6928571462631226,0.5199999809265137
49,5,44,0.5746228694915771,0.650916337966919,0.5673964023590088,0.650916337966919,0.6928571462631226,0.5199999809265137
49,5,45,0.5708208084106445,0.6499453186988831,0.563626766204834,0.6499453186988831,0.6857143044471741,0.5199999809265137
49,5,46,0.5670791864395142,0.6489496827125549,0.559954822063446,0.6489496827125549,0.7071428298950195,0.5199999809265137
49,5,47,0.5633847117424011,0.6479120850563049,0.5563610196113586,0.6479120850563049,0.7071428298950195,0.5199999809265137
49,5,48,0.5597254037857056,0.646821916103363,0.5528252124786377,0.646821916103363,0.7071428298950195,0.5199999809265137
49,5,49,0.5560913681983948,0.6456782817840576,0.5493300557136536,0.6456782817840576,0.699999988079071,0.5199999809265137
49,5,50,0.5524740219116211,0.6444881558418274,0.5458613038063049,0.6444881558418274,0.699999988079071,0.5199999809265137
49,5,51,0.5488652586936951,0.6432641744613647,0.5424076318740845,0.6432641744613647,0.699999988079071,0.5199999809265137
49,5,52,0.5452569127082825,0.6420204043388367,0.5389599204063416,0.6420204043388367,0.699999988079071,0.5199999809265137
49,5,53,0.5416417717933655,0.6407697200775146,0.5355104207992554,0.6407697200775146,0.699999988079071,0.5199999809265137
49,5,54,0.5380131006240845,0.6395230293273926,0.5320526957511902,0.6395230293273926,0.699999988079071,0.5600000023841858
49,5,55,0.534365177154541,0.6382878422737122,0.5285813808441162,0.6382878422737122,0.699999988079071,0.6399999856948853
49,5,56,0.5306930541992188,0.637068510055542,0.5250921249389648,0.637068510055542,0.699999988079071,0.6399999856948853
49,5,57,0.5269927382469177,0.6358656883239746,0.5215809345245361,0.6358656883239746,0.699999988079071,0.6399999856948853
49,5,58,0.5232610702514648,0.6346772909164429,0.5180436968803406,0.6346772909164429,0.699999988079071,0.6399999856948853
49,5,59,0.519494891166687,0.6334993243217468,0.5144758224487305,0.6334993243217468,0.7071428298950195,0.6399999856948853
49,5,60,0.515691876411438,0.6323270797729492,0.5108726620674133,0.6323270797729492,0.7142857313156128,0.6399999856948853
49,5,61,0.5118491649627686,0.631156861782074,0.5072293281555176,0.631156861782074,0.7142857313156128,0.6399999856948853
49,5,62,0.5079637169837952,0.629986584186554,0.503541111946106,0.629986584186554,0.7142857313156128,0.6399999856948853
49,5,63,0.5040324330329895,0.628816545009613,0.4998028874397278,0.628816545009613,0.7214285731315613,0.6399999856948853
49,5,64,0.5000516176223755,0.6276496648788452,0.4960097074508667,0.6276496648788452,0.7214285731315613,0.6399999856948853
49,5,65,0.496017187833786,0.6264920830726624,0.49215659499168396,0.6264920830726624,0.7214285731315613,0.6399999856948853
49,5,66,0.4919244945049286,0.6253529191017151,0.48823803663253784,0.6253529191017151,0.7214285731315613,0.6399999856948853
49,5,67,0.4877680540084839,0.6242443323135376,0.4842481315135956,0.6242443323135376,0.7214285731315613,0.6399999856948853
49,5,68,0.4835412800312042,0.6231815814971924,0.480180025100708,0.6231815814971924,0.7214285731315613,0.6399999856948853
49,5,69,0.4792364537715912,0.6221831440925598,0.47602587938308716,0.6221831440925598,0.7285714149475098,0.6399999856948853
49,5,70,0.47484418749809265,0.6212711930274963,0.4717765152454376,0.6212711930274963,0.7285714149475098,0.6399999856948853
49,5,71,0.47035327553749084,0.6204712390899658,0.4674215614795685,0.6204712390899658,0.7357142567634583,0.6399999856948853
49,5,72,0.46575021743774414,0.6198123097419739,0.4629489481449127,0.6198123097419739,0.7428571581840515,0.6399999856948853
49,5,73,0.46101972460746765,0.6193263530731201,0.45834535360336304,0.6193263530731201,0.7571428418159485,0.6399999856948853
49,5,74,0.4561441242694855,0.6190480589866638,0.453595906496048,0.6190480589866638,0.7714285850524902,0.6399999856948853
49,5,75,0.4511040449142456,0.6190124750137329,0.4486845135688782,0.6190124750137329,0.7714285850524902,0.6399999856948853
49,5,76,0.4458789527416229,0.6192540526390076,0.443593829870224,0.6192540526390076,0.7928571701049805,0.6399999856948853
49,5,77,0.4404480755329132,0.6198035478591919,0.4383055865764618,0.6198035478591919,0.800000011920929,0.6399999856948853
49,5,78,0.43479108810424805,0.6206862926483154,0.43280020356178284,0.6206862926483154,0.800000011920929,0.6399999856948853
49,5,79,0.4288891553878784,0.6219218373298645,0.4270568788051605,0.6219218373298645,0.8071428537368774,0.6399999856948853
49,5,80,0.42272552847862244,0.6235292553901672,0.4210538864135742,0.6235292553901672,0.800000011920929,0.6399999856948853
49,5,81,0.41628578305244446,0.6255356073379517,0.41477006673812866,0.6255356073379517,0.800000011920929,0.6399999856948853
49,5,82,0.4095582962036133,0.6279868483543396,0.4081880450248718,0.6279868483543396,0.8071428537368774,0.6399999856948853
49,5,83,0.40253496170043945,0.6309567093849182,0.4012966454029083,0.6309567093849182,0.8142856955528259,0.6399999856948853
49,5,84,0.39521291851997375,0.6345552206039429,0.3940923511981964,0.6345552206039429,0.8142856955528259,0.6399999856948853
49,5,85,0.38759422302246094,0.6389475464820862,0.38657665252685547,0.6389475464820862,0.8142856955528259,0.6399999856948853
49,5,86,0.3796817660331726,0.6444033980369568,0.3787507116794586,0.6444033980369568,0.8142856955528259,0.6000000238418579
49,5,87,0.37146687507629395,0.6513930559158325,0.370608389377594,0.6513930559158325,0.8142856955528259,0.5600000023841858
49,5,88,0.3629087805747986,0.6607328653335571,0.3621312081813812,0.6607328653335571,0.8214285969734192,0.5199999809265137
49,5,89,0.3539167046546936,0.6737433671951294,0.3532886505126953,0.6737433671951294,0.8428571224212646,0.5199999809265137
49,5,90,0.3443542420864105,0.6922897100448608,0.3440452814102173,0.6922897100448608,0.8642857074737549,0.5199999809265137
49,5,91,0.33408454060554504,0.7185104489326477,0.3343565762042999,0.7185104489326477,0.8642857074737549,0.5600000023841858
49,5,92,0.32304924726486206,0.7542403936386108,0.3241605758666992,0.7542403936386108,0.8642857074737549,0.5600000023841858
49,5,93,0.3113541305065155,0.8023291230201721,0.31345024704933167,0.8023291230201721,0.8785714507102966,0.5600000023841858
49,5,94,0.29934796690940857,0.8696188926696777,0.302382230758667,0.8696188926696777,0.8857142925262451,0.5600000023841858
49,5,95,0.28740498423576355,0.9533633589744568,0.2915588319301605,0.9533633589744568,0.8857142925262451,0.5600000023841858
49,5,96,0.28038856387138367,1.0622000694274902,0.28795501589775085,1.0622000694274902,0.8857142925262451,0.5600000023841858
49,5,97,0.2811954915523529,0.7671725749969482,0.2845115661621094,0.7671725749969482,0.8571428656578064,0.5600000023841858
49,5,98,0.2889029085636139,1.0247336626052856,0.2959592342376709,1.0247336626052856,0.8857142925262451,0.5600000023841858
49,5,99,0.26837822794914246,0.8432862162590027,0.26314008235931396,0.8432862162590027,0.8857142925262451,0.5600000023841858
49,5,100,0.25875651836395264,1.1002594232559204,0.26373761892318726,1.1002594232559204,0.8714285492897034,0.5199999809265137
50,5,1,0.7000328302383423,0.683481752872467,0.6947897672653198,0.683481752872467,0.5357142686843872,0.5600000023841858
50,5,2,0.6949456334114075,0.6859060525894165,0.6914500594139099,0.6859060525894165,0.5428571701049805,0.5199999809265137
50,5,3,0.691797137260437,0.6880433559417725,0.6912620663642883,0.6880433559417725,0.5642856955528259,0.5600000023841858
50,5,4,0.6891760230064392,0.6893095374107361,0.6909602284431458,0.6893095374107361,0.5428571701049805,0.5600000023841858
50,5,5,0.6868022084236145,0.6895902156829834,0.6900438666343689,0.6895902156829834,0.5571428537368774,0.5600000023841858
50,5,6,0.6845154762268066,0.6890335083007812,0.6884206533432007,0.6890335083007812,0.5571428537368774,0.5199999809265137
50,5,7,0.6822500824928284,0.6879134178161621,0.6862104535102844,0.6879134178161621,0.550000011920929,0.5600000023841858
50,5,8,0.679996132850647,0.6865209341049194,0.6836239695549011,0.6865209341049194,0.5642856955528259,0.5600000023841858
50,5,9,0.6777622699737549,0.6850934624671936,0.6808735728263855,0.6850934624671936,0.5714285969734192,0.5199999809265137
50,5,10,0.6755549907684326,0.683786928653717,0.678122878074646,0.683786928653717,0.5857142806053162,0.47999998927116394
50,5,11,0.6733732223510742,0.6826768517494202,0.6754697561264038,0.6826768517494202,0.6000000238418579,0.47999998927116394
50,5,12,0.6712111830711365,0.6817764043807983,0.6729523539543152,0.6817764043807983,0.6071428656578064,0.5199999809265137
50,5,13,0.6690613031387329,0.6810581684112549,0.6705647110939026,0.6810581684112549,0.6071428656578064,0.5199999809265137
50,5,14,0.666916012763977,0.6804760098457336,0.6682741045951843,0.6804760098457336,0.6071428656578064,0.47999998927116394
50,5,15,0.664767861366272,0.6799819469451904,0.6660366654396057,0.6799819469451904,0.6142857074737549,0.47999998927116394
50,5,16,0.662608802318573,0.6795368194580078,0.6638091802597046,0.6795368194580078,0.6071428656578064,0.5199999809265137
50,5,17,0.6604306697845459,0.6791170239448547,0.6615561246871948,0.6791170239448547,0.6285714507102966,0.5600000023841858
50,5,18,0.6582249402999878,0.6787139773368835,0.6592534780502319,0.6787139773368835,0.6285714507102966,0.5600000023841858
50,5,19,0.6559830904006958,0.6783322691917419,0.6568876504898071,0.6783322691917419,0.6285714507102966,0.5600000023841858
50,5,20,0.6536967158317566,0.6779847741127014,0.6544532775878906,0.6779847741127014,0.6285714507102966,0.5600000023841858
50,5,21,0.6513573527336121,0.6776881217956543,0.6519492268562317,0.6776881217956543,0.6499999761581421,0.5600000023841858
50,5,22,0.6489565372467041,0.6774592399597168,0.6493748426437378,0.6774592399597168,0.6571428775787354,0.5600000023841858
50,5,23,0.6464847922325134,0.6773137450218201,0.6467273831367493,0.6773137450218201,0.6571428775787354,0.5600000023841858
50,5,24,0.6439325213432312,0.6772653460502625,0.644000232219696,0.6772653460502625,0.6571428775787354,0.5600000023841858
50,5,25,0.6412890553474426,0.6773273348808289,0.6411827206611633,0.6773273348808289,0.6571428775787354,0.5600000023841858
50,5,26,0.6385429501533508,0.6775153279304504,0.6382609009742737,0.6775153279304504,0.6571428775787354,0.5600000023841858
50,5,27,0.6356815099716187,0.6778493523597717,0.6352185010910034,0.6778493523597717,0.6571428775787354,0.5600000023841858
50,5,28,0.6326915621757507,0.6783574819564819,0.6320381760597229,0.6783574819564819,0.6571428775787354,0.5600000023841858
50,5,29,0.6295588612556458,0.679077684879303,0.6287024617195129,0.679077684879303,0.6642857193946838,0.5199999809265137
50,5,30,0.6262683272361755,0.680061399936676,0.6251943707466125,0.680061399936676,0.6642857193946838,0.5199999809265137
50,5,31,0.6228052377700806,0.6813763976097107,0.6214982867240906,0.6813763976097107,0.6714285612106323,0.5199999809265137
50,5,32,0.61915522813797,0.6831097602844238,0.6175997257232666,0.6831097602844238,0.6785714030265808,0.5199999809265137
50,5,33,0.6153058409690857,0.6853722333908081,0.613486647605896,0.6853722333908081,0.6857143044471741,0.5199999809265137
50,5,34,0.6112487316131592,0.688302755355835,0.6091510653495789,0.688302755355835,0.6928571462631226,0.5199999809265137
50,5,35,0.6069822907447815,0.6920708417892456,0.6045926213264465,0.6920708417892456,0.6928571462631226,0.5199999809265137
50,5,36,0.6025159955024719,0.6968732476234436,0.5998235940933228,0.6968732476234436,0.699999988079071,0.5600000023841858
50,5,37,0.5978758335113525,0.7029187679290771,0.5948763489723206,0.7029187679290771,0.7071428298950195,0.5600000023841858
50,5,38,0.5931099057197571,0.7103850841522217,0.5898110270500183,0.7103850841522217,0.7142857313156128,0.5600000023841858
50,5,39,0.5882925987243652,0.7193353176116943,0.5847208499908447,0.7193353176116943,0.7071428298950195,0.5600000023841858
50,5,40,0.5835205316543579,0.7295902371406555,0.5797279477119446,0.7295902371406555,0.699999988079071,0.5600000023841858
50,5,41,0.5788939595222473,0.7405860424041748,0.5749606490135193,0.7405860424041748,0.7142857313156128,0.6000000238418579
50,5,42,0.5744807720184326,0.7513267993927002,0.5705068111419678,0.7513267993927002,0.7142857313156128,0.6000000238418579
50,5,43,0.5702768564224243,0.760569155216217,0.5663624405860901,0.760569155216217,0.699999988079071,0.6000000238418579
50,5,44,0.5662000179290771,0.767259418964386,0.5624165534973145,0.767259418964386,0.7214285731315613,0.6000000238418579
50,5,45,0.5621348023414612,0.7709783315658569,0.5585055351257324,0.7709783315658569,0.7357142567634583,0.6000000238418579
50,5,46,0.5579965114593506,0.7720574140548706,0.5544983148574829,0.7720574140548706,0.7357142567634583,0.6000000238418579
50,5,47,0.5537558197975159,0.7713062763214111,0.5503396391868591,0.7713062763214111,0.7357142567634583,0.6000000238418579
50,5,48,0.5494177937507629,0.7696110606193542,0.5460290908813477,0.7696110606193542,0.7357142567634583,0.6000000238418579
50,5,49,0.5449889302253723,0.7676566243171692,0.5415812730789185,0.7676566243171692,0.7357142567634583,0.6000000238418579
