fold,repeat,epoch,loss,inner_val_loss,bce,inner_val_bce,accuracy,inner_val_accuracy
1,1,1,0.672197163105011,0.6574352979660034,0.672197163105011,0.6574352979660034,0.597122311592102,0.6000000238418579
1,1,2,0.6662379503250122,0.6576162576675415,0.6662379503250122,0.6576162576675415,0.597122311592102,0.6000000238418579
1,1,3,0.6616269946098328,0.6580730676651001,0.6616269946098328,0.6580730676651001,0.597122311592102,0.6000000238418579
1,1,4,0.6573235392570496,0.6586922407150269,0.6573235392570496,0.6586922407150269,0.597122311592102,0.6000000238418579
1,1,5,0.65314120054245,0.6593674421310425,0.65314120054245,0.6593674421310425,0.597122311592102,0.6000000238418579
1,1,6,0.6489709615707397,0.660031795501709,0.6489709615707397,0.660031795501709,0.597122311592102,0.6000000238418579
1,1,7,0.6447546482086182,0.6606560349464417,0.6447546482086182,0.6606560349464417,0.597122311592102,0.6000000238418579
1,1,8,0.6404657363891602,0.6612347364425659,0.6404657363891602,0.6612347364425659,0.597122311592102,0.6000000238418579
1,1,9,0.6360905766487122,0.6617729663848877,0.6360905766487122,0.6617729663848877,0.6187050342559814,0.6000000238418579
1,1,10,0.6316163539886475,0.6622782349586487,0.6316163539886475,0.6622782349586487,0.6187050342559814,0.6000000238418579
1,1,11,0.6270242929458618,0.6627570390701294,0.6270242929458618,0.6627570390701294,0.6402877569198608,0.6000000238418579
1,1,12,0.6222898364067078,0.6632148623466492,0.6222898364067078,0.6632148623466492,0.6402877569198608,0.6000000238418579
1,1,13,0.617383599281311,0.6636576652526855,0.617383599281311,0.6636576652526855,0.6402877569198608,0.6000000238418579
1,1,14,0.6122753024101257,0.664094090461731,0.6122753024101257,0.664094090461731,0.6546762585639954,0.6000000238418579
1,1,15,0.6069353222846985,0.6645381450653076,0.6069353222846985,0.6645381450653076,0.6474820375442505,0.6399999856948853
1,1,16,0.6013383269309998,0.6650132536888123,0.6013383269309998,0.6650132536888123,0.6546762585639954,0.6399999856948853
1,1,17,0.5954666137695312,0.6655586957931519,0.5954666137695312,0.6655586957931519,0.6474820375442505,0.6399999856948853
1,1,18,0.5893155932426453,0.6662359833717346,0.5893155932426453,0.6662359833717346,0.6402877569198608,0.6399999856948853
1,1,19,0.5828999876976013,0.6671332716941833,0.5828999876976013,0.6671332716941833,0.6474820375442505,0.6399999856948853
1,1,20,0.5762582421302795,0.6683624386787415,0.5762582421302795,0.6683624386787415,0.6474820375442505,0.6000000238418579
1,1,21,0.5694534182548523,0.6700456142425537,0.5694534182548523,0.6700456142425537,0.6618704795837402,0.6000000238418579
1,1,22,0.5625659823417664,0.6722853183746338,0.5625659823417664,0.6722853183746338,0.6546762585639954,0.6399999856948853
1,1,23,0.555676281452179,0.6751222014427185,0.555676281452179,0.6751222014427185,0.6618704795837402,0.6800000071525574
1,1,24,0.5488367080688477,0.6784898638725281,0.5488367080688477,0.6784898638725281,0.6618704795837402,0.6399999856948853
1,1,25,0.5420424342155457,0.6821919083595276,0.5420424342155457,0.6821919083595276,0.6762589812278748,0.6800000071525574
1,1,26,0.5352129340171814,0.6859372854232788,0.5352129340171814,0.6859372854232788,0.6906474828720093,0.6800000071525574
2,1,1,0.6784839630126953,0.6621044874191284,0.6784839630126953,0.6621044874191284,0.597122311592102,0.6000000238418579
2,1,2,0.6734527945518494,0.6588985919952393,0.6734527945518494,0.6588985919952393,0.597122311592102,0.6000000238418579
2,1,3,0.6710641980171204,0.6561851501464844,0.6710641980171204,0.6561851501464844,0.597122311592102,0.6399999856948853
2,1,4,0.6694478988647461,0.6537954211235046,0.6694478988647461,0.6537954211235046,0.597122311592102,0.6399999856948853
2,1,5,0.668056070804596,0.6514017581939697,0.6680560111999512,0.6514017581939697,0.597122311592102,0.6399999856948853
2,1,6,0.6665222644805908,0.648841917514801,0.6665222644805908,0.648841917514801,0.597122311592102,0.6399999856948853
2,1,7,0.6647171974182129,0.6461113691329956,0.6647171974182129,0.6461113691329956,0.597122311592102,0.6399999856948853
2,1,8,0.6626691818237305,0.6432644128799438,0.6626691818237305,0.6432644128799438,0.597122311592102,0.6399999856948853
2,1,9,0.6604563593864441,0.640339732170105,0.6604563593864441,0.640339732170105,0.597122311592102,0.6399999856948853
2,1,10,0.6581392884254456,0.6373384594917297,0.6581392884254456,0.6373384594917297,0.6043165326118469,0.6399999856948853
2,1,11,0.6557427644729614,0.634234607219696,0.6557427644729614,0.634234607219696,0.6043165326118469,0.6399999856948853
2,1,12,0.6532630324363708,0.63099205493927,0.6532630324363708,0.63099205493927,0.6187050342559814,0.6800000071525574
2,1,13,0.6506785750389099,0.6275736093521118,0.6506785750389099,0.6275736093521118,0.6187050342559814,0.6800000071525574
2,1,14,0.647955596446991,0.6239414215087891,0.647955596446991,0.6239414215087891,0.633093535900116,0.7200000286102295
2,1,15,0.6450496315956116,0.6200548410415649,0.6450496315956116,0.6200548410415649,0.6402877569198608,0.7200000286102295
2,1,16,0.6419064402580261,0.6158691644668579,0.6419064402580261,0.6158691644668579,0.6546762585639954,0.7200000286102295
2,1,17,0.6384668350219727,0.6113352179527283,0.6384668350219727,0.6113352179527283,0.6546762585639954,0.7200000286102295
2,1,18,0.6346690058708191,0.6063989400863647,0.6346690058708191,0.6063989400863647,0.6546762585639954,0.7200000286102295
2,1,19,0.6304504871368408,0.600999116897583,0.6304504871368408,0.600999116897583,0.6762589812278748,0.7200000286102295
2,1,20,0.6257461905479431,0.5950693488121033,0.6257461905479431,0.5950693488121033,0.6906474828720093,0.7200000286102295
2,1,21,0.6204858422279358,0.5885471105575562,0.6204858422279358,0.5885471105575562,0.6906474828720093,0.7200000286102295
2,1,22,0.6145912408828735,0.5813953280448914,0.6145912408828735,0.5813953280448914,0.7194244861602783,0.7200000286102295
2,1,23,0.6079772114753723,0.5736376047134399,0.6079772114753723,0.5736376047134399,0.7338129281997681,0.7200000286102295
2,1,24,0.6005568504333496,0.5654046535491943,0.6005568504333496,0.5654046535491943,0.7553957104682922,0.7599999904632568
2,1,25,0.5922545790672302,0.5569827556610107,0.5922545790672302,0.5569827556610107,0.7625899314880371,0.7599999904632568
2,1,26,0.583024799823761,0.5488691926002502,0.583024799823761,0.5488691926002502,0.7625899314880371,0.7599999904632568
2,1,27,0.5728602409362793,0.5418327450752258,0.5728602409362793,0.5418327450752258,0.7625899314880371,0.800000011920929
2,1,28,0.5617611408233643,0.5368991494178772,0.5617611408233643,0.5368991494178772,0.7553957104682922,0.800000011920929
2,1,29,0.5496879816055298,0.5351338982582092,0.5496879816055298,0.5351338982582092,0.7482014298439026,0.800000011920929
2,1,30,0.5366256237030029,0.5373939275741577,0.5366256237030029,0.5373939275741577,0.7410072088241577,0.800000011920929
2,1,31,0.5227475762367249,0.5441758632659912,0.5227475762367249,0.5441758632659912,0.7410072088241577,0.7599999904632568
2,1,32,0.5084136724472046,0.5553188920021057,0.5084136724472046,0.5553188920021057,0.7553957104682922,0.7599999904632568
2,1,33,0.4940241575241089,0.5699266791343689,0.4940241575241089,0.5699266791343689,0.7625899314880371,0.7599999904632568
2,1,34,0.47971370816230774,0.5866895318031311,0.47971370816230774,0.5866895318031311,0.7553957104682922,0.7599999904632568
2,1,35,0.46529603004455566,0.6046655178070068,0.46529603004455566,0.6046655178070068,0.769784152507782,0.7599999904632568
2,1,36,0.45048898458480835,0.623756468296051,0.45048898458480835,0.623756468296051,0.7841726541519165,0.7599999904632568
2,1,37,0.4351363182067871,0.6444783210754395,0.4351363182067871,0.6444783210754395,0.798561155796051,0.7599999904632568
2,1,38,0.41921478509902954,0.667388916015625,0.41921478509902954,0.667388916015625,0.8129496574401855,0.7599999904632568
2,1,39,0.4026757478713989,0.6925281286239624,0.4026757478713989,0.6925281286239624,0.8201438784599304,0.7200000286102295
2,1,40,0.3853897750377655,0.7193023562431335,0.3853897750377655,0.7193023562431335,0.8129496574401855,0.7200000286102295
2,1,41,0.3672320544719696,0.7468676567077637,0.3672320544719696,0.7468676567077637,0.8345323801040649,0.7200000286102295
2,1,42,0.348250150680542,0.7746881246566772,0.348250150680542,0.7746881246566772,0.8417266011238098,0.7200000286102295
2,1,43,0.3287079632282257,0.8025420904159546,0.3287079632282257,0.8025420904159546,0.8561151027679443,0.6800000071525574
2,1,44,0.3089577853679657,0.8302549719810486,0.3089577853679657,0.8302549719810486,0.8705036044120789,0.6800000071525574
2,1,45,0.2892121970653534,0.858180820941925,0.2892121970653534,0.858180820941925,0.8848921060562134,0.6800000071525574
2,1,46,0.2694467604160309,0.8879497647285461,0.2694467604160309,0.8879497647285461,0.8920863270759583,0.6800000071525574
2,1,47,0.24954423308372498,0.9216046333312988,0.24954423308372498,0.9216046333312988,0.8920863270759583,0.6399999856948853
2,1,48,0.22956739366054535,0.9587998986244202,0.22956739366054535,0.9587998986244202,0.8992805480957031,0.6399999856948853
2,1,49,0.2099849432706833,0.9968258142471313,0.2099849432706833,0.9968258142471313,0.9208633303642273,0.6399999856948853
2,1,50,0.19140349328517914,1.0374300479888916,0.19140349328517914,1.0374300479888916,0.935251772403717,0.6399999856948853
2,1,51,0.17401592433452606,1.089461326599121,0.17401592433452606,1.089461326599121,0.9424460530281067,0.6399999856948853
2,1,52,0.15812233090400696,1.1426022052764893,0.15812233090400696,1.1426022052764893,0.9424460530281067,0.6000000238418579
2,1,53,0.14114506542682648,1.1463676691055298,0.14114506542682648,1.1463676691055298,0.9496402740478516,0.6399999856948853
2,1,54,0.12159274518489838,1.125004768371582,0.12159274518489838,1.125004768371582,0.9568345546722412,0.6399999856948853
3,1,1,0.6972491145133972,0.6687938570976257,0.6972491145133972,0.6687938570976257,0.4892086386680603,0.7200000286102295
3,1,2,0.6817751526832581,0.6623589396476746,0.6817751526832581,0.6623589396476746,0.5827338099479675,0.5600000023841858
3,1,3,0.6734413504600525,0.6606738567352295,0.6734413504600525,0.6606738567352295,0.5899280309677124,0.6000000238418579
3,1,4,0.6693937182426453,0.6614837646484375,0.6693937182426453,0.6614837646484375,0.597122311592102,0.6000000238418579
3,1,5,0.6673659682273865,0.6630008220672607,0.6673659682273865,0.6630008220672607,0.597122311592102,0.6000000238418579
3,1,6,0.6657752990722656,0.6643116474151611,0.6657752990722656,0.6643116474151611,0.597122311592102,0.6000000238418579
3,1,7,0.6638951897621155,0.6652177572250366,0.6638951897621155,0.6652177572250366,0.597122311592102,0.6000000238418579
3,1,8,0.6616082191467285,0.665866494178772,0.6616082191467285,0.665866494178772,0.597122311592102,0.6000000238418579
3,1,9,0.6590514183044434,0.6664560437202454,0.6590514183044434,0.6664560437202454,0.597122311592102,0.6000000238418579
3,1,10,0.6563753485679626,0.6671056151390076,0.6563753485679626,0.6671056151390076,0.597122311592102,0.6000000238418579
3,1,11,0.6536561250686646,0.6678475737571716,0.6536561250686646,0.6678475737571716,0.597122311592102,0.6000000238418579
3,1,12,0.650905430316925,0.6686681509017944,0.650905430316925,0.6686681509017944,0.597122311592102,0.6000000238418579
3,1,13,0.6481053829193115,0.6695429086685181,0.6481053829193115,0.6695429086685181,0.597122311592102,0.6000000238418579
3,1,14,0.6452333927154541,0.6704531908035278,0.6452333927154541,0.6704531908035278,0.597122311592102,0.6000000238418579
3,1,15,0.6422666311264038,0.6713868975639343,0.6422666311264038,0.6713868975639343,0.597122311592102,0.6000000238418579
3,1,16,0.6391773819923401,0.6723352670669556,0.6391773819923401,0.6723352670669556,0.597122311592102,0.6000000238418579
3,1,17,0.6359279751777649,0.6732914447784424,0.6359279751777649,0.6732914447784424,0.597122311592102,0.6000000238418579
3,1,18,0.6324703097343445,0.6742543578147888,0.6324703097343445,0.6742543578147888,0.6043165326118469,0.6000000238418579
3,1,19,0.6287491917610168,0.6752313375473022,0.6287491917610168,0.6752313375473022,0.6115108132362366,0.6000000238418579
3,1,20,0.6247056722640991,0.6762403845787048,0.6247056722640991,0.6762403845787048,0.6115108132362366,0.6000000238418579
3,1,21,0.6202775239944458,0.6773104667663574,0.6202775239944458,0.6773104667663574,0.6115108132362366,0.6000000238418579
3,1,22,0.615397572517395,0.6784811615943909,0.615397572517395,0.6784811615943909,0.6402877569198608,0.5600000023841858
3,1,23,0.6099907755851746,0.6798062324523926,0.6099907755851746,0.6798062324523926,0.6546762585639954,0.5600000023841858
3,1,24,0.6039733290672302,0.6813605427742004,0.6039733290672302,0.6813605427742004,0.6618704795837402,0.5199999809265137
3,1,25,0.5972524285316467,0.6832531690597534,0.5972524285316467,0.6832531690597534,0.6762589812278748,0.47999998927116394
3,1,26,0.5897306799888611,0.6856452822685242,0.5897306799888611,0.6856452822685242,0.7050359845161438,0.47999998927116394
3,1,27,0.5813180804252625,0.6887779235839844,0.5813180804252625,0.6887779235839844,0.7266187071800232,0.5199999809265137
3,1,28,0.5719575881958008,0.693004310131073,0.5719575881958008,0.693004310131073,0.7482014298439026,0.5600000023841858
4,1,1,0.6815852522850037,0.6969813704490662,0.6815852522850037,0.6969813704490662,0.6285714507102966,0.5199999809265137
4,1,2,0.6703596115112305,0.6938470602035522,0.6703596115112305,0.6938470602035522,0.6214285492897034,0.6000000238418579
4,1,3,0.6640583872795105,0.6937253475189209,0.6640583872795105,0.6937253475189209,0.6000000238418579,0.6000000238418579
4,1,4,0.6606327295303345,0.6953877806663513,0.6606327295303345,0.6953877806663513,0.6000000238418579,0.6000000238418579
4,1,5,0.6588888168334961,0.6976776123046875,0.6588888168334961,0.6976776123046875,0.6000000238418579,0.6000000238418579
4,1,6,0.6578218936920166,0.6997784972190857,0.6578218936920166,0.6997784972190857,0.6000000238418579,0.6000000238418579
4,1,7,0.6567338705062866,0.7012751698493958,0.6567338705062866,0.7012751698493958,0.6000000238418579,0.6000000238418579
4,1,8,0.6552481651306152,0.7020887732505798,0.6552481651306152,0.7020887732505798,0.6000000238418579,0.6000000238418579
4,1,9,0.6532459855079651,0.7023553252220154,0.6532459855079651,0.7023553252220154,0.6000000238418579,0.6000000238418579
4,1,10,0.6507647633552551,0.702302873134613,0.6507647633552551,0.702302873134613,0.6000000238418579,0.6000000238418579
4,1,11,0.6479047536849976,0.7021623253822327,0.6479047536849976,0.7021623253822327,0.6071428656578064,0.6000000238418579
4,1,12,0.644763171672821,0.7021223306655884,0.644763171672821,0.7021223306655884,0.6071428656578064,0.6000000238418579
4,1,13,0.6414034962654114,0.7023165225982666,0.6414034962654114,0.7023165225982666,0.6142857074737549,0.6000000238418579
4,1,14,0.6378471851348877,0.7028321623802185,0.6378471851348877,0.7028321623802185,0.6142857074737549,0.6000000238418579
4,1,15,0.634080171585083,0.703728199005127,0.634080171585083,0.703728199005127,0.6214285492897034,0.6399999856948853
4,1,16,0.6300621032714844,0.7050530910491943,0.6300621032714844,0.7050530910491943,0.6285714507102966,0.6399999856948853
4,1,17,0.6257360577583313,0.7068629264831543,0.6257360577583313,0.7068629264831543,0.6357142925262451,0.6000000238418579
4,1,18,0.6210356950759888,0.7092379927635193,0.6210356950759888,0.7092379927635193,0.6571428775787354,0.5600000023841858
4,1,19,0.615892767906189,0.7123021483421326,0.615892767906189,0.7123021483421326,0.6571428775787354,0.6000000238418579
4,1,20,0.6102463603019714,0.7162472009658813,0.6102463603019714,0.7162472009658813,0.6642857193946838,0.6000000238418579
4,1,21,0.6040573120117188,0.7213585376739502,0.6040573120117188,0.7213585376739502,0.6714285612106323,0.6000000238418579
4,1,22,0.597327470779419,0.7280271649360657,0.597327470779419,0.7280271649360657,0.6785714030265808,0.5600000023841858
4,1,23,0.5901150703430176,0.7367103099822998,0.5901150703430176,0.7367103099822998,0.6928571462631226,0.47999998927116394
4,1,24,0.5825357437133789,0.7478069067001343,0.5825357437133789,0.7478069067001343,0.6857143044471741,0.47999998927116394
4,1,25,0.5747361183166504,0.7614639401435852,0.5747361183166504,0.7614639401435852,0.6785714030265808,0.47999998927116394
4,1,26,0.566845178604126,0.7774063348770142,0.566845178604126,0.7774063348770142,0.7142857313156128,0.5199999809265137
4,1,27,0.5589231848716736,0.7948973774909973,0.5589231848716736,0.7948973774909973,0.7071428298950195,0.47999998927116394
4,1,28,0.5509387254714966,0.8128890991210938,0.5509387254714966,0.8128890991210938,0.7285714149475098,0.5199999809265137
5,1,1,0.7018412947654724,0.7018528580665588,0.7018412947654724,0.7018528580665588,0.44285714626312256,0.47999998927116394
5,1,2,0.685130774974823,0.6910320520401001,0.685130774974823,0.6910320520401001,0.5785714387893677,0.5600000023841858
5,1,3,0.6759507060050964,0.6854575872421265,0.6759507060050964,0.6854575872421265,0.6000000238418579,0.6000000238418579
5,1,4,0.6709685325622559,0.6825254559516907,0.6709685325622559,0.6825254559516907,0.5857142806053162,0.6000000238418579
5,1,5,0.6677131056785583,0.6802731156349182,0.6677131056785583,0.6802731156349182,0.5928571224212646,0.6000000238418579
5,1,6,0.6645987629890442,0.6777752637863159,0.6645987629890442,0.6777752637863159,0.5928571224212646,0.6000000238418579
5,1,7,0.6610746383666992,0.6749337911605835,0.6610746383666992,0.6749337911605835,0.5928571224212646,0.6000000238418579
5,1,8,0.6572426557540894,0.6719695925712585,0.6572426557540894,0.6719695925712585,0.5928571224212646,0.6000000238418579
5,1,9,0.6533592939376831,0.6690495014190674,0.6533592939376831,0.6690495014190674,0.6000000238418579,0.6399999856948853
5,1,10,0.6495550274848938,0.6661823987960815,0.6495550274848938,0.6661823987960815,0.6000000238418579,0.6399999856948853
5,1,11,0.6458062529563904,0.6632853150367737,0.6458062529563904,0.6632853150367737,0.6142857074737549,0.6399999856948853
5,1,12,0.6420249938964844,0.6602742075920105,0.6420249938964844,0.6602742075920105,0.6285714507102966,0.6000000238418579
5,1,13,0.6381386518478394,0.6570996046066284,0.6381386518478394,0.6570996046066284,0.6285714507102966,0.6000000238418579
5,1,14,0.6341075301170349,0.6537295579910278,0.6341075301170349,0.6537295579910278,0.6428571343421936,0.6000000238418579
5,1,15,0.6299039721488953,0.6501298546791077,0.6299039721488953,0.6501298546791077,0.6499999761581421,0.6399999856948853
5,1,16,0.6254981160163879,0.646273136138916,0.6254981160163879,0.646273136138916,0.6571428775787354,0.6399999856948853
5,1,17,0.6208696961402893,0.6421700119972229,0.6208696961402893,0.6421700119972229,0.6428571343421936,0.6399999856948853
5,1,18,0.6160256266593933,0.6378915309906006,0.6160256266593933,0.6378915309906006,0.6499999761581421,0.6399999856948853
5,1,19,0.6109964847564697,0.6335681080818176,0.6109964847564697,0.6335681080818176,0.6428571343421936,0.7200000286102295
5,1,20,0.6058189868927002,0.6293808221817017,0.6058189868927002,0.6293808221817017,0.6428571343421936,0.7200000286102295
5,1,21,0.6005251407623291,0.6255533695220947,0.6005251407623291,0.6255533695220947,0.6571428775787354,0.7200000286102295
5,1,22,0.5951414108276367,0.622334897518158,0.5951414108276367,0.622334897518158,0.6714285612106323,0.6399999856948853
5,1,23,0.5896881818771362,0.6199801564216614,0.5896881818771362,0.6199801564216614,0.6857143044471741,0.6399999856948853
5,1,24,0.5841825604438782,0.6187227368354797,0.5841825604438782,0.6187227368354797,0.6928571462631226,0.6399999856948853
5,1,25,0.5786409378051758,0.6187124252319336,0.5786409378051758,0.6187124252319336,0.7071428298950195,0.6399999856948853
5,1,26,0.573063850402832,0.6199393272399902,0.573063850402832,0.6199393272399902,0.7285714149475098,0.6399999856948853
5,1,27,0.5674262046813965,0.622230589389801,0.5674262046813965,0.622230589389801,0.7285714149475098,0.6399999856948853
5,1,28,0.5616843104362488,0.6253337264060974,0.5616843104362488,0.6253337264060974,0.7214285731315613,0.6399999856948853
5,1,29,0.5557898283004761,0.6289991140365601,0.5557898283004761,0.6289991140365601,0.7214285731315613,0.6399999856948853
5,1,30,0.5496835708618164,0.6330133080482483,0.5496835708618164,0.6330133080482483,0.7357142567634583,0.6399999856948853
5,1,31,0.5432766675949097,0.6372388601303101,0.5432766675949097,0.6372388601303101,0.7357142567634583,0.6399999856948853
5,1,32,0.5364639759063721,0.641671895980835,0.5364639759063721,0.641671895980835,0.7357142567634583,0.6399999856948853
5,1,33,0.529151201248169,0.6464494466781616,0.529151201248169,0.6464494466781616,0.7428571581840515,0.6399999856948853
5,1,34,0.5212566256523132,0.6518081426620483,0.5212566256523132,0.6518081426620483,0.75,0.6399999856948853
5,1,35,0.5127055644989014,0.6580653190612793,0.5127055644989014,0.6580653190612793,0.7571428418159485,0.6399999856948853
5,1,36,0.5034412741661072,0.6656070947647095,0.5034412741661072,0.6656070947647095,0.7571428418159485,0.6000000238418579
5,1,37,0.4934350550174713,0.6748379468917847,0.4934350550174713,0.6748379468917847,0.7714285850524902,0.6000000238418579
5,1,38,0.4826878011226654,0.686130166053772,0.4826878011226654,0.686130166053772,0.7785714268684387,0.6399999856948853
5,1,39,0.47124284505844116,0.6997685432434082,0.47124284505844116,0.6997685432434082,0.7785714268684387,0.6399999856948853
5,1,40,0.45919564366340637,0.7158124446868896,0.45919564366340637,0.7158124446868896,0.7928571701049805,0.6000000238418579
5,1,41,0.44667062163352966,0.7339019775390625,0.44667062163352966,0.7339019775390625,0.7928571701049805,0.6000000238418579
5,1,42,0.4337599575519562,0.7531500458717346,0.4337599575519562,0.7531500458717346,0.7928571701049805,0.6000000238418579
5,1,43,0.42046284675598145,0.7724012732505798,0.42046284675598145,0.7724012732505798,0.8071428537368774,0.6000000238418579
5,1,44,0.4066900610923767,0.7908442616462708,0.4066900610923767,0.7908442616462708,0.800000011920929,0.6000000238418579
5,1,45,0.39233478903770447,0.8084834218025208,0.39233478903770447,0.8084834218025208,0.800000011920929,0.6000000238418579
5,1,46,0.3773265480995178,0.8261067867279053,0.3773265480995178,0.8261067867279053,0.800000011920929,0.6000000238418579
5,1,47,0.36162132024765015,0.8448641300201416,0.36162132024765015,0.8448641300201416,0.8214285969734192,0.6399999856948853
5,1,48,0.34517210721969604,0.8657815456390381,0.34517210721969604,0.8657815456390381,0.8500000238418579,0.6399999856948853
5,1,49,0.32792139053344727,0.8894402980804443,0.32792139053344727,0.8894402980804443,0.8642857074737549,0.6399999856948853
5,1,50,0.30983296036720276,0.9158959984779358,0.30983296036720276,0.9158959984779358,0.8714285492897034,0.6000000238418579
6,1,1,0.6904336810112,0.6707189083099365,0.6904336810112,0.6707189083099365,0.5142857432365417,0.6000000238418579
6,1,2,0.6787710189819336,0.6641690135002136,0.6787710189819336,0.6641690135002136,0.5928571224212646,0.6000000238418579
6,1,3,0.673319935798645,0.6614256501197815,0.673319935798645,0.6614256501197815,0.5928571224212646,0.6000000238418579
6,1,4,0.6698352098464966,0.6597712635993958,0.6698352098464966,0.6597712635993958,0.5928571224212646,0.6000000238418579
6,1,5,0.6663098931312561,0.6582162380218506,0.6663098931312561,0.6582162380218506,0.5928571224212646,0.6000000238418579
6,1,6,0.6624892354011536,0.6567775011062622,0.6624892354011536,0.6567775011062622,0.5928571224212646,0.6000000238418579
6,1,7,0.6587293148040771,0.6554560661315918,0.6587293148040771,0.6554560661315918,0.6000000238418579,0.6000000238418579
6,1,8,0.655134379863739,0.6539829969406128,0.655134379863739,0.6539829969406128,0.6071428656578064,0.6000000238418579
6,1,9,0.6515119075775146,0.6521124243736267,0.6515119075775146,0.6521124243736267,0.6071428656578064,0.6000000238418579
6,1,10,0.6476840376853943,0.6498328447341919,0.6476840376853943,0.6498328447341919,0.6071428656578064,0.6000000238418579
6,1,11,0.6436198353767395,0.6472628712654114,0.6436198353767395,0.6472628712654114,0.6142857074737549,0.6000000238418579
6,1,12,0.6393342018127441,0.6444671750068665,0.6393342018127441,0.6444671750068665,0.6285714507102966,0.6399999856948853
6,1,13,0.6347990036010742,0.641405463218689,0.6347990036010742,0.641405463218689,0.6428571343421936,0.6399999856948853
6,1,14,0.6299716234207153,0.6379730105400085,0.6299716234207153,0.6379730105400085,0.6357142925262451,0.6399999856948853
6,1,15,0.624829113483429,0.6340159773826599,0.624829113483429,0.6340159773826599,0.6499999761581421,0.6399999856948853
6,1,16,0.6193390488624573,0.6293580532073975,0.6193390488624573,0.6293580532073975,0.6571428775787354,0.6399999856948853
6,1,17,0.6134514212608337,0.6238770484924316,0.6134514212608337,0.6238770484924316,0.6499999761581421,0.6399999856948853
6,1,18,0.6071418523788452,0.6175351738929749,0.6071418523788452,0.6175351738929749,0.6642857193946838,0.6399999856948853
6,1,19,0.6004435420036316,0.6103220582008362,0.6004435420036316,0.6103220582008362,0.6785714030265808,0.6800000071525574
6,1,20,0.593455970287323,0.6022088527679443,0.593455970287323,0.6022088527679443,0.6857143044471741,0.6800000071525574
6,1,21,0.5863193273544312,0.5931925177574158,0.5863193273544312,0.5931925177574158,0.699999988079071,0.6399999856948853
6,1,22,0.5791449546813965,0.5834404230117798,0.5791449546813965,0.5834404230117798,0.7071428298950195,0.6800000071525574
6,1,23,0.5719962120056152,0.5733214616775513,0.5719962120056152,0.5733214616775513,0.7142857313156128,0.7200000286102295
6,1,24,0.5649030804634094,0.5632074475288391,0.5649030804634094,0.5632074475288391,0.7142857313156128,0.7200000286102295
6,1,25,0.5578081011772156,0.5533705353736877,0.5578081011772156,0.5533705353736877,0.7142857313156128,0.7200000286102295
6,1,26,0.5505308508872986,0.5440574288368225,0.5505308508872986,0.5440574288368225,0.7285714149475098,0.7200000286102295
6,1,27,0.5429051518440247,0.5353774428367615,0.5429051518440247,0.5353774428367615,0.7142857313156128,0.7200000286102295
6,1,28,0.5348680019378662,0.5272186994552612,0.5348680019378662,0.5272186994552612,0.7071428298950195,0.7200000286102295
6,1,29,0.5263952612876892,0.519431471824646,0.5263952612876892,0.519431471824646,0.7214285731315613,0.7200000286102295
6,1,30,0.5174970030784607,0.511900782585144,0.5174970030784607,0.511900782585144,0.7428571581840515,0.7200000286102295
6,1,31,0.5082234144210815,0.5045602917671204,0.5082234144210815,0.5045602917671204,0.7428571581840515,0.7200000286102295
6,1,32,0.49859559535980225,0.49751341342926025,0.49859559535980225,0.49751341342926025,0.75,0.7200000286102295
6,1,33,0.48860761523246765,0.4910357594490051,0.48860761523246765,0.4910357594490051,0.7714285850524902,0.7599999904632568
6,1,34,0.47825589776039124,0.4854954481124878,0.47825589776039124,0.4854954481124878,0.7714285850524902,0.800000011920929
6,1,35,0.4675150215625763,0.4813055694103241,0.4675150215625763,0.4813055694103241,0.7857142686843872,0.800000011920929
6,1,36,0.45635655522346497,0.47883284091949463,0.45635655522346497,0.47883284091949463,0.7857142686843872,0.7599999904632568
6,1,37,0.4447678327560425,0.478333443403244,0.4447678327560425,0.478333443403244,0.7857142686843872,0.7599999904632568
6,1,38,0.43273743987083435,0.4799436926841736,0.43273743987083435,0.4799436926841736,0.800000011920929,0.7599999904632568
6,1,39,0.4202626347541809,0.48364773392677307,0.4202626347541809,0.48364773392677307,0.800000011920929,0.800000011920929
6,1,40,0.407333105802536,0.48927414417266846,0.407333105802536,0.48927414417266846,0.8071428537368774,0.800000011920929
6,1,41,0.3939128518104553,0.49651050567626953,0.3939128518104553,0.49651050567626953,0.8357142806053162,0.800000011920929
6,1,42,0.3799433708190918,0.5049400329589844,0.3799433708190918,0.5049400329589844,0.8500000238418579,0.800000011920929
6,1,43,0.36533722281455994,0.5141047835350037,0.36533722281455994,0.5141047835350037,0.8571428656578064,0.7599999904632568
6,1,44,0.34999096393585205,0.5235238075256348,0.34999096393585205,0.5235238075256348,0.8714285492897034,0.800000011920929
6,1,45,0.33380573987960815,0.5326831936836243,0.33380573987960815,0.5326831936836243,0.8928571343421936,0.800000011920929
6,1,46,0.3167586922645569,0.5410507321357727,0.3167586922645569,0.5410507321357727,0.8999999761581421,0.800000011920929
6,1,47,0.2990376949310303,0.5483389496803284,0.2990376949310303,0.5483389496803284,0.9142857193946838,0.800000011920929
6,1,48,0.2810549736022949,0.554901659488678,0.2810549736022949,0.554901659488678,0.9142857193946838,0.800000011920929
6,1,49,0.2631910741329193,0.5613079071044922,0.2631910741329193,0.5613079071044922,0.9285714030265808,0.800000011920929
6,1,50,0.2456391453742981,0.5675907731056213,0.2456391453742981,0.5675907731056213,0.9357143044471741,0.800000011920929
6,1,51,0.22849977016448975,0.5736401081085205,0.22849977016448975,0.5736401081085205,0.9357143044471741,0.800000011920929
6,1,52,0.21182776987552643,0.5792402029037476,0.21182776987552643,0.5792402029037476,0.9357143044471741,0.800000011920929
6,1,53,0.19558456540107727,0.584458589553833,0.19558456540107727,0.584458589553833,0.9357143044471741,0.800000011920929
6,1,54,0.17969729006290436,0.5889909863471985,0.17969729006290436,0.5889909863471985,0.949999988079071,0.800000011920929
6,1,55,0.1640985608100891,0.5928152203559875,0.1640985608100891,0.5928152203559875,0.9571428298950195,0.800000011920929
6,1,56,0.14882157742977142,0.5962218642234802,0.14882157742977142,0.5962218642234802,0.9571428298950195,0.800000011920929
6,1,57,0.1339602768421173,0.6001150608062744,0.1339602768421173,0.6001150608062744,0.9642857313156128,0.800000011920929
6,1,58,0.11968604475259781,0.6048808693885803,0.11968604475259781,0.6048808693885803,0.9785714149475098,0.800000011920929
6,1,59,0.10622754693031311,0.610995352268219,0.10622754693031311,0.610995352268219,0.9857142567634583,0.7599999904632568
6,1,60,0.09384778887033463,0.618773877620697,0.09384778887033463,0.618773877620697,0.9857142567634583,0.7599999904632568
6,1,61,0.08270108699798584,0.6287063360214233,0.08270108699798584,0.6287063360214233,0.9928571581840515,0.7599999904632568
6,1,62,0.07277873903512955,0.6413541436195374,0.07277873903512955,0.6413541436195374,0.9928571581840515,0.7200000286102295
7,1,1,0.6727581024169922,0.6787426471710205,0.6727581024169922,0.6787426471710205,0.5785714387893677,0.6000000238418579
7,1,2,0.6670882701873779,0.6775694489479065,0.6670882701873779,0.6775694489479065,0.5928571224212646,0.6000000238418579
7,1,3,0.6631464958190918,0.6771914958953857,0.6631464958190918,0.6771914958953857,0.5928571224212646,0.6000000238418579
7,1,4,0.6595180630683899,0.6771076917648315,0.6595180630683899,0.6771076917648315,0.5928571224212646,0.6000000238418579
7,1,5,0.6558303236961365,0.6771433353424072,0.6558303236961365,0.6771433353424072,0.5928571224212646,0.6000000238418579
7,1,6,0.6520153880119324,0.677289605140686,0.6520153880119324,0.677289605140686,0.5928571224212646,0.6000000238418579
7,1,7,0.6481140851974487,0.6775684952735901,0.6481140851974487,0.6775684952735901,0.5928571224212646,0.6000000238418579
7,1,8,0.6441555619239807,0.6779811978340149,0.6441555619239807,0.6779811978340149,0.5928571224212646,0.6000000238418579
7,1,9,0.6401223540306091,0.678519070148468,0.6401223540306091,0.678519070148468,0.5928571224212646,0.6000000238418579
7,1,10,0.6359665393829346,0.6791893243789673,0.6359665393829346,0.6791893243789673,0.5928571224212646,0.6000000238418579
7,1,11,0.6316324472427368,0.6800279021263123,0.6316324472427368,0.6800279021263123,0.5928571224212646,0.6000000238418579
7,1,12,0.6270650625228882,0.6810978651046753,0.6270650625228882,0.6810978651046753,0.6000000238418579,0.5600000023841858
7,1,13,0.6222081780433655,0.6824819445610046,0.6222081780433655,0.6824819445610046,0.6000000238418579,0.5600000023841858
7,1,14,0.6170021891593933,0.6842836141586304,0.6170021891593933,0.6842836141586304,0.6214285492897034,0.6000000238418579
7,1,15,0.6113846898078918,0.6866349577903748,0.6113846898078918,0.6866349577903748,0.6285714507102966,0.6000000238418579
7,1,16,0.6052937507629395,0.6897103190422058,0.6052937507629395,0.6897103190422058,0.6428571343421936,0.6000000238418579
7,1,17,0.5986676812171936,0.693749189376831,0.5986676812171936,0.693749189376831,0.6499999761581421,0.5600000023841858
7,1,18,0.5914451479911804,0.6990883350372314,0.5914451479911804,0.6990883350372314,0.6571428775787354,0.5600000023841858
7,1,19,0.5835664868354797,0.706204891204834,0.5835664868354797,0.706204891204834,0.6857143044471741,0.5600000023841858
7,1,20,0.5749813914299011,0.7157512903213501,0.5749813914299011,0.7157512903213501,0.6928571462631226,0.5600000023841858
7,1,21,0.5656594038009644,0.7285594344139099,0.5656594038009644,0.7285594344139099,0.7071428298950195,0.5600000023841858
7,1,22,0.5556079149246216,0.7455818057060242,0.5556079149246216,0.7455818057060242,0.7285714149475098,0.47999998927116394
7,1,23,0.5449026823043823,0.7677247524261475,0.5449026823043823,0.7677247524261475,0.7428571581840515,0.4000000059604645
7,1,24,0.5337299704551697,0.7954886555671692,0.5337299704551697,0.7954886555671692,0.7785714268684387,0.4000000059604645
7,1,25,0.5224146842956543,0.8283448815345764,0.5224146842956543,0.8283448815345764,0.7714285850524902,0.4399999976158142
7,1,26,0.5113829374313354,0.8641359210014343,0.5113829374313354,0.8641359210014343,0.7785714268684387,0.47999998927116394
7,1,27,0.5010371208190918,0.8991787433624268,0.5010371208190918,0.8991787433624268,0.7857142686843872,0.47999998927116394
7,1,28,0.4915163815021515,0.9295223951339722,0.4915163815021515,0.9295223951339722,0.7928571701049805,0.5199999809265137
7,1,29,0.4824996888637543,0.9530004858970642,0.4824996888637543,0.9530004858970642,0.7857142686843872,0.5199999809265137
8,1,1,0.6760556101799011,0.6594101190567017,0.6760556101799011,0.6594101190567017,0.6142857074737549,0.6399999856948853
8,1,2,0.665630578994751,0.6541892886161804,0.665630578994751,0.6541892886161804,0.5928571224212646,0.6399999856948853
8,1,3,0.6599917411804199,0.6518303155899048,0.6599917411804199,0.6518303155899048,0.6000000238418579,0.6399999856948853
8,1,4,0.6558645963668823,0.6507818698883057,0.6558645963668823,0.6507818698883057,0.6000000238418579,0.6000000238418579
8,1,5,0.6522983312606812,0.6503415107727051,0.6522983312606812,0.6503415107727051,0.6071428656578064,0.6000000238418579
8,1,6,0.6489405035972595,0.6502077579498291,0.6489405035972595,0.6502077579498291,0.6071428656578064,0.6000000238418579
8,1,7,0.6456851363182068,0.6502304077148438,0.6456851363182068,0.6502304077148438,0.6357142925262451,0.6000000238418579
8,1,8,0.6424782872200012,0.6502988338470459,0.6424782872200012,0.6502988338470459,0.6285714507102966,0.6000000238418579
8,1,9,0.6392509937286377,0.6503281593322754,0.6392509937286377,0.6503281593322754,0.6285714507102966,0.6000000238418579
8,1,10,0.6359298825263977,0.6502795219421387,0.6359298825263977,0.6502795219421387,0.6357142925262451,0.5600000023841858
8,1,11,0.6324652433395386,0.6501688957214355,0.6324652433395386,0.6501688957214355,0.6357142925262451,0.5600000023841858
8,1,12,0.6288411617279053,0.6500507593154907,0.6288411617279053,0.6500507593154907,0.6428571343421936,0.5600000023841858
8,1,13,0.6250650882720947,0.649989902973175,0.6250650882720947,0.649989902973175,0.6499999761581421,0.6000000238418579
8,1,14,0.6211478114128113,0.6500381231307983,0.6211478114128113,0.6500381231307983,0.6571428775787354,0.6000000238418579
8,1,15,0.6170924305915833,0.6502261161804199,0.6170924305915833,0.6502261161804199,0.6642857193946838,0.6800000071525574
8,1,16,0.6128901839256287,0.6505690217018127,0.6128901839256287,0.6505690217018127,0.6714285612106323,0.6800000071525574
8,1,17,0.6085248589515686,0.6510779857635498,0.6085248589515686,0.6510779857635498,0.6642857193946838,0.6800000071525574
8,1,18,0.603978157043457,0.6517725586891174,0.603978157043457,0.6517725586891174,0.6642857193946838,0.6800000071525574
8,1,19,0.5992366671562195,0.6526908874511719,0.5992366671562195,0.6526908874511719,0.6571428775787354,0.6800000071525574
8,1,20,0.5943015217781067,0.6538916230201721,0.5943015217781067,0.6538916230201721,0.6714285612106323,0.6800000071525574
8,1,21,0.5891934037208557,0.655442476272583,0.5891934037208557,0.655442476272583,0.6857143044471741,0.6800000071525574
8,1,22,0.583946943283081,0.6574023962020874,0.583946943283081,0.6574023962020874,0.7071428298950195,0.6800000071525574
8,1,23,0.5785913467407227,0.6598086357116699,0.5785913467407227,0.6598086357116699,0.7142857313156128,0.6800000071525574
8,1,24,0.5731272101402283,0.662675142288208,0.5731272101402283,0.662675142288208,0.7142857313156128,0.6399999856948853
8,1,25,0.5675115585327148,0.6659942865371704,0.5675115585327148,0.6659942865371704,0.7142857313156128,0.6399999856948853
8,1,26,0.5616611838340759,0.6697467565536499,0.5616611838340759,0.6697467565536499,0.7142857313156128,0.6800000071525574
8,1,27,0.5554680228233337,0.6739385724067688,0.5554680228233337,0.6739385724067688,0.699999988079071,0.6800000071525574
8,1,28,0.5488172173500061,0.6786525249481201,0.5488172769546509,0.6786525249481201,0.699999988079071,0.7200000286102295
8,1,29,0.5416080355644226,0.6840733289718628,0.5416080355644226,0.6840733289718628,0.7071428298950195,0.6800000071525574
8,1,30,0.5337729454040527,0.6904879808425903,0.5337729454040527,0.6904879808425903,0.6857143044471741,0.6800000071525574
8,1,31,0.5252751111984253,0.6982583403587341,0.5252751111984253,0.6982583403587341,0.7071428298950195,0.6800000071525574
8,1,32,0.516082763671875,0.7077143788337708,0.516082763671875,0.7077143788337708,0.7071428298950195,0.7200000286102295
8,1,33,0.5061540603637695,0.7190061807632446,0.5061540603637695,0.7190061807632446,0.7285714149475098,0.6800000071525574
8,1,34,0.4954345226287842,0.7319625616073608,0.4954345226287842,0.7319625616073608,0.7428571581840515,0.6800000071525574
8,1,35,0.48383352160453796,0.7459353804588318,0.48383352160453796,0.7459353804588318,0.7357142567634583,0.6800000071525574
8,1,36,0.47120726108551025,0.7598521709442139,0.47120726108551025,0.7598521709442139,0.7571428418159485,0.6800000071525574
8,1,37,0.45736825466156006,0.7725227475166321,0.45736825466156006,0.7725227475166321,0.7642857432365417,0.6800000071525574
8,1,38,0.44213932752609253,0.783089280128479,0.44213932752609253,0.783089280128479,0.7642857432365417,0.7200000286102295
9,1,1,0.70777428150177,0.7162849307060242,0.70777428150177,0.7162849307060242,0.4000000059604645,0.3199999928474426
9,1,2,0.6933553814888,0.7074066400527954,0.6933553814888,0.7074066400527954,0.5214285850524902,0.5199999809265137
9,1,3,0.684460461139679,0.701473593711853,0.684460461139679,0.701473593711853,0.5571428537368774,0.47999998927116394
9,1,4,0.6784905791282654,0.6972084045410156,0.6784905791282654,0.6972084045410156,0.5857142806053162,0.5600000023841858
9,1,5,0.6742015480995178,0.6937095522880554,0.6742015480995178,0.6937095522880554,0.6071428656578064,0.6000000238418579
9,1,6,0.6707677245140076,0.6904545426368713,0.6707677245140076,0.6904545426368713,0.6000000238418579,0.6000000238418579
9,1,7,0.6677090525627136,0.6872144937515259,0.6677090525627136,0.6872144937515259,0.6000000238418579,0.6000000238418579
9,1,8,0.6647917032241821,0.683932363986969,0.6647917032241821,0.683932363986969,0.5928571224212646,0.6000000238418579
9,1,9,0.6619184017181396,0.6806204319000244,0.6619184017181396,0.6806204319000244,0.5928571224212646,0.6000000238418579
9,1,10,0.6590461134910583,0.6772966980934143,0.6590461134910583,0.6772966980934143,0.5928571224212646,0.6000000238418579
9,1,11,0.6561408042907715,0.6739604473114014,0.6561408042907715,0.6739604473114014,0.5928571224212646,0.6000000238418579
9,1,12,0.6531627774238586,0.6705913543701172,0.6531627774238586,0.6705913543701172,0.5928571224212646,0.6000000238418579
9,1,13,0.650067925453186,0.6671566963195801,0.650067925453186,0.6671566963195801,0.6071428656578064,0.6000000238418579
9,1,14,0.6468136310577393,0.6636183261871338,0.6468136310577393,0.6636183261871338,0.6214285492897034,0.6000000238418579
9,1,15,0.6433613896369934,0.6599347591400146,0.6433613896369934,0.6599347591400146,0.6214285492897034,0.6000000238418579
9,1,16,0.6396757364273071,0.6560611128807068,0.6396757364273071,0.6560611128807068,0.6214285492897034,0.6000000238418579
9,1,17,0.6357210278511047,0.6519465446472168,0.6357210278511047,0.6519465446472168,0.6285714507102966,0.5199999809265137
9,1,18,0.6314567923545837,0.6475343108177185,0.6314567923545837,0.6475343108177185,0.6428571343421936,0.5600000023841858
9,1,19,0.6268353462219238,0.6427639722824097,0.6268353462219238,0.6427639722824097,0.6357142925262451,0.5600000023841858
9,1,20,0.6218005418777466,0.6375787258148193,0.6218005418777466,0.6375787258148193,0.6642857193946838,0.5600000023841858
9,1,21,0.6162918210029602,0.631938099861145,0.6162918210029602,0.631938099861145,0.6714285612106323,0.5600000023841858
9,1,22,0.6102502942085266,0.6258370876312256,0.6102502942085266,0.6258370876312256,0.6785714030265808,0.6399999856948853
9,1,23,0.603632926940918,0.6193329095840454,0.603632926940918,0.6193329095840454,0.6857143044471741,0.6399999856948853
9,1,24,0.5964342951774597,0.6125795841217041,0.5964342951774597,0.6125795841217041,0.6928571462631226,0.6399999856948853
9,1,25,0.5887165069580078,0.6058640480041504,0.5887165069580078,0.6058640480041504,0.6857143044471741,0.6800000071525574
9,1,26,0.5806385278701782,0.5996330976486206,0.5806385278701782,0.5996330976486206,0.6928571462631226,0.6800000071525574
9,1,27,0.5724585652351379,0.5944756269454956,0.5724585652351379,0.5944756269454956,0.7285714149475098,0.6800000071525574
9,1,28,0.5644761323928833,0.5910053253173828,0.5644761323928833,0.5910053253173828,0.75,0.6800000071525574
9,1,29,0.5569004416465759,0.5896221399307251,0.5569004416465759,0.5896221399307251,0.7714285850524902,0.6800000071525574
9,1,30,0.5497078895568848,0.5902919769287109,0.5497078895568848,0.5902919769287109,0.75,0.6399999856948853
9,1,31,0.5426149964332581,0.5925872921943665,0.5426149964332581,0.5925872921943665,0.75,0.6399999856948853
9,1,32,0.5352299213409424,0.596001386642456,0.5352299213409424,0.596001386642456,0.7428571581840515,0.6399999856948853
9,1,33,0.527263879776001,0.6002313494682312,0.527263879776001,0.6002313494682312,0.7428571581840515,0.6800000071525574
9,1,34,0.5186263918876648,0.6052138209342957,0.5186263918876648,0.6052138209342957,0.7428571581840515,0.6800000071525574
9,1,35,0.5093684792518616,0.611015260219574,0.5093684792518616,0.611015260219574,0.75,0.6800000071525574
9,1,36,0.499572217464447,0.6177502274513245,0.499572217464447,0.6177502274513245,0.7714285850524902,0.6800000071525574
9,1,37,0.48928260803222656,0.6255591511726379,0.48928260803222656,0.6255591511726379,0.7857142686843872,0.6800000071525574
9,1,38,0.4785008430480957,0.6346006989479065,0.4785008430480957,0.6346006989479065,0.7928571701049805,0.6800000071525574
9,1,39,0.46720826625823975,0.645050048828125,0.46720826625823975,0.645050048828125,0.7928571701049805,0.6800000071525574
9,1,40,0.45539042353630066,0.6571014523506165,0.45539042353630066,0.6571014523506165,0.8071428537368774,0.6800000071525574
9,1,41,0.4430472254753113,0.670956015586853,0.4430472254753113,0.670956015586853,0.8214285969734192,0.6800000071525574
9,1,42,0.4301924705505371,0.6867942810058594,0.4301924705505371,0.6867942810058594,0.8357142806053162,0.6800000071525574
9,1,43,0.41684940457344055,0.7047767639160156,0.41684940457344055,0.7047767639160156,0.8285714387893677,0.6800000071525574
9,1,44,0.40304040908813477,0.7250546216964722,0.40304040908813477,0.7250546216964722,0.8357142806053162,0.6800000071525574
9,1,45,0.3887692391872406,0.7477402687072754,0.3887692391872406,0.7477402687072754,0.8428571224212646,0.6000000238418579
9,1,46,0.3740033805370331,0.7728593349456787,0.3740033805370331,0.7728593349456787,0.8428571224212646,0.6000000238418579
9,1,47,0.3586694896221161,0.8003343343734741,0.3586694896221161,0.8003343343734741,0.8571428656578064,0.6000000238418579
9,1,48,0.3426768481731415,0.8300231099128723,0.3426768481731415,0.8300231099128723,0.8714285492897034,0.6000000238418579
9,1,49,0.32596299052238464,0.8618032932281494,0.32596299052238464,0.8618032932281494,0.8714285492897034,0.6399999856948853
9,1,50,0.30852848291397095,0.8956459164619446,0.30852848291397095,0.8956459164619446,0.8999999761581421,0.6399999856948853
9,1,51,0.29044032096862793,0.9316949248313904,0.29044032096862793,0.9316949248313904,0.8999999761581421,0.6399999856948853
9,1,52,0.27181681990623474,0.9702619910240173,0.27181681990623474,0.9702619910240173,0.9142857193946838,0.6399999856948853
9,1,53,0.2528221309185028,1.011630892753601,0.2528221309185028,1.011630892753601,0.9285714030265808,0.6399999856948853
9,1,54,0.2336730659008026,1.0556837320327759,0.2336730659008026,1.0556837320327759,0.9357143044471741,0.6399999856948853
10,1,1,0.7018104791641235,0.6848236918449402,0.7018104791641235,0.6848236918449402,0.44999998807907104,0.4399999976158142
10,1,2,0.6856859922409058,0.671673595905304,0.6856859922409058,0.671673595905304,0.5928571224212646,0.6399999856948853
10,1,3,0.6764578223228455,0.6645978689193726,0.6764578223228455,0.6645978689193726,0.6071428656578064,0.6000000238418579
10,1,4,0.6715828776359558,0.6613025665283203,0.6715829372406006,0.6613025665283203,0.5928571224212646,0.6000000238418579
10,1,5,0.6691058874130249,0.6596429347991943,0.6691058874130249,0.6596429347991943,0.5928571224212646,0.6000000238418579
10,1,6,0.6673845648765564,0.6581552624702454,0.6673845648765564,0.6581552624702454,0.5928571224212646,0.6000000238418579
10,1,7,0.6654313802719116,0.6562265753746033,0.6654313802719116,0.6562265753746033,0.5928571224212646,0.6000000238418579
10,1,8,0.662935197353363,0.6538586616516113,0.662935197353363,0.6538586616516113,0.5928571224212646,0.6000000238418579
10,1,9,0.6600034832954407,0.6512893438339233,0.6600034832954407,0.6512893438339233,0.5928571224212646,0.6000000238418579
10,1,10,0.656859278678894,0.6487246751785278,0.656859278678894,0.6487246751785278,0.5928571224212646,0.6000000238418579
10,1,11,0.6536615490913391,0.6462505459785461,0.6536615490913391,0.6462505459785461,0.5928571224212646,0.6000000238418579
10,1,12,0.6504631638526917,0.6438590884208679,0.6504631638526917,0.6438590884208679,0.5928571224212646,0.6000000238418579
10,1,13,0.6472412943840027,0.6415057182312012,0.6472412943840027,0.6415057182312012,0.6000000238418579,0.6000000238418579
10,1,14,0.6439401507377625,0.6391492486000061,0.6439401507377625,0.6391492486000061,0.6000000238418579,0.6000000238418579
10,1,15,0.6404944062232971,0.6367654204368591,0.6404944062232971,0.6367654204368591,0.6071428656578064,0.6399999856948853
10,1,16,0.6368369460105896,0.6343443393707275,0.6368369460105896,0.6343443393707275,0.6142857074737549,0.6800000071525574
10,1,17,0.6328949928283691,0.6318858861923218,0.6328949928283691,0.6318858861923218,0.6214285492897034,0.6800000071525574
10,1,18,0.6285896301269531,0.6294000744819641,0.6285896301269531,0.6294000744819641,0.6214285492897034,0.6800000071525574
10,1,19,0.6238380670547485,0.6269123554229736,0.6238380670547485,0.6269123554229736,0.6285714507102966,0.6800000071525574
10,1,20,0.618560254573822,0.6244698166847229,0.618560254573822,0.6244698166847229,0.6214285492897034,0.6800000071525574
10,1,21,0.6126818656921387,0.6221446990966797,0.6126818656921387,0.6221446990966797,0.6285714507102966,0.6800000071525574
10,1,22,0.6061338186264038,0.6200365424156189,0.6061338186264038,0.6200365424156189,0.6642857193946838,0.6000000238418579
10,1,23,0.5988504886627197,0.6182761192321777,0.5988504886627197,0.6182761192321777,0.6714285612106323,0.6000000238418579
10,1,24,0.590770423412323,0.6170318722724915,0.590770423412323,0.6170318722724915,0.6714285612106323,0.6000000238418579
10,1,25,0.5818443298339844,0.6165067553520203,0.5818443298339844,0.6165067553520203,0.6714285612106323,0.5600000023841858
10,1,26,0.5720521807670593,0.6169140338897705,0.5720521807670593,0.6169140338897705,0.6857143044471741,0.5600000023841858
10,1,27,0.5614277720451355,0.6184372901916504,0.5614277720451355,0.6184372901916504,0.7142857313156128,0.5600000023841858
10,1,28,0.5500780940055847,0.6211990118026733,0.5500780940055847,0.6211990118026733,0.7285714149475098,0.6000000238418579
10,1,29,0.538169801235199,0.6252614259719849,0.538169801235199,0.6252614259719849,0.7357142567634583,0.5600000023841858
10,1,30,0.525891900062561,0.6306484937667847,0.525891900062561,0.6306484937667847,0.75,0.5600000023841858
10,1,31,0.5134652256965637,0.6373816132545471,0.5134652256965637,0.6373816132545471,0.7642857432365417,0.6000000238418579
10,1,32,0.5012103915214539,0.6455222368240356,0.5012103915214539,0.6455222368240356,0.7785714268684387,0.6000000238418579
10,1,33,0.48951464891433716,0.6550548672676086,0.48951464891433716,0.6550548672676086,0.7928571701049805,0.6000000238418579
10,1,34,0.47861558198928833,0.6655917167663574,0.47861558198928833,0.6655917167663574,0.800000011920929,0.6399999856948853
10,1,35,0.468438982963562,0.6763084530830383,0.468438982963562,0.6763084530830383,0.800000011920929,0.6399999856948853
10,1,36,0.4586621820926666,0.6862208843231201,0.4586621820926666,0.6862208843231201,0.8214285969734192,0.6399999856948853
10,1,37,0.4488818347454071,0.694596529006958,0.4488818347454071,0.694596529006958,0.8214285969734192,0.6399999856948853
10,1,38,0.43882036209106445,0.7012814283370972,0.43882036209106445,0.7012814283370972,0.8142856955528259,0.6399999856948853
10,1,39,0.42840659618377686,0.7065948247909546,0.42840659618377686,0.7065948247909546,0.8142856955528259,0.6399999856948853
10,1,40,0.41766974329948425,0.7110611200332642,0.41766974329948425,0.7110611200332642,0.8142856955528259,0.6399999856948853
10,1,41,0.4066559672355652,0.7152042984962463,0.4066559672355652,0.7152042984962463,0.8214285969734192,0.6399999856948853
10,1,42,0.3953569829463959,0.7194023728370667,0.3953569829463959,0.7194023728370667,0.8214285969734192,0.6399999856948853
10,1,43,0.38368576765060425,0.7238867878913879,0.38368576765060425,0.7238867878913879,0.8285714387893677,0.6800000071525574
10,1,44,0.3714968264102936,0.7288227677345276,0.3714968264102936,0.7288227677345276,0.8285714387893677,0.6800000071525574
10,1,45,0.3586175739765167,0.7344171404838562,0.3586175739765167,0.7344171404838562,0.8285714387893677,0.6800000071525574
10,1,46,0.3449016511440277,0.7409935593605042,0.3449016511440277,0.7409935593605042,0.8285714387893677,0.6800000071525574
10,1,47,0.33024778962135315,0.7490051984786987,0.33024778962135315,0.7490051984786987,0.8357142806053162,0.6800000071525574
10,1,48,0.31462177634239197,0.7590226531028748,0.31462177634239197,0.7590226531028748,0.8642857074737549,0.6800000071525574
10,1,49,0.2980717718601227,0.7716977000236511,0.2980717718601227,0.7716977000236511,0.8714285492897034,0.6800000071525574
10,1,50,0.2807585299015045,0.7876765727996826,0.2807585299015045,0.7876765727996826,0.8857142925262451,0.6800000071525574
11,2,1,0.6968802213668823,0.6804004907608032,0.6968802213668823,0.6804004907608032,0.5107913613319397,0.5600000023841858
11,2,2,0.681962788105011,0.6707651615142822,0.681962788105011,0.6707651615142822,0.597122311592102,0.6000000238418579
11,2,3,0.6734488606452942,0.666320264339447,0.6734488606452942,0.666320264339447,0.6115108132362366,0.6000000238418579
11,2,4,0.6692292094230652,0.664970338344574,0.6692292094230652,0.664970338344574,0.597122311592102,0.6000000238418579
11,2,5,0.6672026515007019,0.6647606492042542,0.6672026515007019,0.6647606492042542,0.597122311592102,0.6000000238418579
11,2,6,0.6657236218452454,0.6645693778991699,0.6657236218452454,0.6645693778991699,0.597122311592102,0.6000000238418579
11,2,7,0.6639987230300903,0.6640937924385071,0.6639987230300903,0.6640937924385071,0.597122311592102,0.6000000238418579
11,2,8,0.6619101166725159,0.6634509563446045,0.6619101166725159,0.6634509563446045,0.597122311592102,0.6000000238418579
11,2,9,0.6596126556396484,0.6628173589706421,0.6596126556396484,0.6628173589706421,0.597122311592102,0.6000000238418579
11,2,10,0.657250702381134,0.6622799634933472,0.657250702381134,0.6622799634933472,0.597122311592102,0.6000000238418579
11,2,11,0.6548724174499512,0.6618399620056152,0.6548724174499512,0.6618399620056152,0.597122311592102,0.6000000238418579
11,2,12,0.6524585485458374,0.6614660024642944,0.6524585485458374,0.6614660024642944,0.6043165326118469,0.6000000238418579
11,2,13,0.6499716639518738,0.6611311435699463,0.6499716639518738,0.6611311435699463,0.6043165326118469,0.6000000238418579
11,2,14,0.6473807692527771,0.6608205437660217,0.6473807692527771,0.6608205437660217,0.6043165326118469,0.6000000238418579
11,2,15,0.6446610689163208,0.660524308681488,0.6446610689163208,0.660524308681488,0.6043165326118469,0.6000000238418579
11,2,16,0.641784131526947,0.6602293252944946,0.641784131526947,0.6602293252944946,0.6043165326118469,0.6000000238418579
11,2,17,0.6387114524841309,0.6599205136299133,0.6387114524841309,0.6599205136299133,0.6043165326118469,0.6000000238418579
11,2,18,0.6353955268859863,0.6595854759216309,0.6353955268859863,0.6595854759216309,0.6187050342559814,0.6000000238418579
11,2,19,0.6317850947380066,0.6592199802398682,0.6317850947380066,0.6592199802398682,0.633093535900116,0.6000000238418579
11,2,20,0.62782883644104,0.6588282585144043,0.62782883644104,0.6588282585144043,0.6258992552757263,0.6000000238418579
11,2,21,0.6234769821166992,0.6584214568138123,0.6234769821166992,0.6584214568138123,0.6258992552757263,0.6000000238418579
11,2,22,0.6186822056770325,0.6580145359039307,0.6186822056770325,0.6580145359039307,0.6258992552757263,0.6000000238418579
11,2,23,0.6134032011032104,0.6576254367828369,0.6134032011032104,0.6576254367828369,0.6258992552757263,0.6000000238418579
11,2,24,0.607613205909729,0.657278299331665,0.607613205909729,0.657278299331665,0.6546762585639954,0.6000000238418579
11,2,25,0.6013100147247314,0.6570085287094116,0.6013100147247314,0.6570085287094116,0.6690647602081299,0.6000000238418579
11,2,26,0.594529390335083,0.6568779945373535,0.594529390335083,0.6568779945373535,0.6834532618522644,0.6000000238418579
11,2,27,0.5873585343360901,0.6569982767105103,0.5873585343360901,0.6569982767105103,0.7050359845161438,0.6000000238418579
11,2,28,0.5799450278282166,0.6575502157211304,0.5799450278282166,0.6575502157211304,0.7122302055358887,0.6000000238418579
11,2,29,0.5724781155586243,0.6587649583816528,0.5724781155586243,0.6587649583816528,0.7194244861602783,0.6000000238418579
11,2,30,0.5651141405105591,0.6608550548553467,0.5651141405105591,0.6608550548553467,0.7410072088241577,0.6000000238418579
11,2,31,0.5578623414039612,0.6639490723609924,0.5578623414039612,0.6639490723609924,0.7338129281997681,0.6399999856948853
11,2,32,0.5505408048629761,0.6681041121482849,0.5505408048629761,0.6681041121482849,0.7266187071800232,0.6399999856948853
11,2,33,0.5428865551948547,0.6733562350273132,0.5428865551948547,0.6733562350273132,0.7266187071800232,0.6800000071525574
11,2,34,0.5347021222114563,0.6797762513160706,0.5347021222114563,0.6797762513160706,0.7410072088241577,0.6800000071525574
11,2,35,0.5259025692939758,0.6875248551368713,0.5259025692939758,0.6875248551368713,0.7482014298439026,0.6800000071525574
11,2,36,0.5164911150932312,0.6968156695365906,0.5164911150932312,0.6968156695365906,0.769784152507782,0.6800000071525574
11,2,37,0.5065153241157532,0.7078058123588562,0.5065153241157532,0.7078058123588562,0.769784152507782,0.6800000071525574
11,2,38,0.49602070450782776,0.7205493450164795,0.49602070450782776,0.7205493450164795,0.7913669347763062,0.6800000071525574
11,2,39,0.48504161834716797,0.7349755167961121,0.48504161834716797,0.7349755167961121,0.8057553768157959,0.6800000071525574
11,2,40,0.4736196994781494,0.7508383393287659,0.4736196994781494,0.7508383393287659,0.8057553768157959,0.6399999856948853
11,2,41,0.46178436279296875,0.7677208185195923,0.46178436279296875,0.7677208185195923,0.798561155796051,0.6399999856948853
11,2,42,0.4495202898979187,0.7851169109344482,0.4495202898979187,0.7851169109344482,0.8201438784599304,0.6399999856948853
11,2,43,0.4367683231830597,0.8025806546211243,0.4367683231830597,0.8025806546211243,0.8201438784599304,0.6399999856948853
11,2,44,0.4234500527381897,0.8199142217636108,0.4234500527381897,0.8199142217636108,0.8345323801040649,0.6800000071525574
11,2,45,0.4095163345336914,0.837282657623291,0.4095163345336914,0.837282657623291,0.8345323801040649,0.6800000071525574
11,2,46,0.3949890732765198,0.8551864624023438,0.3949890732765198,0.8551864624023438,0.8489208817481995,0.6800000071525574
11,2,47,0.3799499273300171,0.8742906451225281,0.3799499273300171,0.8742906451225281,0.8489208817481995,0.6800000071525574
11,2,48,0.364506334066391,0.8951867818832397,0.364506334066391,0.8951867818832397,0.8561151027679443,0.6399999856948853
11,2,49,0.3487418293952942,0.9182021617889404,0.3487418293952942,0.9182021617889404,0.8633093237876892,0.6399999856948853
11,2,50,0.3326888680458069,0.9433491230010986,0.3326888680458069,0.9433491230010986,0.8776978254318237,0.6399999856948853
11,2,51,0.31633374094963074,0.970427393913269,0.31633374094963074,0.970427393913269,0.8992805480957031,0.6399999856948853
12,2,1,0.6779364943504333,0.6911418437957764,0.6779364943504333,0.6911418437957764,0.597122311592102,0.6000000238418579
12,2,2,0.6696149706840515,0.6892719864845276,0.6696150302886963,0.6892719864845276,0.6043165326118469,0.6000000238418579
12,2,3,0.6649168133735657,0.6893641948699951,0.6649168133735657,0.6893641948699951,0.6115108132362366,0.6000000238418579
12,2,4,0.6622340679168701,0.6904683113098145,0.6622340679168701,0.6904683113098145,0.6043165326118469,0.6000000238418579
12,2,5,0.6606523394584656,0.691762387752533,0.6606523394584656,0.691762387752533,0.597122311592102,0.6000000238418579
12,2,6,0.6594120860099792,0.6926981210708618,0.6594120860099792,0.6926981210708618,0.597122311592102,0.6000000238418579
12,2,7,0.6580180525779724,0.6930295825004578,0.6580180525779724,0.6930295825004578,0.597122311592102,0.6000000238418579
12,2,8,0.656243085861206,0.692750096321106,0.656243085861206,0.692750096321106,0.597122311592102,0.6000000238418579
12,2,9,0.6540565490722656,0.6919907331466675,0.6540565490722656,0.6919907331466675,0.597122311592102,0.6000000238418579
12,2,10,0.6515307426452637,0.6909271478652954,0.6515307426452637,0.6909271478652954,0.597122311592102,0.6000000238418579
12,2,11,0.6487635374069214,0.6897187829017639,0.6487635374069214,0.6897187829017639,0.597122311592102,0.6000000238418579
12,2,12,0.6458348631858826,0.6884826421737671,0.6458348631858826,0.6884826421737671,0.597122311592102,0.6000000238418579
12,2,13,0.6427907943725586,0.6872909665107727,0.6427907943725586,0.6872909665107727,0.597122311592102,0.6000000238418579
12,2,14,0.6396446824073792,0.6861785650253296,0.6396446824073792,0.6861785650253296,0.597122311592102,0.6000000238418579
12,2,15,0.6363855004310608,0.6851544380187988,0.6363855004310608,0.6851544380187988,0.597122311592102,0.6000000238418579
12,2,16,0.6329846978187561,0.6842106580734253,0.6329846978187561,0.6842106580734253,0.5899280309677124,0.6000000238418579
12,2,17,0.6294016242027283,0.6833318471908569,0.6294016242027283,0.6833318471908569,0.597122311592102,0.6000000238418579
12,2,18,0.6255868673324585,0.6825003027915955,0.6255868673324585,0.6825003027915955,0.597122311592102,0.6000000238418579
12,2,19,0.6214827299118042,0.6817046999931335,0.6214827299118042,0.6817046999931335,0.6115108132362366,0.6000000238418579
12,2,20,0.6170247197151184,0.6809477210044861,0.6170247197151184,0.6809477210044861,0.6115108132362366,0.6000000238418579
12,2,21,0.6121417284011841,0.6802589297294617,0.6121417284011841,0.6802589297294617,0.6187050342559814,0.6000000238418579
12,2,22,0.6067574620246887,0.6797103881835938,0.6067574620246887,0.6797103881835938,0.6402877569198608,0.6000000238418579
12,2,23,0.6007921099662781,0.6794403195381165,0.6007921099662781,0.6794403195381165,0.6690647602081299,0.6000000238418579
12,2,24,0.5941653251647949,0.6796842217445374,0.5941653251647949,0.6796842217445374,0.6834532618522644,0.6399999856948853
12,2,25,0.5868017077445984,0.680815577507019,0.5868017077445984,0.680815577507019,0.6906474828720093,0.6399999856948853
12,2,26,0.5786410570144653,0.6833934783935547,0.5786410570144653,0.6833934783935547,0.7122302055358887,0.6399999856948853
12,2,27,0.569654643535614,0.688205897808075,0.569654643535614,0.688205897808075,0.7194244861602783,0.6399999856948853
12,2,28,0.5598689317703247,0.6962934732437134,0.5598689317703247,0.6962934732437134,0.7194244861602783,0.6399999856948853
12,2,29,0.5493945479393005,0.708931028842926,0.5493945479393005,0.708931028842926,0.7050359845161438,0.6399999856948853
12,2,30,0.5384494066238403,0.7275338172912598,0.5384494066238403,0.7275338172912598,0.7050359845161438,0.6399999856948853
12,2,31,0.5273533463478088,0.753395676612854,0.5273533463478088,0.753395676612854,0.7194244861602783,0.6000000238418579
12,2,32,0.5164577960968018,0.7871431708335876,0.5164577960968018,0.7871431708335876,0.7410072088241577,0.6000000238418579
12,2,33,0.5060129761695862,0.828075647354126,0.5060129761695862,0.828075647354126,0.7553957104682922,0.6000000238418579
12,2,34,0.4960657060146332,0.8740084767341614,0.4960657060146332,0.8740084767341614,0.7769784331321716,0.6000000238418579
12,2,35,0.48650699853897095,0.9219657182693481,0.48650699853897095,0.9219657182693481,0.7841726541519165,0.5600000023841858
12,2,36,0.4772292673587799,0.9692198038101196,0.4772292673587799,0.9692198038101196,0.7913669347763062,0.5600000023841858
12,2,37,0.46821022033691406,1.0140266418457031,0.46821022033691406,1.0140266418457031,0.8129496574401855,0.6000000238418579
12,2,38,0.45948222279548645,1.0557562112808228,0.45948222279548645,1.0557562112808228,0.8201438784599304,0.6000000238418579
12,2,39,0.45108771324157715,1.0944361686706543,0.45108771324157715,1.0944361686706543,0.8417266011238098,0.6000000238418579
12,2,40,0.44305023550987244,1.1302392482757568,0.44305023550987244,1.1302392482757568,0.8489208817481995,0.6000000238418579
12,2,41,0.4353514015674591,1.1633912324905396,0.4353514015674591,1.1633912324905396,0.8561151027679443,0.6000000238418579
12,2,42,0.4279380440711975,1.1942399740219116,0.4279380440711975,1.1942399740219116,0.8705036044120789,0.6000000238418579
12,2,43,0.42074519395828247,1.2231765985488892,0.42074519395828247,1.2231765985488892,0.8705036044120789,0.6000000238418579
12,2,44,0.41370388865470886,1.250558614730835,0.41370388865470886,1.250558614730835,0.8705036044120789,0.6000000238418579
12,2,45,0.4067454934120178,1.276714563369751,0.4067454934120178,1.276714563369751,0.8633093237876892,0.6000000238418579
12,2,46,0.399806946516037,1.3019152879714966,0.399806946516037,1.3019152879714966,0.8633093237876892,0.6000000238418579
12,2,47,0.3928273916244507,1.3263381719589233,0.3928273916244507,1.3263381719589233,0.8561151027679443,0.6000000238418579
12,2,48,0.3857452869415283,1.3500950336456299,0.3857452869415283,1.3500950336456299,0.8561151027679443,0.6000000238418579
13,2,1,0.6847867369651794,0.6820266246795654,0.6847867369651794,0.6820266246795654,0.5611510872840881,0.6000000238418579
13,2,2,0.6752094030380249,0.677808403968811,0.6752094030380249,0.677808403968811,0.597122311592102,0.6000000238418579
13,2,3,0.6699399352073669,0.6758918762207031,0.6699399352073669,0.6758918762207031,0.5827338099479675,0.6000000238418579
13,2,4,0.6660739779472351,0.6746931672096252,0.6660739779472351,0.6746931672096252,0.597122311592102,0.6000000238418579
13,2,5,0.6624636054039001,0.6735668778419495,0.6624636054039001,0.6735668778419495,0.6043165326118469,0.6000000238418579
13,2,6,0.6588014364242554,0.6724233031272888,0.6588014364242554,0.6724233031272888,0.6043165326118469,0.6000000238418579
13,2,7,0.6551317572593689,0.6713230609893799,0.6551317572593689,0.6713230609893799,0.6043165326118469,0.6000000238418579
13,2,8,0.6514850854873657,0.6702818274497986,0.6514850854873657,0.6702818274497986,0.6043165326118469,0.5600000023841858
13,2,9,0.647781252861023,0.6692730784416199,0.647781252861023,0.6692730784416199,0.6043165326118469,0.5600000023841858
13,2,10,0.6439074277877808,0.6682853698730469,0.6439074277877808,0.6682853698730469,0.6258992552757263,0.5600000023841858
13,2,11,0.6398016810417175,0.6673275828361511,0.6398016810417175,0.6673275828361511,0.6258992552757263,0.5600000023841858
13,2,12,0.6354588866233826,0.6663891673088074,0.6354588866233826,0.6663891673088074,0.6474820375442505,0.5600000023841858
13,2,13,0.630889356136322,0.6654186844825745,0.630889356136322,0.6654186844825745,0.6546762585639954,0.5600000023841858
13,2,14,0.626095175743103,0.6643527150154114,0.626095175743103,0.6643527150154114,0.6618704795837402,0.5600000023841858
13,2,15,0.6210795044898987,0.6631636023521423,0.6210795044898987,0.6631636023521423,0.6762589812278748,0.6000000238418579
13,2,16,0.6158607006072998,0.6618841290473938,0.6158607006072998,0.6618841290473938,0.6978417038917542,0.6000000238418579
13,2,17,0.6104779839515686,0.660590410232544,0.6104779839515686,0.660590410232544,0.6906474828720093,0.6000000238418579
13,2,18,0.6050012707710266,0.6593500375747681,0.6050012707710266,0.6593500375747681,0.6978417038917542,0.6000000238418579
13,2,19,0.5995421409606934,0.6581619381904602,0.5995421409606934,0.6581619381904602,0.7050359845161438,0.6000000238418579
13,2,20,0.5942283868789673,0.6569604277610779,0.5942283868789673,0.6569604277610779,0.6906474828720093,0.6000000238418579
13,2,21,0.5891392230987549,0.6557170748710632,0.5891392230987549,0.6557170748710632,0.6834532618522644,0.6800000071525574
13,2,22,0.5842421650886536,0.6545082330703735,0.5842421650886536,0.6545082330703735,0.6978417038917542,0.6800000071525574
13,2,23,0.5793851017951965,0.6534278988838196,0.5793851017951965,0.6534278988838196,0.6906474828720093,0.6800000071525574
13,2,24,0.5743642449378967,0.652486264705658,0.5743642449378967,0.652486264705658,0.6834532618522644,0.6800000071525574
13,2,25,0.5690106153488159,0.651664137840271,0.5690106153488159,0.651664137840271,0.6906474828720093,0.6800000071525574
13,2,26,0.5632186532020569,0.6510178446769714,0.5632186532020569,0.6510178446769714,0.6978417038917542,0.6800000071525574
13,2,27,0.5569308996200562,0.6506574749946594,0.5569308996200562,0.6506574749946594,0.7122302055358887,0.6800000071525574
13,2,28,0.5501217246055603,0.6506691575050354,0.5501217246055603,0.6506691575050354,0.7122302055358887,0.6800000071525574
13,2,29,0.5427804589271545,0.6511287689208984,0.5427804589271545,0.6511287689208984,0.7122302055358887,0.6399999856948853
13,2,30,0.5348830223083496,0.6521767973899841,0.5348830223083496,0.6521767973899841,0.7122302055358887,0.6000000238418579
13,2,31,0.5263752341270447,0.6540185809135437,0.5263752341270447,0.6540185809135437,0.7194244861602783,0.6399999856948853
13,2,32,0.5171863436698914,0.6568615436553955,0.5171863436698914,0.6568615436553955,0.7338129281997681,0.6399999856948853
13,2,33,0.507255494594574,0.6609061360359192,0.507255494594574,0.6609061360359192,0.7410072088241577,0.6399999856948853
13,2,34,0.49654871225357056,0.6663549542427063,0.49654871225357056,0.6663549542427063,0.769784152507782,0.6399999856948853
13,2,35,0.48507750034332275,0.6733279228210449,0.48507750034332275,0.6733279228210449,0.7769784331321716,0.6399999856948853
13,2,36,0.47292250394821167,0.681751549243927,0.47292250394821167,0.681751549243927,0.7769784331321716,0.6399999856948853
13,2,37,0.4602130353450775,0.6912906765937805,0.4602130353450775,0.6912906765937805,0.7841726541519165,0.6399999856948853
13,2,38,0.4470504820346832,0.7012689113616943,0.4470504820346832,0.7012689113616943,0.7913669347763062,0.6399999856948853
13,2,39,0.4334207773208618,0.7107906937599182,0.4334207773208618,0.7107906937599182,0.798561155796051,0.6800000071525574
13,2,40,0.41916561126708984,0.7191128730773926,0.41916561126708984,0.7191128730773926,0.8201438784599304,0.6800000071525574
13,2,41,0.404094934463501,0.7260580658912659,0.404094934463501,0.7260580658912659,0.8201438784599304,0.6000000238418579
13,2,42,0.38811996579170227,0.7321924567222595,0.38811996579170227,0.7321924567222595,0.8345323801040649,0.6000000238418579
13,2,43,0.37126684188842773,0.7385404706001282,0.37126684188842773,0.7385404706001282,0.8417266011238098,0.6000000238418579
13,2,44,0.3535865545272827,0.7461010813713074,0.3535865545272827,0.7461010813713074,0.8489208817481995,0.6000000238418579
13,2,45,0.3351023495197296,0.7554734945297241,0.3351023495197296,0.7554734945297241,0.8489208817481995,0.6000000238418579
13,2,46,0.31583723425865173,0.7667953372001648,0.31583723425865173,0.7667953372001648,0.8489208817481995,0.6000000238418579
13,2,47,0.29590699076652527,0.7798864841461182,0.29590699076652527,0.7798864841461182,0.8633093237876892,0.6800000071525574
13,2,48,0.27558547258377075,0.7944386005401611,0.27558547258377075,0.7944386005401611,0.9064748287200928,0.6800000071525574
13,2,49,0.25524696707725525,0.8101295232772827,0.25524696707725525,0.8101295232772827,0.9280575513839722,0.6800000071525574
13,2,50,0.23522576689720154,0.8266181945800781,0.23522576689720154,0.8266181945800781,0.9280575513839722,0.6800000071525574
13,2,51,0.21568071842193604,0.8434864282608032,0.21568071842193604,0.8434864282608032,0.9280575513839722,0.6800000071525574
13,2,52,0.1964711844921112,0.8605575561523438,0.1964711844921112,0.8605575561523438,0.935251772403717,0.6800000071525574
14,2,1,0.6738181114196777,0.6686362624168396,0.6738181114196777,0.6686362624168396,0.5928571224212646,0.6000000238418579
14,2,2,0.6656240224838257,0.6655900478363037,0.6656240224838257,0.6655900478363037,0.5928571224212646,0.6000000238418579
14,2,3,0.6608269214630127,0.664142906665802,0.6608269214630127,0.664142906665802,0.5928571224212646,0.6000000238418579
14,2,4,0.6579066514968872,0.6635754108428955,0.6579066514968872,0.6635754108428955,0.5928571224212646,0.6000000238418579
14,2,5,0.6559276580810547,0.6631945967674255,0.6559276580810547,0.6631945967674255,0.5928571224212646,0.6000000238418579
14,2,6,0.6541574597358704,0.662567675113678,0.6541574597358704,0.662567675113678,0.5928571224212646,0.6000000238418579
14,2,7,0.6521750688552856,0.6615222096443176,0.6521750688552856,0.6615222096443176,0.5928571224212646,0.6000000238418579
14,2,8,0.6498264074325562,0.6600677967071533,0.6498264074325562,0.6600677967071533,0.5928571224212646,0.6000000238418579
14,2,9,0.6471254825592041,0.6583053469657898,0.6471254825592041,0.6583053469657898,0.5928571224212646,0.6000000238418579
14,2,10,0.6441587805747986,0.6563560962677002,0.6441587805747986,0.6563560962677002,0.6000000238418579,0.6000000238418579
14,2,11,0.6410202383995056,0.6543226838111877,0.6410202383995056,0.6543226838111877,0.6000000238418579,0.6000000238418579
14,2,12,0.6377803087234497,0.6522748470306396,0.6377803087234497,0.6522748470306396,0.6071428656578064,0.6000000238418579
14,2,13,0.6344780921936035,0.6502505540847778,0.6344780921936035,0.6502505540847778,0.6071428656578064,0.6000000238418579
14,2,14,0.6311267614364624,0.648263156414032,0.6311267614364624,0.648263156414032,0.6071428656578064,0.6000000238418579
14,2,15,0.6277220845222473,0.6463090777397156,0.6277220845222473,0.6463090777397156,0.6142857074737549,0.6000000238418579
14,2,16,0.6242486834526062,0.6443747878074646,0.6242486834526062,0.6443747878074646,0.6285714507102966,0.6000000238418579
14,2,17,0.6206849217414856,0.6424413919448853,0.6206849217414856,0.6424413919448853,0.6285714507102966,0.6399999856948853
14,2,18,0.6170057058334351,0.6404895186424255,0.6170057058334351,0.6404895186424255,0.6285714507102966,0.6399999856948853
14,2,19,0.6131842732429504,0.6385036706924438,0.6131842732429504,0.6385036706924438,0.6357142925262451,0.6800000071525574
14,2,20,0.6091945767402649,0.6364757418632507,0.6091945767402649,0.6364757418632507,0.6285714507102966,0.7200000286102295
14,2,21,0.6050125956535339,0.6344080567359924,0.6050125956535339,0.6344080567359924,0.6214285492897034,0.7200000286102295
14,2,22,0.6006184220314026,0.6323130130767822,0.6006184220314026,0.6323130130767822,0.6428571343421936,0.7200000286102295
14,2,23,0.5959951281547546,0.630210816860199,0.5959951281547546,0.630210816860199,0.6357142925262451,0.6800000071525574
14,2,24,0.5911271572113037,0.6281247138977051,0.5911271572113037,0.6281247138977051,0.6357142925262451,0.6800000071525574
14,2,25,0.5859972238540649,0.6260738968849182,0.5859972238540649,0.6260738968849182,0.6357142925262451,0.6800000071525574
14,2,26,0.5805821418762207,0.6240689754486084,0.5805821418762207,0.6240689754486084,0.6357142925262451,0.6800000071525574
14,2,27,0.5748490691184998,0.622107982635498,0.5748490691184998,0.622107982635498,0.6571428775787354,0.6800000071525574
14,2,28,0.5687541365623474,0.62017822265625,0.5687541365623474,0.62017822265625,0.6714285612106323,0.6800000071525574
14,2,29,0.5622442364692688,0.6182626485824585,0.5622442364692688,0.6182626485824585,0.6785714030265808,0.6800000071525574
14,2,30,0.555264413356781,0.6163485050201416,0.555264413356781,0.6163485050201416,0.6857143044471741,0.6800000071525574
14,2,31,0.54776930809021,0.6144363880157471,0.54776930809021,0.6144363880157471,0.6928571462631226,0.6800000071525574
14,2,32,0.5397379994392395,0.6125456094741821,0.5397379994392395,0.6125456094741821,0.6928571462631226,0.6800000071525574
14,2,33,0.5311836004257202,0.6107151508331299,0.5311836004257202,0.6107151508331299,0.699999988079071,0.6800000071525574
14,2,34,0.5221526622772217,0.6089996099472046,0.5221526622772217,0.6089996099472046,0.699999988079071,0.6800000071525574
14,2,35,0.5127092003822327,0.6074538230895996,0.5127092003822327,0.6074538230895996,0.7071428298950195,0.6800000071525574
14,2,36,0.5029085874557495,0.6061049103736877,0.5029085874557495,0.6061049103736877,0.7214285731315613,0.7200000286102295
14,2,37,0.4927721321582794,0.6049234867095947,0.4927721321582794,0.6049234867095947,0.7214285731315613,0.7599999904632568
14,2,38,0.4822733700275421,0.6038213968276978,0.4822733700275421,0.6038213968276978,0.7214285731315613,0.7599999904632568
14,2,39,0.4713408350944519,0.6026867032051086,0.4713408350944519,0.6026867032051086,0.7214285731315613,0.7599999904632568
14,2,40,0.45987793803215027,0.6014469265937805,0.45987793803215027,0.6014469265937805,0.7285714149475098,0.7599999904632568
14,2,41,0.447796493768692,0.6001324653625488,0.447796493768692,0.6001324653625488,0.75,0.7599999904632568
14,2,42,0.43504467606544495,0.5989164113998413,0.43504467606544495,0.5989164113998413,0.7714285850524902,0.7599999904632568
14,2,43,0.421614408493042,0.5981191396713257,0.421614408493042,0.5981191396713257,0.7857142686843872,0.7599999904632568
14,2,44,0.4075271785259247,0.5981715321540833,0.4075271785259247,0.5981715321540833,0.8142856955528259,0.7599999904632568
14,2,45,0.3928079903125763,0.5995382070541382,0.3928079903125763,0.5995382070541382,0.8214285969734192,0.7599999904632568
14,2,46,0.3774539530277252,0.6026129126548767,0.3774539530277252,0.6026129126548767,0.8285714387893677,0.7599999904632568
14,2,47,0.3614160418510437,0.6076176166534424,0.3614160418510437,0.6076176166534424,0.8285714387893677,0.7599999904632568
14,2,48,0.3446061611175537,0.6145269274711609,0.3446061611175537,0.6145269274711609,0.8357142806053162,0.7599999904632568
14,2,49,0.32692524790763855,0.6230455636978149,0.32692524790763855,0.6230455636978149,0.8500000238418579,0.7599999904632568
14,2,50,0.3083086311817169,0.6326420307159424,0.3083086311817169,0.6326420307159424,0.8714285492897034,0.7599999904632568
14,2,51,0.28877416253089905,0.6426095366477966,0.28877416253089905,0.6426095366477966,0.8785714507102966,0.7599999904632568
14,2,52,0.2684718370437622,0.6521279811859131,0.2684718370437622,0.6521279811859131,0.8999999761581421,0.7599999904632568
14,2,53,0.24773281812667847,0.6604321002960205,0.24773281812667847,0.6604321002960205,0.9071428775787354,0.7599999904632568
14,2,54,0.22705040872097015,0.6672589778900146,0.22705040872097015,0.6672589778900146,0.9357143044471741,0.7599999904632568
14,2,55,0.20689499378204346,0.6730172038078308,0.20689499378204346,0.6730172038078308,0.949999988079071,0.7599999904632568
14,2,56,0.1874949038028717,0.677990198135376,0.1874949038028717,0.677990198135376,0.9642857313156128,0.800000011920929
14,2,57,0.16890542209148407,0.6819142699241638,0.16890542209148407,0.6819142699241638,0.9642857313156128,0.800000011920929
14,2,58,0.15121042728424072,0.6846831440925598,0.15121042728424072,0.6846831440925598,0.9642857313156128,0.800000011920929
14,2,59,0.1345423310995102,0.6869239211082458,0.1345423310995102,0.6869239211082458,0.9714285731315613,0.800000011920929
14,2,60,0.11903370171785355,0.6898402571678162,0.11903370171785355,0.6898402571678162,0.9785714149475098,0.7599999904632568
14,2,61,0.10486892610788345,0.6943745613098145,0.10486892610788345,0.6943745613098145,0.9785714149475098,0.7599999904632568
14,2,62,0.09228977560997009,0.7007179260253906,0.09228977560997009,0.7007179260253906,0.9928571581840515,0.7599999904632568
14,2,63,0.08145178854465485,0.7090228199958801,0.08145178854465485,0.7090228199958801,0.9928571581840515,0.800000011920929
14,2,64,0.0724073275923729,0.7194929718971252,0.0724073275923729,0.7194929718971252,0.9928571581840515,0.8799999952316284
14,2,65,0.06504234671592712,0.7318875193595886,0.06504234671592712,0.7318875193595886,0.9928571581840515,0.8399999737739563
14,2,66,0.05898735299706459,0.7463294863700867,0.05898735299706459,0.7463294863700867,0.9928571581840515,0.8399999737739563
14,2,67,0.0538758859038353,0.7627958059310913,0.0538758859038353,0.7627958059310913,0.9928571581840515,0.800000011920929
14,2,68,0.049461979418992996,0.7809175252914429,0.049461979418992996,0.7809175252914429,0.9928571581840515,0.7599999904632568
15,2,1,0.6891928911209106,0.6931015849113464,0.6891928911209106,0.6931015849113464,0.5642856955528259,0.5600000023841858
15,2,2,0.6789851188659668,0.6889746189117432,0.6789851188659668,0.6889746189117432,0.5928571224212646,0.6000000238418579
15,2,3,0.6745933294296265,0.6877443790435791,0.6745933294296265,0.6877443790435791,0.5928571224212646,0.6000000238418579
15,2,4,0.6726698279380798,0.6869406700134277,0.6726698279380798,0.6869406700134277,0.5928571224212646,0.6000000238418579
15,2,5,0.6710599064826965,0.6853793859481812,0.6710599064826965,0.6853793859481812,0.5928571224212646,0.6000000238418579
15,2,6,0.6688183546066284,0.6830093264579773,0.6688183546066284,0.6830093264579773,0.5928571224212646,0.6000000238418579
15,2,7,0.6659193634986877,0.6802531480789185,0.6659193634986877,0.6802531480789185,0.5928571224212646,0.6000000238418579
15,2,8,0.6626666784286499,0.677497386932373,0.6626666784286499,0.677497386932373,0.5928571224212646,0.6000000238418579
15,2,9,0.6593075394630432,0.6749177575111389,0.6593075394630432,0.6749177575111389,0.5928571224212646,0.6000000238418579
15,2,10,0.6559301018714905,0.6725219488143921,0.6559301018714905,0.6725219488143921,0.5928571224212646,0.6000000238418579
15,2,11,0.6525136828422546,0.6702488660812378,0.6525136828422546,0.6702488660812378,0.5928571224212646,0.6000000238418579
15,2,12,0.6489971876144409,0.6680319905281067,0.6489971876144409,0.6680319905281067,0.5928571224212646,0.6000000238418579
15,2,13,0.6453090310096741,0.6658183336257935,0.6453090310096741,0.6658183336257935,0.5928571224212646,0.5600000023841858
15,2,14,0.6413655877113342,0.6635685563087463,0.6413655877113342,0.6635685563087463,0.6000000238418579,0.6000000238418579
15,2,15,0.6370652914047241,0.661264181137085,0.6370652914047241,0.661264181137085,0.6000000238418579,0.6000000238418579
15,2,16,0.6322968602180481,0.6589241623878479,0.6322968602180481,0.6589241623878479,0.6071428656578064,0.6000000238418579
15,2,17,0.6269606351852417,0.6566209197044373,0.6269606351852417,0.6566209197044373,0.6214285492897034,0.6800000071525574
15,2,18,0.6209867596626282,0.6544830799102783,0.6209867596626282,0.6544830799102783,0.6285714507102966,0.6800000071525574
15,2,19,0.6143471002578735,0.6526898145675659,0.6143471002578735,0.6526898145675659,0.6428571343421936,0.6800000071525574
15,2,20,0.6070610880851746,0.6514625549316406,0.6070610880851746,0.6514625549316406,0.6642857193946838,0.6399999856948853
15,2,21,0.5991989970207214,0.6510478258132935,0.5991989970207214,0.6510478258132935,0.6857143044471741,0.6000000238418579
15,2,22,0.5908611416816711,0.6516777276992798,0.5908611416816711,0.6516777276992798,0.699999988079071,0.6000000238418579
15,2,23,0.582121729850769,0.6535159349441528,0.582121729850769,0.6535159349441528,0.7071428298950195,0.6399999856948853
15,2,24,0.5729709267616272,0.6566159129142761,0.5729709267616272,0.6566159129142761,0.7142857313156128,0.6399999856948853
15,2,25,0.5633026957511902,0.6609477400779724,0.5633026957511902,0.6609477400779724,0.75,0.6399999856948853
15,2,26,0.552949845790863,0.6665256023406982,0.552949845790863,0.6665256023406982,0.7571428418159485,0.6399999856948853
15,2,27,0.5417564511299133,0.6735028028488159,0.5417564511299133,0.6735028028488159,0.7642857432365417,0.6399999856948853
15,2,28,0.5296892523765564,0.6820992231369019,0.5296892523765564,0.6820992231369019,0.7714285850524902,0.6000000238418579
15,2,29,0.5169131755828857,0.6924121379852295,0.5169131755828857,0.6924121379852295,0.7571428418159485,0.6000000238418579
15,2,30,0.5036563277244568,0.7042114734649658,0.5036563277244568,0.7042114734649658,0.7714285850524902,0.6399999856948853
15,2,31,0.4899844527244568,0.7168128490447998,0.4899844527244568,0.7168128490447998,0.7857142686843872,0.6399999856948853
15,2,32,0.4758625626564026,0.7291117906570435,0.4758625626564026,0.7291117906570435,0.800000011920929,0.6399999856948853
15,2,33,0.4612993001937866,0.7399081587791443,0.4612993001937866,0.7399081587791443,0.8142856955528259,0.6399999856948853
15,2,34,0.44618144631385803,0.7484046816825867,0.44618144631385803,0.7484046816825867,0.8142856955528259,0.6000000238418579
15,2,35,0.43029287457466125,0.7546422481536865,0.43029287457466125,0.7546422481536865,0.8428571224212646,0.6000000238418579
15,2,36,0.4135066568851471,0.760029137134552,0.4135066568851471,0.760029137134552,0.8500000238418579,0.6000000238418579
15,2,37,0.3958265483379364,0.7667565941810608,0.3958265483379364,0.7667565941810608,0.8500000238418579,0.6000000238418579
15,2,38,0.37746089696884155,0.7769284248352051,0.37746089696884155,0.7769284248352051,0.8785714507102966,0.6000000238418579
15,2,39,0.35864168405532837,0.7914866805076599,0.35864168405532837,0.7914866805076599,0.8785714507102966,0.5600000023841858
15,2,40,0.3395848870277405,0.8104313611984253,0.3395848870277405,0.8104313611984253,0.8785714507102966,0.5199999809265137
15,2,41,0.32035505771636963,0.8329899311065674,0.32035505771636963,0.8329899311065674,0.8928571343421936,0.5199999809265137
15,2,42,0.3007640242576599,0.8587911128997803,0.3007640242576599,0.8587911128997803,0.8999999761581421,0.5199999809265137
15,2,43,0.280698299407959,0.887166440486908,0.280698299407959,0.887166440486908,0.9071428775787354,0.5199999809265137
15,2,44,0.2606895864009857,0.9137025475502014,0.2606895864009857,0.9137025475502014,0.9357143044471741,0.5600000023841858
15,2,45,0.24165387451648712,0.9320387244224548,0.24165387451648712,0.9320387244224548,0.949999988079071,0.5600000023841858
15,2,46,0.22409556806087494,0.9424841403961182,0.22409556806087494,0.9424841403961182,0.9642857313156128,0.6000000238418579
16,2,1,0.6811253428459167,0.6779106855392456,0.6811253428459167,0.6779106855392456,0.6214285492897034,0.6399999856948853
16,2,2,0.6713551878929138,0.6759225726127625,0.6713551878929138,0.6759225726127625,0.6214285492897034,0.6399999856948853
16,2,3,0.6651637554168701,0.6750106811523438,0.6651637554168701,0.6750106811523438,0.6142857074737549,0.6399999856948853
16,2,4,0.660007119178772,0.6745824217796326,0.660007119178772,0.6745824217796326,0.6142857074737549,0.6399999856948853
16,2,5,0.6553040146827698,0.6744354963302612,0.6553040146827698,0.6744354963302612,0.6142857074737549,0.6399999856948853
16,2,6,0.650784969329834,0.6745298504829407,0.650784969329834,0.6745298504829407,0.6142857074737549,0.6399999856948853
16,2,7,0.6463042497634888,0.6748918294906616,0.6463042497634888,0.6748918294906616,0.6214285492897034,0.6000000238418579
16,2,8,0.6417630910873413,0.6755656599998474,0.6417630910873413,0.6755656599998474,0.6428571343421936,0.6000000238418579
16,2,9,0.6370730400085449,0.6765967011451721,0.6370730400085449,0.6765967011451721,0.6714285612106323,0.6000000238418579
16,2,10,0.6321437358856201,0.6780354380607605,0.6321437358856201,0.6780354380607605,0.6714285612106323,0.6000000238418579
16,2,11,0.6268852353096008,0.679953396320343,0.6268852353096008,0.679953396320343,0.699999988079071,0.5600000023841858
16,2,12,0.6212154030799866,0.6824632287025452,0.6212154030799866,0.6824632287025452,0.6857143044471741,0.5600000023841858
16,2,13,0.6150691509246826,0.6857372522354126,0.6150691509246826,0.6857372522354126,0.6857143044471741,0.6000000238418579
16,2,14,0.6084060668945312,0.6900192499160767,0.6084060668945312,0.6900192499160767,0.6642857193946838,0.6000000238418579
16,2,15,0.6012192964553833,0.6956237554550171,0.6012192964553833,0.6956237554550171,0.6642857193946838,0.5600000023841858
16,2,16,0.5935449600219727,0.7029106616973877,0.5935449600219727,0.7029106616973877,0.6642857193946838,0.5199999809265137
16,2,17,0.5854743123054504,0.7122172713279724,0.5854743123054504,0.7122172713279724,0.6785714030265808,0.5199999809265137
16,2,18,0.5771582722663879,0.7237270474433899,0.5771582722663879,0.7237270474433899,0.6714285612106323,0.5199999809265137
16,2,19,0.5687858462333679,0.7372817397117615,0.5687858462333679,0.7372817397117615,0.6785714030265808,0.5199999809265137
16,2,20,0.5605159401893616,0.752204954624176,0.5605159401893616,0.752204954624176,0.6928571462631226,0.5199999809265137
16,2,21,0.5523643493652344,0.7673097848892212,0.5523643493652344,0.7673097848892212,0.6857143044471741,0.5199999809265137
16,2,22,0.544123649597168,0.7812804579734802,0.544123649597168,0.7812804579734802,0.699999988079071,0.5199999809265137
16,2,23,0.5354304909706116,0.7933732867240906,0.5354304909706116,0.7933732867240906,0.7142857313156128,0.5199999809265137
16,2,24,0.5259865522384644,0.8039740920066833,0.5259865522384644,0.8039740920066833,0.7214285731315613,0.47999998927116394
16,2,25,0.5157426595687866,0.8145280480384827,0.5157426595687866,0.8145280480384827,0.7214285731315613,0.5600000023841858
16,2,26,0.5048754215240479,0.8268733024597168,0.5048754215240479,0.8268733024597168,0.7642857432365417,0.5600000023841858
16,2,27,0.49360477924346924,0.8424875140190125,0.49360477924346924,0.8424875140190125,0.7642857432365417,0.5199999809265137
16,2,28,0.48203521966934204,0.8621008396148682,0.48203521966934204,0.8621008396148682,0.7714285850524902,0.6000000238418579
16,2,29,0.47014132142066956,0.8856261968612671,0.47014132142066956,0.8856261968612671,0.7928571701049805,0.5600000023841858
16,2,30,0.45784106850624084,0.9123222231864929,0.45784106850624084,0.9123222231864929,0.7928571701049805,0.5600000023841858
17,2,1,0.6748642325401306,0.6826969385147095,0.6748642325401306,0.6826969385147095,0.5928571224212646,0.6000000238418579
17,2,2,0.66847825050354,0.6817373633384705,0.66847825050354,0.6817373633384705,0.5928571224212646,0.6000000238418579
17,2,3,0.6658564805984497,0.6815768480300903,0.6658564805984497,0.6815768480300903,0.6000000238418579,0.6000000238418579
17,2,4,0.6641799807548523,0.6818969249725342,0.6641799807548523,0.6818969249725342,0.6071428656578064,0.6000000238418579
17,2,5,0.6630215644836426,0.6823520660400391,0.6630215644836426,0.6823520660400391,0.6285714507102966,0.5600000023841858
17,2,6,0.6620187163352966,0.6826762557029724,0.6620187163352966,0.6826762557029724,0.6642857193946838,0.6000000238418579
17,2,7,0.6609076261520386,0.6827149987220764,0.6609076261520386,0.6827149987220764,0.6785714030265808,0.6000000238418579
17,2,8,0.6595352292060852,0.6824156045913696,0.6595352292060852,0.6824156045913696,0.699999988079071,0.6000000238418579
17,2,9,0.6578408479690552,0.6817984580993652,0.6578408479690552,0.6817984580993652,0.6928571462631226,0.6800000071525574
17,2,10,0.65582674741745,0.6809250116348267,0.65582674741745,0.6809250116348267,0.6928571462631226,0.6800000071525574
17,2,11,0.6535272598266602,0.6798704266548157,0.6535272598266602,0.6798704266548157,0.6857143044471741,0.6800000071525574
17,2,12,0.650985062122345,0.6787065267562866,0.650985062122345,0.6787065267562866,0.6785714030265808,0.6399999856948853
17,2,13,0.6482363939285278,0.6774921417236328,0.6482363939285278,0.6774921417236328,0.6857143044471741,0.6399999856948853
17,2,14,0.6453025937080383,0.6762702465057373,0.6453025937080383,0.6762702465057373,0.6785714030265808,0.6399999856948853
17,2,15,0.6421880722045898,0.6750689744949341,0.6421880722045898,0.6750689744949341,0.6714285612106323,0.6000000238418579
17,2,16,0.6388803124427795,0.6739049553871155,0.6388803124427795,0.6739049553871155,0.6857143044471741,0.6000000238418579
17,2,17,0.6353504061698914,0.6727874875068665,0.6353504061698914,0.6727874875068665,0.699999988079071,0.6000000238418579
17,2,18,0.6315553784370422,0.6717221140861511,0.6315553784370422,0.6717221140861511,0.7071428298950195,0.6000000238418579
17,2,19,0.6274382472038269,0.670715868473053,0.6274382472038269,0.670715868473053,0.7071428298950195,0.5600000023841858
17,2,20,0.6229298114776611,0.6697837114334106,0.6229298114776611,0.6697837114334106,0.7142857313156128,0.5600000023841858
17,2,21,0.6179501414299011,0.6689556837081909,0.6179501414299011,0.6689556837081909,0.7071428298950195,0.6399999856948853
17,2,22,0.6124128699302673,0.6682897806167603,0.6124128699302673,0.6682897806167603,0.7428571581840515,0.6399999856948853
17,2,23,0.6062338948249817,0.6678889989852905,0.6062338948249817,0.6678889989852905,0.7571428418159485,0.6399999856948853
17,2,24,0.5993472337722778,0.6679261922836304,0.5993472337722778,0.6679261922836304,0.7642857432365417,0.6800000071525574
17,2,25,0.5917312502861023,0.6686730980873108,0.5917312502861023,0.6686730980873108,0.7785714268684387,0.6800000071525574
17,2,26,0.5834428071975708,0.670522153377533,0.5834428071975708,0.670522153377533,0.7857142686843872,0.6800000071525574
17,2,27,0.5746476054191589,0.6739702820777893,0.5746476054191589,0.6739702820777893,0.7714285850524902,0.6800000071525574
17,2,28,0.5656245946884155,0.6795221567153931,0.5656245946884155,0.6795221567153931,0.7642857432365417,0.6800000071525574
17,2,29,0.5567134022712708,0.6874884963035583,0.5567134022712708,0.6874884963035583,0.7642857432365417,0.6800000071525574
17,2,30,0.5481955409049988,0.6977609395980835,0.5481955409049988,0.6977609395980835,0.7642857432365417,0.6399999856948853
17,2,31,0.5401630997657776,0.7097851037979126,0.5401630997657776,0.7097851037979126,0.7714285850524902,0.6399999856948853
17,2,32,0.5324990153312683,0.7228256464004517,0.5324990153312683,0.7228256464004517,0.7785714268684387,0.6000000238418579
17,2,33,0.5250343680381775,0.7361888289451599,0.5250343680381775,0.7361888289451599,0.7785714268684387,0.5600000023841858
17,2,34,0.517662763595581,0.7491029500961304,0.517662763595581,0.7491029500961304,0.7785714268684387,0.5600000023841858
17,2,35,0.5101822018623352,0.7607980370521545,0.5101822018623352,0.7607980370521545,0.7857142686843872,0.5600000023841858
17,2,36,0.5022872090339661,0.7710508108139038,0.5022872090339661,0.7710508108139038,0.7857142686843872,0.47999998927116394
17,2,37,0.4938935339450836,0.7804581522941589,0.4938935339450836,0.7804581522941589,0.7857142686843872,0.5199999809265137
17,2,38,0.4851498305797577,0.7899730205535889,0.4851498305797577,0.7899730205535889,0.7928571701049805,0.5199999809265137
17,2,39,0.4760865271091461,0.8002303242683411,0.4760865271091461,0.8002303242683411,0.7928571701049805,0.5199999809265137
17,2,40,0.46653202176094055,0.8115482926368713,0.46653202176094055,0.8115482926368713,0.800000011920929,0.5199999809265137
17,2,41,0.4563692510128021,0.8240420818328857,0.4563692510128021,0.8240420818328857,0.8142856955528259,0.5199999809265137
17,2,42,0.44562846422195435,0.8374123573303223,0.44562846422195435,0.8374123573303223,0.800000011920929,0.5199999809265137
17,2,43,0.4343988299369812,0.8510925769805908,0.4343988299369812,0.8510925769805908,0.8142856955528259,0.5199999809265137
17,2,44,0.42281562089920044,0.8643398284912109,0.42281562089920044,0.8643398284912109,0.8142856955528259,0.5199999809265137
17,2,45,0.4109005928039551,0.8763174414634705,0.4109005928039551,0.8763174414634705,0.8214285969734192,0.5199999809265137
17,2,46,0.39850059151649475,0.8865818977355957,0.39850059151649475,0.8865818977355957,0.8285714387893677,0.5199999809265137
17,2,47,0.3855348527431488,0.8952712416648865,0.3855348527431488,0.8952712416648865,0.8428571224212646,0.5199999809265137
17,2,48,0.3719978928565979,0.9031693339347839,0.3719978928565979,0.9031693339347839,0.8714285492897034,0.5600000023841858
18,2,1,0.6809425354003906,0.6764419674873352,0.6809425354003906,0.6764419674873352,0.5928571224212646,0.6000000238418579
18,2,2,0.6759933233261108,0.6751133799552917,0.6759933233261108,0.6751133799552917,0.5928571224212646,0.6000000238418579
18,2,3,0.6730040907859802,0.6744049191474915,0.6730040907859802,0.6744049191474915,0.5928571224212646,0.6000000238418579
18,2,4,0.6703792214393616,0.6739967465400696,0.6703792214393616,0.6739967465400696,0.6000000238418579,0.6000000238418579
18,2,5,0.6678979396820068,0.6737478375434875,0.6678979396820068,0.6737478375434875,0.6000000238418579,0.6000000238418579
18,2,6,0.6654723286628723,0.6735870838165283,0.6654723286628723,0.6735870838165283,0.6000000238418579,0.6000000238418579
18,2,7,0.6630668640136719,0.6734774112701416,0.6630668640136719,0.6734774112701416,0.6000000238418579,0.6000000238418579
18,2,8,0.6606698036193848,0.6733975410461426,0.6606698036193848,0.6733975410461426,0.6000000238418579,0.6000000238418579
18,2,9,0.6582770347595215,0.6733319163322449,0.6582770347595215,0.6733319163322449,0.6000000238418579,0.6000000238418579
18,2,10,0.6558836698532104,0.6732663512229919,0.6558836698532104,0.6732663512229919,0.6071428656578064,0.6000000238418579
18,2,11,0.6534810066223145,0.6731870174407959,0.6534810066223145,0.6731870174407959,0.6071428656578064,0.5600000023841858
18,2,12,0.6510564088821411,0.6730809807777405,0.6510564088821411,0.6730809807777405,0.6000000238418579,0.5600000023841858
18,2,13,0.648594081401825,0.6729364991188049,0.648594081401825,0.6729364991188049,0.6000000238418579,0.5600000023841858
18,2,14,0.646076500415802,0.672743558883667,0.646076500415802,0.672743558883667,0.6071428656578064,0.5600000023841858
18,2,15,0.6434850692749023,0.6724929809570312,0.6434850692749023,0.6724929809570312,0.6071428656578064,0.5600000023841858
18,2,16,0.6408002972602844,0.6721763610839844,0.6408002972602844,0.6721763610839844,0.6142857074737549,0.5600000023841858
18,2,17,0.638001561164856,0.6717842221260071,0.638001561164856,0.6717842221260071,0.6142857074737549,0.6000000238418579
18,2,18,0.6350674033164978,0.6713060140609741,0.6350674033164978,0.6713060140609741,0.6071428656578064,0.6000000238418579
18,2,19,0.6319743394851685,0.6707285046577454,0.6319743394851685,0.6707285046577454,0.6142857074737549,0.6000000238418579
18,2,20,0.6286967992782593,0.6700363159179688,0.6286967992782593,0.6700363159179688,0.6285714507102966,0.6000000238418579
18,2,21,0.6252068877220154,0.6692115664482117,0.6252068877220154,0.6692115664482117,0.6285714507102966,0.6000000238418579
18,2,22,0.6214731931686401,0.6682352423667908,0.6214731931686401,0.6682352423667908,0.6428571343421936,0.6000000238418579
18,2,23,0.6174611449241638,0.6670900583267212,0.6174611449241638,0.6670900583267212,0.6499999761581421,0.6399999856948853
18,2,24,0.6131325960159302,0.6657654643058777,0.6131325960159302,0.6657654643058777,0.6571428775787354,0.6800000071525574
18,2,25,0.608446478843689,0.6642652750015259,0.608446478843689,0.6642652750015259,0.6642857193946838,0.6800000071525574
18,2,26,0.6033605933189392,0.6626201868057251,0.6033605933189392,0.6626201868057251,0.6499999761581421,0.6800000071525574
18,2,27,0.5978333950042725,0.6609019637107849,0.5978333950042725,0.6609019637107849,0.6357142925262451,0.6800000071525574
18,2,28,0.5918285846710205,0.659239649772644,0.5918285846710205,0.659239649772644,0.6499999761581421,0.6800000071525574
18,2,29,0.5853185057640076,0.6578304767608643,0.5853185057640076,0.6578304767608643,0.6642857193946838,0.7200000286102295
18,2,30,0.5782882571220398,0.6569404602050781,0.5782882571220398,0.6569404602050781,0.6642857193946838,0.7599999904632568
18,2,31,0.5707384943962097,0.6568916440010071,0.5707384943962097,0.6568916440010071,0.6714285612106323,0.7200000286102295
18,2,32,0.5626864433288574,0.6580383777618408,0.5626864433288574,0.6580383777618408,0.6785714030265808,0.6399999856948853
18,2,33,0.5541672706604004,0.6607322692871094,0.5541672706604004,0.6607322692871094,0.699999988079071,0.6399999856948853
18,2,34,0.5452333688735962,0.6652633547782898,0.5452333688735962,0.6652633547782898,0.699999988079071,0.6399999856948853
18,2,35,0.5359435081481934,0.6717562079429626,0.5359435081481934,0.6717562079429626,0.7071428298950195,0.6399999856948853
18,2,36,0.5263303518295288,0.6800479292869568,0.5263303518295288,0.6800479292869568,0.7214285731315613,0.6399999856948853
18,2,37,0.5163582563400269,0.6896651983261108,0.5163582563400269,0.6896651983261108,0.7428571581840515,0.6399999856948853
18,2,38,0.5059434175491333,0.7000148892402649,0.5059434175491333,0.7000148892402649,0.7571428418159485,0.6800000071525574
18,2,39,0.49507856369018555,0.710724949836731,0.49507856369018555,0.710724949836731,0.7714285850524902,0.6399999856948853
18,2,40,0.4839407801628113,0.7218896746635437,0.4839407801628113,0.7218896746635437,0.7785714268684387,0.6800000071525574
18,2,41,0.47275200486183167,0.7339596748352051,0.47275200486183167,0.7339596748352051,0.7857142686843872,0.6800000071525574
18,2,42,0.4615323841571808,0.7473616003990173,0.4615323841571808,0.7473616003990173,0.7785714268684387,0.6399999856948853
18,2,43,0.4500729739665985,0.7623438835144043,0.4500729739665985,0.7623438835144043,0.7785714268684387,0.6399999856948853
18,2,44,0.4380137324333191,0.7791445851325989,0.4380137324333191,0.7791445851325989,0.7785714268684387,0.6399999856948853
18,2,45,0.42507049441337585,0.7981968522071838,0.42507049441337585,0.7981968522071838,0.800000011920929,0.6399999856948853
18,2,46,0.41116905212402344,0.8200724124908447,0.41116905212402344,0.8200724124908447,0.8142856955528259,0.6399999856948853
18,2,47,0.3963104784488678,0.8451082110404968,0.3963104784488678,0.8451082110404968,0.8214285969734192,0.6399999856948853
18,2,48,0.38062968850135803,0.8729256987571716,0.38062968850135803,0.8729256987571716,0.8500000238418579,0.6399999856948853
18,2,49,0.36434221267700195,0.9021255373954773,0.36434221267700195,0.9021255373954773,0.8571428656578064,0.6000000238418579
18,2,50,0.3476758897304535,0.9306784272193909,0.3476758897304535,0.9306784272193909,0.8642857074737549,0.6000000238418579
18,2,51,0.33055922389030457,0.9572402834892273,0.33055922389030457,0.9572402834892273,0.8500000238418579,0.6399999856948853
18,2,52,0.31292396783828735,0.982006847858429,0.31292396783828735,0.982006847858429,0.8500000238418579,0.6399999856948853
18,2,53,0.2951722741127014,1.0058314800262451,0.2951722741127014,1.0058314800262451,0.8571428656578064,0.6399999856948853
18,2,54,0.2776528000831604,1.0290379524230957,0.2776528000831604,1.0290379524230957,0.8714285492897034,0.6399999856948853
18,2,55,0.2601231038570404,1.0515694618225098,0.2601231038570404,1.0515694618225098,0.8999999761581421,0.6399999856948853
18,2,56,0.24236267805099487,1.0738344192504883,0.24236267805099487,1.0738344192504883,0.8999999761581421,0.6399999856948853
19,2,1,0.7092129588127136,0.6981727480888367,0.7092129588127136,0.6981727480888367,0.3857142925262451,0.4399999976158142
19,2,2,0.6934723258018494,0.6903053522109985,0.6934723258018494,0.6903053522109985,0.5214285850524902,0.5600000023841858
19,2,3,0.6832094192504883,0.6866147518157959,0.6832094192504883,0.6866147518157959,0.5857142806053162,0.5600000023841858
19,2,4,0.6757129430770874,0.6856117248535156,0.6757129430770874,0.6856117248535156,0.5785714387893677,0.6000000238418579
19,2,5,0.6698421239852905,0.6862744092941284,0.6698421239852905,0.6862744092941284,0.5928571224212646,0.6000000238418579
19,2,6,0.6648322939872742,0.6879135370254517,0.6648322939872742,0.6879135370254517,0.5928571224212646,0.6000000238418579
19,2,7,0.6602156758308411,0.6901170611381531,0.6602156758308411,0.6901170611381531,0.5928571224212646,0.6000000238418579
19,2,8,0.655748724937439,0.6926726698875427,0.655748724937439,0.6926726698875427,0.6000000238418579,0.6000000238418579
19,2,9,0.6513203382492065,0.6954850554466248,0.6513203382492065,0.6954850554466248,0.6071428656578064,0.6000000238418579
19,2,10,0.6468709707260132,0.6985127329826355,0.6468709707260132,0.6985127329826355,0.6142857074737549,0.6000000238418579
19,2,11,0.6423425674438477,0.7017357349395752,0.6423425674438477,0.7017357349395752,0.6285714507102966,0.6000000238418579
19,2,12,0.6376625895500183,0.7051473259925842,0.6376625895500183,0.7051473259925842,0.6285714507102966,0.5600000023841858
19,2,13,0.6327505707740784,0.7087579369544983,0.6327505707740784,0.7087579369544983,0.6285714507102966,0.5600000023841858
19,2,14,0.6275323629379272,0.7126004695892334,0.6275323629379272,0.7126004695892334,0.6428571343421936,0.5600000023841858
19,2,15,0.621955394744873,0.7167288064956665,0.621955394744873,0.7167288064956665,0.6571428775787354,0.5600000023841858
19,2,16,0.6159975528717041,0.7212104797363281,0.6159975528717041,0.7212104797363281,0.6857143044471741,0.5600000023841858
19,2,17,0.6096728444099426,0.7261128425598145,0.6096728444099426,0.7261128425598145,0.7071428298950195,0.5600000023841858
19,2,18,0.6030347347259521,0.7314879894256592,0.6030347347259521,0.7314879894256592,0.6928571462631226,0.5600000023841858
19,2,19,0.5961742401123047,0.7373547554016113,0.5961742401123047,0.7373547554016113,0.7142857313156128,0.5600000023841858
19,2,20,0.5892096161842346,0.743681788444519,0.5892096757888794,0.743681788444519,0.7357142567634583,0.6000000238418579
19,2,21,0.5822579264640808,0.7503727674484253,0.5822579264640808,0.7503727674484253,0.7142857313156128,0.5600000023841858
19,2,22,0.5753895044326782,0.7572667002677917,0.5753895044326782,0.7572667002677917,0.7142857313156128,0.5600000023841858
19,2,23,0.5685911178588867,0.7641707062721252,0.5685911178588867,0.7641707062721252,0.7357142567634583,0.5199999809265137
19,2,24,0.5617667436599731,0.770922064781189,0.5617667436599731,0.770922064781189,0.7357142567634583,0.47999998927116394
19,2,25,0.5547839999198914,0.7774554491043091,0.5547839999198914,0.7774554491043091,0.7285714149475098,0.4399999976158142
19,2,26,0.5475308895111084,0.7838314771652222,0.5475308895111084,0.7838314771652222,0.7214285731315613,0.4399999976158142
19,2,27,0.539941132068634,0.7902234792709351,0.539941132068634,0.7902234792709351,0.7142857313156128,0.47999998927116394
19,2,28,0.5319826006889343,0.7968761324882507,0.5319826006889343,0.7968761324882507,0.7285714149475098,0.4399999976158142
19,2,29,0.5236331820487976,0.8040658831596375,0.5236331820487976,0.8040658831596375,0.7357142567634583,0.4399999976158142
20,2,1,0.6925727725028992,0.6809770464897156,0.6925727725028992,0.6809770464897156,0.5071428418159485,0.6000000238418579
20,2,2,0.680652916431427,0.6745855808258057,0.680652916431427,0.6745855808258057,0.5642856955528259,0.6000000238418579
20,2,3,0.6743783354759216,0.671844482421875,0.6743783354759216,0.671844482421875,0.6071428656578064,0.6000000238418579
20,2,4,0.6708845496177673,0.6713024973869324,0.6708845496177673,0.6713024973869324,0.6000000238418579,0.6000000238418579
20,2,5,0.6686696410179138,0.6717523336410522,0.6686696410179138,0.6717523336410522,0.5928571224212646,0.6000000238418579
20,2,6,0.6666883826255798,0.6724167466163635,0.6666883826255798,0.6724167466163635,0.5928571224212646,0.6000000238418579
20,2,7,0.6643747091293335,0.6729101538658142,0.6643747091293335,0.6729101538658142,0.5928571224212646,0.6000000238418579
20,2,8,0.6615335941314697,0.6731159090995789,0.6615335941314697,0.6731159090995789,0.5928571224212646,0.6000000238418579
20,2,9,0.6581917405128479,0.6730606555938721,0.6581917405128479,0.6730606555938721,0.5928571224212646,0.6000000238418579
20,2,10,0.6544671058654785,0.6728215217590332,0.6544671058654785,0.6728215217590332,0.5928571224212646,0.6000000238418579
20,2,11,0.6504836082458496,0.6724733114242554,0.6504836082458496,0.6724733114242554,0.5857142806053162,0.6000000238418579
20,2,12,0.6463286876678467,0.672068178653717,0.6463286876678467,0.672068178653717,0.5857142806053162,0.6000000238418579
20,2,13,0.6420440673828125,0.6716346740722656,0.6420440673828125,0.6716346740722656,0.5857142806053162,0.6000000238418579
20,2,14,0.6376307010650635,0.6711826920509338,0.6376307010650635,0.6711826920509338,0.5928571224212646,0.6000000238418579
20,2,15,0.6330606341362,0.6707100868225098,0.6330606341362,0.6707100868225098,0.6071428656578064,0.6000000238418579
20,2,16,0.6282867193222046,0.6702060699462891,0.6282867193222046,0.6702060699462891,0.6000000238418579,0.6000000238418579
20,2,17,0.6232506036758423,0.6696531772613525,0.6232506036758423,0.6696531772613525,0.6142857074737549,0.6000000238418579
20,2,18,0.6178879737854004,0.6690278053283691,0.6178879737854004,0.6690278053283691,0.6499999761581421,0.6000000238418579
20,2,19,0.6121358871459961,0.6683039665222168,0.6121358871459961,0.6683039665222168,0.6785714030265808,0.6000000238418579
20,2,20,0.6059401631355286,0.6674594283103943,0.6059401631355286,0.6674594283103943,0.6785714030265808,0.6000000238418579
20,2,21,0.599267840385437,0.6664865016937256,0.599267840385437,0.6664865016937256,0.6571428775787354,0.6000000238418579
20,2,22,0.5921213030815125,0.665404736995697,0.5921213030815125,0.665404736995697,0.6714285612106323,0.6000000238418579
20,2,23,0.5845498442649841,0.6642696261405945,0.5845498442649841,0.6642696261405945,0.6499999761581421,0.6000000238418579
20,2,24,0.5766528248786926,0.6631696820259094,0.5766528248786926,0.6631696820259094,0.6642857193946838,0.6000000238418579
20,2,25,0.5685649514198303,0.662204921245575,0.5685649514198303,0.662204921245575,0.6857143044471741,0.6000000238418579
20,2,26,0.5604178309440613,0.6614598035812378,0.5604178309440613,0.6614598035812378,0.6857143044471741,0.6000000238418579
20,2,27,0.5522911548614502,0.6610038876533508,0.5522911548614502,0.6610038876533508,0.6857143044471741,0.6399999856948853
20,2,28,0.5441803932189941,0.6609379649162292,0.5441803932189941,0.6609379649162292,0.7071428298950195,0.6399999856948853
20,2,29,0.5360207557678223,0.6614181399345398,0.5360207557678223,0.6614181399345398,0.699999988079071,0.6399999856948853
20,2,30,0.5277469754219055,0.662548303604126,0.5277469754219055,0.662548303604126,0.699999988079071,0.6000000238418579
20,2,31,0.5193387269973755,0.6642059087753296,0.5193387269973755,0.6642059087753296,0.7214285731315613,0.6000000238418579
20,2,32,0.5108243227005005,0.6660418510437012,0.5108243227005005,0.6660418510437012,0.7357142567634583,0.6399999856948853
20,2,33,0.5022738575935364,0.6676936149597168,0.5022738575935364,0.6676936149597168,0.75,0.6399999856948853
20,2,34,0.4937784969806671,0.6688810586929321,0.4937784969806671,0.6688810586929321,0.7857142686843872,0.6000000238418579
20,2,35,0.48536866903305054,0.6693339347839355,0.48536866903305054,0.6693339347839355,0.800000011920929,0.6000000238418579
20,2,36,0.4769526422023773,0.6688879132270813,0.4769526422023773,0.6688879132270813,0.8071428537368774,0.6399999856948853
20,2,37,0.4683738648891449,0.6676077842712402,0.4683738648891449,0.6676077842712402,0.8142856955528259,0.6399999856948853
20,2,38,0.45948487520217896,0.6656646132469177,0.45948487520217896,0.6656646132469177,0.8214285969734192,0.6800000071525574
20,2,39,0.45015600323677063,0.6632524132728577,0.45015600323677063,0.6632524132728577,0.8285714387893677,0.6800000071525574
20,2,40,0.440280944108963,0.6606234908103943,0.440280944108963,0.6606234908103943,0.8357142806053162,0.7200000286102295
20,2,41,0.42978060245513916,0.6580067276954651,0.42978060245513916,0.6580067276954651,0.8428571224212646,0.7200000286102295
20,2,42,0.4185870885848999,0.6555835604667664,0.4185870885848999,0.6555835604667664,0.8428571224212646,0.7200000286102295
20,2,43,0.406649112701416,0.6535419225692749,0.406649112701416,0.6535419225692749,0.8428571224212646,0.7200000286102295
20,2,44,0.3939473628997803,0.652027428150177,0.3939473628997803,0.652027428150177,0.8428571224212646,0.7200000286102295
20,2,45,0.38049137592315674,0.6511622667312622,0.38049137592315674,0.6511622667312622,0.8500000238418579,0.7200000286102295
20,2,46,0.3663170039653778,0.6510406732559204,0.3663170039653778,0.6510406732559204,0.8500000238418579,0.7200000286102295
20,2,47,0.35146960616111755,0.6517285108566284,0.35146960616111755,0.6517285108566284,0.8571428656578064,0.7200000286102295
20,2,48,0.33598408102989197,0.6533462405204773,0.33598408102989197,0.6533462405204773,0.8642857074737549,0.7200000286102295
20,2,49,0.3198775053024292,0.6561126112937927,0.3198775053024292,0.6561126112937927,0.8785714507102966,0.7200000286102295
20,2,50,0.3031489849090576,0.6603888869285583,0.3031489849090576,0.6603888869285583,0.8928571343421936,0.7599999904632568
20,2,51,0.28579244017601013,0.6665592789649963,0.28579244017601013,0.6665592789649963,0.8928571343421936,0.800000011920929
20,2,52,0.26780134439468384,0.674910306930542,0.26780134439468384,0.674910306930542,0.8928571343421936,0.800000011920929
20,2,53,0.2491796761751175,0.6855061054229736,0.2491796761751175,0.6855061054229736,0.8999999761581421,0.7599999904632568
20,2,54,0.22996945679187775,0.6982976794242859,0.22996945679187775,0.6982976794242859,0.9071428775787354,0.7599999904632568
20,2,55,0.21030443906784058,0.7132794857025146,0.21030443906784058,0.7132794857025146,0.9214285612106323,0.6800000071525574
20,2,56,0.1904432624578476,0.7305014729499817,0.1904432624578476,0.7305014729499817,0.9285714030265808,0.6800000071525574
20,2,57,0.17070932686328888,0.7498806118965149,0.17070932686328888,0.7498806118965149,0.9571428298950195,0.6800000071525574
20,2,58,0.15133962035179138,0.7713808417320251,0.15133962035179138,0.7713808417320251,0.9571428298950195,0.6800000071525574
20,2,59,0.13243086636066437,0.796079695224762,0.13243086636066437,0.796079695224762,0.9785714149475098,0.6800000071525574
20,2,60,0.11436711996793747,0.8248433470726013,0.11436711996793747,0.8248433470726013,0.9857142567634583,0.6800000071525574
20,2,61,0.09852016717195511,0.8489894270896912,0.09852016717195511,0.8489894270896912,0.9857142567634583,0.6800000071525574
20,2,62,0.0852561667561531,0.8545469641685486,0.0852561667561531,0.8545469641685486,0.9857142567634583,0.6800000071525574
20,2,63,0.07328484952449799,0.8494858741760254,0.07328484952449799,0.8494858741760254,0.9928571581840515,0.6800000071525574
20,2,64,0.06472479552030563,0.8609948754310608,0.06472479552030563,0.8609948754310608,0.9928571581840515,0.6800000071525574
20,2,65,0.0569203682243824,0.9117873907089233,0.0569203682243824,0.9117873907089233,1.0,0.7200000286102295
20,2,66,0.045876577496528625,1.0988682508468628,0.045876577496528625,1.0988682508468628,1.0,0.7200000286102295
20,2,67,0.07514987885951996,1.0662363767623901,0.07514987885951996,1.0662363767623901,0.9857142567634583,0.7200000286102295
20,2,68,0.093138687312603,0.8561084270477295,0.093138687312603,0.8561084270477295,0.9714285731315613,0.6399999856948853
20,2,69,0.14906257390975952,1.1691398620605469,0.14906257390975952,1.1691398620605469,0.9428571462631226,0.6000000238418579
20,2,70,0.25113505125045776,1.2747923135757446,0.25113505125045776,1.2747923135757446,0.9071428775787354,0.6399999856948853
20,2,71,0.17125411331653595,0.7996119856834412,0.17125411331653595,0.7996119856834412,0.9071428775787354,0.6800000071525574
21,3,1,0.6791808605194092,0.6833348870277405,0.6791808605194092,0.6833348870277405,0.5827338099479675,0.5600000023841858
21,3,2,0.6735259294509888,0.682181715965271,0.6735259294509888,0.682181715965271,0.5827338099479675,0.6000000238418579
21,3,3,0.6694017648696899,0.6815022826194763,0.6694017648696899,0.6815022826194763,0.5899280309677124,0.6399999856948853
21,3,4,0.6656227111816406,0.6811165809631348,0.6656227111816406,0.6811165809631348,0.5899280309677124,0.6399999856948853
21,3,5,0.6620201468467712,0.6809383630752563,0.6620201468467712,0.6809383630752563,0.5899280309677124,0.6800000071525574
21,3,6,0.658512532711029,0.6809187531471252,0.658512532711029,0.6809187531471252,0.6115108132362366,0.6800000071525574
21,3,7,0.6550394892692566,0.6810267567634583,0.6550394892692566,0.6810267567634583,0.6258992552757263,0.6800000071525574
21,3,8,0.6515463590621948,0.6812450885772705,0.6515463590621948,0.6812450885772705,0.6187050342559814,0.6399999856948853
21,3,9,0.6479839086532593,0.6815721392631531,0.6479839086532593,0.6815721392631531,0.6187050342559814,0.6399999856948853
21,3,10,0.6443114876747131,0.6820212006568909,0.6443114876747131,0.6820212006568909,0.633093535900116,0.6399999856948853
21,3,11,0.6404984593391418,0.6826191544532776,0.6404984593391418,0.6826191544532776,0.6402877569198608,0.6399999856948853
21,3,12,0.6365240812301636,0.6834002733230591,0.6365240812301636,0.6834002733230591,0.6258992552757263,0.6399999856948853
21,3,13,0.6323753595352173,0.6843992471694946,0.6323753595352173,0.6843992471694946,0.6474820375442505,0.6399999856948853
21,3,14,0.6280472874641418,0.6856443881988525,0.6280472874641418,0.6856443881988525,0.6474820375442505,0.6399999856948853
21,3,15,0.6235423684120178,0.6871500611305237,0.6235423684120178,0.6871500611305237,0.6474820375442505,0.6399999856948853
21,3,16,0.6188709735870361,0.6889083981513977,0.6188709735870361,0.6889083981513977,0.6546762585639954,0.6000000238418579
21,3,17,0.6140505075454712,0.6908824443817139,0.6140505075454712,0.6908824443817139,0.6618704795837402,0.6000000238418579
21,3,18,0.6090996265411377,0.6929982900619507,0.6090996265411377,0.6929982900619507,0.6618704795837402,0.6000000238418579
21,3,19,0.6040271520614624,0.6951389908790588,0.6040271520614624,0.6951389908790588,0.6690647602081299,0.5600000023841858
21,3,20,0.5988138914108276,0.6971429586410522,0.5988138914108276,0.6971429586410522,0.6762589812278748,0.5600000023841858
21,3,21,0.5933952331542969,0.6988182663917542,0.5933952331542969,0.6988182663917542,0.6762589812278748,0.5600000023841858
21,3,22,0.5876578688621521,0.6999881267547607,0.5876578688621521,0.6999881267547607,0.6762589812278748,0.5600000023841858
21,3,23,0.5814651250839233,0.7005598545074463,0.5814651250839233,0.7005598545074463,0.6906474828720093,0.5600000023841858
21,3,24,0.5746983289718628,0.7005822658538818,0.5746983289718628,0.7005822658538818,0.6906474828720093,0.5600000023841858
21,3,25,0.5672877430915833,0.7002516388893127,0.5672877430915833,0.7002516388893127,0.7050359845161438,0.5600000023841858
21,3,26,0.5592110753059387,0.699866771697998,0.5592110753059387,0.699866771697998,0.7194244861602783,0.5600000023841858
21,3,27,0.5504651069641113,0.699769139289856,0.5504651069641113,0.699769139289856,0.7410072088241577,0.5600000023841858
21,3,28,0.541037917137146,0.7002960443496704,0.541037917137146,0.7002960443496704,0.7482014298439026,0.5600000023841858
21,3,29,0.530898928642273,0.7017478942871094,0.530898928642273,0.7017478942871094,0.7625899314880371,0.5600000023841858
21,3,30,0.5200031995773315,0.7043693661689758,0.5200031995773315,0.7043693661689758,0.769784152507782,0.5600000023841858
21,3,31,0.5083047151565552,0.708345890045166,0.5083047151565552,0.708345890045166,0.769784152507782,0.6000000238418579
22,3,1,0.6919862627983093,0.6725573539733887,0.6919862627983093,0.6725573539733887,0.5899280309677124,0.6399999856948853
22,3,2,0.6831311583518982,0.6730157732963562,0.6831311583518982,0.6730157732963562,0.6043165326118469,0.6399999856948853
22,3,3,0.6785886287689209,0.6744866967201233,0.6785886287689209,0.6744866967201233,0.6043165326118469,0.6399999856948853
22,3,4,0.6748009324073792,0.6763442158699036,0.6748009324073792,0.6763442158699036,0.6187050342559814,0.6399999856948853
22,3,5,0.6713590025901794,0.6783614158630371,0.6713590025901794,0.6783614158630371,0.6187050342559814,0.6399999856948853
22,3,6,0.6680980920791626,0.6804231405258179,0.6680980920791626,0.6804231405258179,0.633093535900116,0.6000000238418579
22,3,7,0.6649174094200134,0.6824643015861511,0.6649174094200134,0.6824643015861511,0.6402877569198608,0.6000000238418579
22,3,8,0.6617434024810791,0.6844512820243835,0.6617434024810791,0.6844512820243835,0.6402877569198608,0.6000000238418579
22,3,9,0.658518373966217,0.6863728165626526,0.658518373966217,0.6863728165626526,0.6402877569198608,0.5600000023841858
22,3,10,0.6551970839500427,0.6882343888282776,0.6551970839500427,0.6882343888282776,0.6474820375442505,0.6000000238418579
22,3,11,0.6517444252967834,0.6900534629821777,0.6517444252967834,0.6900534629821777,0.6546762585639954,0.5600000023841858
22,3,12,0.648132860660553,0.6918542385101318,0.648132860660553,0.6918542385101318,0.6762589812278748,0.5600000023841858
22,3,13,0.6443400382995605,0.6936639547348022,0.6443400382995605,0.6936639547348022,0.6762589812278748,0.6399999856948853
22,3,14,0.6403465270996094,0.6955087184906006,0.6403465270996094,0.6955087184906006,0.6762589812278748,0.6000000238418579
22,3,15,0.6361351609230042,0.6974102258682251,0.6361351609230042,0.6974102258682251,0.6906474828720093,0.6000000238418579
22,3,16,0.6316909790039062,0.699381411075592,0.6316909790039062,0.699381411075592,0.6834532618522644,0.5600000023841858
22,3,17,0.6270020008087158,0.7014227509498596,0.6270020008087158,0.7014227509498596,0.6978417038917542,0.5600000023841858
22,3,18,0.6220621466636658,0.7035173773765564,0.6220621466636658,0.7035173773765564,0.7122302055358887,0.6000000238418579
22,3,19,0.6168746948242188,0.705625593662262,0.6168746948242188,0.705625593662262,0.7050359845161438,0.6000000238418579
22,3,20,0.6114560961723328,0.7076800465583801,0.6114560961723328,0.7076800465583801,0.6978417038917542,0.6000000238418579
22,3,21,0.6058393716812134,0.7095803618431091,0.6058393716812134,0.7095803618431091,0.7050359845161438,0.6000000238418579
22,3,22,0.6000729203224182,0.7111911177635193,0.6000729203224182,0.7111911177635193,0.7050359845161438,0.6000000238418579
22,3,23,0.5942144393920898,0.7123440504074097,0.5942144393920898,0.7123440504074097,0.7122302055358887,0.6399999856948853
22,3,24,0.5883151888847351,0.7128463983535767,0.5883151888847351,0.7128463983535767,0.7122302055358887,0.6399999856948853
22,3,25,0.5823978185653687,0.7124996185302734,0.5823978185653687,0.7124996185302734,0.7194244861602783,0.6399999856948853
22,3,26,0.5764385461807251,0.7111276388168335,0.5764385461807251,0.7111276388168335,0.7338129281997681,0.6800000071525574
23,3,1,0.6920585632324219,0.6893615126609802,0.6920585632324219,0.6893615126609802,0.5395683646202087,0.6000000238418579
23,3,2,0.6824105978012085,0.6825776100158691,0.6824105978012085,0.6825776100158691,0.5755395889282227,0.5600000023841858
23,3,3,0.6775243282318115,0.6783689260482788,0.6775243282318115,0.6783689260482788,0.5899280309677124,0.6000000238418579
23,3,4,0.674051821231842,0.6754143238067627,0.674051821231842,0.6754143238067627,0.597122311592102,0.6000000238418579
23,3,5,0.6711230278015137,0.6730936169624329,0.6711230278015137,0.6730936169624329,0.6043165326118469,0.6000000238418579
23,3,6,0.668416440486908,0.6711087226867676,0.668416440486908,0.6711087226867676,0.6043165326118469,0.6000000238418579
23,3,7,0.6658208966255188,0.669288158416748,0.6658208966255188,0.669288158416748,0.6043165326118469,0.6000000238418579
23,3,8,0.663270115852356,0.6675082445144653,0.663270115852356,0.6675082445144653,0.6115108132362366,0.6000000238418579
23,3,9,0.660693883895874,0.6656813025474548,0.660693883895874,0.6656813025474548,0.6187050342559814,0.6000000238418579
23,3,10,0.6580259203910828,0.6637647747993469,0.6580259203910828,0.6637647747993469,0.6187050342559814,0.6000000238418579
23,3,11,0.6552213430404663,0.661757230758667,0.6552213430404663,0.661757230758667,0.6187050342559814,0.6000000238418579
23,3,12,0.6522594094276428,0.6596813201904297,0.6522594094276428,0.6596813201904297,0.6187050342559814,0.6000000238418579
23,3,13,0.6491311192512512,0.657563328742981,0.6491311192512512,0.657563328742981,0.6187050342559814,0.6000000238418579
23,3,14,0.6458262801170349,0.6554197669029236,0.6458262801170349,0.6554197669029236,0.6258992552757263,0.6000000238418579
23,3,15,0.6423234343528748,0.6532559990882874,0.6423234343528748,0.6532559990882874,0.6258992552757263,0.6000000238418579
23,3,16,0.6385876536369324,0.6510713696479797,0.6385876536369324,0.6510713696479797,0.6258992552757263,0.6000000238418579
23,3,17,0.6345717906951904,0.6488704085350037,0.6345717906951904,0.6488704085350037,0.6187050342559814,0.6399999856948853
23,3,18,0.6302191615104675,0.646674633026123,0.6302191615104675,0.646674633026123,0.6187050342559814,0.6399999856948853
23,3,19,0.6254673004150391,0.6445363759994507,0.6254673004150391,0.6445363759994507,0.633093535900116,0.6399999856948853
23,3,20,0.6202535033226013,0.6425532698631287,0.6202535033226013,0.6425532698631287,0.6402877569198608,0.6399999856948853
23,3,21,0.614521861076355,0.6408822536468506,0.614521861076355,0.6408822536468506,0.6546762585639954,0.6399999856948853
23,3,22,0.6082315444946289,0.6397521495819092,0.6082315444946289,0.6397521495819092,0.6546762585639954,0.6399999856948853
23,3,23,0.6013628840446472,0.6394709348678589,0.6013628840446472,0.6394709348678589,0.6618704795837402,0.6399999856948853
23,3,24,0.593920886516571,0.6404287815093994,0.593920886516571,0.6404287815093994,0.6834532618522644,0.6800000071525574
23,3,25,0.585933268070221,0.6430749297142029,0.585933268070221,0.6430749297142029,0.6906474828720093,0.6399999856948853
23,3,26,0.5774408578872681,0.647834300994873,0.5774408578872681,0.647834300994873,0.7050359845161438,0.6399999856948853
23,3,27,0.5684716701507568,0.6549456715583801,0.5684716701507568,0.6549456715583801,0.6978417038917542,0.6399999856948853
23,3,28,0.558994472026825,0.6643229126930237,0.558994472026825,0.6643229126930237,0.7122302055358887,0.6399999856948853
23,3,29,0.5488770008087158,0.675626814365387,0.5488770008087158,0.675626814365387,0.7122302055358887,0.6800000071525574
23,3,30,0.5379241108894348,0.688499391078949,0.5379241108894348,0.688499391078949,0.7266187071800232,0.6800000071525574
23,3,31,0.5260331630706787,0.7027057409286499,0.5260331630706787,0.7027057409286499,0.7266187071800232,0.6800000071525574
23,3,32,0.5133175253868103,0.7182527780532837,0.5133175253868103,0.7182527780532837,0.7410072088241577,0.6000000238418579
23,3,33,0.5000895857810974,0.7353610992431641,0.5000895857810974,0.7353610992431641,0.7410072088241577,0.6000000238418579
23,3,34,0.48678264021873474,0.754077672958374,0.48678264021873474,0.754077672958374,0.7553957104682922,0.6000000238418579
23,3,35,0.4737507104873657,0.7741891741752625,0.4737507104873657,0.7741891741752625,0.7625899314880371,0.6399999856948853
23,3,36,0.4610966145992279,0.7952988147735596,0.4610966145992279,0.7952988147735596,0.7625899314880371,0.6800000071525574
23,3,37,0.44865745306015015,0.817232072353363,0.44865745306015015,0.817232072353363,0.769784152507782,0.6800000071525574
23,3,38,0.43614616990089417,0.8402306437492371,0.43614616990089417,0.8402306437492371,0.7769784331321716,0.6800000071525574
23,3,39,0.4232983887195587,0.8648253083229065,0.4232983887195587,0.8648253083229065,0.7841726541519165,0.6800000071525574
23,3,40,0.40991002321243286,0.8916730284690857,0.40991002321243286,0.8916730284690857,0.7841726541519165,0.6800000071525574
23,3,41,0.39583832025527954,0.9213742613792419,0.39583832025527954,0.9213742613792419,0.8057553768157959,0.6800000071525574
23,3,42,0.380972295999527,0.9544261693954468,0.380972295999527,0.9544261693954468,0.8057553768157959,0.6800000071525574
23,3,43,0.3652292788028717,0.9911417961120605,0.3652292788028717,0.9911417961120605,0.8201438784599304,0.6800000071525574
23,3,44,0.34856119751930237,1.0316097736358643,0.34856119751930237,1.0316097736358643,0.8417266011238098,0.6800000071525574
23,3,45,0.3309943974018097,1.0755658149719238,0.3309943974018097,1.0755658149719238,0.8489208817481995,0.6399999856948853
23,3,46,0.31268101930618286,1.1222631931304932,0.31268101930618286,1.1222631931304932,0.8705036044120789,0.6399999856948853
23,3,47,0.2939625680446625,1.170204997062683,0.2939625680446625,1.170204997062683,0.8920863270759583,0.6399999856948853
23,3,48,0.275282084941864,1.2170755863189697,0.275282084941864,1.2170755863189697,0.8992805480957031,0.6000000238418579
24,3,1,0.6959414482116699,0.6792281866073608,0.6959414482116699,0.6792281866073608,0.47857141494750977,0.5199999809265137
24,3,2,0.6811561584472656,0.67350172996521,0.6811561584472656,0.67350172996521,0.6357142925262451,0.6399999856948853
24,3,3,0.6727038025856018,0.6706960797309875,0.6727038025856018,0.6706960797309875,0.6285714507102966,0.5600000023841858
24,3,4,0.6666917204856873,0.6692603826522827,0.6666917204856873,0.6692603826522827,0.6142857074737549,0.6000000238418579
24,3,5,0.6618067026138306,0.668425977230072,0.6618067026138306,0.668425977230072,0.6142857074737549,0.6000000238418579
24,3,6,0.6574172973632812,0.6678695678710938,0.6574172973632812,0.6678695678710938,0.6285714507102966,0.6000000238418579
24,3,7,0.6532567739486694,0.6674878597259521,0.6532567739486694,0.6674878597259521,0.6357142925262451,0.6000000238418579
24,3,8,0.6492147445678711,0.6672468781471252,0.6492147445678711,0.6672468781471252,0.6428571343421936,0.6000000238418579
24,3,9,0.645213782787323,0.6671147346496582,0.645213782787323,0.6671147346496582,0.6499999761581421,0.6000000238418579
24,3,10,0.6411673426628113,0.6670549511909485,0.6411673426628113,0.6670549511909485,0.6571428775787354,0.6000000238418579
24,3,11,0.6369857788085938,0.6670422554016113,0.6369857788085938,0.6670422554016113,0.6499999761581421,0.5600000023841858
24,3,12,0.6325947642326355,0.6670759320259094,0.6325947642326355,0.6670759320259094,0.6642857193946838,0.5199999809265137
24,3,13,0.6279464960098267,0.6671818494796753,0.6279464960098267,0.6671818494796753,0.6785714030265808,0.5199999809265137
24,3,14,0.623016357421875,0.6674030423164368,0.623016357421875,0.6674030423164368,0.6785714030265808,0.5199999809265137
24,3,15,0.6177924871444702,0.6677911877632141,0.6177924871444702,0.6677911877632141,0.6785714030265808,0.5600000023841858
24,3,16,0.6122651696205139,0.6684021949768066,0.6122651696205139,0.6684021949768066,0.6714285612106323,0.5199999809265137
24,3,17,0.606419563293457,0.6692981719970703,0.606419563293457,0.6692981719970703,0.6785714030265808,0.5199999809265137
24,3,18,0.6002345681190491,0.6705561280250549,0.6002345681190491,0.6705561280250549,0.6928571462631226,0.5199999809265137
24,3,19,0.5936829447746277,0.6722776889801025,0.5936829447746277,0.6722776889801025,0.699999988079071,0.5199999809265137
24,3,20,0.5867329239845276,0.6745986938476562,0.5867329239845276,0.6745986938476562,0.7071428298950195,0.5199999809265137
24,3,21,0.5793509483337402,0.677693784236908,0.5793509483337402,0.677693784236908,0.7142857313156128,0.47999998927116394
24,3,22,0.5715048313140869,0.6817739605903625,0.5715048313140869,0.6817739605903625,0.7214285731315613,0.47999998927116394
24,3,23,0.5631656050682068,0.6870725154876709,0.5631656050682068,0.6870725154876709,0.7285714149475098,0.47999998927116394
24,3,24,0.5543012619018555,0.6938308477401733,0.5543012619018555,0.6938308477401733,0.7285714149475098,0.47999998927116394
24,3,25,0.5448606014251709,0.7023012042045593,0.5448606014251709,0.7023012042045593,0.7357142567634583,0.5199999809265137
24,3,26,0.5347535014152527,0.7127687931060791,0.5347535014152527,0.7127687931060791,0.7428571581840515,0.5199999809265137
24,3,27,0.5238409638404846,0.7255749702453613,0.5238409638404846,0.7255749702453613,0.75,0.5199999809265137
24,3,28,0.5119534134864807,0.7411162853240967,0.5119534134864807,0.7411162853240967,0.7428571581840515,0.5199999809265137
24,3,29,0.4989364743232727,0.7598552107810974,0.4989364743232727,0.7598552107810974,0.75,0.5199999809265137
24,3,30,0.4846988618373871,0.7823886275291443,0.4846988618373871,0.7823886275291443,0.7642857432365417,0.5199999809265137
24,3,31,0.46922722458839417,0.809491753578186,0.46922722458839417,0.809491753578186,0.7571428418159485,0.5199999809265137
24,3,32,0.45258235931396484,0.8419811725616455,0.45258235931396484,0.8419811725616455,0.7857142686843872,0.47999998927116394
24,3,33,0.43490779399871826,0.8804290294647217,0.43490779399871826,0.8804290294647217,0.7928571701049805,0.5199999809265137
24,3,34,0.41642993688583374,0.924754798412323,0.41642993688583374,0.924754798412323,0.8142856955528259,0.5199999809265137
24,3,35,0.3974519670009613,0.9737722873687744,0.3974519670009613,0.9737722873687744,0.8357142806053162,0.5600000023841858
24,3,36,0.378401517868042,1.0254528522491455,0.378401517868042,1.0254528522491455,0.8357142806053162,0.5600000023841858
25,3,1,0.7186532020568848,0.7037835717201233,0.7186532020568848,0.7037835717201233,0.40714284777641296,0.3199999928474426
25,3,2,0.7006365060806274,0.6936099529266357,0.7006365060806274,0.6936099529266357,0.44285714626312256,0.5600000023841858
25,3,3,0.6897080540657043,0.6872398853302002,0.6897080540657043,0.6872398853302002,0.550000011920929,0.6800000071525574
25,3,4,0.6820105314254761,0.6831440925598145,0.6820105314254761,0.6831440925598145,0.5714285969734192,0.6399999856948853
25,3,5,0.6762150526046753,0.6803195476531982,0.6762150526046753,0.6803195476531982,0.5785714387893677,0.6000000238418579
25,3,6,0.6714847683906555,0.678132951259613,0.6714847683906555,0.678132951259613,0.5928571224212646,0.6000000238418579
25,3,7,0.6673110723495483,0.6762444972991943,0.6673110723495483,0.6762444972991943,0.5928571224212646,0.6000000238418579
25,3,8,0.663421630859375,0.6745120286941528,0.663421630859375,0.6745120286941528,0.6000000238418579,0.6000000238418579
25,3,9,0.6596843004226685,0.6728930473327637,0.6596843004226685,0.6728930473327637,0.6000000238418579,0.6000000238418579
25,3,10,0.6560254096984863,0.671377420425415,0.6560254096984863,0.671377420425415,0.6071428656578064,0.5600000023841858
25,3,11,0.6523809432983398,0.6699543595314026,0.6523809432983398,0.6699543595314026,0.6142857074737549,0.5600000023841858
25,3,12,0.6486796736717224,0.6686093807220459,0.6486796736717224,0.6686093807220459,0.6071428656578064,0.6000000238418579
25,3,13,0.6448469758033752,0.6673328280448914,0.6448469758033752,0.6673328280448914,0.6071428656578064,0.6000000238418579
25,3,14,0.6408141255378723,0.6661293506622314,0.6408141255378723,0.6661293506622314,0.6285714507102966,0.6000000238418579
25,3,15,0.6365250945091248,0.6650224924087524,0.6365250945091248,0.6650224924087524,0.6571428775787354,0.6000000238418579
25,3,16,0.6319365501403809,0.6640539765357971,0.6319365501403809,0.6640539765357971,0.6642857193946838,0.6000000238418579
25,3,17,0.6270144581794739,0.6632809638977051,0.6270144581794739,0.6632809638977051,0.6714285612106323,0.6000000238418579
25,3,18,0.6217278838157654,0.6627743244171143,0.6217278838157654,0.6627743244171143,0.6642857193946838,0.6000000238418579
25,3,19,0.6160449981689453,0.6626200079917908,0.6160449981689453,0.6626200079917908,0.6642857193946838,0.6000000238418579
25,3,20,0.6099326610565186,0.6629257202148438,0.6099326610565186,0.6629257202148438,0.6785714030265808,0.6000000238418579
25,3,21,0.6033592820167542,0.663829505443573,0.6033592820167542,0.663829505443573,0.6714285612106323,0.6000000238418579
25,3,22,0.5963017344474792,0.6655080914497375,0.5963017344474792,0.6655080914497375,0.699999988079071,0.5199999809265137
25,3,23,0.5887561440467834,0.6681774854660034,0.5887561440467834,0.6681774854660034,0.6928571462631226,0.47999998927116394
25,3,24,0.5807555317878723,0.6720704436302185,0.5807555317878723,0.6720704436302185,0.7142857313156128,0.5199999809265137
25,3,25,0.5723878741264343,0.6773787140846252,0.5723878741264343,0.6773787140846252,0.7214285731315613,0.5199999809265137
25,3,26,0.563804030418396,0.6841694116592407,0.563804030418396,0.6841694116592407,0.7285714149475098,0.5199999809265137
25,3,27,0.5551955103874207,0.6923406720161438,0.5551955103874207,0.6923406720161438,0.7285714149475098,0.5600000023841858
25,3,28,0.5467355847358704,0.7016749382019043,0.5467355847358704,0.7016749382019043,0.7357142567634583,0.5600000023841858
25,3,29,0.5385094881057739,0.7119350433349609,0.5385094881057739,0.7119350433349609,0.7214285731315613,0.5600000023841858
25,3,30,0.5304925441741943,0.7228915691375732,0.5304925441741943,0.7228915691375732,0.7357142567634583,0.6000000238418579
25,3,31,0.5226030349731445,0.7342857122421265,0.5226030349731445,0.7342857122421265,0.7571428418159485,0.6000000238418579
25,3,32,0.5147676467895508,0.7458294630050659,0.5147676467895508,0.7458294630050659,0.7571428418159485,0.6000000238418579
25,3,33,0.506932258605957,0.7572168111801147,0.506932258605957,0.7572168111801147,0.7857142686843872,0.6000000238418579
25,3,34,0.49903810024261475,0.7680845856666565,0.49903810024261475,0.7680845856666565,0.7857142686843872,0.5600000023841858
25,3,35,0.4910121262073517,0.7780326008796692,0.4910121262073517,0.7780326008796692,0.7928571701049805,0.5600000023841858
25,3,36,0.4827616512775421,0.7867555022239685,0.4827616512775421,0.7867555022239685,0.800000011920929,0.5600000023841858
25,3,37,0.47416022419929504,0.7941219806671143,0.47416022419929504,0.7941219806671143,0.800000011920929,0.6000000238418579
25,3,38,0.4650536775588989,0.8001964092254639,0.4650536775588989,0.8001964092254639,0.800000011920929,0.6000000238418579
25,3,39,0.45529234409332275,0.8053018450737,0.45529234409332275,0.8053018450737,0.8071428537368774,0.6000000238418579
25,3,40,0.44475412368774414,0.8099722862243652,0.44475412368774414,0.8099722862243652,0.8142856955528259,0.6000000238418579
25,3,41,0.43336808681488037,0.8147853016853333,0.43336808681488037,0.8147853016853333,0.8214285969734192,0.6000000238418579
25,3,42,0.4211500585079193,0.8202555775642395,0.4211500585079193,0.8202555775642395,0.8214285969734192,0.6000000238418579
25,3,43,0.4082048237323761,0.8268076181411743,0.4082048237323761,0.8268076181411743,0.8357142806053162,0.6000000238418579
25,3,44,0.39470356702804565,0.8348971605300903,0.39470356702804565,0.8348971605300903,0.8500000238418579,0.6399999856948853
26,3,1,0.6899150013923645,0.688059389591217,0.6899150013923645,0.688059389591217,0.550000011920929,0.6000000238418579
26,3,2,0.6826173663139343,0.684345543384552,0.6826173663139343,0.684345543384552,0.5714285969734192,0.6000000238418579
26,3,3,0.6782134175300598,0.6821912527084351,0.6782134175300598,0.6821912527084351,0.5714285969734192,0.6000000238418579
26,3,4,0.6749143600463867,0.6807596683502197,0.6749143600463867,0.6807596683502197,0.5714285969734192,0.6000000238418579
26,3,5,0.6720962524414062,0.6796140074729919,0.6720962524414062,0.6796140074729919,0.5714285969734192,0.6000000238418579
26,3,6,0.6694585084915161,0.6785800457000732,0.6694585084915161,0.6785800457000732,0.5785714387893677,0.6000000238418579
26,3,7,0.6668843030929565,0.6776153445243835,0.6668843030929565,0.6776153445243835,0.5785714387893677,0.6000000238418579
26,3,8,0.6643340587615967,0.676717221736908,0.6643340587615967,0.676717221736908,0.5785714387893677,0.6000000238418579
26,3,9,0.6617810130119324,0.675879955291748,0.6617810130119324,0.675879955291748,0.5928571224212646,0.6000000238418579
26,3,10,0.6591883897781372,0.675089418888092,0.6591883301734924,0.675089418888092,0.6000000238418579,0.6000000238418579
26,3,11,0.6565114259719849,0.6743317246437073,0.6565114259719849,0.6743317246437073,0.6071428656578064,0.6000000238418579
26,3,12,0.653705894947052,0.6736034154891968,0.653705894947052,0.6736034154891968,0.6142857074737549,0.6399999856948853
26,3,13,0.6507335305213928,0.6729141473770142,0.6507335305213928,0.6729141473770142,0.6214285492897034,0.6399999856948853
26,3,14,0.6475602388381958,0.6722866892814636,0.6475602388381958,0.6722866892814636,0.6214285492897034,0.6800000071525574
26,3,15,0.6441522836685181,0.6717553734779358,0.6441522836685181,0.6717553734779358,0.6285714507102966,0.6399999856948853
26,3,16,0.6404701471328735,0.6713685393333435,0.6404701471328735,0.6713685393333435,0.6357142925262451,0.6399999856948853
26,3,17,0.6364651322364807,0.6711949110031128,0.6364651322364807,0.6711949110031128,0.6357142925262451,0.6399999856948853
26,3,18,0.632076621055603,0.6713348627090454,0.632076621055603,0.6713348627090454,0.6285714507102966,0.6399999856948853
26,3,19,0.6272318363189697,0.6719368100166321,0.6272318363189697,0.6719368100166321,0.6142857074737549,0.6399999856948853
26,3,20,0.6218459010124207,0.6732220649719238,0.6218459606170654,0.6732220649719238,0.6285714507102966,0.6800000071525574
26,3,21,0.6158267259597778,0.6755142211914062,0.6158267259597778,0.6755142211914062,0.6357142925262451,0.6399999856948853
26,3,22,0.6090843677520752,0.679277241230011,0.6090843677520752,0.679277241230011,0.6214285492897034,0.6000000238418579
26,3,23,0.6015515327453613,0.685141921043396,0.6015515327453613,0.685141921043396,0.6571428775787354,0.5600000023841858
26,3,24,0.5932148694992065,0.6938939094543457,0.5932148694992065,0.6938939094543457,0.6571428775787354,0.6000000238418579
26,3,25,0.5841528177261353,0.7063653469085693,0.5841528177261353,0.7063653469085693,0.6714285612106323,0.6000000238418579
26,3,26,0.5745660662651062,0.7231800556182861,0.5745660662651062,0.7231800556182861,0.7071428298950195,0.5600000023841858
26,3,27,0.5647749900817871,0.7443786859512329,0.5647749900817871,0.7443786859512329,0.7214285731315613,0.5600000023841858
26,3,28,0.5551671981811523,0.7691081166267395,0.5551671981811523,0.7691081166267395,0.7285714149475098,0.6000000238418579
26,3,29,0.5460965633392334,0.7956557273864746,0.5460965633392334,0.7956557273864746,0.7428571581840515,0.6000000238418579
26,3,30,0.5377672910690308,0.8219534158706665,0.5377672910690308,0.8219534158706665,0.7357142567634583,0.6000000238418579
26,3,31,0.5301711559295654,0.846305251121521,0.5301711559295654,0.846305251121521,0.7428571581840515,0.6000000238418579
26,3,32,0.5231402516365051,0.8678552508354187,0.5231402516365051,0.8678552508354187,0.7357142567634583,0.6000000238418579
26,3,33,0.5164709091186523,0.8865493535995483,0.5164709091186523,0.8865493535995483,0.7357142567634583,0.5600000023841858
26,3,34,0.5099982023239136,0.9027860164642334,0.5099982023239136,0.9027860164642334,0.7357142567634583,0.5199999809265137
26,3,35,0.5035901665687561,0.9170791506767273,0.5035901665687561,0.9170791506767273,0.7357142567634583,0.5199999809265137
26,3,36,0.4971235692501068,0.9299049377441406,0.4971235692501068,0.9299049377441406,0.7357142567634583,0.5199999809265137
26,3,37,0.4904877841472626,0.941692054271698,0.4904877841472626,0.941692054271698,0.7428571581840515,0.5199999809265137
26,3,38,0.48359930515289307,0.9528329968452454,0.48359930515289307,0.9528329968452454,0.75,0.5199999809265137
26,3,39,0.4764055013656616,0.9636781811714172,0.4764055013656616,0.9636781811714172,0.75,0.5600000023841858
26,3,40,0.4688722789287567,0.9745292067527771,0.4688722789287567,0.9745292067527771,0.7642857432365417,0.5600000023841858
26,3,41,0.46096566319465637,0.9856379628181458,0.46096566319465637,0.9856379628181458,0.7714285850524902,0.5600000023841858
26,3,42,0.4526427090167999,0.9972130656242371,0.4526427090167999,0.9972130656242371,0.7785714268684387,0.5600000023841858
27,3,1,0.684864342212677,0.6885136365890503,0.684864342212677,0.6885136365890503,0.5857142806053162,0.6000000238418579
27,3,2,0.6751291155815125,0.6836910843849182,0.6751291155815125,0.6836910843849182,0.6000000238418579,0.6000000238418579
27,3,3,0.669599711894989,0.6812728047370911,0.6695996522903442,0.6812728047370911,0.5928571224212646,0.6000000238418579
27,3,4,0.6660376191139221,0.6799332499504089,0.6660376191139221,0.6799332499504089,0.5928571224212646,0.6000000238418579
27,3,5,0.6630570292472839,0.6787530779838562,0.6630570292472839,0.6787530779838562,0.5928571224212646,0.6000000238418579
27,3,6,0.6598950624465942,0.6773933172225952,0.6598950624465942,0.6773933172225952,0.5928571224212646,0.6000000238418579
27,3,7,0.6563558578491211,0.6758773326873779,0.6563558578491211,0.6758773326873779,0.5928571224212646,0.6000000238418579
27,3,8,0.6525291800498962,0.6743124127388,0.6525291800498962,0.6743124127388,0.6071428656578064,0.6000000238418579
27,3,9,0.6485331654548645,0.6727340817451477,0.6485331654548645,0.6727340817451477,0.6071428656578064,0.6000000238418579
27,3,10,0.6444008946418762,0.6710922718048096,0.6444008946418762,0.6710922718048096,0.6000000238418579,0.6000000238418579
27,3,11,0.6400878429412842,0.6693049073219299,0.6400878429412842,0.6693049073219299,0.6000000238418579,0.6000000238418579
27,3,12,0.6355223059654236,0.6673063039779663,0.6355223059654236,0.6673063039779663,0.6000000238418579,0.6399999856948853
27,3,13,0.6306387782096863,0.6650592684745789,0.6306387782096863,0.6650592684745789,0.6285714507102966,0.6399999856948853
27,3,14,0.625379741191864,0.6625407934188843,0.625379741191864,0.6625407934188843,0.6357142925262451,0.6800000071525574
27,3,15,0.6196847558021545,0.6597290635108948,0.6196847558021545,0.6597290635108948,0.6357142925262451,0.6399999856948853
27,3,16,0.6134918332099915,0.6566081047058105,0.6134917736053467,0.6566081047058105,0.6499999761581421,0.6399999856948853
27,3,17,0.6067548394203186,0.6531860828399658,0.6067548990249634,0.6531860828399658,0.6642857193946838,0.6800000071525574
27,3,18,0.5994645953178406,0.6495182514190674,0.5994645953178406,0.6495182514190674,0.6928571462631226,0.6399999856948853
27,3,19,0.5916541218757629,0.6457423567771912,0.5916541218757629,0.6457423567771912,0.7071428298950195,0.6000000238418579
27,3,20,0.5833889842033386,0.6421274542808533,0.5833889842033386,0.6421274542808533,0.6785714030265808,0.6000000238418579
27,3,21,0.5747405886650085,0.6390949487686157,0.5747405886650085,0.6390949487686157,0.699999988079071,0.6399999856948853
27,3,22,0.5657426714897156,0.6371594667434692,0.5657426714897156,0.6371594667434692,0.7214285731315613,0.6800000071525574
27,3,23,0.556358277797699,0.636837899684906,0.556358277797699,0.636837899684906,0.7428571581840515,0.6800000071525574
27,3,24,0.5465114712715149,0.6385852694511414,0.5465114712715149,0.6385852694511414,0.7714285850524902,0.6800000071525574
27,3,25,0.5361797213554382,0.6427140235900879,0.5361797213554382,0.6427140235900879,0.7571428418159485,0.6800000071525574
27,3,26,0.5254631042480469,0.6493658423423767,0.5254631042480469,0.6493658423423767,0.7642857432365417,0.6800000071525574
27,3,27,0.514552891254425,0.6586635708808899,0.514552891254425,0.6586635708808899,0.7571428418159485,0.6800000071525574
27,3,28,0.5036491751670837,0.6706766486167908,0.5036491751670837,0.6706766486167908,0.7642857432365417,0.7200000286102295
27,3,29,0.49284061789512634,0.6851112842559814,0.49284061789512634,0.6851112842559814,0.7571428418159485,0.6800000071525574
27,3,30,0.4820668399333954,0.7013401985168457,0.4820668399333954,0.7013401985168457,0.7642857432365417,0.6800000071525574
27,3,31,0.47124552726745605,0.7186311483383179,0.47124552726745605,0.7186311483383179,0.7857142686843872,0.6800000071525574
27,3,32,0.4602927565574646,0.7361190915107727,0.4602927565574646,0.7361190915107727,0.7928571701049805,0.6399999856948853
27,3,33,0.4490489959716797,0.7530961632728577,0.4490489959716797,0.7530961632728577,0.8071428537368774,0.6800000071525574
27,3,34,0.4373297095298767,0.7694262862205505,0.4373297095298767,0.7694262862205505,0.7928571701049805,0.6800000071525574
27,3,35,0.4249665141105652,0.7855315208435059,0.4249665141105652,0.7855315208435059,0.8142856955528259,0.6800000071525574
27,3,36,0.41184061765670776,0.8023087978363037,0.41184061765670776,0.8023087978363037,0.8214285969734192,0.6800000071525574
27,3,37,0.39787766337394714,0.8208737373352051,0.39787766337394714,0.8208737373352051,0.8142856955528259,0.6800000071525574
27,3,38,0.3829791247844696,0.8422682881355286,0.3829791247844696,0.8422682881355286,0.8142856955528259,0.6399999856948853
27,3,39,0.36701494455337524,0.8673756122589111,0.36701494455337524,0.8673756122589111,0.8142856955528259,0.6000000238418579
27,3,40,0.3498368561267853,0.8967338800430298,0.3498368561267853,0.8967338800430298,0.8214285969734192,0.6000000238418579
27,3,41,0.3313310444355011,0.9303746223449707,0.3313310444355011,0.9303746223449707,0.8285714387893677,0.6000000238418579
27,3,42,0.31146928668022156,0.9677212238311768,0.31146928668022156,0.9677212238311768,0.8428571224212646,0.6000000238418579
27,3,43,0.29033592343330383,1.0079277753829956,0.29033592343330383,1.0079277753829956,0.8571428656578064,0.6000000238418579
27,3,44,0.26816779375076294,1.0506454706192017,0.26816779375076294,1.0506454706192017,0.8857142925262451,0.6000000238418579
27,3,45,0.24549300968647003,1.0960779190063477,0.24549300968647003,1.0960779190063477,0.8928571343421936,0.6000000238418579
27,3,46,0.22291319072246552,1.1440517902374268,0.22291319072246552,1.1440517902374268,0.9142857193946838,0.6000000238418579
27,3,47,0.20070117712020874,1.1942757368087769,0.20070117712020874,1.1942757368087769,0.9214285612106323,0.6000000238418579
27,3,48,0.179066464304924,1.2475701570510864,0.179066464304924,1.2475701570510864,0.9285714030265808,0.6000000238418579
28,3,1,0.749313235282898,0.7108797430992126,0.749313235282898,0.7108797430992126,0.41428571939468384,0.4000000059604645
28,3,2,0.7121649384498596,0.6767502427101135,0.7121649384498596,0.6767502427101135,0.44285714626312256,0.6399999856948853
28,3,3,0.689433753490448,0.6580766439437866,0.689433753490448,0.6580766439437866,0.5,0.6000000238418579
28,3,4,0.6770393252372742,0.6506373882293701,0.6770393252372742,0.6506373882293701,0.5785714387893677,0.6000000238418579
28,3,5,0.6709405183792114,0.6497456431388855,0.6709405183792114,0.6497456431388855,0.5928571224212646,0.6000000238418579
28,3,6,0.6672753095626831,0.65149986743927,0.6672753095626831,0.65149986743927,0.6000000238418579,0.6000000238418579
28,3,7,0.6634234189987183,0.6537432670593262,0.6634234189987183,0.6537432670593262,0.6000000238418579,0.6000000238418579
28,3,8,0.658458411693573,0.6559422016143799,0.658458411693573,0.6559422016143799,0.6000000238418579,0.6000000238418579
28,3,9,0.6526528596878052,0.6583166718482971,0.6526528596878052,0.6583166718482971,0.6000000238418579,0.6000000238418579
28,3,10,0.6466140747070312,0.6610729694366455,0.6466140747070312,0.6610729694366455,0.6000000238418579,0.6000000238418579
28,3,11,0.6407188177108765,0.664152204990387,0.6407188177108765,0.664152204990387,0.6142857074737549,0.6000000238418579
28,3,12,0.6350131630897522,0.6673658490180969,0.6350131630897522,0.6673658490180969,0.6428571343421936,0.6000000238418579
28,3,13,0.6293746829032898,0.6706181168556213,0.6293746829032898,0.6706181168556213,0.6499999761581421,0.6000000238418579
28,3,14,0.6236841678619385,0.6740028858184814,0.6236841678619385,0.6740028858184814,0.6642857193946838,0.5600000023841858
28,3,15,0.6178765296936035,0.6777352094650269,0.6178765296936035,0.6777352094650269,0.6499999761581421,0.5600000023841858
28,3,16,0.6118980050086975,0.6820205450057983,0.6118980050086975,0.6820205450057983,0.6571428775787354,0.5600000023841858
28,3,17,0.60567706823349,0.6869807243347168,0.60567706823349,0.6869807243347168,0.6642857193946838,0.5199999809265137
28,3,18,0.5991718769073486,0.6926538348197937,0.5991718769073486,0.6926538348197937,0.6642857193946838,0.5600000023841858
28,3,19,0.5924293994903564,0.6990020275115967,0.5924293994903564,0.6990020275115967,0.6642857193946838,0.6000000238418579
28,3,20,0.5855587124824524,0.7059140205383301,0.5855587124824524,0.7059140205383301,0.6642857193946838,0.6000000238418579
28,3,21,0.5786384344100952,0.7132356762886047,0.5786384344100952,0.7132356762886047,0.6928571462631226,0.6000000238418579
28,3,22,0.571652352809906,0.7207748293876648,0.571652352809906,0.7207748293876648,0.6928571462631226,0.6000000238418579
28,3,23,0.5644784569740295,0.7282468676567078,0.5644784569740295,0.7282468676567078,0.699999988079071,0.5600000023841858
28,3,24,0.5569414496421814,0.7353050112724304,0.5569414496421814,0.7353050112724304,0.7071428298950195,0.5600000023841858
28,3,25,0.5489009618759155,0.7416983842849731,0.5489009618759155,0.7416983842849731,0.7142857313156128,0.5199999809265137
28,3,26,0.5402579307556152,0.7473975419998169,0.5402579307556152,0.7473975419998169,0.7071428298950195,0.5199999809265137
28,3,27,0.5308784246444702,0.7525923252105713,0.5308784246444702,0.7525923252105713,0.7071428298950195,0.47999998927116394
28,3,28,0.520581066608429,0.7576487064361572,0.520581066608429,0.7576487064361572,0.7071428298950195,0.47999998927116394
28,3,29,0.5092088580131531,0.7631457448005676,0.5092088580131531,0.7631457448005676,0.7214285731315613,0.47999998927116394
28,3,30,0.49666476249694824,0.7698872089385986,0.49666476249694824,0.7698872089385986,0.7285714149475098,0.47999998927116394
29,3,1,0.7332253456115723,0.6973065733909607,0.7332253456115723,0.6973065733909607,0.4000000059604645,0.4399999976158142
29,3,2,0.705062747001648,0.6823397278785706,0.705062747001648,0.6823397278785706,0.41428571939468384,0.6000000238418579
29,3,3,0.6875412464141846,0.6751501560211182,0.6875412464141846,0.6751501560211182,0.5642856955528259,0.6000000238418579
29,3,4,0.6775824427604675,0.6728066205978394,0.6775824427604675,0.6728066205978394,0.6142857074737549,0.6000000238418579
29,3,5,0.6723345518112183,0.6724631786346436,0.6723345518112183,0.6724631786346436,0.5928571224212646,0.6000000238418579
29,3,6,0.6692131161689758,0.6721411347389221,0.6692131161689758,0.6721411347389221,0.5928571224212646,0.6000000238418579
29,3,7,0.6665347218513489,0.6710723638534546,0.6665347218513489,0.6710723638534546,0.5928571224212646,0.6000000238418579
29,3,8,0.6636576056480408,0.6693737506866455,0.6636576056480408,0.6693737506866455,0.5928571224212646,0.6000000238418579
29,3,9,0.6605896949768066,0.6674568057060242,0.6605896949768066,0.6674568057060242,0.6000000238418579,0.5600000023841858
29,3,10,0.6574985980987549,0.6656301021575928,0.6574985980987549,0.6656301021575928,0.6071428656578064,0.5600000023841858
29,3,11,0.654451310634613,0.664000391960144,0.654451310634613,0.664000391960144,0.6071428656578064,0.5600000023841858
29,3,12,0.6513961553573608,0.662545919418335,0.6513961553573608,0.662545919418335,0.6071428656578064,0.6000000238418579
29,3,13,0.6482476592063904,0.6612120270729065,0.6482476592063904,0.6612120270729065,0.6214285492897034,0.6000000238418579
29,3,14,0.6449516415596008,0.6599552631378174,0.6449516415596008,0.6599552631378174,0.6357142925262451,0.6000000238418579
29,3,15,0.641496479511261,0.6587417721748352,0.641496479511261,0.6587417721748352,0.6357142925262451,0.6000000238418579
29,3,16,0.6378859877586365,0.6575300693511963,0.6378859877586365,0.6575300693511963,0.6214285492897034,0.6000000238418579
29,3,17,0.6341122984886169,0.6562701463699341,0.6341122984886169,0.6562701463699341,0.6285714507102966,0.6000000238418579
29,3,18,0.6301493644714355,0.6549192667007446,0.6301493644714355,0.6549192667007446,0.6428571343421936,0.5600000023841858
29,3,19,0.6259647607803345,0.6534589529037476,0.6259647607803345,0.6534589529037476,0.6428571343421936,0.5199999809265137
29,3,20,0.6215313673019409,0.6518962383270264,0.6215313673019409,0.6518962383270264,0.6499999761581421,0.5600000023841858
29,3,21,0.6168331503868103,0.6502487659454346,0.6168331503868103,0.6502487659454346,0.6499999761581421,0.5600000023841858
29,3,22,0.6118653416633606,0.6485221982002258,0.6118653416633606,0.6485221982002258,0.6571428775787354,0.5600000023841858
29,3,23,0.6066363453865051,0.6466891765594482,0.6066363453865051,0.6466891765594482,0.6642857193946838,0.5600000023841858
29,3,24,0.6011645197868347,0.6446812152862549,0.6011645197868347,0.6446812152862549,0.6714285612106323,0.6000000238418579
29,3,25,0.5954644680023193,0.6424176692962646,0.5954644680023193,0.6424176692962646,0.6785714030265808,0.6399999856948853
29,3,26,0.5895335078239441,0.6398771405220032,0.5895335078239441,0.6398771405220032,0.6714285612106323,0.6399999856948853
29,3,27,0.5833528637886047,0.6371437311172485,0.5833528637886047,0.6371437311172485,0.6571428775787354,0.6399999856948853
29,3,28,0.5768893361091614,0.6343631744384766,0.5768893361091614,0.6343631744384766,0.6642857193946838,0.6399999856948853
29,3,29,0.5700826644897461,0.6316746473312378,0.5700826644897461,0.6316746473312378,0.6714285612106323,0.6399999856948853
29,3,30,0.562839686870575,0.6292226910591125,0.562839686870575,0.6292226910591125,0.6785714030265808,0.6399999856948853
29,3,31,0.5550678372383118,0.6271927356719971,0.5550678372383118,0.6271927356719971,0.6857143044471741,0.6399999856948853
29,3,32,0.5467329621315002,0.6257424354553223,0.5467329621315002,0.6257424354553223,0.7071428298950195,0.6800000071525574
29,3,33,0.5378754734992981,0.6249281167984009,0.5378754734992981,0.6249281167984009,0.7285714149475098,0.7200000286102295
29,3,34,0.5285830497741699,0.6247608661651611,0.5285830497741699,0.6247608661651611,0.7285714149475098,0.7200000286102295
29,3,35,0.5189644694328308,0.625258207321167,0.5189644694328308,0.625258207321167,0.7428571581840515,0.7200000286102295
29,3,36,0.5091206431388855,0.6264049410820007,0.5091206431388855,0.6264049410820007,0.7428571581840515,0.7200000286102295
29,3,37,0.4990915060043335,0.6281587481498718,0.4990915060043335,0.6281587481498718,0.7428571581840515,0.7200000286102295
29,3,38,0.4888349175453186,0.6304841637611389,0.4888349175453186,0.6304841637611389,0.7571428418159485,0.6800000071525574
29,3,39,0.4782447814941406,0.6333333849906921,0.4782447814941406,0.6333333849906921,0.75,0.7200000286102295
29,3,40,0.46716946363449097,0.6366648077964783,0.46716946363449097,0.6366648077964783,0.7642857432365417,0.7200000286102295
29,3,41,0.45543813705444336,0.6404844522476196,0.45543813705444336,0.6404844522476196,0.7714285850524902,0.7200000286102295
29,3,42,0.4428877830505371,0.6448492407798767,0.4428877830505371,0.6448492407798767,0.7928571701049805,0.7599999904632568
29,3,43,0.42935824394226074,0.6498799920082092,0.42935824394226074,0.6498799920082092,0.7928571701049805,0.7599999904632568
29,3,44,0.41469016671180725,0.6557499766349792,0.41469016671180725,0.6557499766349792,0.8071428537368774,0.7599999904632568
29,3,45,0.39872878789901733,0.6626779437065125,0.39872878789901733,0.6626779437065125,0.8285714387893677,0.800000011920929
29,3,46,0.381334125995636,0.6709616780281067,0.381334125995636,0.6709616780281067,0.8500000238418579,0.800000011920929
29,3,47,0.3624076545238495,0.6810562014579773,0.3624076545238495,0.6810562014579773,0.8571428656578064,0.7599999904632568
29,3,48,0.34189462661743164,0.6936861276626587,0.34189462661743164,0.6936861276626587,0.8714285492897034,0.7599999904632568
29,3,49,0.3197879493236542,0.7098580002784729,0.3197879493236542,0.7098580002784729,0.8857142925262451,0.7599999904632568
29,3,50,0.2961399555206299,0.7306162118911743,0.2961399555206299,0.7306162118911743,0.9071428775787354,0.7599999904632568
29,3,51,0.2711368799209595,0.7564677596092224,0.2711368799209595,0.7564677596092224,0.9071428775787354,0.7599999904632568
29,3,52,0.2451373189687729,0.786699652671814,0.2451373189687729,0.786699652671814,0.9214285612106323,0.7599999904632568
29,3,53,0.2186812460422516,0.8185487389564514,0.2186812460422516,0.8185487389564514,0.9428571462631226,0.7200000286102295
29,3,54,0.19238075613975525,0.8470897078514099,0.19238075613975525,0.8470897078514099,0.9571428298950195,0.7200000286102295
29,3,55,0.16682210564613342,0.8687955737113953,0.16682210564613342,0.8687955737113953,0.9714285731315613,0.6800000071525574
29,3,56,0.1490563601255417,0.8954490423202515,0.1490563601255417,0.8954490423202515,0.9785714149475098,0.7200000286102295
29,3,57,0.13573729991912842,0.9533571004867554,0.13573729991912842,0.9533571004867554,0.9857142567634583,0.6800000071525574
29,3,58,0.115901879966259,1.0217384099960327,0.115901879966259,1.0217384099960327,0.9928571581840515,0.6800000071525574
29,3,59,0.1062365248799324,1.0003268718719482,0.1062365248799324,1.0003268718719482,0.9857142567634583,0.7200000286102295
30,3,1,0.7073450088500977,0.7017662525177002,0.7073450088500977,0.7017662525177002,0.4357142746448517,0.4399999976158142
30,3,2,0.6861321330070496,0.6931052207946777,0.6861321330070496,0.6931052207946777,0.5857142806053162,0.6000000238418579
30,3,3,0.6739485859870911,0.6901686191558838,0.6739485859870911,0.6901686191558838,0.6000000238418579,0.6000000238418579
30,3,4,0.6672906875610352,0.6900607943534851,0.6672906875610352,0.6900607943534851,0.6000000238418579,0.6000000238418579
30,3,5,0.6636286973953247,0.6904752254486084,0.6636286973953247,0.6904752254486084,0.5928571224212646,0.6000000238418579
30,3,6,0.6610456109046936,0.6901791095733643,0.6610456109046936,0.6901791095733643,0.5928571224212646,0.6000000238418579
30,3,7,0.6585410833358765,0.6889612078666687,0.6585410833358765,0.6889612078666687,0.5928571224212646,0.6000000238418579
30,3,8,0.655862033367157,0.6871593594551086,0.655862033367157,0.6871593594551086,0.5928571224212646,0.6000000238418579
30,3,9,0.6530827879905701,0.6851972937583923,0.6530827879905701,0.6851972937583923,0.5928571224212646,0.6000000238418579
30,3,10,0.6502811908721924,0.6833564639091492,0.6502811312675476,0.6833564639091492,0.6071428656578064,0.6000000238418579
30,3,11,0.6474340558052063,0.6817579865455627,0.6474340558052063,0.6817579865455627,0.6142857074737549,0.6000000238418579
30,3,12,0.644459068775177,0.6804294586181641,0.644459068775177,0.6804294586181641,0.6285714507102966,0.5600000023841858
30,3,13,0.6412864923477173,0.6793627738952637,0.6412864923477173,0.6793627738952637,0.6285714507102966,0.5600000023841858
30,3,14,0.6378923058509827,0.6785314083099365,0.6378923058509827,0.6785314083099365,0.6428571343421936,0.5600000023841858
30,3,15,0.6342827677726746,0.6778869032859802,0.6342827677726746,0.6778869032859802,0.6571428775787354,0.5600000023841858
30,3,16,0.6304621696472168,0.6773686408996582,0.6304621696472168,0.6773686408996582,0.6642857193946838,0.6000000238418579
30,3,17,0.6264115571975708,0.6769416928291321,0.6264115571975708,0.6769416928291321,0.6571428775787354,0.5600000023841858
30,3,18,0.6220924854278564,0.6766461133956909,0.6220924854278564,0.6766461133956909,0.6785714030265808,0.5600000023841858
30,3,19,0.6174592971801758,0.676626443862915,0.6174592971801758,0.676626443862915,0.6928571462631226,0.6000000238418579
30,3,20,0.6124664545059204,0.6771197319030762,0.6124664545059204,0.6771197319030762,0.6785714030265808,0.6000000238418579
30,3,21,0.6070693135261536,0.6784078478813171,0.6070693135261536,0.6784078478813171,0.6857143044471741,0.6000000238418579
30,3,22,0.6012266874313354,0.6807477474212646,0.6012266874313354,0.6807477474212646,0.6714285612106323,0.6399999856948853
30,3,23,0.5948991775512695,0.684323251247406,0.5948991775512695,0.684323251247406,0.6785714030265808,0.6399999856948853
30,3,24,0.5880360007286072,0.6892820596694946,0.5880360007286072,0.6892820596694946,0.6785714030265808,0.6000000238418579
30,3,25,0.5805667638778687,0.695874810218811,0.5805667638778687,0.695874810218811,0.6857143044471741,0.6000000238418579
30,3,26,0.5724201202392578,0.7045106291770935,0.5724201202392578,0.7045106291770935,0.699999988079071,0.6000000238418579
30,3,27,0.5635531544685364,0.7155364751815796,0.5635531544685364,0.7155364751815796,0.7142857313156128,0.6000000238418579
30,3,28,0.553966224193573,0.7290469408035278,0.553966224193573,0.7290469408035278,0.7214285731315613,0.6000000238418579
30,3,29,0.543690025806427,0.7452099323272705,0.543690025806427,0.7452099323272705,0.7142857313156128,0.5600000023841858
30,3,30,0.5327839255332947,0.7643955945968628,0.5327839255332947,0.7643955945968628,0.7285714149475098,0.5600000023841858
30,3,31,0.5213489532470703,0.7865148186683655,0.5213489532470703,0.7865148186683655,0.7285714149475098,0.5600000023841858
30,3,32,0.5095196962356567,0.8110964894294739,0.5095196962356567,0.8110964894294739,0.7285714149475098,0.5600000023841858
30,3,33,0.49748480319976807,0.8374956250190735,0.49748480319976807,0.8374956250190735,0.7285714149475098,0.5600000023841858
30,3,34,0.4854934811592102,0.8641563653945923,0.4854934811592102,0.8641563653945923,0.7642857432365417,0.5600000023841858
30,3,35,0.47376692295074463,0.8893010020256042,0.47376692295074463,0.8893010020256042,0.7785714268684387,0.6000000238418579
30,3,36,0.4624597728252411,0.9114701747894287,0.4624597728252411,0.9114701747894287,0.800000011920929,0.6000000238418579
30,3,37,0.45157039165496826,0.9299454689025879,0.45157039165496826,0.9299454689025879,0.8142856955528259,0.6000000238418579
30,3,38,0.44090014696121216,0.9450463652610779,0.44090014696121216,0.9450463652610779,0.800000011920929,0.6000000238418579
30,3,39,0.4302007853984833,0.9576475620269775,0.4302007853984833,0.9576475620269775,0.8142856955528259,0.6000000238418579
30,3,40,0.41932711005210876,0.9689788222312927,0.41932711005210876,0.9689788222312927,0.8071428537368774,0.6000000238418579
30,3,41,0.4081985056400299,0.9799259901046753,0.4081985056400299,0.9799259901046753,0.8142856955528259,0.6000000238418579
30,3,42,0.3967556059360504,0.9909242391586304,0.3967556059360504,0.9909242391586304,0.8142856955528259,0.6000000238418579
30,3,43,0.3849635124206543,1.0017096996307373,0.3849635124206543,1.0017096996307373,0.8142856955528259,0.6000000238418579
30,3,44,0.3728119730949402,1.011724591255188,0.3728119730949402,1.011724591255188,0.8285714387893677,0.6000000238418579
31,4,1,0.6769546270370483,0.6534826755523682,0.6769546270370483,0.6534826755523682,0.597122311592102,0.6000000238418579
31,4,2,0.6716926693916321,0.6521597504615784,0.6716926693916321,0.6521597504615784,0.597122311592102,0.6000000238418579
31,4,3,0.6686805486679077,0.6505529880523682,0.6686805486679077,0.6505529880523682,0.597122311592102,0.6000000238418579
31,4,4,0.6660836935043335,0.6490649580955505,0.6660836935043335,0.6490649580955505,0.597122311592102,0.6000000238418579
31,4,5,0.6635631322860718,0.6476579308509827,0.6635631322860718,0.6476579308509827,0.6043165326118469,0.6399999856948853
31,4,6,0.6609280109405518,0.6462556719779968,0.6609280109405518,0.6462556719779968,0.6043165326118469,0.6399999856948853
31,4,7,0.658123254776001,0.6448023915290833,0.658123254776001,0.6448023915290833,0.6043165326118469,0.6399999856948853
31,4,8,0.6551662683486938,0.6432452201843262,0.6551662683486938,0.6432452201843262,0.6115108132362366,0.6399999856948853
31,4,9,0.6520809531211853,0.6415217518806458,0.6520809531211853,0.6415217518806458,0.6258992552757263,0.6399999856948853
31,4,10,0.6488662958145142,0.6395688652992249,0.6488662958145142,0.6395688652992249,0.6258992552757263,0.6399999856948853
31,4,11,0.6454948782920837,0.6373331546783447,0.6454948782920837,0.6373331546783447,0.6258992552757263,0.6399999856948853
31,4,12,0.6419206261634827,0.6347702741622925,0.6419206261634827,0.6347702741622925,0.6474820375442505,0.6399999856948853
31,4,13,0.6380813121795654,0.631833016872406,0.6380813121795654,0.631833016872406,0.6474820375442505,0.6399999856948853
31,4,14,0.6338987350463867,0.6284564733505249,0.6338987350463867,0.6284564733505249,0.6546762585639954,0.6800000071525574
31,4,15,0.6292784810066223,0.6245461106300354,0.6292784810066223,0.6245461106300354,0.6618704795837402,0.7200000286102295
31,4,16,0.6241099834442139,0.6199679970741272,0.6241099834442139,0.6199679970741272,0.6834532618522644,0.7200000286102295
31,4,17,0.6182645559310913,0.614539623260498,0.6182645559310913,0.614539623260498,0.6906474828720093,0.6800000071525574
31,4,18,0.6115877628326416,0.6080232858657837,0.6115877628326416,0.6080232858657837,0.6906474828720093,0.6800000071525574
31,4,19,0.6038910746574402,0.6001308560371399,0.6038910746574402,0.6001308560371399,0.6834532618522644,0.6800000071525574
31,4,20,0.5949500799179077,0.5905464887619019,0.5949500799179077,0.5905464887619019,0.6906474828720093,0.7599999904632568
31,4,21,0.5845215320587158,0.5789812207221985,0.5845215320587158,0.5789812207221985,0.6906474828720093,0.7599999904632568
31,4,22,0.5724061131477356,0.5652898550033569,0.5724061131477356,0.5652898550033569,0.6906474828720093,0.7599999904632568
31,4,23,0.5585941076278687,0.5497268438339233,0.5585941076278687,0.5497268438339233,0.6978417038917542,0.7599999904632568
31,4,24,0.5434927344322205,0.5334213972091675,0.5434927344322205,0.5334213972091675,0.7122302055358887,0.8399999737739563
31,4,25,0.5280711054801941,0.5187589526176453,0.5280711054801941,0.5187589526176453,0.7266187071800232,0.8399999737739563
31,4,26,0.5135342478752136,0.5087396502494812,0.5135342478752136,0.5087396502494812,0.7410072088241577,0.8399999737739563
31,4,27,0.5003805756568909,0.5052967071533203,0.5003805756568909,0.5052967071533203,0.7553957104682922,0.7599999904632568
31,4,28,0.48775801062583923,0.5079448819160461,0.48775801062583923,0.5079448819160461,0.7553957104682922,0.7599999904632568
31,4,29,0.4744292199611664,0.5143157839775085,0.4744292199611664,0.5143157839775085,0.7625899314880371,0.7599999904632568
31,4,30,0.46011924743652344,0.5220373272895813,0.46011924743652344,0.5220373272895813,0.7841726541519165,0.800000011920929
31,4,31,0.445090651512146,0.5298839807510376,0.445090651512146,0.5298839807510376,0.798561155796051,0.7599999904632568
31,4,32,0.4293215870857239,0.5380892157554626,0.4293215870857239,0.5380892157554626,0.8057553768157959,0.7599999904632568
31,4,33,0.41258975863456726,0.5477463006973267,0.41258975863456726,0.5477463006973267,0.8129496574401855,0.7599999904632568
31,4,34,0.3948062062263489,0.5601436495780945,0.3948062062263489,0.5601436495780945,0.8273381590843201,0.7200000286102295
31,4,35,0.37592613697052,0.5762662291526794,0.37592613697052,0.5762662291526794,0.8489208817481995,0.7200000286102295
31,4,36,0.3558425307273865,0.596817135810852,0.3558425307273865,0.596817135810852,0.8776978254318237,0.6800000071525574
31,4,37,0.33460894227027893,0.6223370432853699,0.33460894227027893,0.6223370432853699,0.8776978254318237,0.6800000071525574
31,4,38,0.3126673400402069,0.653146505355835,0.3126673400402069,0.653146505355835,0.8920863270759583,0.6800000071525574
31,4,39,0.2907727360725403,0.689033031463623,0.2907727360725403,0.689033031463623,0.8992805480957031,0.6399999856948853
31,4,40,0.26977574825286865,0.7290551662445068,0.26977574825286865,0.7290551662445068,0.9208633303642273,0.6399999856948853
31,4,41,0.25016945600509644,0.7714729309082031,0.25016945600509644,0.7714729309082031,0.9208633303642273,0.6399999856948853
31,4,42,0.23184439539909363,0.8137266635894775,0.23184439539909363,0.8137266635894775,0.9280575513839722,0.6399999856948853
31,4,43,0.21453501284122467,0.8531584739685059,0.21453501284122467,0.8531584739685059,0.935251772403717,0.6399999856948853
31,4,44,0.198274627327919,0.8885615468025208,0.198274627327919,0.8885615468025208,0.9568345546722412,0.6399999856948853
31,4,45,0.18334607779979706,0.9205065369606018,0.18334607779979706,0.9205065369606018,0.9640287756919861,0.6399999856948853
31,4,46,0.1699802130460739,0.9500706195831299,0.1699802130460739,0.9500706195831299,0.971222996711731,0.6399999856948853
31,4,47,0.15812255442142487,0.9783247113227844,0.15812255442142487,0.9783247113227844,0.971222996711731,0.6399999856948853
31,4,48,0.14740736782550812,1.0063526630401611,0.14740736782550812,1.0063526630401611,0.971222996711731,0.6399999856948853
31,4,49,0.1372673213481903,1.0343960523605347,0.1372673213481903,1.0343960523605347,0.971222996711731,0.6399999856948853
31,4,50,0.12708979845046997,1.062014102935791,0.12708979845046997,1.062014102935791,0.971222996711731,0.6399999856948853
31,4,51,0.11641168594360352,1.088575839996338,0.11641168594360352,1.088575839996338,0.971222996711731,0.6399999856948853
31,4,52,0.10501804947853088,1.1136151552200317,0.10501804947853088,1.1136151552200317,0.971222996711731,0.6399999856948853
32,4,1,0.7516404390335083,0.747362494468689,0.7516404390335083,0.747362494468689,0.40287768840789795,0.4000000059604645
32,4,2,0.7216816544532776,0.7256734371185303,0.7216816544532776,0.7256734371185303,0.3956834673881531,0.4000000059604645
32,4,3,0.7005953192710876,0.7115018963813782,0.7005953192710876,0.7115018963813782,0.46043166518211365,0.3199999928474426
32,4,4,0.686062216758728,0.7031999230384827,0.686062216758728,0.7031999230384827,0.568345308303833,0.47999998927116394
32,4,5,0.6764981150627136,0.6991043090820312,0.6764981150627136,0.6991043090820312,0.6115108132362366,0.5600000023841858
32,4,6,0.6703577637672424,0.6975871324539185,0.6703577637672424,0.6975871324539185,0.6115108132362366,0.5600000023841858
32,4,7,0.6662326455116272,0.6972802877426147,0.6662326455116272,0.6972802877426147,0.6115108132362366,0.6000000238418579
32,4,8,0.6630438566207886,0.6972911357879639,0.6630438566207886,0.6972911357879639,0.6115108132362366,0.6000000238418579
32,4,9,0.6601592302322388,0.6972343325614929,0.6601592302322388,0.6972343325614929,0.6115108132362366,0.6000000238418579
32,4,10,0.6573331356048584,0.6970699429512024,0.6573331356048584,0.6970699429512024,0.6115108132362366,0.6000000238418579
32,4,11,0.65453040599823,0.6968941688537598,0.65453040599823,0.6968941688537598,0.6115108132362366,0.6000000238418579
32,4,12,0.6517642736434937,0.6967996954917908,0.6517642736434937,0.6967996954917908,0.6187050342559814,0.6000000238418579
32,4,13,0.6490181684494019,0.6968309879302979,0.6490181684494019,0.6968309879302979,0.6187050342559814,0.6000000238418579
32,4,14,0.6462399363517761,0.6969946026802063,0.6462399363517761,0.6969946026802063,0.633093535900116,0.6000000238418579
32,4,15,0.6433660984039307,0.6972844004631042,0.6433660984039307,0.6972844004631042,0.6618704795837402,0.6000000238418579
32,4,16,0.640343964099884,0.6976972818374634,0.6403440237045288,0.6976972818374634,0.6618704795837402,0.6000000238418579
32,4,17,0.6371400952339172,0.6982376575469971,0.6371400952339172,0.6982376575469971,0.6618704795837402,0.6000000238418579
32,4,18,0.6337354779243469,0.698914110660553,0.6337354779243469,0.698914110660553,0.6618704795837402,0.6000000238418579
32,4,19,0.6301167011260986,0.699735701084137,0.6301167011260986,0.699735701084137,0.6618704795837402,0.6000000238418579
32,4,20,0.6262661218643188,0.7007129192352295,0.6262661218643188,0.7007129192352295,0.6618704795837402,0.6000000238418579
32,4,21,0.622157633304596,0.7018615007400513,0.622157633304596,0.7018615007400513,0.6690647602081299,0.6000000238418579
32,4,22,0.6177539825439453,0.7032105922698975,0.6177539825439453,0.7032105922698975,0.6834532618522644,0.6000000238418579
32,4,23,0.613006055355072,0.7048078179359436,0.613006055355072,0.7048078179359436,0.6906474828720093,0.6000000238418579
32,4,24,0.6078521013259888,0.7067252993583679,0.6078521013259888,0.7067252993583679,0.6906474828720093,0.5600000023841858
32,4,25,0.6022175550460815,0.7090662121772766,0.6022175550460815,0.7090662121772766,0.6834532618522644,0.5199999809265137
32,4,26,0.596017062664032,0.7119725942611694,0.596017062664032,0.7119725942611694,0.6834532618522644,0.5600000023841858
32,4,27,0.589162290096283,0.7156378030776978,0.589162290096283,0.7156378030776978,0.7050359845161438,0.47999998927116394
32,4,28,0.5815750956535339,0.7203235030174255,0.5815750956535339,0.7203235030174255,0.7122302055358887,0.47999998927116394
32,4,29,0.573208749294281,0.7263780236244202,0.573208749294281,0.7263780236244202,0.7194244861602783,0.47999998927116394
32,4,30,0.5640783309936523,0.7342475056648254,0.5640783309936523,0.7342475056648254,0.7338129281997681,0.47999998927116394
32,4,31,0.5542894601821899,0.7444283962249756,0.5542894601821899,0.7444283962249756,0.7266187071800232,0.5600000023841858
32,4,32,0.5440435409545898,0.7572628259658813,0.5440435409545898,0.7572628259658813,0.7338129281997681,0.5600000023841858
32,4,33,0.533578634262085,0.7725628018379211,0.533578634262085,0.7725628018379211,0.7410072088241577,0.5199999809265137
32,4,34,0.5230286121368408,0.7894374132156372,0.5230286121368408,0.7894374132156372,0.7769784331321716,0.5199999809265137
32,4,35,0.5122817754745483,0.8067839741706848,0.5122817754745483,0.8067839741706848,0.798561155796051,0.5600000023841858
32,4,36,0.5009972453117371,0.8240693807601929,0.5009972453117371,0.8240693807601929,0.798561155796051,0.5600000023841858
32,4,37,0.4887980818748474,0.8417819142341614,0.4887980818748474,0.8417819142341614,0.8057553768157959,0.5600000023841858
33,4,1,0.686730146408081,0.6978212594985962,0.686730146408081,0.6978212594985962,0.5611510872840881,0.6000000238418579
33,4,2,0.6808106899261475,0.6974928379058838,0.6808106899261475,0.6974928379058838,0.5827338099479675,0.6000000238418579
33,4,3,0.6764413714408875,0.6974272727966309,0.6764413714408875,0.6974272727966309,0.597122311592102,0.6000000238418579
33,4,4,0.6724267601966858,0.6974947452545166,0.6724267601966858,0.6974947452545166,0.597122311592102,0.6000000238418579
33,4,5,0.6686298251152039,0.6976255178451538,0.6686298251152039,0.6976255178451538,0.597122311592102,0.6000000238418579
33,4,6,0.664969265460968,0.6977773904800415,0.664969265460968,0.6977773904800415,0.597122311592102,0.6000000238418579
33,4,7,0.6613814234733582,0.697925329208374,0.6613814234733582,0.697925329208374,0.5899280309677124,0.6000000238418579
33,4,8,0.6578122973442078,0.6980541944503784,0.6578122973442078,0.6980541944503784,0.6115108132362366,0.6000000238418579
33,4,9,0.6542146801948547,0.698153555393219,0.6542146801948547,0.698153555393219,0.6115108132362366,0.6000000238418579
33,4,10,0.6505448222160339,0.698211669921875,0.6505448222160339,0.698211669921875,0.6115108132362366,0.6000000238418579
33,4,11,0.6467595100402832,0.6982111930847168,0.6467595100402832,0.6982111930847168,0.6115108132362366,0.6000000238418579
33,4,12,0.6428138613700867,0.6981247663497925,0.6428138017654419,0.6981247663497925,0.6187050342559814,0.6000000238418579
33,4,13,0.6386591196060181,0.6979128122329712,0.6386591196060181,0.6979128122329712,0.6258992552757263,0.5600000023841858
33,4,14,0.6342429518699646,0.6975212097167969,0.6342429518699646,0.6975212097167969,0.6402877569198608,0.5199999809265137
33,4,15,0.6295092105865479,0.696880578994751,0.6295092105865479,0.696880578994751,0.6546762585639954,0.5199999809265137
33,4,16,0.6244027614593506,0.6959069967269897,0.6244027614593506,0.6959069967269897,0.6690647602081299,0.47999998927116394
33,4,17,0.6188762784004211,0.6945065259933472,0.6188762784004211,0.6945065259933472,0.6690647602081299,0.4399999976158142
33,4,18,0.6129034757614136,0.6925833821296692,0.6129034757614136,0.6925833821296692,0.6618704795837402,0.4399999976158142
33,4,19,0.6064960360527039,0.6900553703308105,0.6064960360527039,0.6900553703308105,0.6690647602081299,0.5199999809265137
33,4,20,0.5997204184532166,0.6868714690208435,0.5997204184532166,0.6868714690208435,0.6762589812278748,0.5600000023841858
33,4,21,0.5926982164382935,0.6830255389213562,0.5926982164382935,0.6830255389213562,0.6690647602081299,0.5600000023841858
33,4,22,0.5855697989463806,0.6785488128662109,0.5855697989463806,0.6785488128662109,0.6834532618522644,0.6000000238418579
33,4,23,0.5784125924110413,0.6734821796417236,0.5784125924110413,0.6734821796417236,0.6762589812278748,0.6399999856948853
33,4,24,0.5711615085601807,0.6678450107574463,0.5711615085601807,0.6678450107574463,0.6834532618522644,0.6399999856948853
33,4,25,0.5636325478553772,0.6616300344467163,0.5636325478553772,0.6616300344467163,0.7050359845161438,0.6800000071525574
33,4,26,0.55568927526474,0.6548483967781067,0.55568927526474,0.6548483967781067,0.7194244861602783,0.6800000071525574
33,4,27,0.5474094152450562,0.6476355791091919,0.5474094152450562,0.6476355791091919,0.7338129281997681,0.6800000071525574
33,4,28,0.5390724539756775,0.640296220779419,0.5390724539756775,0.640296220779419,0.7410072088241577,0.6800000071525574
33,4,29,0.5309805274009705,0.6331483721733093,0.5309805274009705,0.6331483721733093,0.7553957104682922,0.6800000071525574
33,4,30,0.5232760906219482,0.626369297504425,0.5232760906219482,0.626369297504425,0.7625899314880371,0.6800000071525574
33,4,31,0.515862762928009,0.6199849843978882,0.515862762928009,0.6199849843978882,0.7769784331321716,0.6800000071525574
33,4,32,0.5084928870201111,0.6138863563537598,0.5084928870201111,0.6138863563537598,0.769784152507782,0.6800000071525574
33,4,33,0.500956118106842,0.6079555749893188,0.500956118106842,0.6079555749893188,0.7769784331321716,0.7200000286102295
33,4,34,0.4931652843952179,0.6021393537521362,0.4931652843952179,0.6021393537521362,0.7769784331321716,0.7200000286102295
33,4,35,0.48512157797813416,0.5964077115058899,0.48512157797813416,0.5964077115058899,0.7841726541519165,0.7200000286102295
33,4,36,0.47683456540107727,0.5907852053642273,0.47683456540107727,0.5907852053642273,0.7913669347763062,0.7200000286102295
33,4,37,0.46827542781829834,0.5853272080421448,0.46827542781829834,0.5853272080421448,0.7841726541519165,0.7200000286102295
33,4,38,0.45939210057258606,0.5801519155502319,0.45939210057258606,0.5801519155502319,0.7841726541519165,0.7200000286102295
33,4,39,0.4501327574253082,0.575400710105896,0.4501327574253082,0.575400710105896,0.7913669347763062,0.7200000286102295
33,4,40,0.44045448303222656,0.5712087154388428,0.44045448303222656,0.5712087154388428,0.798561155796051,0.7200000286102295
33,4,41,0.4303068220615387,0.5676584839820862,0.4303068220615387,0.5676584839820862,0.8057553768157959,0.7200000286102295
33,4,42,0.4196169972419739,0.564786970615387,0.4196169972419739,0.564786970615387,0.8129496574401855,0.7200000286102295
33,4,43,0.4082842469215393,0.5626025199890137,0.4082842469215393,0.5626025199890137,0.8273381590843201,0.6800000071525574
33,4,44,0.39618659019470215,0.5611199736595154,0.39618659019470215,0.5611199736595154,0.8273381590843201,0.6800000071525574
33,4,45,0.3831861913204193,0.5603609681129456,0.3831862211227417,0.5603609681129456,0.8345323801040649,0.6800000071525574
33,4,46,0.36913174390792847,0.5603435039520264,0.36913174390792847,0.5603435039520264,0.8417266011238098,0.7200000286102295
33,4,47,0.3538505733013153,0.5610655546188354,0.3538505733013153,0.5610655546188354,0.8417266011238098,0.7200000286102295
33,4,48,0.3371357023715973,0.562502384185791,0.3371357023715973,0.562502384185791,0.8489208817481995,0.7200000286102295
33,4,49,0.31873393058776855,0.5645954012870789,0.31873393058776855,0.5645954012870789,0.8705036044120789,0.7200000286102295
33,4,50,0.2983437478542328,0.5671771764755249,0.2983437478542328,0.5671771764755249,0.8848921060562134,0.7599999904632568
33,4,51,0.2756408452987671,0.5697658061981201,0.2756408452987671,0.5697658061981201,0.8920863270759583,0.7200000286102295
33,4,52,0.2503783404827118,0.5712319016456604,0.2503783404827118,0.5712319016456604,0.9064748287200928,0.7200000286102295
33,4,53,0.22267191112041473,0.5698434710502625,0.22267191112041473,0.5698434710502625,0.9208633303642273,0.7200000286102295
33,4,54,0.1935850977897644,0.5654569864273071,0.1935850977897644,0.5654569864273071,0.9424460530281067,0.7200000286102295
33,4,55,0.1656298041343689,0.5691576600074768,0.1656298041343689,0.5691576600074768,0.9496402740478516,0.7599999904632568
33,4,56,0.1438620537519455,0.6205996870994568,0.1438620537519455,0.6205996870994568,0.9568345546722412,0.7599999904632568
33,4,57,0.14538344740867615,0.6519104242324829,0.14538344740867615,0.6519104242324829,0.9640287756919861,0.800000011920929
33,4,58,0.134367898106575,0.7052314877510071,0.134367898106575,0.7052314877510071,0.971222996711731,0.6000000238418579
33,4,59,0.12461245059967041,0.9676878452301025,0.12461245059967041,0.9676878452301025,0.971222996711731,0.6000000238418579
33,4,60,0.22470416128635406,0.6668856143951416,0.22470416128635406,0.6668856143951416,0.8776978254318237,0.7599999904632568
33,4,61,0.10433048754930496,0.7108442783355713,0.10433048754930496,0.7108442783355713,0.9856114983558655,0.7200000286102295
33,4,62,0.08627607673406601,0.6942225098609924,0.08627607673406601,0.6942225098609924,0.9784172773361206,0.7599999904632568
33,4,63,0.07823263853788376,0.7356662154197693,0.07823263853788376,0.7356662154197693,0.9856114983558655,0.6800000071525574
33,4,64,0.06901943683624268,0.6593093872070312,0.06901943683624268,0.6593093872070312,1.0,0.800000011920929
33,4,65,0.0646534189581871,0.7976728677749634,0.0646534189581871,0.7976728677749634,0.9928057789802551,0.6800000071525574
33,4,66,0.05124397575855255,0.7751573324203491,0.05124397575855255,0.7751573324203491,1.0,0.7200000286102295
33,4,67,0.04480868577957153,0.8322627544403076,0.04480868577957153,0.8322627544403076,1.0,0.6800000071525574
33,4,68,0.03812899813055992,0.8815052509307861,0.03812899813055992,0.8815052509307861,1.0,0.6800000071525574
33,4,69,0.032250359654426575,0.8119590282440186,0.032250359654426575,0.8119590282440186,1.0,0.7200000286102295
33,4,70,0.030072342604398727,0.8765653967857361,0.030072342604398727,0.8765653967857361,1.0,0.6800000071525574
33,4,71,0.027191417291760445,0.924376904964447,0.027191417291760445,0.924376904964447,1.0,0.6800000071525574
34,4,1,0.6928644776344299,0.6804447770118713,0.6928644776344299,0.6804447770118713,0.5642856955528259,0.6000000238418579
34,4,2,0.6845486760139465,0.6764228940010071,0.6845486760139465,0.6764228940010071,0.5857142806053162,0.6000000238418579
34,4,3,0.6798842549324036,0.6740490198135376,0.6798842549324036,0.6740490198135376,0.6000000238418579,0.6000000238418579
34,4,4,0.6766521334648132,0.6723512411117554,0.6766521334648132,0.6723512411117554,0.6000000238418579,0.6000000238418579
34,4,5,0.673923909664154,0.6707524061203003,0.673923909664154,0.6707524061203003,0.6000000238418579,0.6000000238418579
34,4,6,0.6712363958358765,0.6690499782562256,0.6712363958358765,0.6690499782562256,0.6000000238418579,0.6000000238418579
34,4,7,0.6684637665748596,0.6672614812850952,0.6684637665748596,0.6672614812850952,0.6000000238418579,0.6000000238418579
34,4,8,0.6656390428543091,0.6654682755470276,0.6656390428543091,0.6654682755470276,0.6000000238418579,0.6000000238418579
34,4,9,0.6628166437149048,0.6637279391288757,0.6628166437149048,0.6637279391288757,0.6000000238418579,0.6000000238418579
34,4,10,0.6600127220153809,0.6620563268661499,0.6600127220153809,0.6620563268661499,0.6000000238418579,0.6000000238418579
34,4,11,0.6572033762931824,0.6604437232017517,0.6572033762931824,0.6604437232017517,0.6071428656578064,0.6000000238418579
34,4,12,0.6543458700180054,0.658875048160553,0.6543458700180054,0.658875048160553,0.6142857074737549,0.6000000238418579
34,4,13,0.6513963937759399,0.6573405265808105,0.6513963937759399,0.6573405265808105,0.6142857074737549,0.6000000238418579
34,4,14,0.6483153104782104,0.6558374762535095,0.6483153104782104,0.6558374762535095,0.6142857074737549,0.6000000238418579
34,4,15,0.6450663805007935,0.6543678045272827,0.6450663805007935,0.6543678045272827,0.6142857074737549,0.6000000238418579
34,4,16,0.641612708568573,0.6529386639595032,0.6416126489639282,0.6529386639595032,0.6214285492897034,0.6000000238418579
34,4,17,0.6379156112670898,0.6515650153160095,0.6379156112670898,0.6515650153160095,0.6285714507102966,0.6000000238418579
34,4,18,0.6339356899261475,0.6502742171287537,0.6339356899261475,0.6502742171287537,0.6357142925262451,0.6399999856948853
34,4,19,0.6296336650848389,0.6491109728813171,0.6296336650848389,0.6491109728813171,0.6357142925262451,0.6000000238418579
34,4,20,0.6249697208404541,0.6481426954269409,0.6249697208404541,0.6481426954269409,0.6357142925262451,0.6000000238418579
34,4,21,0.619903564453125,0.6474660634994507,0.619903564453125,0.6474660634994507,0.6428571343421936,0.6000000238418579
34,4,22,0.61439448595047,0.647214949131012,0.61439448595047,0.647214949131012,0.6499999761581421,0.6000000238418579
34,4,23,0.6084033846855164,0.6475680470466614,0.6084033846855164,0.6475680470466614,0.6642857193946838,0.6399999856948853
34,4,24,0.601898193359375,0.6487518548965454,0.601898193359375,0.6487518548965454,0.6642857193946838,0.6399999856948853
34,4,25,0.5948591828346252,0.6510360836982727,0.5948591828346252,0.6510360836982727,0.6714285612106323,0.6399999856948853
34,4,26,0.5872837901115417,0.6547229290008545,0.5872837901115417,0.6547229290008545,0.6928571462631226,0.6000000238418579
34,4,27,0.579186737537384,0.6601265072822571,0.579186737537384,0.6601265072822571,0.7142857313156128,0.6000000238418579
34,4,28,0.5705937147140503,0.6675240993499756,0.5705937147140503,0.6675240993499756,0.7142857313156128,0.6000000238418579
34,4,29,0.5615360140800476,0.6770554184913635,0.5615360140800476,0.6770554184913635,0.7285714149475098,0.6000000238418579
34,4,30,0.552068829536438,0.6885998249053955,0.552068829536438,0.6885998249053955,0.75,0.6000000238418579
34,4,31,0.5423126220703125,0.7017388939857483,0.5423126220703125,0.7017388939857483,0.7571428418159485,0.6000000238418579
34,4,32,0.5324741005897522,0.7158614993095398,0.5324741005897522,0.7158614993095398,0.7642857432365417,0.6000000238418579
34,4,33,0.5227826237678528,0.7302834391593933,0.5227826237678528,0.7302834391593933,0.7642857432365417,0.6000000238418579
34,4,34,0.5133658647537231,0.7442596554756165,0.5133658647537231,0.7442596554756165,0.7785714268684387,0.6000000238418579
34,4,35,0.5041800141334534,0.7570948600769043,0.5041800141334534,0.7570948600769043,0.7785714268684387,0.6000000238418579
34,4,36,0.49506911635398865,0.7684432864189148,0.49506911635398865,0.7684432864189148,0.7714285850524902,0.6000000238418579
34,4,37,0.4858747720718384,0.7784440517425537,0.4858747720718384,0.7784440517425537,0.7642857432365417,0.6399999856948853
34,4,38,0.47648054361343384,0.7876096963882446,0.47648054361343384,0.7876096963882446,0.7571428418159485,0.6399999856948853
34,4,39,0.46680280566215515,0.7966946363449097,0.46680280566215515,0.7966946363449097,0.7714285850524902,0.6399999856948853
34,4,40,0.45677992701530457,0.8065121173858643,0.45677992701530457,0.8065121173858643,0.7714285850524902,0.6399999856948853
34,4,41,0.4463511109352112,0.8177105784416199,0.4463511109352112,0.8177105784416199,0.8071428537368774,0.6399999856948853
34,4,42,0.43544909358024597,0.8306789994239807,0.43544909358024597,0.8306789994239807,0.8214285969734192,0.6800000071525574
34,4,43,0.4240228831768036,0.8455601334571838,0.4240228831768036,0.8455601334571838,0.8214285969734192,0.6399999856948853
34,4,44,0.41205713152885437,0.8623283505439758,0.41205713152885437,0.8623283505439758,0.8285714387893677,0.6399999856948853
34,4,45,0.39958447217941284,0.8809369802474976,0.39958447217941284,0.8809369802474976,0.8357142806053162,0.6399999856948853
34,4,46,0.3866872489452362,0.9014070630073547,0.3866872489452362,0.9014070630073547,0.8357142806053162,0.6000000238418579
34,4,47,0.3734767436981201,0.9237987995147705,0.3734767436981201,0.9237987995147705,0.8571428656578064,0.5600000023841858
35,4,1,0.6800155639648438,0.6802690029144287,0.6800155639648438,0.6802690029144287,0.5928571224212646,0.6399999856948853
35,4,2,0.6730254292488098,0.6763877272605896,0.6730254292488098,0.6763877272605896,0.5928571224212646,0.6399999856948853
35,4,3,0.6681582927703857,0.673313319683075,0.6681582927703857,0.673313319683075,0.5928571224212646,0.6399999856948853
35,4,4,0.6638830304145813,0.6706840395927429,0.6638830304145813,0.6706840395927429,0.5928571224212646,0.6000000238418579
35,4,5,0.6598235368728638,0.6682891249656677,0.6598235368728638,0.6682891249656677,0.6000000238418579,0.6000000238418579
35,4,6,0.6558262705802917,0.6660271286964417,0.6558262705802917,0.6660271286964417,0.6000000238418579,0.6000000238418579
35,4,7,0.6518329977989197,0.6638421416282654,0.6518329977989197,0.6638421416282654,0.6071428656578064,0.6000000238418579
35,4,8,0.6478081941604614,0.6616907715797424,0.6478081941604614,0.6616907715797424,0.6142857074737549,0.6000000238418579
35,4,9,0.6437110900878906,0.6595391631126404,0.6437110900878906,0.6595391631126404,0.6142857074737549,0.6000000238418579
35,4,10,0.6394996047019958,0.6573720574378967,0.6394996047019958,0.6573720574378967,0.6285714507102966,0.6000000238418579
35,4,11,0.635141909122467,0.6551966667175293,0.635141909122467,0.6551966667175293,0.6357142925262451,0.6000000238418579
35,4,12,0.6306206583976746,0.6530371308326721,0.6306206583976746,0.6530371308326721,0.6285714507102966,0.6000000238418579
35,4,13,0.6259292960166931,0.6509251594543457,0.6259292960166931,0.6509251594543457,0.6428571343421936,0.6000000238418579
35,4,14,0.6210653781890869,0.6488939523696899,0.6210653781890869,0.6488939523696899,0.6571428775787354,0.6000000238418579
35,4,15,0.6160265207290649,0.6469776630401611,0.6160265207290649,0.6469776630401611,0.6642857193946838,0.6000000238418579
35,4,16,0.6108104586601257,0.645214855670929,0.6108104586601257,0.645214855670929,0.6571428775787354,0.6000000238418579
35,4,17,0.6054157018661499,0.6436519026756287,0.6054157018661499,0.6436519026756287,0.6571428775787354,0.6000000238418579
35,4,18,0.5998398661613464,0.6423456072807312,0.5998398661613464,0.6423456072807312,0.6642857193946838,0.6000000238418579
35,4,19,0.5940757989883423,0.6413632035255432,0.5940757989883423,0.6413632035255432,0.6928571462631226,0.6000000238418579
35,4,20,0.5881043672561646,0.6407784819602966,0.5881043672561646,0.6407784819602966,0.6714285612106323,0.5600000023841858
35,4,21,0.581882894039154,0.64066481590271,0.581882894039154,0.64066481590271,0.6857143044471741,0.5600000023841858
35,4,22,0.5753391981124878,0.6410917639732361,0.5753391981124878,0.6410917639732361,0.6857143044471741,0.5600000023841858
35,4,23,0.5683777928352356,0.6421318650245667,0.5683777928352356,0.6421318650245667,0.7071428298950195,0.6000000238418579
35,4,24,0.560899019241333,0.6438723802566528,0.560899019241333,0.6438723802566528,0.7285714149475098,0.6399999856948853
35,4,25,0.5528160333633423,0.646424412727356,0.5528160333633423,0.646424412727356,0.7214285731315613,0.6399999856948853
35,4,26,0.5440589189529419,0.6499273180961609,0.5440589189529419,0.6499273180961609,0.7285714149475098,0.6399999856948853
35,4,27,0.5345745086669922,0.6545562148094177,0.5345745086669922,0.6545562148094177,0.7357142567634583,0.6000000238418579
35,4,28,0.524335503578186,0.660520076751709,0.524335503578186,0.660520076751709,0.7428571581840515,0.6000000238418579
35,4,29,0.5133521556854248,0.6680224537849426,0.5133521556854248,0.6680224537849426,0.75,0.6000000238418579
35,4,30,0.5016670823097229,0.6771970987319946,0.5016670823097229,0.6771970987319946,0.7857142686843872,0.6000000238418579
35,4,31,0.4893467426300049,0.6880468130111694,0.4893467426300049,0.6880468130111694,0.8071428537368774,0.6000000238418579
35,4,32,0.4764804244041443,0.700347900390625,0.4764804244041443,0.700347900390625,0.8214285969734192,0.6000000238418579
35,4,33,0.46315330266952515,0.7136425971984863,0.46315330266952515,0.7136425971984863,0.8357142806053162,0.6399999856948853
35,4,34,0.4494040012359619,0.727414071559906,0.4494040012359619,0.727414071559906,0.8500000238418579,0.6399999856948853
35,4,35,0.43520233035087585,0.7413453459739685,0.43520233035087585,0.7413453459739685,0.8642857074737549,0.6399999856948853
35,4,36,0.42046287655830383,0.7556714415550232,0.42046287655830383,0.7556714415550232,0.8571428656578064,0.6800000071525574
35,4,37,0.40510812401771545,0.7712488770484924,0.40510812401771545,0.7712488770484924,0.8642857074737549,0.6800000071525574
35,4,38,0.3890969157218933,0.7893397808074951,0.3890969157218933,0.7893397808074951,0.8714285492897034,0.6800000071525574
35,4,39,0.37236714363098145,0.8111631870269775,0.37236714363098145,0.8111631870269775,0.8857142925262451,0.6399999856948853
35,4,40,0.3548051714897156,0.8375230431556702,0.3548051714897156,0.8375230431556702,0.8857142925262451,0.6399999856948853
35,4,41,0.3363584280014038,0.8684504628181458,0.3363584280014038,0.8684504628181458,0.8785714507102966,0.6000000238418579
35,4,42,0.31719323992729187,0.903014600276947,0.31719323992729187,0.903014600276947,0.8857142925262451,0.5600000023841858
35,4,43,0.2974656820297241,0.9398258328437805,0.2974656820297241,0.9398258328437805,0.8999999761581421,0.5600000023841858
35,4,44,0.2770557403564453,0.9781384468078613,0.2770557403564453,0.9781384468078613,0.9071428775787354,0.5199999809265137
35,4,45,0.2559033930301666,1.018136739730835,0.2559033930301666,1.018136739730835,0.9214285612106323,0.5199999809265137
35,4,46,0.23412249982357025,1.0595083236694336,0.23412249982357025,1.0595083236694336,0.9285714030265808,0.5199999809265137
36,4,1,0.6888965964317322,0.6838725209236145,0.6888965964317322,0.6838725209236145,0.5714285969734192,0.5199999809265137
36,4,2,0.6804100871086121,0.6772806644439697,0.6804100871086121,0.6772806644439697,0.5785714387893677,0.6000000238418579
36,4,3,0.6753197908401489,0.672182559967041,0.6753197908401489,0.672182559967041,0.5928571224212646,0.6000000238418579
36,4,4,0.6713411211967468,0.667755126953125,0.6713411211967468,0.667755126953125,0.5928571224212646,0.6000000238418579
36,4,5,0.6677636504173279,0.6636136770248413,0.6677636504173279,0.6636136770248413,0.5928571224212646,0.6000000238418579
36,4,6,0.6643133759498596,0.6596203446388245,0.6643133759498596,0.6596203446388245,0.5928571224212646,0.6000000238418579
36,4,7,0.6609156727790833,0.655717670917511,0.6609156727790833,0.655717670917511,0.5928571224212646,0.6000000238418579
36,4,8,0.6575413346290588,0.6518429517745972,0.6575413346290588,0.6518429517745972,0.5857142806053162,0.6000000238418579
36,4,9,0.6541415452957153,0.6479159593582153,0.6541415452957153,0.6479159593582153,0.5928571224212646,0.6000000238418579
36,4,10,0.6506481766700745,0.6438623070716858,0.6506481766700745,0.6438623070716858,0.6142857074737549,0.6399999856948853
36,4,11,0.6469953060150146,0.6396318674087524,0.6469953060150146,0.6396318674087524,0.6214285492897034,0.6399999856948853
36,4,12,0.6431325078010559,0.6352003216743469,0.6431325078010559,0.6352003216743469,0.6142857074737549,0.6399999856948853
36,4,13,0.6390216946601868,0.6305580139160156,0.6390216946601868,0.6305580139160156,0.6285714507102966,0.6399999856948853
36,4,14,0.6346266865730286,0.6256974339485168,0.6346266865730286,0.6256974339485168,0.6285714507102966,0.6399999856948853
36,4,15,0.6299040913581848,0.6206079721450806,0.6299040913581848,0.6206079721450806,0.6285714507102966,0.6399999856948853
36,4,16,0.6247997283935547,0.615277886390686,0.6247997283935547,0.615277886390686,0.6214285492897034,0.6800000071525574
36,4,17,0.61924809217453,0.6097046732902527,0.61924809217453,0.6097046732902527,0.6285714507102966,0.6800000071525574
36,4,18,0.6131746768951416,0.6039161086082458,0.6131746768951416,0.6039161086082458,0.6357142925262451,0.6399999856948853
36,4,19,0.6064985394477844,0.5980120301246643,0.6064985394477844,0.5980120301246643,0.6428571343421936,0.7200000286102295
36,4,20,0.5991437435150146,0.5922313332557678,0.5991437435150146,0.5922313332557678,0.6428571343421936,0.6800000071525574
36,4,21,0.5910565853118896,0.5870353579521179,0.5910565853118896,0.5870353579521179,0.6714285612106323,0.6800000071525574
36,4,22,0.5822269916534424,0.5831770896911621,0.5822269916534424,0.5831770896911621,0.6857143044471741,0.6800000071525574
36,4,23,0.5726997256278992,0.5817127823829651,0.5726997256278992,0.5817127823829651,0.6928571462631226,0.7200000286102295
36,4,24,0.5625624060630798,0.5839130282402039,0.5625624060630798,0.5839130282402039,0.699999988079071,0.7200000286102295
36,4,25,0.551897406578064,0.5910314321517944,0.551897406578064,0.5910314321517944,0.7071428298950195,0.6800000071525574
36,4,26,0.5407311320304871,0.6039220690727234,0.5407311320304871,0.6039220690727234,0.7142857313156128,0.6800000071525574
36,4,27,0.5290237069129944,0.6227107048034668,0.5290237069129944,0.6227107048034668,0.7142857313156128,0.6800000071525574
36,4,28,0.5166908502578735,0.6469271183013916,0.5166908502578735,0.6469271183013916,0.7071428298950195,0.6800000071525574
36,4,29,0.5036542415618896,0.6759790182113647,0.5036542415618896,0.6759790182113647,0.7285714149475098,0.6800000071525574
36,4,30,0.48990774154663086,0.709388792514801,0.48990774154663086,0.709388792514801,0.7357142567634583,0.6800000071525574
36,4,31,0.47545066475868225,0.7467347979545593,0.47545066475868225,0.7467347979545593,0.7428571581840515,0.6800000071525574
36,4,32,0.46021348237991333,0.7873790860176086,0.46021348237991333,0.7873790860176086,0.7642857432365417,0.6399999856948853
36,4,33,0.44418105483055115,0.8302797675132751,0.44418105483055115,0.8302797675132751,0.7642857432365417,0.6399999856948853
36,4,34,0.4273413419723511,0.8740013241767883,0.4273413419723511,0.8740013241767883,0.7714285850524902,0.6399999856948853
36,4,35,0.40952807664871216,0.9176486134529114,0.40952807664871216,0.9176486134529114,0.7928571701049805,0.6399999856948853
36,4,36,0.390682578086853,0.9611746072769165,0.390682578086853,0.9611746072769165,0.800000011920929,0.6399999856948853
36,4,37,0.371478796005249,1.0038883686065674,0.371478796005249,1.0038883686065674,0.8214285969734192,0.6399999856948853
36,4,38,0.35268616676330566,1.0413908958435059,0.35268616676330566,1.0413908958435059,0.8142856955528259,0.5600000023841858
36,4,39,0.334113746881485,1.0748478174209595,0.334113746881485,1.0748478174209595,0.8214285969734192,0.5600000023841858
36,4,40,0.31678837537765503,1.1230734586715698,0.31678837537765503,1.1230734586715698,0.8428571224212646,0.5199999809265137
36,4,41,0.29865652322769165,1.1859793663024902,0.29865652322769165,1.1859793663024902,0.8571428656578064,0.5199999809265137
36,4,42,0.28444674611091614,1.208370566368103,0.28444674611091614,1.208370566368103,0.8571428656578064,0.5199999809265137
36,4,43,0.26615217328071594,1.214491844177246,0.26615217328071594,1.214491844177246,0.8571428656578064,0.5600000023841858
36,4,44,0.24686932563781738,1.301519513130188,0.24686932563781738,1.301519513130188,0.8857142925262451,0.5199999809265137
36,4,45,0.2290981262922287,1.387237548828125,0.2290981262922287,1.387237548828125,0.8999999761581421,0.5600000023841858
36,4,46,0.21365347504615784,1.4285120964050293,0.21365347504615784,1.4285120964050293,0.9142857193946838,0.5600000023841858
36,4,47,0.19603997468948364,1.5099047422409058,0.19603997468948364,1.5099047422409058,0.9285714030265808,0.5600000023841858
36,4,48,0.17948518693447113,1.5696312189102173,0.17948518693447113,1.5696312189102173,0.9428571462631226,0.5600000023841858
37,4,1,0.7128918766975403,0.6919781565666199,0.7128918766975403,0.6919781565666199,0.4214285612106323,0.6000000238418579
37,4,2,0.6938115358352661,0.6807074546813965,0.6938115358352661,0.6807074546813965,0.5071428418159485,0.5600000023841858
37,4,3,0.6823816299438477,0.674573540687561,0.6823816299438477,0.674573540687561,0.6000000238418579,0.6000000238418579
37,4,4,0.6756845712661743,0.6713463068008423,0.6756845712661743,0.6713463068008423,0.6000000238418579,0.6000000238418579
37,4,5,0.671414315700531,0.6690894961357117,0.671414315700531,0.6690894961357117,0.5928571224212646,0.6000000238418579
37,4,6,0.667835533618927,0.6667189598083496,0.667835533618927,0.6667189598083496,0.5928571224212646,0.6000000238418579
37,4,7,0.6641107201576233,0.6640118360519409,0.6641107201576233,0.6640118360519409,0.6000000238418579,0.6000000238418579
37,4,8,0.6601241230964661,0.6611886024475098,0.6601241230964661,0.6611886024475098,0.6071428656578064,0.6000000238418579
37,4,9,0.656027615070343,0.6584911942481995,0.656027615070343,0.6584911942481995,0.6142857074737549,0.6000000238418579
37,4,10,0.6519023180007935,0.6560143828392029,0.6519023180007935,0.6560143828392029,0.6214285492897034,0.6000000238418579
37,4,11,0.6476846933364868,0.6537516713142395,0.6476846933364868,0.6537516713142395,0.6285714507102966,0.5600000023841858
37,4,12,0.6432533860206604,0.6516954898834229,0.6432533860206604,0.6516954898834229,0.6285714507102966,0.5600000023841858
37,4,13,0.6385202407836914,0.6498851776123047,0.6385202407836914,0.6498851776123047,0.6571428775787354,0.5600000023841858
37,4,14,0.6334481835365295,0.6483898758888245,0.6334481835365295,0.6483898758888245,0.6714285612106323,0.6000000238418579
37,4,15,0.6280128359794617,0.6472833752632141,0.6280128359794617,0.6472833752632141,0.6857143044471741,0.6399999856948853
37,4,16,0.6221741437911987,0.6466636657714844,0.6221741437911987,0.6466636657714844,0.6857143044471741,0.6000000238418579
37,4,17,0.6158925890922546,0.6467100381851196,0.6158925890922546,0.6467100381851196,0.6785714030265808,0.6000000238418579
37,4,18,0.6091673374176025,0.6477199792861938,0.6091673374176025,0.6477199792861938,0.6785714030265808,0.6000000238418579
37,4,19,0.6020491719245911,0.6500797271728516,0.6020491719245911,0.6500797271728516,0.6785714030265808,0.6000000238418579
37,4,20,0.5946323871612549,0.6541687250137329,0.5946323871612549,0.6541687250137329,0.699999988079071,0.6000000238418579
37,4,21,0.5870495438575745,0.6602116227149963,0.5870495438575745,0.6602116227149963,0.7071428298950195,0.6000000238418579
37,4,22,0.5794421434402466,0.6681780219078064,0.5794421434402466,0.6681780219078064,0.6857143044471741,0.6000000238418579
37,4,23,0.5718952417373657,0.6778202652931213,0.5718952417373657,0.6778202652931213,0.6928571462631226,0.6399999856948853
37,4,24,0.5643579363822937,0.688668966293335,0.5643579363822937,0.688668966293335,0.7071428298950195,0.6399999856948853
37,4,25,0.5566163063049316,0.7000007033348083,0.5566163063049316,0.7000007033348083,0.7214285731315613,0.6399999856948853
37,4,26,0.5484422445297241,0.7111322283744812,0.5484422445297241,0.7111322283744812,0.7214285731315613,0.6000000238418579
37,4,27,0.5397664308547974,0.7217793464660645,0.5397664308547974,0.7217793464660645,0.7214285731315613,0.5600000023841858
37,4,28,0.5306761860847473,0.7319907546043396,0.5306761860847473,0.7319907546043396,0.7428571581840515,0.5600000023841858
37,4,29,0.5213350653648376,0.741981565952301,0.5213350653648376,0.741981565952301,0.7357142567634583,0.6000000238418579
37,4,30,0.5119194984436035,0.7520580887794495,0.5119194984436035,0.7520580887794495,0.75,0.6000000238418579
37,4,31,0.5025473237037659,0.7624661922454834,0.5025473237037659,0.7624661922454834,0.7571428418159485,0.5600000023841858
37,4,32,0.4932577311992645,0.773311972618103,0.4932577311992645,0.773311972618103,0.7642857432365417,0.5600000023841858
37,4,33,0.4840378761291504,0.7845766544342041,0.4840378761291504,0.7845766544342041,0.7714285850524902,0.5600000023841858
37,4,34,0.4748251140117645,0.7961586713790894,0.4748251140117645,0.7961586713790894,0.7785714268684387,0.5600000023841858
37,4,35,0.46551236510276794,0.8079985976219177,0.46551236510276794,0.8079985976219177,0.7857142686843872,0.5600000023841858
37,4,36,0.4559740126132965,0.8201364874839783,0.4559740126132965,0.8201364874839783,0.7857142686843872,0.5600000023841858
37,4,37,0.446081280708313,0.8327404856681824,0.446081280708313,0.8327404856681824,0.7857142686843872,0.6000000238418579
37,4,38,0.4357226490974426,0.8460826277732849,0.4357226490974426,0.8460826277732849,0.7857142686843872,0.6000000238418579
37,4,39,0.4248049557209015,0.8604186773300171,0.4248049557209015,0.8604186773300171,0.8071428537368774,0.5600000023841858
37,4,40,0.41324758529663086,0.8759182095527649,0.41324758529663086,0.8759182095527649,0.8142856955528259,0.5199999809265137
37,4,41,0.4009779393672943,0.8925396800041199,0.4009779393672943,0.8925396800041199,0.8285714387893677,0.5199999809265137
38,4,1,0.7048808932304382,0.7080960273742676,0.7048808932304382,0.7080960273742676,0.41428571939468384,0.47999998927116394
38,4,2,0.6870236396789551,0.6974899172782898,0.6870236396789551,0.6974899172782898,0.5285714268684387,0.5199999809265137
38,4,3,0.6761255264282227,0.6914858818054199,0.6761255264282227,0.6914858818054199,0.6142857074737549,0.6000000238418579
38,4,4,0.6701700687408447,0.6886709332466125,0.6701700687408447,0.6886709332466125,0.5857142806053162,0.6000000238418579
38,4,5,0.6671242117881775,0.687381386756897,0.6671242117881775,0.687381386756897,0.5928571224212646,0.6000000238418579
38,4,6,0.6651219129562378,0.6864069104194641,0.6651219725608826,0.6864069104194641,0.5928571224212646,0.6000000238418579
38,4,7,0.6629889607429504,0.6851901412010193,0.6629889607429504,0.6851901412010193,0.5928571224212646,0.6000000238418579
38,4,8,0.6603025197982788,0.6836629509925842,0.660302460193634,0.6836629509925842,0.5928571224212646,0.6000000238418579
38,4,9,0.6571159958839417,0.6819607019424438,0.6571159958839417,0.6819607019424438,0.6000000238418579,0.6000000238418579
38,4,10,0.6536306142807007,0.6802144646644592,0.6536306142807007,0.6802144646644592,0.6000000238418579,0.6000000238418579
38,4,11,0.6499984264373779,0.6784780025482178,0.6499984264373779,0.6784780025482178,0.6071428656578064,0.6000000238418579
38,4,12,0.6462722420692444,0.676740825176239,0.6462722420692444,0.676740825176239,0.6071428656578064,0.6000000238418579
38,4,13,0.642434298992157,0.6749657988548279,0.642434298992157,0.6749657988548279,0.6071428656578064,0.6000000238418579
38,4,14,0.6384387016296387,0.6731145977973938,0.6384387016296387,0.6731145977973938,0.6071428656578064,0.6000000238418579
38,4,15,0.6342337727546692,0.6711515188217163,0.6342337727546692,0.6711515188217163,0.6285714507102966,0.6000000238418579
38,4,16,0.6297642588615417,0.6690360903739929,0.6297642588615417,0.6690360903739929,0.6357142925262451,0.6000000238418579
38,4,17,0.6249656677246094,0.6667171716690063,0.6249656677246094,0.6667171716690063,0.6499999761581421,0.6000000238418579
38,4,18,0.6197603344917297,0.6641328930854797,0.6197603344917297,0.6641328930854797,0.6499999761581421,0.6000000238418579
38,4,19,0.6140634417533875,0.6612221002578735,0.6140634417533875,0.6612221002578735,0.6714285612106323,0.5600000023841858
38,4,20,0.6077938079833984,0.6579383611679077,0.6077938079833984,0.6579383611679077,0.6857143044471741,0.5199999809265137
38,4,21,0.600887656211853,0.6542696952819824,0.600887656211853,0.6542696952819824,0.699999988079071,0.5600000023841858
38,4,22,0.5933125019073486,0.6502559781074524,0.5933125019073486,0.6502559781074524,0.7071428298950195,0.5600000023841858
38,4,23,0.5850849151611328,0.6459999084472656,0.5850849151611328,0.6459999084472656,0.699999988079071,0.5199999809265137
38,4,24,0.5762909650802612,0.6416547894477844,0.5762909650802612,0.6416547894477844,0.7142857313156128,0.5199999809265137
38,4,25,0.567091166973114,0.6373938918113708,0.567091166973114,0.6373938918113708,0.7214285731315613,0.5199999809265137
38,4,26,0.5576921701431274,0.6334168314933777,0.5576921701431274,0.6334168314933777,0.7285714149475098,0.5199999809265137
38,4,27,0.5482959151268005,0.6300082206726074,0.5482959151268005,0.6300082206726074,0.7142857313156128,0.5600000023841858
38,4,28,0.5390667915344238,0.6274672150611877,0.5390667915344238,0.6274672150611877,0.7214285731315613,0.5600000023841858
38,4,29,0.5301234722137451,0.6258601546287537,0.5301234722137451,0.6258601546287537,0.7214285731315613,0.6000000238418579
38,4,30,0.5215035080909729,0.6250078678131104,0.5215035080909729,0.6250078678131104,0.7357142567634583,0.6000000238418579
38,4,31,0.5131314992904663,0.6247206926345825,0.5131314992904663,0.6247206926345825,0.7357142567634583,0.6000000238418579
38,4,32,0.5048853158950806,0.6247678399085999,0.5048853158950806,0.6247678399085999,0.75,0.6000000238418579
38,4,33,0.4966338574886322,0.6249282956123352,0.4966338574886322,0.6249282956123352,0.7357142567634583,0.6000000238418579
38,4,34,0.48821160197257996,0.6252807378768921,0.4882115423679352,0.6252807378768921,0.75,0.6000000238418579
38,4,35,0.4794937074184418,0.6260600090026855,0.4794937074184418,0.6260600090026855,0.75,0.6000000238418579
38,4,36,0.47042104601860046,0.6273797750473022,0.47042104601860046,0.6273797750473022,0.7571428418159485,0.6000000238418579
38,4,37,0.4609244167804718,0.6293001770973206,0.4609244167804718,0.6293001770973206,0.7785714268684387,0.6000000238418579
38,4,38,0.4509381949901581,0.6318114399909973,0.4509381949901581,0.6318114399909973,0.7928571701049805,0.6000000238418579
38,4,39,0.4404264986515045,0.6347446441650391,0.4404264986515045,0.6347446441650391,0.8142856955528259,0.6000000238418579
38,4,40,0.4293462038040161,0.6378688216209412,0.4293462038040161,0.6378688216209412,0.8214285969734192,0.6000000238418579
38,4,41,0.41764748096466064,0.6409327983856201,0.41764748096466064,0.6409327983856201,0.8357142806053162,0.6000000238418579
38,4,42,0.40528857707977295,0.6436688303947449,0.40528857707977295,0.6436688303947449,0.8428571224212646,0.6000000238418579
38,4,43,0.3922305405139923,0.6459193229675293,0.3922305405139923,0.6459193229675293,0.8428571224212646,0.6000000238418579
38,4,44,0.37846219539642334,0.6477096080780029,0.37846219539642334,0.6477096080780029,0.8357142806053162,0.6000000238418579
38,4,45,0.36402279138565063,0.6492993831634521,0.36402279138565063,0.6492993831634521,0.8357142806053162,0.6000000238418579
38,4,46,0.3489868640899658,0.6511993408203125,0.3489868640899658,0.6511993408203125,0.8428571224212646,0.6000000238418579
38,4,47,0.33343619108200073,0.6539753079414368,0.33343619108200073,0.6539753079414368,0.8428571224212646,0.6000000238418579
38,4,48,0.31742098927497864,0.6580113172531128,0.31742098927497864,0.6580113172531128,0.8500000238418579,0.6000000238418579
38,4,49,0.30095675587654114,0.6633847951889038,0.30095675587654114,0.6633847951889038,0.8857142925262451,0.5600000023841858
38,4,50,0.28406423330307007,0.6699681282043457,0.28406423330307007,0.6699681282043457,0.8999999761581421,0.5600000023841858
38,4,51,0.26678451895713806,0.6776159405708313,0.26678451895713806,0.6776159405708313,0.8999999761581421,0.6000000238418579
38,4,52,0.24914883077144623,0.6862484216690063,0.24914883077144623,0.6862484216690063,0.9142857193946838,0.6000000238418579
38,4,53,0.23115447163581848,0.6958940029144287,0.23115447163581848,0.6958940029144287,0.9142857193946838,0.6000000238418579
38,4,54,0.2127920240163803,0.7067315578460693,0.2127920240163803,0.7067315578460693,0.9357143044471741,0.6399999856948853
38,4,55,0.19406630098819733,0.7190089225769043,0.19406630098819733,0.7190089225769043,0.949999988079071,0.6399999856948853
38,4,56,0.17500384151935577,0.7328526377677917,0.17500384151935577,0.7328526377677917,0.949999988079071,0.6399999856948853
39,4,1,0.6969829797744751,0.6773839592933655,0.6969829797744751,0.6773839592933655,0.47857141494750977,0.6399999856948853
39,4,2,0.6854322552680969,0.6700959801673889,0.6854322552680969,0.6700959801673889,0.5642856955528259,0.5600000023841858
39,4,3,0.6785253286361694,0.6656439900398254,0.6785253286361694,0.6656439900398254,0.5857142806053162,0.5600000023841858
39,4,4,0.6740497946739197,0.6627722978591919,0.6740497946739197,0.6627722978591919,0.5928571224212646,0.5600000023841858
39,4,5,0.6705349087715149,0.6604856848716736,0.6705349087715149,0.6604856848716736,0.5928571224212646,0.6000000238418579
39,4,6,0.66707444190979,0.6583040356636047,0.66707444190979,0.6583040356636047,0.5928571224212646,0.6000000238418579
39,4,7,0.6633306741714478,0.6561164855957031,0.6633306741714478,0.6561164855957031,0.5928571224212646,0.6000000238418579
39,4,8,0.6592965722084045,0.6539533734321594,0.6592965722084045,0.6539533734321594,0.5928571224212646,0.6000000238418579
39,4,9,0.6550521850585938,0.6518402099609375,0.6550521850585938,0.6518402099609375,0.5928571224212646,0.6000000238418579
39,4,10,0.6506367921829224,0.6497596502304077,0.6506367921829224,0.6497596502304077,0.5928571224212646,0.6000000238418579
39,4,11,0.6460267305374146,0.6476780772209167,0.6460267305374146,0.6476780772209167,0.5928571224212646,0.6399999856948853
39,4,12,0.6411632299423218,0.645581841468811,0.6411632299423218,0.645581841468811,0.5928571224212646,0.6399999856948853
39,4,13,0.6359797716140747,0.6434947848320007,0.6359797716140747,0.6434947848320007,0.6000000238418579,0.6399999856948853
39,4,14,0.6304093599319458,0.641478419303894,0.6304093599319458,0.641478419303894,0.6000000238418579,0.6399999856948853
39,4,15,0.6243772506713867,0.6396282315254211,0.6243772506713867,0.6396282315254211,0.6071428656578064,0.6399999856948853
39,4,16,0.6177982687950134,0.6380833387374878,0.6177982687950134,0.6380833387374878,0.6214285492897034,0.6399999856948853
39,4,17,0.6105898022651672,0.6370499134063721,0.6105898022651672,0.6370499134063721,0.6571428775787354,0.7200000286102295
39,4,18,0.6027010679244995,0.6368316411972046,0.6027010679244995,0.6368316411972046,0.6714285612106323,0.7200000286102295
39,4,19,0.5941521525382996,0.6378534436225891,0.5941521525382996,0.6378534436225891,0.6857143044471741,0.7200000286102295
39,4,20,0.5850695371627808,0.6406640410423279,0.5850695371627808,0.6406640410423279,0.6928571462631226,0.7599999904632568
39,4,21,0.5757036209106445,0.645882785320282,0.5757036209106445,0.645882785320282,0.7071428298950195,0.7599999904632568
39,4,22,0.5663773417472839,0.6540470719337463,0.5663773417472839,0.6540470719337463,0.699999988079071,0.7599999904632568
39,4,23,0.5573391914367676,0.665412425994873,0.5573391914367676,0.665412425994873,0.7214285731315613,0.7599999904632568
39,4,24,0.5486205816268921,0.6798697113990784,0.5486205816268921,0.6798697113990784,0.7142857313156128,0.7200000286102295
39,4,25,0.5400403738021851,0.6970961093902588,0.5400403738021851,0.6970961093902588,0.7214285731315613,0.6000000238418579
39,4,26,0.5313267111778259,0.7168269157409668,0.5313267111778259,0.7168269157409668,0.7214285731315613,0.6000000238418579
39,4,27,0.5222490429878235,0.7390083074569702,0.5222490429878235,0.7390083074569702,0.7428571581840515,0.6000000238418579
39,4,28,0.5127579569816589,0.7637898325920105,0.5127579569816589,0.7637898325920105,0.7571428418159485,0.5600000023841858
39,4,29,0.5030269026756287,0.7913416028022766,0.5030269026756287,0.7913416028022766,0.7642857432365417,0.6000000238418579
39,4,30,0.49328476190567017,0.821613073348999,0.49328476190567017,0.821613073348999,0.7857142686843872,0.5600000023841858
39,4,31,0.4836548864841461,0.854302167892456,0.4836548864841461,0.854302167892456,0.7857142686843872,0.5600000023841858
39,4,32,0.4741837680339813,0.8888757824897766,0.4741837680339813,0.8888757824897766,0.7928571701049805,0.5600000023841858
39,4,33,0.4648686647415161,0.9245520234107971,0.4648686647415161,0.9245520234107971,0.800000011920929,0.5600000023841858
39,4,34,0.45561349391937256,0.9605499505996704,0.45561349391937256,0.9605499505996704,0.8142856955528259,0.47999998927116394
39,4,35,0.4462962746620178,0.9962610006332397,0.4462962746620178,0.9962610006332397,0.8214285969734192,0.47999998927116394
39,4,36,0.43680769205093384,1.0311851501464844,0.43680769205093384,1.0311851501464844,0.8214285969734192,0.47999998927116394
39,4,37,0.4270170331001282,1.0649445056915283,0.4270170331001282,1.0649445056915283,0.8285714387893677,0.47999998927116394
39,4,38,0.4168400764465332,1.0971121788024902,0.4168400764465332,1.0971121788024902,0.8285714387893677,0.4399999976158142
39,4,39,0.40625131130218506,1.1272026300430298,0.40625131130218506,1.1272026300430298,0.8500000238418579,0.4399999976158142
39,4,40,0.3952758312225342,1.1548537015914917,0.3952758312225342,1.1548537015914917,0.8571428656578064,0.4399999976158142
39,4,41,0.38396403193473816,1.1799836158752441,0.38396403193473816,1.1799836158752441,0.8571428656578064,0.4399999976158142
39,4,42,0.37233254313468933,1.2029244899749756,0.37233254313468933,1.2029244899749756,0.8642857074737549,0.4399999976158142
39,4,43,0.36037570238113403,1.2242351770401,0.36037570238113403,1.2242351770401,0.8714285492897034,0.4399999976158142
40,4,1,0.6918144226074219,0.6902468800544739,0.6918144226074219,0.6902468800544739,0.5571428537368774,0.5600000023841858
40,4,2,0.6838619709014893,0.690147340297699,0.6838619709014893,0.690147340297699,0.5928571224212646,0.5600000023841858
40,4,3,0.6791383028030396,0.691386878490448,0.6791383028030396,0.691386878490448,0.5928571224212646,0.6000000238418579
40,4,4,0.6751387715339661,0.6932582259178162,0.6751387715339661,0.6932582259178162,0.5928571224212646,0.6000000238418579
40,4,5,0.671434760093689,0.6955082416534424,0.671434760093689,0.6955082416534424,0.6000000238418579,0.6399999856948853
40,4,6,0.6678736805915833,0.6980211138725281,0.6678736805915833,0.6980211138725281,0.6071428656578064,0.6399999856948853
40,4,7,0.6643758416175842,0.7007246613502502,0.6643758416175842,0.7007246613502502,0.6071428656578064,0.6399999856948853
40,4,8,0.6608752012252808,0.7035670280456543,0.6608752012252808,0.7035670280456543,0.6000000238418579,0.6399999856948853
40,4,9,0.6573074460029602,0.7065185308456421,0.6573074460029602,0.7065185308456421,0.6142857074737549,0.6000000238418579
40,4,10,0.6536157727241516,0.7095791101455688,0.6536157727241516,0.7095791101455688,0.6285714507102966,0.5199999809265137
40,4,11,0.6497567892074585,0.7127786874771118,0.6497567892074585,0.7127786874771118,0.6428571343421936,0.5199999809265137
40,4,12,0.6456999182701111,0.7161732316017151,0.6456999182701111,0.7161732316017151,0.6571428775787354,0.5199999809265137
40,4,13,0.6414233446121216,0.7198344469070435,0.6414233446121216,0.7198344469070435,0.6642857193946838,0.5199999809265137
40,4,14,0.6369083523750305,0.7238401770591736,0.6369083523750305,0.7238401770591736,0.6714285612106323,0.5199999809265137
40,4,15,0.6321353316307068,0.7282659411430359,0.6321353316307068,0.7282659411430359,0.6714285612106323,0.5199999809265137
40,4,16,0.6270840764045715,0.7331772446632385,0.6270840764045715,0.7331772446632385,0.6714285612106323,0.5199999809265137
40,4,17,0.6217364072799683,0.7386234998703003,0.6217364072799683,0.7386234998703003,0.6714285612106323,0.5199999809265137
40,4,18,0.6160802245140076,0.7446322441101074,0.6160802245140076,0.7446322441101074,0.6785714030265808,0.5199999809265137
40,4,19,0.6101157069206238,0.7512059211730957,0.6101157069206238,0.7512059211730957,0.6857143044471741,0.5199999809265137
40,4,20,0.6038604974746704,0.7583171129226685,0.6038604974746704,0.7583171129226685,0.6857143044471741,0.47999998927116394
40,4,21,0.5973507165908813,0.7658949494361877,0.5973507165908813,0.7658949494361877,0.6785714030265808,0.47999998927116394
40,4,22,0.5906328558921814,0.7737920880317688,0.5906328558921814,0.7737920880317688,0.6928571462631226,0.47999998927116394
40,4,23,0.5837426781654358,0.7817341685295105,0.5837426781654358,0.7817341685295105,0.6928571462631226,0.47999998927116394
40,4,24,0.576678991317749,0.789287805557251,0.576678991317749,0.789287805557251,0.6857143044471741,0.47999998927116394
40,4,25,0.569387674331665,0.7959133982658386,0.569387674331665,0.7959133982658386,0.6857143044471741,0.47999998927116394
40,4,26,0.5617731809616089,0.8011306524276733,0.5617731809616089,0.8011306524276733,0.6857143044471741,0.5199999809265137
40,4,27,0.5537369847297668,0.8047078847885132,0.5537369847297668,0.8047078847885132,0.7071428298950195,0.47999998927116394
41,5,1,0.681216835975647,0.6804324984550476,0.681216835975647,0.6804324984550476,0.597122311592102,0.6000000238418579
41,5,2,0.676750123500824,0.6791307330131531,0.676750123500824,0.6791307330131531,0.597122311592102,0.6000000238418579
41,5,3,0.6736845970153809,0.6779996752738953,0.6736845970153809,0.6779996752738953,0.6115108132362366,0.6000000238418579
41,5,4,0.670777440071106,0.6769747138023376,0.670777440071106,0.6769747138023376,0.6115108132362366,0.6000000238418579
41,5,5,0.6678993105888367,0.676011323928833,0.6678993105888367,0.676011323928833,0.6043165326118469,0.6000000238418579
41,5,6,0.6649965643882751,0.675083339214325,0.6649965643882751,0.675083339214325,0.6115108132362366,0.6000000238418579
41,5,7,0.6620428562164307,0.6741781830787659,0.6620428562164307,0.6741781830787659,0.6187050342559814,0.5600000023841858
41,5,8,0.6590239405632019,0.6732922196388245,0.6590239405632019,0.6732922196388245,0.6258992552757263,0.5199999809265137
41,5,9,0.6559297442436218,0.672426164150238,0.6559297442436218,0.672426164150238,0.6258992552757263,0.5600000023841858
41,5,10,0.6527489423751831,0.6715818047523499,0.6527489423751831,0.6715818047523499,0.6402877569198608,0.5199999809265137
41,5,11,0.6494659781455994,0.6707603335380554,0.6494659781455994,0.6707603335380554,0.6474820375442505,0.5199999809265137
41,5,12,0.6460607647895813,0.6699624061584473,0.6460607647895813,0.6699624061584473,0.6474820375442505,0.5199999809265137
41,5,13,0.6425088047981262,0.6691871881484985,0.6425088047981262,0.6691871881484985,0.6474820375442505,0.5199999809265137
41,5,14,0.638781726360321,0.6684336066246033,0.638781726360321,0.6684336066246033,0.6618704795837402,0.5600000023841858
41,5,15,0.634848952293396,0.6677004098892212,0.634848952293396,0.6677004098892212,0.6906474828720093,0.5600000023841858
41,5,16,0.6306779384613037,0.6669871807098389,0.6306779384613037,0.6669871807098389,0.6834532618522644,0.5600000023841858
41,5,17,0.6262363195419312,0.6662954092025757,0.6262363195419312,0.6662954092025757,0.6618704795837402,0.6000000238418579
41,5,18,0.621493399143219,0.6656309366226196,0.621493399143219,0.6656309366226196,0.6618704795837402,0.6000000238418579
41,5,19,0.6164232492446899,0.6650062799453735,0.6164232492446899,0.6650062799453735,0.6906474828720093,0.6000000238418579
41,5,20,0.6110081672668457,0.6644431948661804,0.6110081672668457,0.6644431948661804,0.6978417038917542,0.6000000238418579
41,5,21,0.605242908000946,0.6639756560325623,0.605242908000946,0.6639756560325623,0.6978417038917542,0.6000000238418579
41,5,22,0.5991381406784058,0.6636506915092468,0.5991381406784058,0.6636506915092468,0.6906474828720093,0.6399999856948853
41,5,23,0.5927237868309021,0.6635280847549438,0.5927237868309021,0.6635280847549438,0.6906474828720093,0.6399999856948853
41,5,24,0.5860472321510315,0.6636778116226196,0.5860472321510315,0.6636778116226196,0.6978417038917542,0.6399999856948853
41,5,25,0.5791684985160828,0.664175271987915,0.5791684985160828,0.664175271987915,0.7050359845161438,0.6399999856948853
41,5,26,0.5721507668495178,0.6650911569595337,0.5721507668495178,0.6650911569595337,0.7122302055358887,0.6000000238418579
41,5,27,0.5650473237037659,0.6664764881134033,0.5650473237037659,0.6664764881134033,0.7338129281997681,0.6000000238418579
41,5,28,0.5578922033309937,0.6683470010757446,0.5578922033309937,0.6683470010757446,0.7338129281997681,0.6000000238418579
41,5,29,0.5506949424743652,0.6706796288490295,0.5506949424743652,0.6706796288490295,0.7338129281997681,0.6000000238418579
41,5,30,0.5434474349021912,0.6734213829040527,0.5434474349021912,0.6734213829040527,0.7553957104682922,0.6000000238418579
41,5,31,0.5361384749412537,0.6764934062957764,0.5361384749412537,0.6764934062957764,0.7410072088241577,0.6000000238418579
41,5,32,0.5287642478942871,0.6797923445701599,0.5287642478942871,0.6797923445701599,0.7410072088241577,0.6000000238418579
41,5,33,0.5213221311569214,0.6832072734832764,0.5213221311569214,0.6832072734832764,0.7482014298439026,0.6399999856948853
41,5,34,0.5137933492660522,0.6866419315338135,0.5137933492660522,0.6866419315338135,0.7482014298439026,0.6399999856948853
41,5,35,0.5061364769935608,0.6900248527526855,0.5061364769935608,0.6900248527526855,0.7625899314880371,0.6399999856948853
41,5,36,0.498293936252594,0.6933171153068542,0.498293936252594,0.6933171153068542,0.7625899314880371,0.6399999856948853
41,5,37,0.490202933549881,0.6965339779853821,0.490202933549881,0.6965339779853821,0.7625899314880371,0.6399999856948853
41,5,38,0.481807142496109,0.6997585892677307,0.481807142496109,0.6997585892677307,0.7841726541519165,0.6399999856948853
41,5,39,0.4730648398399353,0.7031275033950806,0.4730648398399353,0.7031275033950806,0.7841726541519165,0.6399999856948853
41,5,40,0.463947057723999,0.7068126201629639,0.463947057723999,0.7068126201629639,0.7913669347763062,0.6800000071525574
41,5,41,0.4544340968132019,0.7110044956207275,0.4544340968132019,0.7110044956207275,0.7913669347763062,0.6800000071525574
41,5,42,0.44451451301574707,0.7158955931663513,0.44451451301574707,0.7158955931663513,0.7913669347763062,0.6800000071525574
41,5,43,0.43418464064598083,0.7216801643371582,0.43418464064598083,0.7216801643371582,0.7913669347763062,0.6800000071525574
41,5,44,0.42345067858695984,0.7285599708557129,0.42345067858695984,0.7285599708557129,0.8057553768157959,0.6800000071525574
41,5,45,0.41233161091804504,0.7367354035377502,0.41233161091804504,0.7367354035377502,0.8129496574401855,0.6800000071525574
41,5,46,0.40085119009017944,0.7463738918304443,0.40085119009017944,0.7463738918304443,0.8273381590843201,0.6399999856948853
41,5,47,0.3890220522880554,0.7575401067733765,0.3890220522880554,0.7575401067733765,0.8345323801040649,0.6000000238418579
41,5,48,0.37683019042015076,0.7701446413993835,0.37683019042015076,0.7701446413993835,0.8417266011238098,0.6000000238418579
42,5,1,0.6806362867355347,0.6768730282783508,0.6806362867355347,0.6768730282783508,0.5611510872840881,0.7200000286102295
42,5,2,0.6695871949195862,0.6710664629936218,0.6695871949195862,0.6710664629936218,0.6043165326118469,0.6000000238418579
42,5,3,0.6634516716003418,0.6685938835144043,0.6634516716003418,0.6685938835144043,0.6115108132362366,0.6000000238418579
42,5,4,0.6599346399307251,0.6678618788719177,0.6599346399307251,0.6678618788719177,0.597122311592102,0.6000000238418579
42,5,5,0.6573364734649658,0.6675482392311096,0.6573364734649658,0.6675482392311096,0.597122311592102,0.6000000238418579
42,5,6,0.6545217633247375,0.6669551134109497,0.6545217633247375,0.6669551134109497,0.597122311592102,0.6000000238418579
42,5,7,0.6510586142539978,0.6659507751464844,0.6510586142539978,0.6659507751464844,0.597122311592102,0.6000000238418579
42,5,8,0.6470051407814026,0.6646905541419983,0.6470051407814026,0.6646905541419983,0.597122311592102,0.6000000238418579
42,5,9,0.6425763964653015,0.6633641123771667,0.6425763964653015,0.6633641123771667,0.6115108132362366,0.6000000238418579
42,5,10,0.6379180550575256,0.6620819568634033,0.6379180550575256,0.6620819568634033,0.6043165326118469,0.6000000238418579
42,5,11,0.6330455541610718,0.6608811020851135,0.6330455541610718,0.6608811020851135,0.6187050342559814,0.6000000238418579
42,5,12,0.6278893947601318,0.659767746925354,0.6278893947601318,0.659767746925354,0.6187050342559814,0.5600000023841858
42,5,13,0.6223552227020264,0.6587355136871338,0.6223552227020264,0.6587355136871338,0.6187050342559814,0.5600000023841858
42,5,14,0.6163502335548401,0.6577456593513489,0.6163502335548401,0.6577456593513489,0.6474820375442505,0.5199999809265137
42,5,15,0.6097790002822876,0.6567075252532959,0.6097790002822876,0.6567075252532959,0.6474820375442505,0.5199999809265137
42,5,16,0.6025523543357849,0.6555066108703613,0.6025523543357849,0.6555066108703613,0.6474820375442505,0.47999998927116394
42,5,17,0.5946377515792847,0.6540868282318115,0.5946377515792847,0.6540868282318115,0.6690647602081299,0.47999998927116394
42,5,18,0.586128830909729,0.6525253057479858,0.586128830909729,0.6525253057479858,0.6906474828720093,0.5199999809265137
42,5,19,0.5772867798805237,0.650999903678894,0.5772867798805237,0.650999903678894,0.6834532618522644,0.5600000023841858
42,5,20,0.568528950214386,0.6496119499206543,0.568528950214386,0.6496119499206543,0.7050359845161438,0.5600000023841858
42,5,21,0.5603162050247192,0.6482439637184143,0.5603162050247192,0.6482439637184143,0.7050359845161438,0.6000000238418579
42,5,22,0.5528953671455383,0.646756649017334,0.5528953671455383,0.646756649017334,0.7122302055358887,0.6399999856948853
42,5,23,0.5461149215698242,0.6452056169509888,0.5461149215698242,0.6452056169509888,0.7122302055358887,0.6399999856948853
42,5,24,0.5395801663398743,0.6435989141464233,0.5395801663398743,0.6435989141464233,0.7266187071800232,0.6399999856948853
42,5,25,0.5329577326774597,0.6418483257293701,0.5329577326774597,0.6418483257293701,0.7410072088241577,0.6399999856948853
42,5,26,0.5261023044586182,0.640137791633606,0.5261023044586182,0.640137791633606,0.7410072088241577,0.6800000071525574
42,5,27,0.5190452337265015,0.6389057636260986,0.5190452337265015,0.6389057636260986,0.7553957104682922,0.6800000071525574
42,5,28,0.511906087398529,0.6384806036949158,0.511906087398529,0.6384806036949158,0.7482014298439026,0.6800000071525574
42,5,29,0.5047433972358704,0.6390156149864197,0.5047433972358704,0.6390156149864197,0.769784152507782,0.6800000071525574
42,5,30,0.4975104033946991,0.6406108736991882,0.4975104033946991,0.6406108736991882,0.7769784331321716,0.6800000071525574
42,5,31,0.49013233184814453,0.6432778835296631,0.49013233184814453,0.6432778835296631,0.7769784331321716,0.7200000286102295
42,5,32,0.48254263401031494,0.6468914151191711,0.48254263401031494,0.6468914151191711,0.7913669347763062,0.6800000071525574
42,5,33,0.47465014457702637,0.6512822508811951,0.47465014457702637,0.6512822508811951,0.7841726541519165,0.6800000071525574
42,5,34,0.46635398268699646,0.6563044190406799,0.46635398268699646,0.6563044190406799,0.7841726541519165,0.6800000071525574
42,5,35,0.45757970213890076,0.6618330478668213,0.45757970213890076,0.6618330478668213,0.798561155796051,0.6800000071525574
42,5,36,0.4482676684856415,0.6678211688995361,0.4482676684856415,0.6678211688995361,0.798561155796051,0.6800000071525574
42,5,37,0.43836966156959534,0.6743276715278625,0.43836966156959534,0.6743276715278625,0.798561155796051,0.6800000071525574
42,5,38,0.4278589189052582,0.6814796328544617,0.4278589189052582,0.6814796328544617,0.8057553768157959,0.6800000071525574
42,5,39,0.41670674085617065,0.6894673109054565,0.41670674085617065,0.6894673109054565,0.8057553768157959,0.6800000071525574
42,5,40,0.4048767387866974,0.6985195875167847,0.4048767387866974,0.6985195875167847,0.8129496574401855,0.6399999856948853
42,5,41,0.39233067631721497,0.7088732719421387,0.39233067631721497,0.7088732719421387,0.8201438784599304,0.6399999856948853
42,5,42,0.37901628017425537,0.7207847833633423,0.37901628017425537,0.7207847833633423,0.8273381590843201,0.6800000071525574
42,5,43,0.36487188935279846,0.7345287799835205,0.36487188935279846,0.7345287799835205,0.8417266011238098,0.6399999856948853
42,5,44,0.3498181402683258,0.750405490398407,0.3498181402683258,0.750405490398407,0.8489208817481995,0.6399999856948853
42,5,45,0.3337475061416626,0.7686998844146729,0.3337475061416626,0.7686998844146729,0.8633093237876892,0.6399999856948853
42,5,46,0.31651559472084045,0.7895987629890442,0.31651559472084045,0.7895987629890442,0.8992805480957031,0.6399999856948853
42,5,47,0.2979353070259094,0.8130910992622375,0.2979353070259094,0.8130910992622375,0.9136690497398376,0.6399999856948853
42,5,48,0.27780279517173767,0.8388693332672119,0.27780279517173767,0.8388693332672119,0.9136690497398376,0.6399999856948853
42,5,49,0.25604042410850525,0.8661943078041077,0.25604042410850525,0.8661943078041077,0.9208633303642273,0.6399999856948853
42,5,50,0.23320676386356354,0.8939721584320068,0.23320676386356354,0.8939721584320068,0.9496402740478516,0.6399999856948853
42,5,51,0.21073998510837555,0.9219595193862915,0.21073998510837555,0.9219595193862915,0.9496402740478516,0.6399999856948853
42,5,52,0.1895168274641037,0.9511595368385315,0.1895168274641037,0.9511595368385315,0.9640287756919861,0.6800000071525574
42,5,53,0.16982530057430267,0.9820178151130676,0.16982530057430267,0.9820178151130676,0.9640287756919861,0.6800000071525574
43,5,1,0.699073851108551,0.7092864513397217,0.699073851108551,0.7092864513397217,0.4676258862018585,0.4399999976158142
43,5,2,0.6851200461387634,0.7030450701713562,0.6851200461387634,0.7030450701713562,0.5827338099479675,0.6000000238418579
43,5,3,0.678571879863739,0.7000327110290527,0.678571879863739,0.7000327110290527,0.6043165326118469,0.6000000238418579
43,5,4,0.674006998538971,0.698291003704071,0.674006998538971,0.698291003704071,0.6043165326118469,0.6000000238418579
43,5,5,0.6702269315719604,0.6971144080162048,0.6702269315719604,0.6971144080162048,0.6043165326118469,0.6000000238418579
43,5,6,0.6668230891227722,0.6962454319000244,0.6668230891227722,0.6962454319000244,0.6043165326118469,0.6000000238418579
43,5,7,0.6636258363723755,0.6955628395080566,0.6636258363723755,0.6955628395080566,0.6187050342559814,0.6000000238418579
43,5,8,0.660505473613739,0.694977879524231,0.660505473613739,0.694977879524231,0.633093535900116,0.6000000238418579
43,5,9,0.6573309302330017,0.6944282054901123,0.6573309302330017,0.6944282054901123,0.6258992552757263,0.6000000238418579
43,5,10,0.6539883017539978,0.6938942074775696,0.6539883017539978,0.6938942074775696,0.6115108132362366,0.5600000023841858
43,5,11,0.6504029035568237,0.6934032440185547,0.6504029035568237,0.6934032440185547,0.6187050342559814,0.5199999809265137
43,5,12,0.6465403437614441,0.6930148601531982,0.6465403437614441,0.6930148601531982,0.6474820375442505,0.47999998927116394
43,5,13,0.6423904895782471,0.692801296710968,0.6423904895782471,0.692801296710968,0.6402877569198608,0.4399999976158142
43,5,14,0.6379465460777283,0.6928341388702393,0.6379465460777283,0.6928341388702393,0.6546762585639954,0.4399999976158142
43,5,15,0.6331911087036133,0.693183422088623,0.6331911087036133,0.693183422088623,0.6546762585639954,0.4399999976158142
43,5,16,0.6280902624130249,0.6939272880554199,0.6280902624130249,0.6939272880554199,0.6546762585639954,0.4399999976158142
43,5,17,0.6225948333740234,0.6951670050621033,0.6225948333740234,0.6951670050621033,0.6690647602081299,0.4000000059604645
43,5,18,0.6166450381278992,0.6970438957214355,0.6166450381278992,0.6970438957214355,0.6834532618522644,0.4000000059604645
43,5,19,0.610180139541626,0.6997546553611755,0.610180139541626,0.6997546553611755,0.6906474828720093,0.4399999976158142
43,5,20,0.6031539440155029,0.703555166721344,0.6031539440155029,0.703555166721344,0.7122302055358887,0.5199999809265137
43,5,21,0.5955564975738525,0.7087385058403015,0.5955564975738525,0.7087385058403015,0.7194244861602783,0.5199999809265137
43,5,22,0.5874304175376892,0.7155730724334717,0.5874304175376892,0.7155730724334717,0.7194244861602783,0.5600000023841858
43,5,23,0.5788654088973999,0.7242152690887451,0.5788654088973999,0.7242152690887451,0.7194244861602783,0.5600000023841858
43,5,24,0.5699572563171387,0.7346336245536804,0.5699572563171387,0.7346336245536804,0.7194244861602783,0.5600000023841858
43,5,25,0.5607482194900513,0.7465606927871704,0.5607482194900513,0.7465606927871704,0.7482014298439026,0.6000000238418579
43,5,26,0.5511994957923889,0.7594935894012451,0.5511994957923889,0.7594935894012451,0.7553957104682922,0.6000000238418579
43,5,27,0.5412389039993286,0.7728586792945862,0.5412389039993286,0.7728586792945862,0.769784152507782,0.6000000238418579
43,5,28,0.5308294892311096,0.7863358855247498,0.5308294892311096,0.7863358855247498,0.7769784331321716,0.5600000023841858
43,5,29,0.5199827551841736,0.7999842166900635,0.5199827551841736,0.7999842166900635,0.7913669347763062,0.5600000023841858
43,5,30,0.5087462663650513,0.8140707612037659,0.5087462663650513,0.8140707612037659,0.798561155796051,0.5600000023841858
43,5,31,0.4971931576728821,0.8289374709129333,0.4971931576728821,0.8289374709129333,0.798561155796051,0.5600000023841858
43,5,32,0.48535722494125366,0.8448677659034729,0.48535722494125366,0.8448677659034729,0.8057553768157959,0.5600000023841858
43,5,33,0.4732043147087097,0.8619821071624756,0.4732043147087097,0.8619821071624756,0.8057553768157959,0.5600000023841858
43,5,34,0.4606904983520508,0.8803106546401978,0.4606904983520508,0.8803106546401978,0.8057553768157959,0.5600000023841858
43,5,35,0.4477582275867462,0.8998382091522217,0.4477582275867462,0.8998382091522217,0.8201438784599304,0.5199999809265137
43,5,36,0.43435922265052795,0.9205422401428223,0.43435922265052795,0.9205422401428223,0.8201438784599304,0.5199999809265137
43,5,37,0.42047548294067383,0.9424057006835938,0.42047548294067383,0.9424057006835938,0.8201438784599304,0.47999998927116394
43,5,38,0.4060983955860138,0.9653935432434082,0.4060983955860138,0.9653935432434082,0.8201438784599304,0.4399999976158142
44,5,1,0.6776567101478577,0.6698994636535645,0.6776567101478577,0.6698994636535645,0.6000000238418579,0.6000000238418579
44,5,2,0.6711422204971313,0.6696258783340454,0.6711422204971313,0.6696258783340454,0.6000000238418579,0.6000000238418579
44,5,3,0.6673113703727722,0.6694905757904053,0.6673113703727722,0.6694905757904053,0.6000000238418579,0.6000000238418579
44,5,4,0.6639458537101746,0.6693823337554932,0.6639458537101746,0.6693823337554932,0.6000000238418579,0.6000000238418579
44,5,5,0.6608030796051025,0.6691837906837463,0.6608030796051025,0.6691837906837463,0.6071428656578064,0.6000000238418579
44,5,6,0.657709002494812,0.6688104271888733,0.657709002494812,0.6688104271888733,0.6071428656578064,0.6000000238418579
44,5,7,0.6545311808586121,0.6682398915290833,0.6545311808586121,0.6682398915290833,0.6071428656578064,0.6000000238418579
44,5,8,0.651189386844635,0.6675055623054504,0.651189386844635,0.6675055623054504,0.6071428656578064,0.6000000238418579
44,5,9,0.6476473808288574,0.6666707396507263,0.6476473808288574,0.6666707396507263,0.6071428656578064,0.6000000238418579
44,5,10,0.6438927054405212,0.6658003330230713,0.6438927054405212,0.6658003330230713,0.6142857074737549,0.6000000238418579
44,5,11,0.6399164795875549,0.6649434566497803,0.6399164795875549,0.6649434566497803,0.6214285492897034,0.6000000238418579
44,5,12,0.6357023119926453,0.6641276478767395,0.6357023119926453,0.6641276478767395,0.6285714507102966,0.6000000238418579
44,5,13,0.6312227249145508,0.663363516330719,0.6312227249145508,0.663363516330719,0.6357142925262451,0.5600000023841858
44,5,14,0.6264398097991943,0.6626537442207336,0.6264398097991943,0.6626537442207336,0.6499999761581421,0.5600000023841858
44,5,15,0.6213091015815735,0.6620033383369446,0.6213091015815735,0.6620033383369446,0.6642857193946838,0.5600000023841858
44,5,16,0.6157817840576172,0.6614312529563904,0.6157817840576172,0.6614312529563904,0.6714285612106323,0.5199999809265137
44,5,17,0.6098088026046753,0.6609814167022705,0.6098088026046753,0.6609814167022705,0.6642857193946838,0.5199999809265137
44,5,18,0.6033462285995483,0.6607351899147034,0.6033462285995483,0.6607351899147034,0.6714285612106323,0.6000000238418579
44,5,19,0.5963631272315979,0.6608221530914307,0.5963631272315979,0.6608221530914307,0.6642857193946838,0.6000000238418579
44,5,20,0.588847815990448,0.6614289283752441,0.588847815990448,0.6614289283752441,0.6785714030265808,0.6399999856948853
44,5,21,0.5808103084564209,0.6628068685531616,0.5808103084564209,0.6628068685531616,0.6857143044471741,0.6399999856948853
44,5,22,0.5722746849060059,0.6652792096138,0.5722746849060059,0.6652792096138,0.6714285612106323,0.6000000238418579
44,5,23,0.5632637739181519,0.6692317128181458,0.5632637739181519,0.6692317128181458,0.6857143044471741,0.6000000238418579
44,5,24,0.5537903308868408,0.6750556230545044,0.5537903308868408,0.6750556230545044,0.699999988079071,0.5600000023841858
44,5,25,0.5438854694366455,0.6830788254737854,0.5438854694366455,0.6830788254737854,0.7214285731315613,0.5600000023841858
44,5,26,0.5336652398109436,0.6936150193214417,0.5336652398109436,0.6936150193214417,0.7142857313156128,0.5600000023841858
44,5,27,0.5233712196350098,0.7071225643157959,0.5233712196350098,0.7071225643157959,0.7357142567634583,0.5600000023841858
44,5,28,0.5132835507392883,0.7241513133049011,0.5132835507392883,0.7241513133049011,0.7357142567634583,0.5199999809265137
44,5,29,0.5035314559936523,0.7450345754623413,0.5035314559936523,0.7450345754623413,0.7357142567634583,0.5199999809265137
44,5,30,0.493978887796402,0.7697344422340393,0.493978887796402,0.7697344422340393,0.75,0.4399999976158142
44,5,31,0.4842720031738281,0.7978813052177429,0.4842720031738281,0.7978813052177429,0.7714285850524902,0.4399999976158142
44,5,32,0.4740290939807892,0.8288942575454712,0.4740290939807892,0.8288942575454712,0.7857142686843872,0.4399999976158142
44,5,33,0.4630372226238251,0.8621404767036438,0.4630372226238251,0.8621404767036438,0.800000011920929,0.4399999976158142
44,5,34,0.45122790336608887,0.8970333933830261,0.45122790336608887,0.8970333933830261,0.8142856955528259,0.4399999976158142
44,5,35,0.43857118487358093,0.9331583976745605,0.43857118487358093,0.9331583976745605,0.8357142806053162,0.4399999976158142
44,5,36,0.42504239082336426,0.9704920053482056,0.42504239082336426,0.9704920053482056,0.8428571224212646,0.4399999976158142
44,5,37,0.41062799096107483,1.009497880935669,0.41062799096107483,1.009497880935669,0.8500000238418579,0.4000000059604645
44,5,38,0.39533504843711853,1.0509685277938843,0.39533504843711853,1.0509685277938843,0.8571428656578064,0.4000000059604645
44,5,39,0.3791845738887787,1.095525860786438,0.3791845738887787,1.095525860786438,0.8642857074737549,0.36000001430511475
44,5,40,0.3622368276119232,1.1431080102920532,0.3622368276119232,1.1431080102920532,0.8642857074737549,0.36000001430511475
44,5,41,0.34457239508628845,1.1926459074020386,0.34457239508628845,1.1926459074020386,0.8999999761581421,0.36000001430511475
44,5,42,0.32625994086265564,1.2423268556594849,0.32625994086265564,1.2423268556594849,0.9071428775787354,0.36000001430511475
44,5,43,0.3074040710926056,1.2904340028762817,0.3074040710926056,1.2904340028762817,0.9071428775787354,0.36000001430511475
45,5,1,0.6867335438728333,0.6828372478485107,0.6867335438728333,0.6828372478485107,0.5714285969734192,0.6000000238418579
45,5,2,0.6794771552085876,0.6795318722724915,0.6794771552085876,0.6795318722724915,0.5928571224212646,0.6000000238418579
45,5,3,0.6745705008506775,0.6773825287818909,0.6745705008506775,0.6773825287818909,0.6000000238418579,0.6000000238418579
45,5,4,0.6700948476791382,0.6756219267845154,0.6700948476791382,0.6756219267845154,0.6000000238418579,0.6000000238418579
45,5,5,0.6656968593597412,0.6740156412124634,0.6656968593597412,0.6740156412124634,0.6000000238418579,0.6000000238418579
45,5,6,0.6613194346427917,0.6724703907966614,0.6613194346427917,0.6724703907966614,0.6000000238418579,0.6000000238418579
45,5,7,0.6569370627403259,0.6708821654319763,0.6569370627403259,0.6708821654319763,0.6000000238418579,0.6000000238418579
45,5,8,0.6524749994277954,0.6691365838050842,0.6524749398231506,0.6691365838050842,0.6000000238418579,0.6000000238418579
45,5,9,0.6478311419487,0.667151689529419,0.6478311419487,0.667151689529419,0.5928571224212646,0.6000000238418579
45,5,10,0.6429116129875183,0.6648878455162048,0.6429116129875183,0.6648878455162048,0.5928571224212646,0.6000000238418579
45,5,11,0.6376341581344604,0.6623178720474243,0.6376341581344604,0.6623178720474243,0.6142857074737549,0.6000000238418579
45,5,12,0.6319126486778259,0.6593916416168213,0.6319126486778259,0.6593916416168213,0.6357142925262451,0.6000000238418579
45,5,13,0.6256467700004578,0.6560131907463074,0.6256467700004578,0.6560131907463074,0.6499999761581421,0.6000000238418579
45,5,14,0.6187267303466797,0.6520337462425232,0.6187267303466797,0.6520337462425232,0.6857143044471741,0.6399999856948853
45,5,15,0.6110418438911438,0.6472554206848145,0.6110418438911438,0.6472554206848145,0.6714285612106323,0.6800000071525574
45,5,16,0.6024938225746155,0.6414653658866882,0.6024938225746155,0.6414653658866882,0.6857143044471741,0.6800000071525574
45,5,17,0.59302818775177,0.6345224976539612,0.59302818775177,0.6345224976539612,0.6928571462631226,0.7200000286102295
45,5,18,0.5826988816261292,0.6264759302139282,0.5826988816261292,0.6264759302139282,0.699999988079071,0.7200000286102295
45,5,19,0.5717464685440063,0.617684006690979,0.5717464685440063,0.617684006690979,0.6928571462631226,0.800000011920929
45,5,20,0.5606430172920227,0.6089039444923401,0.5606430172920227,0.6089039444923401,0.7142857313156128,0.800000011920929
45,5,21,0.5499963760375977,0.6012581586837769,0.5499963760375977,0.6012581586837769,0.7285714149475098,0.8399999737739563
45,5,22,0.5402779579162598,0.5958813428878784,0.5402779579162598,0.5958813428878784,0.7142857313156128,0.8399999737739563
45,5,23,0.5316054821014404,0.5932543277740479,0.5316054821014404,0.5932543277740479,0.7214285731315613,0.800000011920929
45,5,24,0.523763120174408,0.5929819345474243,0.523763120174408,0.5929819345474243,0.7285714149475098,0.800000011920929
45,5,25,0.5163397789001465,0.5942589640617371,0.5163397789001465,0.5942589640617371,0.75,0.800000011920929
45,5,26,0.5089799761772156,0.5962642431259155,0.5089799761772156,0.5962642431259155,0.75,0.7599999904632568
45,5,27,0.5014691948890686,0.5985230803489685,0.5014691948890686,0.5985230803489685,0.75,0.7599999904632568
45,5,28,0.4936835765838623,0.6009125709533691,0.4936835765838623,0.6009125709533691,0.7714285850524902,0.7200000286102295
45,5,29,0.48562976717948914,0.6034267544746399,0.48562976717948914,0.6034267544746399,0.7785714268684387,0.7200000286102295
45,5,30,0.4773525893688202,0.6061387658119202,0.4773525893688202,0.6061387658119202,0.7714285850524902,0.7200000286102295
45,5,31,0.4689081013202667,0.6090865731239319,0.4689081013202667,0.6090865731239319,0.800000011920929,0.7200000286102295
45,5,32,0.4603441655635834,0.6122644543647766,0.4603441655635834,0.6122644543647766,0.8071428537368774,0.7599999904632568
45,5,33,0.45166105031967163,0.615659773349762,0.45166105031967163,0.615659773349762,0.8142856955528259,0.7599999904632568
45,5,34,0.4428408741950989,0.6192460060119629,0.4428408741950989,0.6192460060119629,0.8214285969734192,0.7599999904632568
45,5,35,0.4338422417640686,0.6230174899101257,0.4338422417640686,0.6230174899101257,0.8285714387893677,0.7599999904632568
45,5,36,0.42461276054382324,0.6269820928573608,0.42461276054382324,0.6269820928573608,0.8142856955528259,0.7599999904632568
45,5,37,0.41510406136512756,0.6311556100845337,0.41510406136512756,0.6311556100845337,0.8142856955528259,0.7200000286102295
45,5,38,0.4052712917327881,0.6355659365653992,0.4052712917327881,0.6355659365653992,0.8214285969734192,0.7200000286102295
45,5,39,0.3950901925563812,0.6402492523193359,0.3950901925563812,0.6402492523193359,0.8285714387893677,0.7200000286102295
45,5,40,0.3845576047897339,0.6452612280845642,0.3845576047897339,0.6452612280845642,0.8285714387893677,0.7200000286102295
45,5,41,0.37369289994239807,0.6506810784339905,0.37369289994239807,0.6506810784339905,0.8357142806053162,0.7200000286102295
45,5,42,0.36253467202186584,0.6566145420074463,0.36253467202186584,0.6566145420074463,0.8357142806053162,0.7200000286102295
45,5,43,0.3511298894882202,0.663196861743927,0.3511298894882202,0.663196861743927,0.8500000238418579,0.7200000286102295
45,5,44,0.33952948451042175,0.6705890893936157,0.33952948451042175,0.6705890893936157,0.8642857074737549,0.7200000286102295
45,5,45,0.32777905464172363,0.6789706945419312,0.32777905464172363,0.6789706945419312,0.8642857074737549,0.7200000286102295
45,5,46,0.31591325998306274,0.6885281205177307,0.31591325998306274,0.6885281205177307,0.8642857074737549,0.7200000286102295
45,5,47,0.3039495646953583,0.6994467377662659,0.3039495646953583,0.6994467377662659,0.8714285492897034,0.7200000286102295
45,5,48,0.291890949010849,0.711905837059021,0.291890949010849,0.711905837059021,0.8785714507102966,0.7200000286102295
45,5,49,0.27973422408103943,0.7260609269142151,0.27973422408103943,0.7260609269142151,0.8928571343421936,0.7200000286102295
46,5,1,0.6889158487319946,0.6942301988601685,0.6889158487319946,0.6942301988601685,0.5214285850524902,0.5199999809265137
46,5,2,0.6782709360122681,0.6842604875564575,0.6782709360122681,0.6842604875564575,0.5928571224212646,0.6000000238418579
46,5,3,0.6720860004425049,0.6783100366592407,0.6720860004425049,0.6783100366592407,0.6000000238418579,0.6000000238418579
46,5,4,0.6683151721954346,0.6751856803894043,0.6683151721954346,0.6751856803894043,0.5928571224212646,0.6000000238418579
46,5,5,0.6657126545906067,0.6737056970596313,0.6657126545906067,0.6737056970596313,0.5928571224212646,0.6000000238418579
46,5,6,0.6633558869361877,0.6730145812034607,0.6633558869361877,0.6730145812034607,0.5928571224212646,0.6000000238418579
46,5,7,0.6607427597045898,0.6726331114768982,0.6607427000999451,0.6726331114768982,0.5928571224212646,0.6000000238418579
46,5,8,0.657725989818573,0.6723620891571045,0.657725989818573,0.6723620891571045,0.5928571224212646,0.6000000238418579
46,5,9,0.6543664336204529,0.6721497178077698,0.6543664336204529,0.6721497178077698,0.5928571224212646,0.6000000238418579
46,5,10,0.6507899165153503,0.6719915270805359,0.6507899165153503,0.6719915270805359,0.5928571224212646,0.6000000238418579
46,5,11,0.6471008658409119,0.6718843579292297,0.6471008658409119,0.6718843579292297,0.6071428656578064,0.6000000238418579
46,5,12,0.6433514952659607,0.671820878982544,0.6433514952659607,0.671820878982544,0.6071428656578064,0.6000000238418579
46,5,13,0.6395481824874878,0.6718001365661621,0.6395481824874878,0.6718001365661621,0.6071428656578064,0.6000000238418579
46,5,14,0.6356692910194397,0.6718365550041199,0.6356692910194397,0.6718365550041199,0.6071428656578064,0.6000000238418579
46,5,15,0.6316792368888855,0.6719616651535034,0.6316792368888855,0.6719616651535034,0.6071428656578064,0.6000000238418579
46,5,16,0.6275339126586914,0.6722196340560913,0.6275339126586914,0.6722196340560913,0.6357142925262451,0.6000000238418579
46,5,17,0.6231833100318909,0.6726630926132202,0.6231833100318909,0.6726630926132202,0.6428571343421936,0.6000000238418579
46,5,18,0.6185725331306458,0.6733548045158386,0.6185725331306458,0.6733548045158386,0.6428571343421936,0.6000000238418579
46,5,19,0.6136474013328552,0.6743719577789307,0.6136474013328552,0.6743719577789307,0.6357142925262451,0.6000000238418579
46,5,20,0.6083593964576721,0.6758133172988892,0.6083593964576721,0.6758133172988892,0.6357142925262451,0.5600000023841858
46,5,21,0.6026687622070312,0.6778026819229126,0.6026687622070312,0.6778026819229126,0.6428571343421936,0.5600000023841858
46,5,22,0.5965421795845032,0.6804904341697693,0.5965421795845032,0.6804904341697693,0.6428571343421936,0.5600000023841858
46,5,23,0.5899479389190674,0.684058666229248,0.5899479389190674,0.684058666229248,0.6428571343421936,0.5600000023841858
46,5,24,0.582853376865387,0.6887280344963074,0.582853376865387,0.6887280344963074,0.6285714507102966,0.5600000023841858
46,5,25,0.5752298831939697,0.6947625875473022,0.5752298831939697,0.6947625875473022,0.6499999761581421,0.5600000023841858
46,5,26,0.5670714378356934,0.7024573683738708,0.5670714378356934,0.7024573683738708,0.7071428298950195,0.6000000238418579
46,5,27,0.5584280490875244,0.7120866179466248,0.5584280490875244,0.7120866179466248,0.7071428298950195,0.6000000238418579
46,5,28,0.5494318008422852,0.7238093018531799,0.5494318008422852,0.7238093018531799,0.7142857313156128,0.6399999856948853
46,5,29,0.540269672870636,0.7375689148902893,0.540269672870636,0.7375689148902893,0.7142857313156128,0.6000000238418579
46,5,30,0.5311002135276794,0.7530383467674255,0.5311002135276794,0.7530383467674255,0.7214285731315613,0.6000000238418579
46,5,31,0.5219656229019165,0.7696478366851807,0.5219656229019165,0.7696478366851807,0.7071428298950195,0.5600000023841858
46,5,32,0.5127764940261841,0.7867498993873596,0.5127764940261841,0.7867498993873596,0.7357142567634583,0.5600000023841858
46,5,33,0.5033621788024902,0.8038676381111145,0.5033621788024902,0.8038676381111145,0.7357142567634583,0.5600000023841858
46,5,34,0.49353402853012085,0.8208329677581787,0.49353402853012085,0.8208329677581787,0.7357142567634583,0.5600000023841858
46,5,35,0.48314371705055237,0.8377600312232971,0.48314371705055237,0.8377600312232971,0.75,0.5600000023841858
46,5,36,0.47212496399879456,0.8549734354019165,0.47212496399879456,0.8549734354019165,0.7714285850524902,0.5600000023841858
46,5,37,0.460481196641922,0.8729121685028076,0.460481196641922,0.8729121685028076,0.7857142686843872,0.5199999809265137
46,5,38,0.4482405185699463,0.8920274376869202,0.4482405185699463,0.8920274376869202,0.7857142686843872,0.5199999809265137
47,5,1,0.6850033402442932,0.6775344610214233,0.6850033402442932,0.6775344610214233,0.5714285969734192,0.5600000023841858
47,5,2,0.6770926713943481,0.6728602051734924,0.6770926713943481,0.6728602051734924,0.5785714387893677,0.5600000023841858
47,5,3,0.672010064125061,0.6695355176925659,0.672010064125061,0.6695355176925659,0.5928571224212646,0.6000000238418579
47,5,4,0.6676973104476929,0.6668919324874878,0.6676973104476929,0.6668919324874878,0.5857142806053162,0.6000000238418579
47,5,5,0.6636874675750732,0.6646015048027039,0.6636874675750732,0.6646015048027039,0.5857142806053162,0.6000000238418579
47,5,6,0.6597955226898193,0.6624944806098938,0.6597955226898193,0.6624944806098938,0.5928571224212646,0.6000000238418579
47,5,7,0.6559407114982605,0.6604676842689514,0.6559407114982605,0.6604676842689514,0.6000000238418579,0.6000000238418579
47,5,8,0.6520668864250183,0.6584414839744568,0.6520668864250183,0.6584414839744568,0.6000000238418579,0.6000000238418579
47,5,9,0.6481113433837891,0.6563501954078674,0.6481113433837891,0.6563501954078674,0.6000000238418579,0.6000000238418579
47,5,10,0.6440024375915527,0.6541469693183899,0.644002377986908,0.6541469693183899,0.6285714507102966,0.5600000023841858
47,5,11,0.6396666169166565,0.6518099904060364,0.6396666169166565,0.6518099904060364,0.6142857074737549,0.6000000238418579
47,5,12,0.6350353956222534,0.6493426561355591,0.6350353956222534,0.6493426561355591,0.6285714507102966,0.6399999856948853
47,5,13,0.6300439834594727,0.6467704772949219,0.6300439834594727,0.6467704772949219,0.6499999761581421,0.6399999856948853
47,5,14,0.6246277093887329,0.6441388726234436,0.6246277093887329,0.6441388726234436,0.6857143044471741,0.6000000238418579
47,5,15,0.6187167167663574,0.6415181159973145,0.6187167167663574,0.6415181159973145,0.6785714030265808,0.6399999856948853
47,5,16,0.6122355461120605,0.639018714427948,0.6122355461120605,0.639018714427948,0.6714285612106323,0.6399999856948853
47,5,17,0.6051074862480164,0.6368181109428406,0.6051074862480164,0.6368181109428406,0.6857143044471741,0.6399999856948853
47,5,18,0.5972661972045898,0.6351947784423828,0.5972661972045898,0.6351947784423828,0.6928571462631226,0.6000000238418579
47,5,19,0.5886757969856262,0.6345612406730652,0.5886757969856262,0.6345612406730652,0.7071428298950195,0.6000000238418579
47,5,20,0.579365074634552,0.6354654431343079,0.579365074634552,0.6354654431343079,0.7285714149475098,0.6000000238418579
47,5,21,0.5694662928581238,0.6385087370872498,0.5694662928581238,0.6385087370872498,0.7357142567634583,0.6399999856948853
47,5,22,0.5592272281646729,0.6441324353218079,0.5592272281646729,0.6441324353218079,0.7428571581840515,0.6000000238418579
47,5,23,0.5489504337310791,0.6523012518882751,0.5489504337310791,0.6523012518882751,0.7642857432365417,0.6000000238418579
47,5,24,0.5388540029525757,0.6622559428215027,0.5388540029525757,0.6622559428215027,0.7642857432365417,0.6000000238418579
47,5,25,0.5289583206176758,0.672629714012146,0.5289583206176758,0.672629714012146,0.7642857432365417,0.6000000238418579
47,5,26,0.5191214680671692,0.6820275187492371,0.5191214680671692,0.6820275187492371,0.7714285850524902,0.6000000238418579
47,5,27,0.5091841220855713,0.6896771192550659,0.5091841220855713,0.6896771192550659,0.7714285850524902,0.6000000238418579
47,5,28,0.4990672469139099,0.6956425309181213,0.4990672469139099,0.6956425309181213,0.7714285850524902,0.6000000238418579
47,5,29,0.48878157138824463,0.700508713722229,0.48878157138824463,0.700508713722229,0.7785714268684387,0.6000000238418579
47,5,30,0.478392630815506,0.7048788666725159,0.478392630815506,0.7048788666725159,0.7857142686843872,0.6000000238418579
47,5,31,0.4678957164287567,0.709132969379425,0.4678957164287567,0.709132969379425,0.8214285969734192,0.6000000238418579
47,5,32,0.4571780562400818,0.7134792804718018,0.4571780562400818,0.7134792804718018,0.8285714387893677,0.6000000238418579
47,5,33,0.4461122751235962,0.7180807590484619,0.4461122751235962,0.7180807590484619,0.8428571224212646,0.6000000238418579
47,5,34,0.43452635407447815,0.7231824994087219,0.43452635407447815,0.7231824994087219,0.8428571224212646,0.6399999856948853
47,5,35,0.42223432660102844,0.7291347980499268,0.42223432660102844,0.7291347980499268,0.8571428656578064,0.6800000071525574
47,5,36,0.409330278635025,0.736214816570282,0.409330278635025,0.736214816570282,0.8642857074737549,0.7200000286102295
47,5,37,0.3961973786354065,0.744415283203125,0.3961973786354065,0.744415283203125,0.8642857074737549,0.7200000286102295
47,5,38,0.3830571174621582,0.7534375190734863,0.3830571174621582,0.7534375190734863,0.8714285492897034,0.7200000286102295
47,5,39,0.3699972927570343,0.7626481056213379,0.3699972927570343,0.7626481056213379,0.8714285492897034,0.7200000286102295
47,5,40,0.3569341003894806,0.771369457244873,0.3569341003894806,0.771369457244873,0.8785714507102966,0.7200000286102295
47,5,41,0.3436397612094879,0.779405951499939,0.3436397612094879,0.779405951499939,0.8714285492897034,0.6800000071525574
47,5,42,0.3297818601131439,0.7872557044029236,0.3297818601131439,0.7872557044029236,0.8785714507102966,0.6800000071525574
47,5,43,0.3151274621486664,0.796063244342804,0.3151274621486664,0.796063244342804,0.8857142925262451,0.6800000071525574
47,5,44,0.299835741519928,0.8069943189620972,0.299835741519928,0.8069943189620972,0.8928571343421936,0.6800000071525574
48,5,1,0.7023859024047852,0.6804953217506409,0.7023859024047852,0.6804953217506409,0.41428571939468384,0.7200000286102295
48,5,2,0.6870918869972229,0.67424476146698,0.6870918869972229,0.67424476146698,0.550000011920929,0.6000000238418579
48,5,3,0.6793429255485535,0.6711241006851196,0.6793429255485535,0.6711241006851196,0.5857142806053162,0.6000000238418579
48,5,4,0.6750150322914124,0.6692529320716858,0.6750150322914124,0.6692529320716858,0.5857142806053162,0.6000000238418579
48,5,5,0.672074019908905,0.6674959063529968,0.672074019908905,0.6674959063529968,0.5857142806053162,0.6000000238418579
48,5,6,0.6694592237472534,0.6654472351074219,0.6694592237472534,0.6654472351074219,0.5857142806053162,0.6000000238418579
48,5,7,0.6668428182601929,0.6631381511688232,0.6668428182601929,0.6631381511688232,0.5857142806053162,0.6000000238418579
48,5,8,0.6642504930496216,0.6607252359390259,0.6642504930496216,0.6607252359390259,0.5857142806053162,0.6000000238418579
48,5,9,0.661762535572052,0.6583192944526672,0.661762535572052,0.6583192944526672,0.5857142806053162,0.6000000238418579
48,5,10,0.659388542175293,0.6559495329856873,0.659388542175293,0.6559495329856873,0.5857142806053162,0.6000000238418579
48,5,11,0.6570707559585571,0.6535963416099548,0.6570707559585571,0.6535963416099548,0.5857142806053162,0.6000000238418579
48,5,12,0.6547318696975708,0.6512276530265808,0.6547318696975708,0.6512276530265808,0.5857142806053162,0.6000000238418579
48,5,13,0.6523109078407288,0.648817241191864,0.6523109078407288,0.648817241191864,0.5928571224212646,0.6000000238418579
48,5,14,0.6497725248336792,0.6463437676429749,0.649772584438324,0.6463437676429749,0.5928571224212646,0.6000000238418579
48,5,15,0.6470990180969238,0.6437855362892151,0.6470990180969238,0.6437855362892151,0.6071428656578064,0.6399999856948853
48,5,16,0.6442778706550598,0.6411167979240417,0.6442778706550598,0.6411167979240417,0.6071428656578064,0.6399999856948853
48,5,17,0.6412947177886963,0.6383092999458313,0.6412947177886963,0.6383092999458313,0.6071428656578064,0.6399999856948853
48,5,18,0.6381315588951111,0.6353353261947632,0.6381315588951111,0.6353353261947632,0.6071428656578064,0.6399999856948853
48,5,19,0.6347672343254089,0.632169783115387,0.6347672343254089,0.632169783115387,0.6142857074737549,0.6800000071525574
48,5,20,0.6311770677566528,0.628790557384491,0.6311770677566528,0.628790557384491,0.6285714507102966,0.6800000071525574
48,5,21,0.6273320317268372,0.6251770257949829,0.6273320317268372,0.6251770257949829,0.6285714507102966,0.6800000071525574
48,5,22,0.6231986880302429,0.6213112473487854,0.6231986880302429,0.6213112473487854,0.6214285492897034,0.6399999856948853
48,5,23,0.6187422275543213,0.6171801686286926,0.6187422275543213,0.6171801686286926,0.6214285492897034,0.6399999856948853
48,5,24,0.6139310002326965,0.6127802133560181,0.6139310002326965,0.6127802133560181,0.6285714507102966,0.6399999856948853
48,5,25,0.608744204044342,0.6081239581108093,0.608744204044342,0.6081239581108093,0.6285714507102966,0.6399999856948853
48,5,26,0.6031792759895325,0.6032499074935913,0.6031792759895325,0.6032499074935913,0.6428571343421936,0.6399999856948853
48,5,27,0.597258985042572,0.5982325077056885,0.597258985042572,0.5982325077056885,0.6571428775787354,0.6399999856948853
48,5,28,0.5910342335700989,0.5931867361068726,0.5910342335700989,0.5931867361068726,0.6642857193946838,0.6399999856948853
48,5,29,0.5845778584480286,0.5882551670074463,0.5845778584480286,0.5882551670074463,0.6785714030265808,0.6000000238418579
48,5,30,0.5779659748077393,0.5835750699043274,0.5779659748077393,0.5835750699043274,0.699999988079071,0.6000000238418579
48,5,31,0.5712559223175049,0.5792394876480103,0.5712559223175049,0.5792394876480103,0.7071428298950195,0.6399999856948853
48,5,32,0.5644739866256714,0.575282633304596,0.5644739866256714,0.575282633304596,0.7071428298950195,0.6399999856948853
48,5,33,0.5576252341270447,0.5716835856437683,0.5576252341270447,0.5716835856437683,0.7285714149475098,0.6399999856948853
48,5,34,0.5507150888442993,0.568369448184967,0.5507150888442993,0.568369448184967,0.7285714149475098,0.6399999856948853
48,5,35,0.5437602996826172,0.5652235746383667,0.5437602996826172,0.5652235746383667,0.7285714149475098,0.6000000238418579
48,5,36,0.5367864966392517,0.5621158480644226,0.5367864966392517,0.5621158480644226,0.7357142567634583,0.6000000238418579
48,5,37,0.5298144221305847,0.5589360594749451,0.5298144221305847,0.5589360594749451,0.7357142567634583,0.6000000238418579
48,5,38,0.5228441953659058,0.5556111335754395,0.5228441953659058,0.5556111335754395,0.7428571581840515,0.6399999856948853
48,5,39,0.5158424377441406,0.552111804485321,0.5158424377441406,0.552111804485321,0.7428571581840515,0.6800000071525574
48,5,40,0.508744478225708,0.5484581589698792,0.508744478225708,0.5484581589698792,0.7357142567634583,0.6800000071525574
48,5,41,0.5014663338661194,0.5447186231613159,0.5014663338661194,0.5447186231613159,0.7285714149475098,0.7200000286102295
48,5,42,0.4939168095588684,0.5410046577453613,0.4939168095588684,0.5410046577453613,0.7357142567634583,0.6800000071525574
48,5,43,0.48600947856903076,0.5374636054039001,0.48600947856903076,0.5374636054039001,0.7357142567634583,0.6800000071525574
48,5,44,0.47767460346221924,0.5342676639556885,0.47767460346221924,0.5342676639556885,0.75,0.7200000286102295
48,5,45,0.4688623249530792,0.5316038727760315,0.4688623249530792,0.5316038727760315,0.7714285850524902,0.7200000286102295
48,5,46,0.4595412611961365,0.5296685099601746,0.4595412611961365,0.5296685099601746,0.7785714268684387,0.7200000286102295
48,5,47,0.44969668984413147,0.528664231300354,0.44969668984413147,0.528664231300354,0.7785714268684387,0.7200000286102295
48,5,48,0.4393276274204254,0.5288015007972717,0.4393276274204254,0.5288015007972717,0.7928571701049805,0.7200000286102295
48,5,49,0.4284418523311615,0.530291736125946,0.4284418523311615,0.530291736125946,0.8142856955528259,0.7200000286102295
48,5,50,0.41704949736595154,0.5333273410797119,0.41704949736595154,0.5333273410797119,0.8285714387893677,0.7200000286102295
48,5,51,0.4051503539085388,0.5380547642707825,0.4051503539085388,0.5380547642707825,0.8357142806053162,0.7200000286102295
48,5,52,0.39272740483283997,0.5445504188537598,0.39272740483283997,0.5445504188537598,0.8357142806053162,0.6800000071525574
48,5,53,0.37975263595581055,0.5528056621551514,0.37975263595581055,0.5528056621551514,0.8357142806053162,0.6399999856948853
48,5,54,0.3662009835243225,0.5627187490463257,0.3662009835243225,0.5627187490463257,0.8571428656578064,0.6399999856948853
48,5,55,0.35205981135368347,0.5741037726402283,0.35205981135368347,0.5741037726402283,0.8642857074737549,0.6399999856948853
48,5,56,0.3373272120952606,0.5867245197296143,0.3373272120952606,0.5867245197296143,0.8642857074737549,0.6399999856948853
48,5,57,0.3220098316669464,0.6003613471984863,0.3220098316669464,0.6003613471984863,0.8642857074737549,0.6399999856948853
48,5,58,0.3061226010322571,0.6148902773857117,0.3061226010322571,0.6148902773857117,0.8785714507102966,0.6000000238418579
48,5,59,0.28969496488571167,0.6303504705429077,0.28969496488571167,0.6303504705429077,0.8928571343421936,0.6000000238418579
48,5,60,0.2727808952331543,0.6469814777374268,0.2727808952331543,0.6469814777374268,0.8928571343421936,0.6000000238418579
48,5,61,0.2554723024368286,0.6652547717094421,0.2554723024368286,0.6652547717094421,0.9071428775787354,0.6000000238418579
48,5,62,0.23791658878326416,0.6859273314476013,0.23791658878326416,0.6859273314476013,0.9142857193946838,0.6000000238418579
48,5,63,0.2203231006860733,0.7101171612739563,0.2203231006860733,0.7101171612739563,0.9357143044471741,0.6000000238418579
48,5,64,0.20292337238788605,0.7392246723175049,0.20292337238788605,0.7392246723175049,0.949999988079071,0.6000000238418579
48,5,65,0.18588057160377502,0.7743813395500183,0.18588057160377502,0.7743813395500183,0.949999988079071,0.5600000023841858
48,5,66,0.16923736035823822,0.8156107068061829,0.16923736035823822,0.8156107068061829,0.9571428298950195,0.6000000238418579
48,5,67,0.15302059054374695,0.8613032698631287,0.15302059054374695,0.8613032698631287,0.9571428298950195,0.6399999856948853
48,5,68,0.13746395707130432,0.908275306224823,0.13746395707130432,0.908275306224823,0.9714285731315613,0.6399999856948853
48,5,69,0.12305358797311783,0.9530157446861267,0.12305358797311783,0.9530157446861267,0.9785714149475098,0.6399999856948853
48,5,70,0.11011742800474167,0.9933432936668396,0.11011742800474167,0.9933432936668396,0.9785714149475098,0.6399999856948853
48,5,71,0.09838344901800156,1.0286200046539307,0.09838344901800156,1.0286200046539307,0.9785714149475098,0.6800000071525574
48,5,72,0.08727233856916428,1.060814380645752,0.08727233856916428,1.060814380645752,0.9785714149475098,0.6800000071525574
49,5,1,0.6921910643577576,0.7075953483581543,0.6921910643577576,0.7075953483581543,0.4714285731315613,0.4399999976158142
49,5,2,0.6799140572547913,0.6995118856430054,0.6799140572547913,0.6995118856430054,0.6571428775787354,0.5600000023841858
49,5,3,0.6728737950325012,0.6951124668121338,0.6728737950325012,0.6951124668121338,0.6142857074737549,0.6000000238418579
49,5,4,0.6690880656242371,0.6931378245353699,0.6690880656242371,0.6931378245353699,0.5928571224212646,0.6000000238418579
49,5,5,0.6671333909034729,0.6923538446426392,0.6671333909034729,0.6923538446426392,0.5928571224212646,0.6000000238418579
49,5,6,0.6658099293708801,0.6918676495552063,0.6658099293708801,0.6918676495552063,0.5928571224212646,0.6000000238418579
49,5,7,0.664344310760498,0.6912190914154053,0.664344310760498,0.6912190914154053,0.5928571224212646,0.6000000238418579
49,5,8,0.6624116897583008,0.6902969479560852,0.6624116897583008,0.6902969479560852,0.5928571224212646,0.6000000238418579
49,5,9,0.6600052714347839,0.6891754269599915,0.6600052714347839,0.6891754269599915,0.5928571224212646,0.6000000238418579
49,5,10,0.6572617888450623,0.6879733204841614,0.6572617888450623,0.6879733204841614,0.5928571224212646,0.6000000238418579
49,5,11,0.6543294787406921,0.6867788434028625,0.6543294787406921,0.6867788434028625,0.5928571224212646,0.6000000238418579
49,5,12,0.6513078808784485,0.6856334209442139,0.6513078808784485,0.6856334209442139,0.6071428656578064,0.6000000238418579
49,5,13,0.6482412219047546,0.6845433712005615,0.6482412219047546,0.6845433712005615,0.6142857074737549,0.6000000238418579
49,5,14,0.6451328992843628,0.6834995746612549,0.6451328992843628,0.6834995746612549,0.6142857074737549,0.6000000238418579
49,5,15,0.6419641971588135,0.682487964630127,0.6419641971588135,0.682487964630127,0.6142857074737549,0.6000000238418579
49,5,16,0.6387044787406921,0.6814939975738525,0.6387044787406921,0.6814939975738525,0.6214285492897034,0.6000000238418579
49,5,17,0.6353163719177246,0.6805030107498169,0.6353163719177246,0.6805030107498169,0.6214285492897034,0.6000000238418579
49,5,18,0.6317574977874756,0.6794993877410889,0.6317574977874756,0.6794993877410889,0.6214285492897034,0.6000000238418579
49,5,19,0.6279832124710083,0.6784684658050537,0.6279832124710083,0.6784684658050537,0.6142857074737549,0.6000000238418579
49,5,20,0.6239500045776367,0.6774011850357056,0.6239500045776367,0.6774011850357056,0.6142857074737549,0.6000000238418579
49,5,21,0.6196208000183105,0.6762973070144653,0.6196208000183105,0.6762973070144653,0.6142857074737549,0.5600000023841858
49,5,22,0.6149678826332092,0.6751677989959717,0.6149678826332092,0.6751677989959717,0.6285714507102966,0.5600000023841858
49,5,23,0.6099748015403748,0.6740350127220154,0.6099748015403748,0.6740350127220154,0.6428571343421936,0.5600000023841858
49,5,24,0.6046349406242371,0.6729286313056946,0.6046349406242371,0.6729286313056946,0.6357142925262451,0.5600000023841858
49,5,25,0.5989497303962708,0.6718803644180298,0.5989497303962708,0.6718803644180298,0.6428571343421936,0.5199999809265137
49,5,26,0.5929248332977295,0.6709189414978027,0.5929248332977295,0.6709189414978027,0.6571428775787354,0.5600000023841858
49,5,27,0.5865678787231445,0.6700670719146729,0.5865678787231445,0.6700670719146729,0.6642857193946838,0.5600000023841858
49,5,28,0.5798864364624023,0.6693457961082458,0.5798864364624023,0.6693457961082458,0.6714285612106323,0.5600000023841858
49,5,29,0.5728888511657715,0.6687820553779602,0.5728888511657715,0.6687820553779602,0.6928571462631226,0.5600000023841858
49,5,30,0.5655868649482727,0.6684120297431946,0.5655868649482727,0.6684120297431946,0.7142857313156128,0.5600000023841858
49,5,31,0.557993471622467,0.6682696342468262,0.557993471622467,0.6682696342468262,0.7214285731315613,0.5199999809265137
49,5,32,0.5501144528388977,0.6683706641197205,0.5501144528388977,0.6683706641197205,0.7142857313156128,0.47999998927116394
49,5,33,0.5419359803199768,0.6687085628509521,0.5419359803199768,0.6687085628509521,0.7428571581840515,0.4000000059604645
49,5,34,0.5334199666976929,0.6692686676979065,0.5334199666976929,0.6692686676979065,0.7357142567634583,0.4000000059604645
49,5,35,0.524511992931366,0.6700360178947449,0.524511992931366,0.6700360178947449,0.7357142567634583,0.4000000059604645
49,5,36,0.5151514410972595,0.6709809303283691,0.5151514410972595,0.6709809303283691,0.75,0.4000000059604645
49,5,37,0.5052711367607117,0.6720476746559143,0.5052711367607117,0.6720476746559143,0.7571428418159485,0.4000000059604645
49,5,38,0.4947951138019562,0.6731794476509094,0.4947951138019562,0.6731794476509094,0.7785714268684387,0.4399999976158142
49,5,39,0.4836452901363373,0.6743515729904175,0.4836452901363373,0.6743515729904175,0.7857142686843872,0.5199999809265137
49,5,40,0.4717445373535156,0.6755760312080383,0.4717445373535156,0.6755760312080383,0.7928571701049805,0.5600000023841858
49,5,41,0.45899903774261475,0.6769139170646667,0.45899903774261475,0.6769139170646667,0.800000011920929,0.5600000023841858
49,5,42,0.44528675079345703,0.6784976124763489,0.44528675079345703,0.6784976124763489,0.7928571701049805,0.5600000023841858
49,5,43,0.4304649531841278,0.680533230304718,0.4304649531841278,0.680533230304718,0.8214285969734192,0.5600000023841858
49,5,44,0.41438063979148865,0.6833272576332092,0.41438063979148865,0.6833272576332092,0.8285714387893677,0.5600000023841858
49,5,45,0.39689478278160095,0.687296450138092,0.39689478278160095,0.687296450138092,0.8285714387893677,0.5600000023841858
49,5,46,0.3779161274433136,0.6929368376731873,0.3779161274433136,0.6929368376731873,0.8428571224212646,0.5600000023841858
49,5,47,0.3574296534061432,0.7008169293403625,0.3574296534061432,0.7008169293403625,0.8500000238418579,0.5600000023841858
49,5,48,0.33551886677742004,0.7115289568901062,0.33551886677742004,0.7115289568901062,0.8785714507102966,0.6000000238418579
49,5,49,0.3123086094856262,0.7258210778236389,0.3123086094856262,0.7258210778236389,0.8999999761581421,0.6399999856948853
49,5,50,0.2878643572330475,0.7450065612792969,0.2878643572330475,0.7450065612792969,0.8999999761581421,0.6800000071525574
49,5,51,0.2622106075286865,0.7711682915687561,0.2622106075286865,0.7711682915687561,0.9214285612106323,0.6800000071525574
49,5,52,0.23550447821617126,0.8061888813972473,0.23550447821617126,0.8061888813972473,0.9285714030265808,0.6399999856948853
49,5,53,0.2080078125,0.8507286310195923,0.2080078125,0.8507286310195923,0.9357143044471741,0.6399999856948853
49,5,54,0.17996349930763245,0.9030668139457703,0.17996349930763245,0.9030668139457703,0.9571428298950195,0.6399999856948853
49,5,55,0.151987686753273,0.9559720754623413,0.151987686753273,0.9559720754623413,0.9714285731315613,0.6399999856948853
49,5,56,0.12529639899730682,1.001815915107727,0.12529639899730682,1.001815915107727,0.9785714149475098,0.6399999856948853
50,5,1,0.7120987772941589,0.7213643789291382,0.7120987772941589,0.7213643789291382,0.4000000059604645,0.36000001430511475
50,5,2,0.6927647590637207,0.7039825320243835,0.6927647590637207,0.7039825320243835,0.48571428656578064,0.47999998927116394
50,5,3,0.6809103488922119,0.6928098797798157,0.6809103488922119,0.6928098797798157,0.6142857074737549,0.47999998927116394
50,5,4,0.6737176775932312,0.6860754489898682,0.6737176775932312,0.6860754489898682,0.6071428656578064,0.6000000238418579
50,5,5,0.6693611741065979,0.6821900010108948,0.6693611741065979,0.6821900010108948,0.5928571224212646,0.6000000238418579
50,5,6,0.666388213634491,0.6799291968345642,0.666388213634491,0.6799291968345642,0.5928571224212646,0.6000000238418579
50,5,7,0.6638708710670471,0.6785305738449097,0.6638708710670471,0.6785305738449097,0.5928571224212646,0.6000000238418579
50,5,8,0.6613906025886536,0.6776087284088135,0.6613906025886536,0.6776087284088135,0.5928571224212646,0.6000000238418579
50,5,9,0.6588603258132935,0.6769815683364868,0.6588603258132935,0.6769815683364868,0.6000000238418579,0.6000000238418579
50,5,10,0.656316876411438,0.6765322685241699,0.656316876411438,0.6765322685241699,0.6071428656578064,0.6000000238418579
50,5,11,0.653789222240448,0.6761532425880432,0.653789222240448,0.6761532425880432,0.6142857074737549,0.6000000238418579
50,5,12,0.6512589454650879,0.675748884677887,0.6512589454650879,0.675748884677887,0.6214285492897034,0.6000000238418579
50,5,13,0.6486760377883911,0.6752575039863586,0.6486760377883911,0.6752575039863586,0.6214285492897034,0.6000000238418579
50,5,14,0.6459851264953613,0.6746637225151062,0.6459851264953613,0.6746637225151062,0.6285714507102966,0.6000000238418579
50,5,15,0.6431430578231812,0.6739948391914368,0.6431430578231812,0.6739948391914368,0.6285714507102966,0.5600000023841858
50,5,16,0.640119194984436,0.6733054518699646,0.640119194984436,0.6733054518699646,0.6285714507102966,0.5199999809265137
50,5,17,0.6368877291679382,0.6726605296134949,0.6368877291679382,0.6726605296134949,0.6285714507102966,0.5199999809265137
50,5,18,0.6334198117256165,0.6721237301826477,0.6334198117256165,0.6721237301826477,0.6285714507102966,0.5199999809265137
50,5,19,0.6296791434288025,0.6717535257339478,0.6296791434288025,0.6717535257339478,0.6285714507102966,0.47999998927116394
50,5,20,0.6256225109100342,0.6716036200523376,0.6256225109100342,0.6716036200523376,0.6428571343421936,0.5199999809265137
50,5,21,0.6212018132209778,0.6717280745506287,0.6212018132209778,0.6717280745506287,0.6571428775787354,0.47999998927116394
50,5,22,0.6163649559020996,0.6721872091293335,0.6163649559020996,0.6721872091293335,0.6499999761581421,0.5199999809265137
50,5,23,0.6110569834709167,0.6730575561523438,0.6110569834709167,0.6730575561523438,0.6642857193946838,0.5199999809265137
50,5,24,0.6052241921424866,0.6744438409805298,0.6052241921424866,0.6744438409805298,0.6571428775787354,0.5199999809265137
50,5,25,0.5988245010375977,0.6764782071113586,0.5988245010375977,0.6764782071113586,0.6857143044471741,0.5199999809265137
50,5,26,0.5918436050415039,0.6792829632759094,0.5918436050415039,0.6792829632759094,0.6785714030265808,0.5199999809265137
50,5,27,0.5843136310577393,0.6828670501708984,0.5843136310577393,0.6828670501708984,0.6785714030265808,0.5199999809265137
50,5,28,0.5763203501701355,0.6869865655899048,0.5763203501701355,0.6869865655899048,0.6857143044471741,0.5199999809265137
50,5,29,0.5679718852043152,0.6910997629165649,0.5679718852043152,0.6910997629165649,0.7071428298950195,0.5199999809265137
50,5,30,0.5593240857124329,0.6945346593856812,0.5593240857124329,0.6945346593856812,0.7071428298950195,0.6000000238418579
50,5,31,0.5503224730491638,0.6967504620552063,0.5503224730491638,0.6967504620552063,0.7214285731315613,0.6000000238418579
50,5,32,0.5408232808113098,0.6975064873695374,0.5408232808113098,0.6975064873695374,0.7428571581840515,0.6399999856948853
50,5,33,0.5306634902954102,0.6969921588897705,0.5306634902954102,0.6969921588897705,0.7357142567634583,0.6399999856948853
50,5,34,0.5197279453277588,0.6958761811256409,0.5197279453277588,0.6958761811256409,0.7428571581840515,0.6000000238418579
50,5,35,0.5080167651176453,0.6950615644454956,0.5080167651176453,0.6950615644454956,0.75,0.6000000238418579
50,5,36,0.49563902616500854,0.6953877806663513,0.49563902616500854,0.6953877806663513,0.7642857432365417,0.6000000238418579
50,5,37,0.48271968960762024,0.697583019733429,0.48271968960762024,0.697583019733429,0.7714285850524902,0.6399999856948853
50,5,38,0.46933865547180176,0.7022275328636169,0.46933865547180176,0.7022275328636169,0.7785714268684387,0.6399999856948853
50,5,39,0.45550522208213806,0.7096953392028809,0.45550522208213806,0.7096953392028809,0.7928571701049805,0.6000000238418579
50,5,40,0.4411318898200989,0.7202214002609253,0.4411318898200989,0.7202214002609253,0.800000011920929,0.6000000238418579
50,5,41,0.4260672628879547,0.7338769435882568,0.4260672628879547,0.7338769435882568,0.8071428537368774,0.6000000238418579
50,5,42,0.4101450443267822,0.7506210207939148,0.4101450443267822,0.7506210207939148,0.8142856955528259,0.6000000238418579
50,5,43,0.3932124376296997,0.7704570293426514,0.3932124376296997,0.7704570293426514,0.8357142806053162,0.6000000238418579
50,5,44,0.3751685619354248,0.7934911847114563,0.3751685619354248,0.7934911847114563,0.8428571224212646,0.6000000238418579
50,5,45,0.35597431659698486,0.8199741244316101,0.35597431659698486,0.8199741244316101,0.8642857074737549,0.6000000238418579
