fold,repeat,epoch,loss,inner_val_loss,bce,inner_val_bce,accuracy,inner_val_accuracy
1,1,1,0.6905151009559631,0.6993321776390076,0.6879147887229919,0.6993321776390076,0.5611510872840881,0.3199999928474426
1,1,2,0.6889379620552063,0.6993056535720825,0.6869992613792419,0.6993056535720825,0.5755395889282227,0.3199999928474426
1,1,3,0.6878437399864197,0.6991313695907593,0.6859492063522339,0.6991313695907593,0.5827338099479675,0.4000000059604645
1,1,4,0.6868264675140381,0.6988940238952637,0.6848297715187073,0.6988940238952637,0.6043165326118469,0.4399999976158142
1,1,5,0.6858450174331665,0.6986292004585266,0.6836995482444763,0.6986292004585266,0.6187050342559814,0.4399999976158142
1,1,6,0.6848827600479126,0.6983611583709717,0.682555079460144,0.6983611583709717,0.6187050342559814,0.4399999976158142
1,1,7,0.6839301586151123,0.6981654167175293,0.681402862071991,0.6981654167175293,0.6115108132362366,0.4000000059604645
1,1,8,0.6829866766929626,0.6979814171791077,0.6802499890327454,0.6979814171791077,0.6043165326118469,0.4399999976158142
1,1,9,0.6820502877235413,0.6978154182434082,0.679112434387207,0.6978154182434082,0.6115108132362366,0.4399999976158142
1,1,10,0.681093692779541,0.6976770758628845,0.6779682636260986,0.6976770758628845,0.597122311592102,0.4399999976158142
1,1,11,0.6801154613494873,0.6976024508476257,0.676827073097229,0.6976024508476257,0.6115108132362366,0.4399999976158142
1,1,12,0.6791324019432068,0.6975967884063721,0.675713062286377,0.6975967884063721,0.6258992552757263,0.4399999976158142
1,1,13,0.6781144738197327,0.6976315379142761,0.6746138334274292,0.6976315379142761,0.6258992552757263,0.4399999976158142
1,1,14,0.6770678758621216,0.6976383328437805,0.6735105514526367,0.6976383328437805,0.6258992552757263,0.4399999976158142
1,1,15,0.6760058999061584,0.6976965069770813,0.6723918318748474,0.6976965069770813,0.6187050342559814,0.4399999976158142
1,1,16,0.6749182939529419,0.697794497013092,0.6712559461593628,0.697794497013092,0.6187050342559814,0.4399999976158142
1,1,17,0.6738003492355347,0.6978920102119446,0.6701065897941589,0.6978920102119446,0.6258992552757263,0.4399999976158142
1,1,18,0.6726685166358948,0.6980106830596924,0.6689488887786865,0.6980106830596924,0.6258992552757263,0.4399999976158142
1,1,19,0.6715179085731506,0.6981347799301147,0.6678035259246826,0.6981347799301147,0.6258992552757263,0.4399999976158142
1,1,20,0.6703395247459412,0.6982163190841675,0.6666464805603027,0.6982163190841675,0.633093535900116,0.47999998927116394
1,1,21,0.6691070199012756,0.6983497142791748,0.6654457449913025,0.6983497142791748,0.6402877569198608,0.47999998927116394
1,1,22,0.667843759059906,0.6984837055206299,0.6642491221427917,0.6984837055206299,0.6402877569198608,0.47999998927116394
1,1,23,0.6665592789649963,0.6985231041908264,0.6630100011825562,0.6985231041908264,0.6402877569198608,0.47999998927116394
1,1,24,0.6652533411979675,0.6984951496124268,0.6617048978805542,0.6984951496124268,0.6402877569198608,0.5199999809265137
1,1,25,0.6639316082000732,0.6984508037567139,0.6603325009346008,0.6984508037567139,0.6546762585639954,0.5199999809265137
1,1,26,0.6625749468803406,0.6984272003173828,0.6589154005050659,0.6984272003173828,0.6618704795837402,0.5199999809265137
1,1,27,0.661175012588501,0.6984205842018127,0.6574831008911133,0.6984205842018127,0.6762589812278748,0.5199999809265137
1,1,28,0.659742534160614,0.698395311832428,0.6560313105583191,0.698395311832428,0.6762589812278748,0.5199999809265137
1,1,29,0.658274233341217,0.6983498930931091,0.6545006036758423,0.6983498930931091,0.6762589812278748,0.5199999809265137
1,1,30,0.6567662954330444,0.6983345150947571,0.6528709530830383,0.6983345150947571,0.6834532618522644,0.5199999809265137
1,1,31,0.6552100777626038,0.6983444690704346,0.6511707901954651,0.6983444690704346,0.6834532618522644,0.5199999809265137
1,1,32,0.6536335349082947,0.6983633637428284,0.6494485139846802,0.6983633637428284,0.6834532618522644,0.5199999809265137
1,1,33,0.6520301699638367,0.6984494924545288,0.64771568775177,0.6984494924545288,0.6762589812278748,0.5199999809265137
1,1,34,0.6504367589950562,0.6985675692558289,0.6460496783256531,0.6985675692558289,0.6762589812278748,0.5199999809265137
1,1,35,0.6488084197044373,0.6987112164497375,0.6444112062454224,0.6987112164497375,0.6762589812278748,0.5199999809265137
1,1,36,0.6471405625343323,0.6990213990211487,0.6428295969963074,0.6990213990211487,0.6762589812278748,0.47999998927116394
2,1,1,0.6967708468437195,0.6974522471427917,0.7064647078514099,0.6974522471427917,0.42446044087409973,0.4000000059604645
2,1,2,0.6955209374427795,0.6969814896583557,0.7046974301338196,0.6969814896583557,0.42446044087409973,0.4000000059604645
2,1,3,0.6947665214538574,0.696693480014801,0.7041036486625671,0.696693480014801,0.41726619005203247,0.4000000059604645
2,1,4,0.6941016912460327,0.6964942812919617,0.7036879062652588,0.6964942812919617,0.42446044087409973,0.4000000059604645
2,1,5,0.6935067176818848,0.6962834000587463,0.7033355236053467,0.6962834000587463,0.42446044087409973,0.4000000059604645
2,1,6,0.6929387450218201,0.6959927082061768,0.7029886841773987,0.6959927082061768,0.42446044087409973,0.4000000059604645
2,1,7,0.6923664808273315,0.6956585645675659,0.7026171684265137,0.6956585645675659,0.42446044087409973,0.4000000059604645
2,1,8,0.6918045878410339,0.6952856183052063,0.7022466659545898,0.6952856183052063,0.43884891271591187,0.4000000059604645
2,1,9,0.6912608742713928,0.6949169635772705,0.7018775939941406,0.6949169635772705,0.43884891271591187,0.4000000059604645
2,1,10,0.690737783908844,0.6945254802703857,0.701492190361023,0.6945254802703857,0.43884891271591187,0.36000001430511475
2,1,11,0.6902075409889221,0.6940468549728394,0.7010465264320374,0.6940468549728394,0.4316546618938446,0.36000001430511475
2,1,12,0.6896769404411316,0.6935200691223145,0.7005565762519836,0.6935200691223145,0.42446044087409973,0.36000001430511475
2,1,13,0.6891464591026306,0.6929827332496643,0.700038731098175,0.6929827332496643,0.42446044087409973,0.36000001430511475
2,1,14,0.688626766204834,0.6924288272857666,0.6995043754577637,0.6924288272857666,0.4316546618938446,0.36000001430511475
2,1,15,0.6881121397018433,0.6918400526046753,0.6989351511001587,0.6918400526046753,0.4316546618938446,0.36000001430511475
2,1,16,0.6875855922698975,0.6912173628807068,0.6983152031898499,0.6912173628807068,0.43884891271591187,0.4000000059604645
2,1,17,0.6870468854904175,0.690584659576416,0.697659969329834,0.690584659576416,0.4532374143600464,0.4000000059604645
2,1,18,0.6865039467811584,0.689963698387146,0.6969823241233826,0.689963698387146,0.46043166518211365,0.4000000059604645
2,1,19,0.6859666705131531,0.6893277764320374,0.6962834596633911,0.6893277764320374,0.4676258862018585,0.4000000059604645
2,1,20,0.6854298114776611,0.6886959671974182,0.6955661177635193,0.6886959671974182,0.4748201370239258,0.4000000059604645
2,1,21,0.6848848462104797,0.6880661249160767,0.6948345303535461,0.6880661249160767,0.4748201370239258,0.4000000059604645
2,1,22,0.6843410134315491,0.6874411702156067,0.6941165328025818,0.6874411702156067,0.4676258862018585,0.4000000059604645
2,1,23,0.6837853193283081,0.6868137121200562,0.6933819055557251,0.6868137121200562,0.4532374143600464,0.4399999976158142
2,1,24,0.6832230091094971,0.6861653923988342,0.6926391124725342,0.6861653923988342,0.4676258862018585,0.4399999976158142
2,1,25,0.6826654076576233,0.685457170009613,0.6918889284133911,0.685457170009613,0.4748201370239258,0.4399999976158142
2,1,26,0.6820966601371765,0.6847350597381592,0.6911182403564453,0.6847350597381592,0.48201438784599304,0.4399999976158142
2,1,27,0.6815151572227478,0.6841027736663818,0.6903936862945557,0.6841027736663818,0.48201438784599304,0.4399999976158142
2,1,28,0.6809535622596741,0.6835214495658875,0.6897534132003784,0.6835214495658875,0.4892086386680603,0.4399999976158142
2,1,29,0.6803902983665466,0.6829257011413574,0.6891433000564575,0.6829257011413574,0.49640288949012756,0.4399999976158142
2,1,30,0.6798300743103027,0.6823002099990845,0.6885282397270203,0.6823002099990845,0.4892086386680603,0.47999998927116394
2,1,31,0.6792657375335693,0.6816225647926331,0.6878846883773804,0.6816225647926331,0.49640288949012756,0.47999998927116394
2,1,32,0.6786890625953674,0.6809139251708984,0.6872161030769348,0.6809139251708984,0.5179855823516846,0.47999998927116394
2,1,33,0.6780974864959717,0.6801814436912537,0.6865255832672119,0.6801814436912537,0.5179855823516846,0.47999998927116394
2,1,34,0.6774827837944031,0.6794770956039429,0.6858372092247009,0.6794770956039429,0.5251798629760742,0.47999998927116394
2,1,35,0.6768743991851807,0.6787745952606201,0.6851969957351685,0.6787745952606201,0.5251798629760742,0.5199999809265137
2,1,36,0.6762768030166626,0.6780256628990173,0.6845720410346985,0.6780256628990173,0.5323740839958191,0.5199999809265137
2,1,37,0.6756686568260193,0.6772429943084717,0.6839136481285095,0.6772429943084717,0.5323740839958191,0.5199999809265137
2,1,38,0.6750586032867432,0.6764180660247803,0.6832293272018433,0.6764180660247803,0.5395683646202087,0.5199999809265137
2,1,39,0.674442708492279,0.6756244897842407,0.6825290322303772,0.6756244897842407,0.5395683646202087,0.5199999809265137
2,1,40,0.6738296747207642,0.6748217940330505,0.6818435192108154,0.6748217940330505,0.5395683646202087,0.5199999809265137
2,1,41,0.6732040643692017,0.673988938331604,0.6811221837997437,0.673988938331604,0.5467625856399536,0.5199999809265137
2,1,42,0.6725731492042542,0.6731235384941101,0.6803789734840393,0.6731235384941101,0.568345308303833,0.5199999809265137
2,1,43,0.671922504901886,0.6722161173820496,0.6796030402183533,0.6722161173820496,0.5755395889282227,0.5199999809265137
2,1,44,0.6712483167648315,0.6711933016777039,0.6787698268890381,0.6711933016777039,0.5755395889282227,0.5600000023841858
2,1,45,0.6705417037010193,0.6701747179031372,0.6778642535209656,0.6701747179031372,0.5755395889282227,0.6000000238418579
2,1,46,0.6698142290115356,0.6692326068878174,0.6769641637802124,0.6692326068878174,0.5827338099479675,0.6000000238418579
2,1,47,0.6690832376480103,0.6682880520820618,0.6761103272438049,0.6682880520820618,0.5827338099479675,0.6000000238418579
2,1,48,0.6683498024940491,0.6674825549125671,0.675313413143158,0.6674825549125671,0.5827338099479675,0.6000000238418579
2,1,49,0.667616605758667,0.666727602481842,0.674592137336731,0.666727602481842,0.5827338099479675,0.6000000238418579
2,1,50,0.6668878197669983,0.6659824252128601,0.6738712191581726,0.6659824252128601,0.5899280309677124,0.6000000238418579
2,1,51,0.6661457419395447,0.6652494668960571,0.6731224060058594,0.6652494668960571,0.5899280309677124,0.6000000238418579
2,1,52,0.6653797626495361,0.664486825466156,0.6723442077636719,0.664486825466156,0.597122311592102,0.6000000238418579
2,1,53,0.6645960211753845,0.6637281179428101,0.671564519405365,0.6637281179428101,0.6043165326118469,0.6000000238418579
2,1,54,0.6637978553771973,0.6630127429962158,0.670807957649231,0.6630127429962158,0.6043165326118469,0.6000000238418579
2,1,55,0.6630133986473083,0.6623154282569885,0.6700974702835083,0.6623154282569885,0.6115108132362366,0.5600000023841858
2,1,56,0.6622429490089417,0.6616123914718628,0.669402539730072,0.6616123914718628,0.6115108132362366,0.5600000023841858
2,1,57,0.6614586114883423,0.6608831286430359,0.668663501739502,0.6608831286430359,0.6043165326118469,0.6000000238418579
2,1,58,0.6606564521789551,0.6601399183273315,0.6678611636161804,0.6601399183273315,0.6115108132362366,0.6000000238418579
2,1,59,0.6598343849182129,0.6594007611274719,0.6670210361480713,0.6594007611274719,0.6115108132362366,0.6000000238418579
2,1,60,0.6589954495429993,0.6586987972259521,0.6661733984947205,0.6586987972259521,0.6187050342559814,0.6000000238418579
2,1,61,0.6581424474716187,0.6579402089118958,0.6653119325637817,0.6579402089118958,0.6187050342559814,0.6000000238418579
2,1,62,0.6572788953781128,0.6571943163871765,0.6644107103347778,0.6571943163871765,0.6187050342559814,0.6000000238418579
2,1,63,0.6563847064971924,0.6564609408378601,0.6634809374809265,0.6564609408378601,0.633093535900116,0.6000000238418579
2,1,64,0.6554808616638184,0.655742883682251,0.6625592708587646,0.655742883682251,0.6402877569198608,0.6000000238418579
2,1,65,0.6545578837394714,0.655057966709137,0.6616625785827637,0.655057966709137,0.6474820375442505,0.6000000238418579
2,1,66,0.6536282300949097,0.6543360948562622,0.6607474088668823,0.6543360948562622,0.6546762585639954,0.6000000238418579
2,1,67,0.6526796221733093,0.653636634349823,0.6598014235496521,0.653636634349823,0.6546762585639954,0.6000000238418579
2,1,68,0.6517394781112671,0.6529150605201721,0.6588847637176514,0.6529150605201721,0.6618704795837402,0.6000000238418579
2,1,69,0.650770902633667,0.6521364450454712,0.6579024791717529,0.6521364450454712,0.6618704795837402,0.6000000238418579
2,1,70,0.6497930884361267,0.6513819098472595,0.6568984985351562,0.6513819098472595,0.6618704795837402,0.6000000238418579
2,1,71,0.6488115191459656,0.6506226062774658,0.6559299230575562,0.6506226062774658,0.6618704795837402,0.6000000238418579
2,1,72,0.6478158831596375,0.6497723460197449,0.6549052596092224,0.6497723460197449,0.6474820375442505,0.6000000238418579
2,1,73,0.6467919945716858,0.6489513516426086,0.6538320183753967,0.6489513516426086,0.6474820375442505,0.6000000238418579
2,1,74,0.6457477807998657,0.6481528282165527,0.6528064608573914,0.6481528282165527,0.6474820375442505,0.6399999856948853
2,1,75,0.6446938514709473,0.6473134756088257,0.6517725586891174,0.6473134756088257,0.6474820375442505,0.6399999856948853
2,1,76,0.6436216235160828,0.6464067697525024,0.6506395936012268,0.6464067697525024,0.6474820375442505,0.6399999856948853
2,1,77,0.6425120830535889,0.6455312967300415,0.6494285464286804,0.6455312967300415,0.6546762585639954,0.6399999856948853
2,1,78,0.641389787197113,0.64469313621521,0.6482318043708801,0.64469313621521,0.6546762585639954,0.6399999856948853
2,1,79,0.6402449011802673,0.6439328789710999,0.6470749378204346,0.6439328789710999,0.6546762585639954,0.6399999856948853
2,1,80,0.6390975117683411,0.6431378722190857,0.6459347605705261,0.6431378722190857,0.6546762585639954,0.6399999856948853
2,1,81,0.6379250884056091,0.6422640085220337,0.6447332501411438,0.6422640085220337,0.6546762585639954,0.6399999856948853
2,1,82,0.6367371082305908,0.6413447856903076,0.643470287322998,0.6413447856903076,0.6618704795837402,0.6399999856948853
2,1,83,0.6355240345001221,0.6404466032981873,0.6421449780464172,0.6404466032981873,0.6618704795837402,0.6399999856948853
2,1,84,0.6342890858650208,0.6395583152770996,0.6408313512802124,0.6395583152770996,0.6762589812278748,0.6399999856948853
2,1,85,0.6330382823944092,0.6385983824729919,0.6394701600074768,0.6385983824729919,0.6762589812278748,0.6399999856948853
2,1,86,0.6317570209503174,0.6376105546951294,0.6380375623703003,0.6376105546951294,0.6762589812278748,0.6399999856948853
2,1,87,0.6304281949996948,0.6367052793502808,0.6365719437599182,0.6367052793502808,0.6834532618522644,0.6399999856948853
2,1,88,0.6290634274482727,0.635861337184906,0.6351278424263,0.635861337184906,0.6906474828720093,0.6399999856948853
2,1,89,0.6276805996894836,0.6350548267364502,0.6337186694145203,0.6350548267364502,0.6906474828720093,0.6000000238418579
2,1,90,0.6262724995613098,0.6342526078224182,0.6322802305221558,0.6342526078224182,0.6906474828720093,0.6000000238418579
2,1,91,0.6248195171356201,0.6335065960884094,0.6308284401893616,0.6335065960884094,0.6906474828720093,0.6000000238418579
2,1,92,0.6233294010162354,0.632733941078186,0.6293838620185852,0.632733941078186,0.6978417038917542,0.6000000238418579
2,1,93,0.6217987537384033,0.6318615078926086,0.6277994513511658,0.6318615078926086,0.6978417038917542,0.6399999856948853
2,1,94,0.6202504634857178,0.6310260891914368,0.6260769963264465,0.6310260891914368,0.6978417038917542,0.6399999856948853
2,1,95,0.6186561584472656,0.6303229331970215,0.624372661113739,0.6303229331970215,0.6978417038917542,0.6399999856948853
2,1,96,0.6170374155044556,0.6295533776283264,0.6226800084114075,0.6295533776283264,0.6978417038917542,0.6399999856948853
2,1,97,0.6153900623321533,0.6288195848464966,0.6209063529968262,0.6288195848464966,0.7050359845161438,0.6399999856948853
2,1,98,0.6137288212776184,0.6281365156173706,0.6191248893737793,0.6281365156173706,0.7122302055358887,0.6399999856948853
2,1,99,0.6120249629020691,0.627383291721344,0.6173073649406433,0.627383291721344,0.7122302055358887,0.6399999856948853
2,1,100,0.6102548241615295,0.6265023946762085,0.6154057383537292,0.6265023946762085,0.7122302055358887,0.6399999856948853
2,1,101,0.6084660887718201,0.6256218552589417,0.613447368144989,0.6256218552589417,0.7122302055358887,0.6399999856948853
2,1,102,0.606663703918457,0.6248410940170288,0.6115657091140747,0.6248410940170288,0.7194244861602783,0.6399999856948853
2,1,103,0.6048195958137512,0.6239877939224243,0.609603226184845,0.6239877939224243,0.7194244861602783,0.6399999856948853
2,1,104,0.6029911041259766,0.6231485605239868,0.6076089143753052,0.6231485605239868,0.7266187071800232,0.6399999856948853
2,1,105,0.6011561751365662,0.6223711967468262,0.6056293249130249,0.6223711967468262,0.7266187071800232,0.6399999856948853
2,1,106,0.5992987155914307,0.6216176748275757,0.6036565899848938,0.6216176748275757,0.7266187071800232,0.6399999856948853
2,1,107,0.5974230766296387,0.6209653615951538,0.6017550826072693,0.6209653615951538,0.7266187071800232,0.6399999856948853
2,1,108,0.5955366492271423,0.6203145980834961,0.5999271273612976,0.6203145980834961,0.7266187071800232,0.6399999856948853
2,1,109,0.5936377048492432,0.6195405721664429,0.5979738235473633,0.6195405721664429,0.7266187071800232,0.6399999856948853
2,1,110,0.5916798710823059,0.6186915040016174,0.5958402156829834,0.6186915040016174,0.7338129281997681,0.6800000071525574
2,1,111,0.5896897315979004,0.6179784536361694,0.5936994552612305,0.6179784536361694,0.7482014298439026,0.6800000071525574
2,1,112,0.5877002477645874,0.6172912120819092,0.5916316509246826,0.6172912120819092,0.7482014298439026,0.6800000071525574
2,1,113,0.5857013463973999,0.6164973974227905,0.5895340442657471,0.6164973974227905,0.7482014298439026,0.6800000071525574
2,1,114,0.5837024450302124,0.6157274842262268,0.5873973369598389,0.6157274842262268,0.7482014298439026,0.6800000071525574
2,1,115,0.581656813621521,0.6150070428848267,0.5852537751197815,0.6150070428848267,0.7482014298439026,0.6800000071525574
2,1,116,0.5796400904655457,0.6144109964370728,0.5831477642059326,0.6144109964370728,0.7482014298439026,0.6800000071525574
2,1,117,0.5775806903839111,0.6138373017311096,0.5810724496841431,0.6138373017311096,0.7482014298439026,0.7200000286102295
2,1,118,0.5755043625831604,0.6131434440612793,0.5788598656654358,0.6131434440612793,0.7482014298439026,0.7200000286102295
2,1,119,0.5733650326728821,0.6126204133033752,0.5765294432640076,0.6126204133033752,0.7482014298439026,0.7200000286102295
2,1,120,0.5711992383003235,0.6122695803642273,0.5742930173873901,0.6122695803642273,0.7553957104682922,0.7200000286102295
2,1,121,0.5690574049949646,0.6117923259735107,0.5721556544303894,0.6117923259735107,0.7553957104682922,0.7200000286102295
2,1,122,0.5668731927871704,0.6111965775489807,0.5698645114898682,0.6111965775489807,0.7625899314880371,0.7200000286102295
2,1,123,0.5646641850471497,0.6108527779579163,0.5675780177116394,0.6108527779579163,0.769784152507782,0.7200000286102295
2,1,124,0.5624594688415527,0.610640287399292,0.565445601940155,0.610640287399292,0.7769784331321716,0.7200000286102295
2,1,125,0.5602741241455078,0.610177755355835,0.5632610321044922,0.610177755355835,0.7769784331321716,0.7200000286102295
2,1,126,0.558066189289093,0.6095228791236877,0.5607552528381348,0.6095228791236877,0.7841726541519165,0.7200000286102295
2,1,127,0.5557681322097778,0.6091132164001465,0.5581438541412354,0.6091132164001465,0.7841726541519165,0.7200000286102295
2,1,128,0.5534734129905701,0.6089171767234802,0.5557549595832825,0.6089171767234802,0.7841726541519165,0.7200000286102295
2,1,129,0.5511828064918518,0.6087554693222046,0.5535182356834412,0.6087554693222046,0.7913669347763062,0.7200000286102295
2,1,130,0.5488949418067932,0.6085197925567627,0.5512953996658325,0.6085197925567627,0.7913669347763062,0.7200000286102295
2,1,131,0.5465774536132812,0.6082110404968262,0.5489636659622192,0.6082110404968262,0.7913669347763062,0.7200000286102295
2,1,132,0.5442110896110535,0.6079041957855225,0.5464856028556824,0.6079041957855225,0.798561155796051,0.7200000286102295
2,1,133,0.5417783260345459,0.607753574848175,0.5440489053726196,0.607753574848175,0.798561155796051,0.7200000286102295
2,1,134,0.5393563508987427,0.6076710820198059,0.5416613817214966,0.6076710820198059,0.798561155796051,0.7200000286102295
2,1,135,0.5368850231170654,0.6077355742454529,0.5392523407936096,0.6077355742454529,0.8057553768157959,0.7200000286102295
2,1,136,0.5344735980033875,0.6076486110687256,0.5368891358375549,0.6076486110687256,0.798561155796051,0.7200000286102295
2,1,137,0.5320023894309998,0.607621967792511,0.5343700051307678,0.607621967792511,0.798561155796051,0.7200000286102295
2,1,138,0.5295383334159851,0.6076497435569763,0.5318688154220581,0.6076497435569763,0.8057553768157959,0.7200000286102295
2,1,139,0.5270729064941406,0.607661783695221,0.5294033288955688,0.607661783695221,0.8057553768157959,0.7200000286102295
2,1,140,0.5245996117591858,0.6076496243476868,0.526887059211731,0.6076496243476868,0.8057553768157959,0.7200000286102295
2,1,141,0.5221028327941895,0.6076581478118896,0.5243533849716187,0.6076581478118896,0.8129496574401855,0.7200000286102295
2,1,142,0.5195979475975037,0.6076580882072449,0.521818220615387,0.6076580882072449,0.8129496574401855,0.7200000286102295
2,1,143,0.5170963406562805,0.6075634956359863,0.5191516280174255,0.6075634956359863,0.8129496574401855,0.7200000286102295
2,1,144,0.5145052075386047,0.6077914237976074,0.5164620280265808,0.6077914237976074,0.8201438784599304,0.7200000286102295
2,1,145,0.5119540095329285,0.6080231666564941,0.5140405893325806,0.6080231666564941,0.8201438784599304,0.7200000286102295
2,1,146,0.5094423294067383,0.6079761981964111,0.5114783644676208,0.6079761981964111,0.8129496574401855,0.7200000286102295
2,1,147,0.5068408250808716,0.608005166053772,0.5087026953697205,0.608005166053772,0.8129496574401855,0.7200000286102295
2,1,148,0.5042206645011902,0.6080211400985718,0.506041407585144,0.6080211400985718,0.8201438784599304,0.7200000286102295
2,1,149,0.5016077756881714,0.6079552173614502,0.5033119916915894,0.6079552173614502,0.8201438784599304,0.7200000286102295
2,1,150,0.4989047646522522,0.6080641150474548,0.5004482865333557,0.6080641150474548,0.8201438784599304,0.7200000286102295
2,1,151,0.49623745679855347,0.6082195043563843,0.4977218210697174,0.6082195043563843,0.8201438784599304,0.7200000286102295
2,1,152,0.49357786774635315,0.6083546280860901,0.49499258399009705,0.6083546280860901,0.8201438784599304,0.7200000286102295
2,1,153,0.49087589979171753,0.6085967421531677,0.4922691285610199,0.6085967421531677,0.8201438784599304,0.7200000286102295
2,1,154,0.4881898760795593,0.6088244318962097,0.4896593689918518,0.6088244318962097,0.8201438784599304,0.7200000286102295
2,1,155,0.48549899458885193,0.6089745163917542,0.48694977164268494,0.6089745163917542,0.8201438784599304,0.7200000286102295
2,1,156,0.4827617406845093,0.6091118454933167,0.4840838611125946,0.6091118454933167,0.8201438784599304,0.7200000286102295
2,1,157,0.4800139367580414,0.6092832684516907,0.48118773102760315,0.6092832684516907,0.8201438784599304,0.6800000071525574
2,1,158,0.47724342346191406,0.6096120476722717,0.4784291088581085,0.6096120476722717,0.8201438784599304,0.6800000071525574
2,1,159,0.4745234251022339,0.609846293926239,0.4757850766181946,0.609846293926239,0.8201438784599304,0.6800000071525574
2,1,160,0.47179922461509705,0.60992431640625,0.47296032309532166,0.60992431640625,0.8201438784599304,0.6800000071525574
2,1,161,0.4690227806568146,0.610032856464386,0.4700080156326294,0.610032856464386,0.8201438784599304,0.6800000071525574
2,1,162,0.4662068784236908,0.6102902889251709,0.4672066569328308,0.6102902889251709,0.8201438784599304,0.6800000071525574
2,1,163,0.4634401202201843,0.610607922077179,0.4645387530326843,0.610607922077179,0.8201438784599304,0.6800000071525574
2,1,164,0.460682213306427,0.6109046339988708,0.46182557940483093,0.6109046339988708,0.8201438784599304,0.6800000071525574
2,1,165,0.4578999876976013,0.6111795902252197,0.459000825881958,0.6111795902252197,0.8201438784599304,0.6800000071525574
2,1,166,0.455097496509552,0.6113519072532654,0.45603764057159424,0.6113519072532654,0.8201438784599304,0.6800000071525574
2,1,167,0.45226889848709106,0.6116039156913757,0.45301222801208496,0.6116039156913757,0.8201438784599304,0.6800000071525574
2,1,168,0.44943347573280334,0.6119334697723389,0.4501471519470215,0.6119334697723389,0.8273381590843201,0.6800000071525574
3,1,1,0.6950860619544983,0.6976187229156494,0.7033737301826477,0.6976187229156494,0.40287768840789795,0.4399999976158142
3,1,2,0.6937689185142517,0.6971340179443359,0.7023124694824219,0.6971340179443359,0.3956834673881531,0.4399999976158142
3,1,3,0.6929797530174255,0.6965397596359253,0.7009637355804443,0.6965397596359253,0.3956834673881531,0.47999998927116394
3,1,4,0.6922608613967896,0.6958991885185242,0.6995852589607239,0.6958991885185242,0.3956834673881531,0.5199999809265137
3,1,5,0.6915879845619202,0.6952896118164062,0.6982404589653015,0.6952896118164062,0.40287768840789795,0.4399999976158142
3,1,6,0.6909446120262146,0.6947370767593384,0.6969497799873352,0.6947370767593384,0.41726619005203247,0.4399999976158142
3,1,7,0.6903208494186401,0.6942096948623657,0.6957258582115173,0.6942096948623657,0.4316546618938446,0.47999998927116394
3,1,8,0.6897175908088684,0.693692147731781,0.6945714950561523,0.693692147731781,0.43884891271591187,0.47999998927116394
3,1,9,0.6891255378723145,0.6932789087295532,0.6934760808944702,0.6932789087295532,0.4460431635379791,0.5199999809265137
3,1,10,0.6885398626327515,0.6929479241371155,0.6924222707748413,0.6929479241371155,0.4460431635379791,0.5600000023841858
3,1,11,0.6879585385322571,0.6926753520965576,0.6914211511611938,0.6926753520965576,0.4532374143600464,0.5600000023841858
3,1,12,0.6873636245727539,0.692423939704895,0.6904570460319519,0.692423939704895,0.4748201370239258,0.5600000023841858
3,1,13,0.6867595911026001,0.6921861171722412,0.6895144581794739,0.6921861171722412,0.5035971403121948,0.5199999809265137
3,1,14,0.6861557364463806,0.6919403672218323,0.6885989308357239,0.6919403672218323,0.5251798629760742,0.5600000023841858
3,1,15,0.685553252696991,0.6917060017585754,0.6877098083496094,0.6917060017585754,0.5611510872840881,0.5600000023841858
3,1,16,0.6849410533905029,0.6914939880371094,0.6868281960487366,0.6914939880371094,0.568345308303833,0.5600000023841858
3,1,17,0.6843299865722656,0.6913299560546875,0.6859791874885559,0.6913299560546875,0.5827338099479675,0.5600000023841858
3,1,18,0.6837038993835449,0.6912052631378174,0.6851485967636108,0.6912052631378174,0.6115108132362366,0.5600000023841858
3,1,19,0.6830673813819885,0.6910610795021057,0.6843268871307373,0.6910610795021057,0.6258992552757263,0.5600000023841858
3,1,20,0.6824055314064026,0.6908853650093079,0.6834849715232849,0.6908853650093079,0.6402877569198608,0.5600000023841858
3,1,21,0.681740939617157,0.6906852126121521,0.6826361417770386,0.6906852126121521,0.6474820375442505,0.6000000238418579
3,1,22,0.681071937084198,0.6904951333999634,0.6817817687988281,0.6904951333999634,0.6690647602081299,0.6000000238418579
3,1,23,0.6803966760635376,0.6903036236763,0.6809297204017639,0.6903036236763,0.6690647602081299,0.6000000238418579
3,1,24,0.6797024011611938,0.6901087760925293,0.6800870895385742,0.6901087760925293,0.6690647602081299,0.6000000238418579
3,1,25,0.6789907217025757,0.6898941993713379,0.6792415976524353,0.6898941993713379,0.6762589812278748,0.6000000238418579
3,1,26,0.6782715916633606,0.6896664500236511,0.6784023642539978,0.6896664500236511,0.6762589812278748,0.6000000238418579
3,1,27,0.6775307655334473,0.6894252896308899,0.6775488257408142,0.6894252896308899,0.6762589812278748,0.6000000238418579
3,1,28,0.6767670512199402,0.6891458630561829,0.6766861081123352,0.6891458630561829,0.6978417038917542,0.6000000238418579
3,1,29,0.6759443283081055,0.6888623237609863,0.6757358312606812,0.6888623237609863,0.6978417038917542,0.6000000238418579
3,1,30,0.6751126050949097,0.6885594129562378,0.6747698187828064,0.6885594129562378,0.6978417038917542,0.6000000238418579
3,1,31,0.6742061972618103,0.6882372498512268,0.67375248670578,0.6882372498512268,0.7122302055358887,0.6000000238418579
3,1,32,0.6732655763626099,0.6878217458724976,0.6726967692375183,0.6878217458724976,0.7266187071800232,0.6000000238418579
3,1,33,0.6723110675811768,0.6873692274093628,0.6716365814208984,0.6873692274093628,0.7194244861602783,0.6000000238418579
3,1,34,0.6713575124740601,0.6869657039642334,0.6705865859985352,0.6869657039642334,0.7194244861602783,0.6000000238418579
3,1,35,0.6703862547874451,0.68658447265625,0.6695528030395508,0.68658447265625,0.7194244861602783,0.6000000238418579
3,1,36,0.6693904995918274,0.6862035989761353,0.6685361862182617,0.6862035989761353,0.7194244861602783,0.6000000238418579
3,1,37,0.6683681011199951,0.6857749819755554,0.6675392389297485,0.6857749819755554,0.7122302055358887,0.6000000238418579
3,1,38,0.6673129796981812,0.6852926015853882,0.6665260791778564,0.6852926015853882,0.7122302055358887,0.6000000238418579
3,1,39,0.6662429571151733,0.6847509741783142,0.665488600730896,0.6847509741783142,0.7122302055358887,0.6000000238418579
3,1,40,0.6651580333709717,0.6842204332351685,0.6643844246864319,0.6842204332351685,0.7122302055358887,0.6000000238418579
3,1,41,0.6640612483024597,0.6837027072906494,0.6632456183433533,0.6837027072906494,0.7266187071800232,0.6000000238418579
3,1,42,0.6629477143287659,0.6832108497619629,0.6621168851852417,0.6832108497619629,0.7266187071800232,0.6000000238418579
3,1,43,0.6617808938026428,0.6826736330986023,0.6609128713607788,0.6826736330986023,0.7266187071800232,0.6000000238418579
3,1,44,0.6606094837188721,0.6821122169494629,0.659706711769104,0.6821122169494629,0.7122302055358887,0.6000000238418579
3,1,45,0.6594015955924988,0.6814648509025574,0.658460795879364,0.6814648509025574,0.7122302055358887,0.6000000238418579
3,1,46,0.6581518650054932,0.6807710528373718,0.657112717628479,0.6807710528373718,0.7122302055358887,0.6000000238418579
3,1,47,0.6568648815155029,0.6800224184989929,0.6556738615036011,0.6800224184989929,0.7122302055358887,0.6000000238418579
3,1,48,0.6555378437042236,0.6793200969696045,0.6541398763656616,0.6793200969696045,0.7122302055358887,0.6000000238418579
3,1,49,0.6542015075683594,0.678683340549469,0.6525675058364868,0.678683340549469,0.7266187071800232,0.6000000238418579
3,1,50,0.6528313755989075,0.6780056953430176,0.6509658098220825,0.6780056953430176,0.7338129281997681,0.6000000238418579
3,1,51,0.6514198184013367,0.677361011505127,0.6493134498596191,0.677361011505127,0.7338129281997681,0.6399999856948853
3,1,52,0.6499997973442078,0.6766936779022217,0.6476506590843201,0.6766936779022217,0.7410072088241577,0.6000000238418579
3,1,53,0.6485685706138611,0.6760389804840088,0.6460007429122925,0.6760389804840088,0.7553957104682922,0.6000000238418579
3,1,54,0.6471258997917175,0.6755006909370422,0.6443973779678345,0.6755006909370422,0.7553957104682922,0.6000000238418579
3,1,55,0.6456323862075806,0.6749454736709595,0.642774760723114,0.6749454736709595,0.7553957104682922,0.6000000238418579
3,1,56,0.6441097259521484,0.6743482351303101,0.6410720348358154,0.6743482351303101,0.7553957104682922,0.6000000238418579
3,1,57,0.6425979137420654,0.6738357543945312,0.6394122242927551,0.6738357543945312,0.7553957104682922,0.6000000238418579
3,1,58,0.6410325765609741,0.6733734607696533,0.6378031373023987,0.6733734607696533,0.7553957104682922,0.6000000238418579
3,1,59,0.6394040584564209,0.672905683517456,0.6361135244369507,0.672905683517456,0.7625899314880371,0.6000000238418579
3,1,60,0.6377860903739929,0.672444224357605,0.6343973875045776,0.672444224357605,0.7625899314880371,0.6000000238418579
3,1,61,0.6361433267593384,0.6720150709152222,0.6326484680175781,0.6720150709152222,0.7625899314880371,0.6000000238418579
3,1,62,0.6345072388648987,0.6716155409812927,0.6309152841567993,0.6716155409812927,0.769784152507782,0.6000000238418579
3,1,63,0.6328341364860535,0.6712378859519958,0.6291672587394714,0.6712378859519958,0.769784152507782,0.6000000238418579
3,1,64,0.6311536431312561,0.6708593964576721,0.6274296045303345,0.6708593964576721,0.769784152507782,0.6000000238418579
3,1,65,0.6294354796409607,0.6704061031341553,0.6256401538848877,0.6704061031341553,0.7625899314880371,0.6000000238418579
3,1,66,0.6276882290840149,0.6699178814888,0.6237391829490662,0.6699178814888,0.7625899314880371,0.6000000238418579
3,1,67,0.6259498596191406,0.6694534420967102,0.621857225894928,0.6694534420967102,0.7625899314880371,0.6000000238418579
3,1,68,0.6241782307624817,0.6689693927764893,0.620032787322998,0.6689693927764893,0.7625899314880371,0.6000000238418579
3,1,69,0.6223453879356384,0.6684194803237915,0.618096649646759,0.6684194803237915,0.7625899314880371,0.6000000238418579
3,1,70,0.6205409169197083,0.6679331064224243,0.6161911487579346,0.6679331064224243,0.7625899314880371,0.6000000238418579
3,1,71,0.6186969876289368,0.6674689650535583,0.6143320202827454,0.6674689650535583,0.7625899314880371,0.6000000238418579
3,1,72,0.6168079972267151,0.6669753193855286,0.6123772263526917,0.6669753193855286,0.7625899314880371,0.6000000238418579
3,1,73,0.6149588227272034,0.666550874710083,0.6104753613471985,0.666550874710083,0.7553957104682922,0.6000000238418579
3,1,74,0.6130381226539612,0.6661038994789124,0.6085208654403687,0.6661038994789124,0.7625899314880371,0.6000000238418579
3,1,75,0.6110956072807312,0.6656248569488525,0.6064772605895996,0.6656248569488525,0.7625899314880371,0.6000000238418579
3,1,76,0.609134316444397,0.6651561856269836,0.6043541431427002,0.6651561856269836,0.7625899314880371,0.6000000238418579
3,1,77,0.6071953177452087,0.6647558808326721,0.6022889018058777,0.6647558808326721,0.7625899314880371,0.6000000238418579
3,1,78,0.6052236557006836,0.6643535494804382,0.6002990007400513,0.6643535494804382,0.7553957104682922,0.6000000238418579
3,1,79,0.6031976342201233,0.6638720631599426,0.5982019901275635,0.6638720631599426,0.7553957104682922,0.6000000238418579
3,1,80,0.6011970639228821,0.6633827686309814,0.596027135848999,0.6633827686309814,0.7553957104682922,0.6000000238418579
3,1,81,0.5992012619972229,0.6629453301429749,0.5938740968704224,0.6629453301429749,0.7553957104682922,0.6000000238418579
3,1,82,0.5972304344177246,0.6626151204109192,0.5918600559234619,0.6626151204109192,0.7553957104682922,0.6000000238418579
3,1,83,0.595194399356842,0.6623296141624451,0.5898090600967407,0.6623296141624451,0.7553957104682922,0.6000000238418579
3,1,84,0.5931654572486877,0.6620936393737793,0.5877507925033569,0.6620936393737793,0.7553957104682922,0.6000000238418579
3,1,85,0.5910969972610474,0.6618641018867493,0.5856338739395142,0.6618641018867493,0.7553957104682922,0.6000000238418579
3,1,86,0.5890288352966309,0.6616916060447693,0.5835015177726746,0.6616916060447693,0.7625899314880371,0.6000000238418579
3,1,87,0.5869290232658386,0.6614887714385986,0.5813232064247131,0.6614887714385986,0.7625899314880371,0.6000000238418579
3,1,88,0.584794819355011,0.661253809928894,0.5790006518363953,0.661253809928894,0.7625899314880371,0.6000000238418579
3,1,89,0.5827327966690063,0.6611208319664001,0.5768609046936035,0.6611208319664001,0.7625899314880371,0.6000000238418579
3,1,90,0.5805547833442688,0.6608665585517883,0.5746461153030396,0.6608665585517883,0.7625899314880371,0.6000000238418579
3,1,91,0.5784153938293457,0.6606371402740479,0.5723714828491211,0.6606371402740479,0.7625899314880371,0.6000000238418579
3,1,92,0.5762706995010376,0.6605046987533569,0.5701692700386047,0.6605046987533569,0.7625899314880371,0.6000000238418579
3,1,93,0.5740949511528015,0.6603949069976807,0.5679866075515747,0.6603949069976807,0.7625899314880371,0.6000000238418579
3,1,94,0.5718768835067749,0.6603325605392456,0.5657603144645691,0.6603325605392456,0.7625899314880371,0.6000000238418579
3,1,95,0.5695481896400452,0.6602303981781006,0.5633444786071777,0.6602303981781006,0.7553957104682922,0.6000000238418579
3,1,96,0.5672711730003357,0.6602500677108765,0.5610119700431824,0.6602500677108765,0.7553957104682922,0.6000000238418579
3,1,97,0.56498783826828,0.6601922512054443,0.5587819218635559,0.6601922512054443,0.7553957104682922,0.6000000238418579
3,1,98,0.5626997947692871,0.6600486040115356,0.5564194321632385,0.6600486040115356,0.7553957104682922,0.6000000238418579
3,1,99,0.5604174137115479,0.6600005626678467,0.554026186466217,0.6600005626678467,0.7625899314880371,0.6000000238418579
3,1,100,0.5581022500991821,0.6599898338317871,0.5516809821128845,0.6599898338317871,0.769784152507782,0.6000000238418579
3,1,101,0.5557703375816345,0.6599674820899963,0.5492381453514099,0.6599674820899963,0.769784152507782,0.6000000238418579
3,1,102,0.5534469485282898,0.6600265502929688,0.5467656254768372,0.6600265502929688,0.769784152507782,0.6000000238418579
3,1,103,0.5511394739151001,0.6602320075035095,0.5444021821022034,0.6602320075035095,0.769784152507782,0.6000000238418579
3,1,104,0.5488162636756897,0.6605518460273743,0.5421478152275085,0.6605518460273743,0.769784152507782,0.6000000238418579
3,1,105,0.5464758276939392,0.6609480977058411,0.5399378538131714,0.6609480977058411,0.769784152507782,0.6000000238418579
3,1,106,0.5441318154335022,0.6613433361053467,0.537704586982727,0.6613433361053467,0.769784152507782,0.6000000238418579
3,1,107,0.541777491569519,0.6616365909576416,0.535327136516571,0.6616365909576416,0.769784152507782,0.6000000238418579
3,1,108,0.5394931435585022,0.6620944738388062,0.5330778956413269,0.6620944738388062,0.769784152507782,0.6000000238418579
3,1,109,0.5371788144111633,0.6626046895980835,0.5308712124824524,0.6626046895980835,0.769784152507782,0.6000000238418579
3,1,110,0.5348756313323975,0.6631044149398804,0.5285983681678772,0.6631044149398804,0.769784152507782,0.6000000238418579
3,1,111,0.5325861573219299,0.6636202335357666,0.5262821316719055,0.6636202335357666,0.7769784331321716,0.6000000238418579
3,1,112,0.5302992463111877,0.6642047762870789,0.5239716172218323,0.6642047762870789,0.7769784331321716,0.5600000023841858
3,1,113,0.5280036926269531,0.6648027896881104,0.5216751098632812,0.6648027896881104,0.7841726541519165,0.5600000023841858
3,1,114,0.5256998538970947,0.6654863953590393,0.519402265548706,0.6654863953590393,0.7841726541519165,0.5600000023841858
3,1,115,0.5233889818191528,0.6662307977676392,0.5171745419502258,0.6662307977676392,0.7841726541519165,0.5600000023841858
3,1,116,0.5210794806480408,0.6669741868972778,0.5149261951446533,0.6669741868972778,0.7841726541519165,0.5600000023841858
3,1,117,0.5187861919403076,0.6677524447441101,0.5126633048057556,0.6677524447441101,0.7841726541519165,0.5600000023841858
3,1,118,0.5164812207221985,0.6684761047363281,0.5103774070739746,0.6684761047363281,0.7841726541519165,0.5600000023841858
3,1,119,0.5141984820365906,0.6692183613777161,0.5080633163452148,0.6692183613777161,0.7841726541519165,0.5600000023841858
3,1,120,0.5119089484214783,0.6699963212013245,0.5057603716850281,0.6699963212013245,0.7841726541519165,0.5600000023841858
3,1,121,0.5096078515052795,0.6708112955093384,0.5034812092781067,0.6708112955093384,0.7841726541519165,0.5600000023841858
3,1,122,0.5073076486587524,0.6716273427009583,0.5012076497077942,0.6716273427009583,0.7841726541519165,0.5600000023841858
3,1,123,0.505004346370697,0.6724033951759338,0.49891963601112366,0.6724033951759338,0.7841726541519165,0.5600000023841858
3,1,124,0.5026987195014954,0.6732000708580017,0.49666276574134827,0.6732000708580017,0.7841726541519165,0.5600000023841858
3,1,125,0.5003847479820251,0.6739475131034851,0.49444058537483215,0.6739475131034851,0.7769784331321716,0.5199999809265137
3,1,126,0.4980844259262085,0.6747291088104248,0.49217498302459717,0.6747291088104248,0.7841726541519165,0.5199999809265137
4,1,1,0.7192189693450928,0.6771892309188843,0.6757112145423889,0.6771892309188843,0.6000000238418579,0.6000000238418579
4,1,2,0.714324951171875,0.6765244007110596,0.6743237376213074,0.6765244007110596,0.6000000238418579,0.6000000238418579
4,1,3,0.7113274335861206,0.6761137247085571,0.6735726594924927,0.6761137247085571,0.6000000238418579,0.6000000238418579
4,1,4,0.7088431119918823,0.6758330464363098,0.6729732155799866,0.6758330464363098,0.6000000238418579,0.6000000238418579
4,1,5,0.7066469192504883,0.6756432056427002,0.6724439263343811,0.6756432056427002,0.6000000238418579,0.6000000238418579
4,1,6,0.7047063708305359,0.6754690408706665,0.6720039248466492,0.6754690408706665,0.6000000238418579,0.6000000238418579
4,1,7,0.7029816508293152,0.6753255724906921,0.6716293692588806,0.6753255724906921,0.6000000238418579,0.6000000238418579
4,1,8,0.701404869556427,0.6751642823219299,0.6712833046913147,0.6751642823219299,0.6000000238418579,0.6000000238418579
4,1,9,0.6999626159667969,0.6750068068504333,0.6709656119346619,0.6750068068504333,0.6000000238418579,0.6000000238418579
4,1,10,0.6986187696456909,0.6748760342597961,0.6706576943397522,0.6748760342597961,0.6000000238418579,0.6000000238418579
4,1,11,0.697354793548584,0.6747531294822693,0.6703467965126038,0.6747531294822693,0.6000000238418579,0.6000000238418579
4,1,12,0.696189284324646,0.674628734588623,0.6700471043586731,0.674628734588623,0.6000000238418579,0.6000000238418579
4,1,13,0.6950947642326355,0.6745223999023438,0.6697440147399902,0.6745223999023438,0.6000000238418579,0.6000000238418579
4,1,14,0.6940495371818542,0.674419641494751,0.6694256663322449,0.674419641494751,0.6000000238418579,0.6000000238418579
4,1,15,0.6930428147315979,0.6743359565734863,0.6690880656242371,0.6743359565734863,0.6000000238418579,0.6000000238418579
4,1,16,0.6920735239982605,0.674264669418335,0.6687347292900085,0.674264669418335,0.6000000238418579,0.6000000238418579
4,1,17,0.6911414265632629,0.6741911172866821,0.668372392654419,0.6741911172866821,0.6000000238418579,0.6000000238418579
4,1,18,0.6902477145195007,0.6740891933441162,0.6680006980895996,0.6740891933441162,0.6000000238418579,0.6000000238418579
4,1,19,0.6893814206123352,0.673980712890625,0.6676108241081238,0.673980712890625,0.6000000238418579,0.6000000238418579
4,1,20,0.6885549426078796,0.6738670468330383,0.667204737663269,0.6738670468330383,0.6000000238418579,0.6000000238418579
4,1,21,0.6877535581588745,0.6737915873527527,0.6667732000350952,0.6737915873527527,0.6000000238418579,0.6000000238418579
4,1,22,0.6869745850563049,0.6737616062164307,0.6663148999214172,0.6737616062164307,0.6000000238418579,0.6000000238418579
4,1,23,0.6862138509750366,0.6737607717514038,0.6658416986465454,0.6737607717514038,0.6000000238418579,0.6000000238418579
4,1,24,0.6854597330093384,0.6737566590309143,0.6653522253036499,0.6737566590309143,0.6000000238418579,0.6000000238418579
4,1,25,0.6847079992294312,0.6737398505210876,0.6648434996604919,0.6737398505210876,0.6000000238418579,0.5600000023841858
4,1,26,0.6839622259140015,0.673729419708252,0.664317786693573,0.673729419708252,0.6000000238418579,0.5600000023841858
4,1,27,0.6832100749015808,0.6737603545188904,0.6637690663337708,0.6737603545188904,0.6071428656578064,0.5600000023841858
4,1,28,0.6824472546577454,0.6738025546073914,0.6631931066513062,0.6738025546073914,0.6071428656578064,0.5600000023841858
4,1,29,0.6816766262054443,0.6738699078559875,0.662581205368042,0.6738699078559875,0.6071428656578064,0.5600000023841858
4,1,30,0.6808972954750061,0.6740125417709351,0.6619367003440857,0.6740125417709351,0.6071428656578064,0.5600000023841858
4,1,31,0.6801016926765442,0.6742129325866699,0.6612634658813477,0.6742129325866699,0.6071428656578064,0.5600000023841858
4,1,32,0.6793097257614136,0.6744134426116943,0.6605857610702515,0.6744134426116943,0.6142857074737549,0.5600000023841858
4,1,33,0.6785005331039429,0.6745665669441223,0.6598847508430481,0.6745665669441223,0.6142857074737549,0.5600000023841858
4,1,34,0.6776566505432129,0.6747295260429382,0.659151554107666,0.6747295260429382,0.6142857074737549,0.5600000023841858
4,1,35,0.6767762303352356,0.6748679876327515,0.6583850383758545,0.6748679876327515,0.6214285492897034,0.5600000023841858
4,1,36,0.6758825778961182,0.6749681830406189,0.6576026678085327,0.6749681830406189,0.6214285492897034,0.5600000023841858
4,1,37,0.6749827861785889,0.6750805377960205,0.6568076610565186,0.6750805377960205,0.6214285492897034,0.5600000023841858
4,1,38,0.6740790009498596,0.675132155418396,0.656017005443573,0.675132155418396,0.6214285492897034,0.5600000023841858
4,1,39,0.6731688380241394,0.6751267313957214,0.6552262306213379,0.6751267313957214,0.6285714507102966,0.5600000023841858
4,1,40,0.6722461581230164,0.6750890612602234,0.6544210314750671,0.6750890612602234,0.6285714507102966,0.5600000023841858
4,1,41,0.6712993383407593,0.6750436425209045,0.6536093354225159,0.6750436425209045,0.6285714507102966,0.5600000023841858
4,1,42,0.6703359484672546,0.6750200390815735,0.6527897715568542,0.6750200390815735,0.6428571343421936,0.5600000023841858
4,1,43,0.6693770289421082,0.6749632954597473,0.6519704461097717,0.6749632954597473,0.6714285612106323,0.5600000023841858
4,1,44,0.6683647632598877,0.6749470233917236,0.6511157155036926,0.6749470233917236,0.6785714030265808,0.5600000023841858
4,1,45,0.6673070788383484,0.6750198602676392,0.6502252817153931,0.6750198602676392,0.6857143044471741,0.5600000023841858
4,1,46,0.666212797164917,0.6751452684402466,0.6493044495582581,0.6751452684402466,0.6857143044471741,0.5600000023841858
4,1,47,0.6650724411010742,0.6752870678901672,0.6483629941940308,0.6752870678901672,0.6928571462631226,0.6000000238418579
4,1,48,0.6638956069946289,0.6754443645477295,0.6474050283432007,0.6754443645477295,0.6928571462631226,0.6000000238418579
4,1,49,0.6626976132392883,0.6756524443626404,0.646426796913147,0.6756524443626404,0.699999988079071,0.6000000238418579
4,1,50,0.6614500284194946,0.6759152412414551,0.6454182267189026,0.6759152412414551,0.7071428298950195,0.6000000238418579
4,1,51,0.660171627998352,0.6761856079101562,0.6443621516227722,0.6761856079101562,0.7214285731315613,0.6000000238418579
5,1,1,0.6948306560516357,0.7049254775047302,0.7024404406547546,0.7049254775047302,0.40714284777641296,0.4000000059604645
5,1,2,0.6932435631752014,0.7038416266441345,0.7001319527626038,0.7038416266441345,0.41428571939468384,0.4000000059604645
5,1,3,0.6920067071914673,0.7029306888580322,0.698300838470459,0.7029306888580322,0.4214285612106323,0.4000000059604645
5,1,4,0.6908790469169617,0.7021791934967041,0.6966686248779297,0.7021791934967041,0.44285714626312256,0.4000000059604645
5,1,5,0.6898272037506104,0.7015197277069092,0.6951825022697449,0.7015197277069092,0.4714285731315613,0.4399999976158142
5,1,6,0.6888417601585388,0.7008908987045288,0.6938357949256897,0.7008908987045288,0.4642857015132904,0.5199999809265137
5,1,7,0.6878852248191833,0.7004058957099915,0.6925815343856812,0.7004058957099915,0.47857141494750977,0.5600000023841858
5,1,8,0.686962902545929,0.7000271677970886,0.6914218664169312,0.7000271677970886,0.5,0.5600000023841858
5,1,9,0.6860961318016052,0.699741542339325,0.6903489232063293,0.699741542339325,0.5,0.5600000023841858
5,1,10,0.6852527260780334,0.6994525194168091,0.6893152594566345,0.6994525194168091,0.5071428418159485,0.5600000023841858
5,1,11,0.6844183206558228,0.6991479992866516,0.6883072853088379,0.6991479992866516,0.5285714268684387,0.5600000023841858
5,1,12,0.6835635304450989,0.6987863779067993,0.6872828006744385,0.6987863779067993,0.5428571701049805,0.5600000023841858
5,1,13,0.6827019453048706,0.6984062790870667,0.6862359642982483,0.6984062790870667,0.5571428537368774,0.5600000023841858
5,1,14,0.6818698048591614,0.6981047987937927,0.6852279305458069,0.6981047987937927,0.5928571224212646,0.5600000023841858
5,1,15,0.6810135245323181,0.6978704929351807,0.6842254996299744,0.6978704929351807,0.6000000238418579,0.5600000023841858
5,1,16,0.6801531314849854,0.6977026462554932,0.6832568645477295,0.6977026462554932,0.6285714507102966,0.5600000023841858
5,1,17,0.6793215274810791,0.6975157260894775,0.6823390126228333,0.6975157260894775,0.6428571343421936,0.5600000023841858
5,1,18,0.6785067915916443,0.697353184223175,0.681456983089447,0.697353184223175,0.6642857193946838,0.6000000238418579
5,1,19,0.6777154803276062,0.6971070766448975,0.6805920600891113,0.6971070766448975,0.6642857193946838,0.5600000023841858
5,1,20,0.6769179701805115,0.6968797445297241,0.6797102689743042,0.6968797445297241,0.6642857193946838,0.6399999856948853
5,1,21,0.6761184930801392,0.696678102016449,0.6788541674613953,0.696678102016449,0.6571428775787354,0.6399999856948853
5,1,22,0.6752992868423462,0.6964641809463501,0.6780092120170593,0.6964641809463501,0.6571428775787354,0.6399999856948853
5,1,23,0.6744654178619385,0.696219801902771,0.6771663427352905,0.696219801902771,0.6571428775787354,0.6000000238418579
5,1,24,0.6736357808113098,0.6959519982337952,0.6763315200805664,0.6959519982337952,0.6357142925262451,0.6000000238418579
5,1,25,0.672809898853302,0.6956439018249512,0.675491988658905,0.6956439018249512,0.6357142925262451,0.6000000238418579
5,1,26,0.6719744801521301,0.6953234076499939,0.674629271030426,0.6953234076499939,0.6428571343421936,0.6000000238418579
5,1,27,0.6711345911026001,0.694997251033783,0.6737292408943176,0.694997251033783,0.6571428775787354,0.6000000238418579
5,1,28,0.670269787311554,0.694649338722229,0.6727705001831055,0.694649338722229,0.6642857193946838,0.6000000238418579
5,1,29,0.6693578958511353,0.6943266987800598,0.6717448830604553,0.6943266987800598,0.6642857193946838,0.6000000238418579
5,1,30,0.6684094071388245,0.6940418481826782,0.6706985831260681,0.6940418481826782,0.6785714030265808,0.5600000023841858
5,1,31,0.6674440503120422,0.6937944889068604,0.6696746945381165,0.6937944889068604,0.6785714030265808,0.5600000023841858
5,1,32,0.6664637923240662,0.6934802532196045,0.6686702370643616,0.6934802532196045,0.6785714030265808,0.5199999809265137
5,1,33,0.6654549241065979,0.6931477189064026,0.6676392555236816,0.6931477189064026,0.6857143044471741,0.5199999809265137
5,1,34,0.6644226908683777,0.6928061842918396,0.6666088700294495,0.6928061842918396,0.6857143044471741,0.5199999809265137
5,1,35,0.6633787155151367,0.6924797296524048,0.6656020283699036,0.6924797296524048,0.6928571462631226,0.5199999809265137
5,1,36,0.662324845790863,0.6921254992485046,0.6645684838294983,0.6921254992485046,0.6785714030265808,0.5199999809265137
5,1,37,0.6612713932991028,0.6917397379875183,0.6634785532951355,0.6917397379875183,0.6857143044471741,0.5199999809265137
5,1,38,0.6602035164833069,0.6913555264472961,0.6623578071594238,0.6913555264472961,0.6928571462631226,0.5199999809265137
5,1,39,0.6591235995292664,0.6909133791923523,0.6612510681152344,0.6909133791923523,0.6928571462631226,0.5600000023841858
5,1,40,0.6580174565315247,0.690430223941803,0.6601004004478455,0.690430223941803,0.6928571462631226,0.6000000238418579
5,1,41,0.6568838357925415,0.689971387386322,0.6589054465293884,0.689971387386322,0.6928571462631226,0.6000000238418579
5,1,42,0.6557255387306213,0.689534068107605,0.6577063798904419,0.689534068107605,0.6928571462631226,0.6000000238418579
5,1,43,0.6545453667640686,0.6891162395477295,0.6565394997596741,0.6891162395477295,0.6928571462631226,0.6000000238418579
5,1,44,0.6533632874488831,0.6886827349662781,0.6553943753242493,0.6886827349662781,0.6928571462631226,0.6000000238418579
5,1,45,0.6521750688552856,0.6882275342941284,0.654201328754425,0.6882275342941284,0.6928571462631226,0.6000000238418579
5,1,46,0.650970995426178,0.6877694725990295,0.6529580950737,0.6877694725990295,0.6928571462631226,0.6000000238418579
5,1,47,0.6497608423233032,0.6872546672821045,0.65166175365448,0.6872546672821045,0.6928571462631226,0.6000000238418579
5,1,48,0.6485459208488464,0.6866852641105652,0.6503122448921204,0.6866852641105652,0.6928571462631226,0.6000000238418579
5,1,49,0.6473233103752136,0.6861569881439209,0.6489553451538086,0.6861569881439209,0.6928571462631226,0.6000000238418579
5,1,50,0.6460928916931152,0.6856757402420044,0.647603452205658,0.6856757402420044,0.6928571462631226,0.6000000238418579
5,1,51,0.6448468565940857,0.6852741837501526,0.6463184356689453,0.6852741837501526,0.6928571462631226,0.6000000238418579
5,1,52,0.6435898542404175,0.6848739385604858,0.6450694799423218,0.6848739385604858,0.6928571462631226,0.6000000238418579
5,1,53,0.6423107981681824,0.684532880783081,0.6438189148902893,0.684532880783081,0.6928571462631226,0.6000000238418579
5,1,54,0.6410228610038757,0.6841688752174377,0.6425995826721191,0.6841688752174377,0.699999988079071,0.6000000238418579
5,1,55,0.6397265195846558,0.6837310194969177,0.6413626670837402,0.6837310194969177,0.699999988079071,0.6000000238418579
5,1,56,0.638424277305603,0.6832716464996338,0.6400795578956604,0.6832716464996338,0.699999988079071,0.6000000238418579
5,1,57,0.6371034979820251,0.6828120350837708,0.6387714147567749,0.6828120350837708,0.699999988079071,0.6000000238418579
5,1,58,0.6357672214508057,0.6822962760925293,0.6373968720436096,0.6822962760925293,0.699999988079071,0.6000000238418579
5,1,59,0.6344159841537476,0.6817970871925354,0.6359654664993286,0.6817970871925354,0.699999988079071,0.6000000238418579
5,1,60,0.6330476999282837,0.6813643574714661,0.634545624256134,0.6813643574714661,0.699999988079071,0.6000000238418579
5,1,61,0.6316561102867126,0.6809439659118652,0.6331530213356018,0.6809439659118652,0.699999988079071,0.6000000238418579
5,1,62,0.6302454471588135,0.6804536581039429,0.6317577958106995,0.6804536581039429,0.699999988079071,0.6000000238418579
5,1,63,0.6288267970085144,0.6798572540283203,0.6302868127822876,0.6798572540283203,0.699999988079071,0.6000000238418579
5,1,64,0.6273932456970215,0.6792450547218323,0.628739058971405,0.6792450547218323,0.7071428298950195,0.6000000238418579
5,1,65,0.6259244680404663,0.6786864995956421,0.6271515488624573,0.6786864995956421,0.7071428298950195,0.6000000238418579
5,1,66,0.6244263052940369,0.6781308650970459,0.6255592703819275,0.6781308650970459,0.7071428298950195,0.6000000238418579
5,1,67,0.6229143142700195,0.6775813102722168,0.6239347457885742,0.6775813102722168,0.7071428298950195,0.6000000238418579
5,1,68,0.6213852167129517,0.6770803928375244,0.6222963929176331,0.6770803928375244,0.7142857313156128,0.6000000238418579
5,1,69,0.6198394298553467,0.6765417456626892,0.6206674575805664,0.6765417456626892,0.7142857313156128,0.6000000238418579
5,1,70,0.6182721853256226,0.6759580969810486,0.6189637184143066,0.6759580969810486,0.7142857313156128,0.6000000238418579
5,1,71,0.6166808605194092,0.675383448600769,0.6172709465026855,0.675383448600769,0.7142857313156128,0.6000000238418579
5,1,72,0.6150619387626648,0.6747809052467346,0.6155740022659302,0.6747809052467346,0.7142857313156128,0.6000000238418579
5,1,73,0.6133925318717957,0.6741546392440796,0.6138219237327576,0.6741546392440796,0.7142857313156128,0.6000000238418579
5,1,74,0.6116769909858704,0.6735743880271912,0.6120315790176392,0.6735743880271912,0.7142857313156128,0.6000000238418579
5,1,75,0.6099348664283752,0.6729931831359863,0.6102148294448853,0.6729931831359863,0.7142857313156128,0.6000000238418579
5,1,76,0.6081873178482056,0.6724593639373779,0.6084105372428894,0.6724593639373779,0.7214285731315613,0.6000000238418579
5,1,77,0.6064408421516418,0.6720057725906372,0.6067056655883789,0.6720057725906372,0.7214285731315613,0.6000000238418579
5,1,78,0.6046812534332275,0.6714659929275513,0.6049526929855347,0.6714659929275513,0.7214285731315613,0.6000000238418579
5,1,79,0.6029112339019775,0.6707983613014221,0.6029894948005676,0.6707983613014221,0.7285714149475098,0.6000000238418579
5,1,80,0.6011371612548828,0.670183539390564,0.600975513458252,0.670183539390564,0.7285714149475098,0.6000000238418579
5,1,81,0.5993545055389404,0.6696592569351196,0.5990654826164246,0.6696592569351196,0.7357142567634583,0.6000000238418579
5,1,82,0.5975527167320251,0.6691306829452515,0.5972347259521484,0.6691306829452515,0.7428571581840515,0.6000000238418579
5,1,83,0.5957129001617432,0.668586254119873,0.5953976511955261,0.668586254119873,0.7428571581840515,0.6000000238418579
5,1,84,0.593832790851593,0.6679690480232239,0.5935071706771851,0.6679690480232239,0.7428571581840515,0.6000000238418579
5,1,85,0.5919139385223389,0.6672672033309937,0.5915154814720154,0.6672672033309937,0.7428571581840515,0.6000000238418579
5,1,86,0.5899350643157959,0.6666792035102844,0.5894193053245544,0.6666792035102844,0.7428571581840515,0.6000000238418579
5,1,87,0.587917149066925,0.6662024855613708,0.5874593257904053,0.6662024855613708,0.7428571581840515,0.6000000238418579
5,1,88,0.5858910083770752,0.6656862497329712,0.5855222344398499,0.6656862497329712,0.75,0.6000000238418579
5,1,89,0.5838646292686462,0.6651521325111389,0.5834680199623108,0.6651521325111389,0.75,0.6000000238418579
5,1,90,0.581822395324707,0.6647009253501892,0.5813703536987305,0.6647009253501892,0.75,0.6000000238418579
5,1,91,0.5797710418701172,0.6642940640449524,0.5792651772499084,0.6642940640449524,0.7571428418159485,0.6000000238418579
5,1,92,0.577732503414154,0.6638955473899841,0.5771315097808838,0.6638955473899841,0.7571428418159485,0.6000000238418579
5,1,93,0.5756889581680298,0.6636149883270264,0.5749748945236206,0.6636149883270264,0.7571428418159485,0.5600000023841858
5,1,94,0.5736100077629089,0.6635076403617859,0.5728948712348938,0.6635076403617859,0.7571428418159485,0.5600000023841858
5,1,95,0.571480929851532,0.6634649038314819,0.5709137916564941,0.6634649038314819,0.7714285850524902,0.5600000023841858
5,1,96,0.569335401058197,0.6633082032203674,0.5688697695732117,0.6633082032203674,0.7714285850524902,0.5600000023841858
5,1,97,0.567182719707489,0.663083553314209,0.5666223168373108,0.663083553314209,0.7714285850524902,0.5600000023841858
5,1,98,0.5650153756141663,0.6629747152328491,0.5642539858818054,0.6629747152328491,0.7714285850524902,0.5600000023841858
5,1,99,0.562839925289154,0.663058876991272,0.5619705319404602,0.663058876991272,0.7714285850524902,0.5600000023841858
5,1,100,0.5606498122215271,0.6632137298583984,0.5598102807998657,0.6632137298583984,0.7642857432365417,0.5600000023841858
5,1,101,0.5584635138511658,0.66329026222229,0.5575581789016724,0.66329026222229,0.7642857432365417,0.5600000023841858
5,1,102,0.5562528371810913,0.6635071635246277,0.555184543132782,0.6635071635246277,0.7642857432365417,0.5600000023841858
5,1,103,0.5540310740470886,0.663819432258606,0.5528724193572998,0.663819432258606,0.7714285850524902,0.5600000023841858
5,1,104,0.551813006401062,0.6641606688499451,0.550629198551178,0.6641606688499451,0.7714285850524902,0.5199999809265137
5,1,105,0.5496031045913696,0.6645144820213318,0.5484457015991211,0.6645144820213318,0.7714285850524902,0.5199999809265137
5,1,106,0.5474026203155518,0.6647961139678955,0.5462600588798523,0.6647961139678955,0.7714285850524902,0.5199999809265137
5,1,107,0.5452027916908264,0.665040910243988,0.5439857244491577,0.665040910243988,0.7714285850524902,0.5199999809265137
5,1,108,0.5429880619049072,0.6654044389724731,0.5417433381080627,0.6654044389724731,0.7714285850524902,0.5199999809265137
5,1,109,0.5407622456550598,0.6657549142837524,0.5395235419273376,0.6657549142837524,0.7714285850524902,0.5199999809265137
5,1,110,0.5385291576385498,0.6661227345466614,0.5372560620307922,0.6661227345466614,0.7714285850524902,0.5199999809265137
5,1,111,0.5362790822982788,0.6665494441986084,0.5349686741828918,0.6665494441986084,0.7785714268684387,0.5199999809265137
5,1,112,0.5340227484703064,0.667081356048584,0.5326774716377258,0.667081356048584,0.7785714268684387,0.5199999809265137
5,1,113,0.5317657589912415,0.6676652431488037,0.5303627252578735,0.6676652431488037,0.7785714268684387,0.5600000023841858
5,1,114,0.5295126438140869,0.6682806611061096,0.5280284285545349,0.6682806611061096,0.7785714268684387,0.5600000023841858
5,1,115,0.5272493362426758,0.6689262390136719,0.5257620811462402,0.6689262390136719,0.7785714268684387,0.5600000023841858
5,1,116,0.5249806642532349,0.669573962688446,0.5234754681587219,0.669573962688446,0.7785714268684387,0.5600000023841858
5,1,117,0.5227155685424805,0.670200526714325,0.5211290717124939,0.670200526714325,0.7785714268684387,0.5600000023841858
5,1,118,0.5204369425773621,0.6708605289459229,0.5187366008758545,0.6708605289459229,0.7785714268684387,0.5600000023841858
5,1,119,0.5181673765182495,0.6715542078018188,0.5163847208023071,0.6715542078018188,0.7785714268684387,0.5600000023841858
5,1,120,0.5158929228782654,0.672221839427948,0.5140548944473267,0.672221839427948,0.7785714268684387,0.5600000023841858
5,1,121,0.5136256217956543,0.6728177070617676,0.5117565989494324,0.6728177070617676,0.7785714268684387,0.5600000023841858
5,1,122,0.5113541483879089,0.6734433174133301,0.5094906091690063,0.6734433174133301,0.7785714268684387,0.5600000023841858
5,1,123,0.5090672373771667,0.6740456223487854,0.5072953701019287,0.6740456223487854,0.7857142686843872,0.5600000023841858
6,1,1,0.6914782524108887,0.6996486783027649,0.6941983699798584,0.6996486783027649,0.48571428656578064,0.36000001430511475
6,1,2,0.6905087232589722,0.6982578039169312,0.6924394965171814,0.6982578039169312,0.5142857432365417,0.4000000059604645
6,1,3,0.6898087859153748,0.6970303058624268,0.6911891102790833,0.6970303058624268,0.5714285969734192,0.3199999928474426
6,1,4,0.6891732215881348,0.695985734462738,0.6901628971099854,0.695985734462738,0.5928571224212646,0.3199999928474426
6,1,5,0.6885847449302673,0.6950951218605042,0.689300537109375,0.6950951218605042,0.6000000238418579,0.4000000059604645
6,1,6,0.6879987716674805,0.6942687034606934,0.6885207295417786,0.6942687034606934,0.6357142925262451,0.4399999976158142
6,1,7,0.687397837638855,0.6935230493545532,0.6877837181091309,0.6935230493545532,0.6571428775787354,0.4399999976158142
6,1,8,0.6868055462837219,0.6928264498710632,0.6870951056480408,0.6928264498710632,0.6571428775787354,0.4399999976158142
6,1,9,0.6862100958824158,0.6920875310897827,0.6864092350006104,0.6920875310897827,0.6499999761581421,0.47999998927116394
6,1,10,0.6855841279029846,0.6913887858390808,0.6856817007064819,0.6913887858390808,0.6642857193946838,0.5600000023841858
6,1,11,0.6849524974822998,0.6907419562339783,0.6849635243415833,0.6907419562339783,0.6714285612106323,0.5600000023841858
6,1,12,0.6843026280403137,0.6901496648788452,0.6842312216758728,0.6901496648788452,0.6714285612106323,0.5600000023841858
6,1,13,0.6836389303207397,0.6895820498466492,0.68350750207901,0.6895820498466492,0.6714285612106323,0.6000000238418579
6,1,14,0.6829429864883423,0.6890716552734375,0.6827689409255981,0.6890716552734375,0.6857143044471741,0.6000000238418579
6,1,15,0.6822109818458557,0.6886445879936218,0.6820465922355652,0.6886445879936218,0.6928571462631226,0.6000000238418579
6,1,16,0.6814457774162292,0.6882537603378296,0.681361973285675,0.6882537603378296,0.6928571462631226,0.6000000238418579
6,1,17,0.6806357502937317,0.6878247261047363,0.6806784272193909,0.6878247261047363,0.699999988079071,0.6000000238418579
6,1,18,0.6798240542411804,0.6872727274894714,0.6800030469894409,0.6872727274894714,0.7142857313156128,0.6000000238418579
6,1,19,0.6789873242378235,0.686622679233551,0.6792827248573303,0.686622679233551,0.7142857313156128,0.6000000238418579
6,1,20,0.6781352162361145,0.6859046816825867,0.6784859895706177,0.6859046816825867,0.7142857313156128,0.6000000238418579
6,1,21,0.6772690415382385,0.6851692199707031,0.677639365196228,0.6851692199707031,0.7428571581840515,0.5600000023841858
6,1,22,0.6763927936553955,0.6843613386154175,0.6767800450325012,0.6843613386154175,0.7357142567634583,0.5600000023841858
6,1,23,0.6754915714263916,0.6834385395050049,0.6758612990379333,0.6834385395050049,0.7285714149475098,0.6000000238418579
6,1,24,0.674560546875,0.6824302673339844,0.6748827695846558,0.6824302673339844,0.7285714149475098,0.6000000238418579
6,1,25,0.6735920906066895,0.6814618706703186,0.6738846302032471,0.6814618706703186,0.7285714149475098,0.6000000238418579
6,1,26,0.6725831627845764,0.6804876923561096,0.6728855967521667,0.6804876923561096,0.7285714149475098,0.6000000238418579
6,1,27,0.671543300151825,0.6795263886451721,0.6718807816505432,0.6795263886451721,0.7357142567634583,0.6000000238418579
6,1,28,0.6704726219177246,0.6786162853240967,0.6708834767341614,0.6786162853240967,0.7357142567634583,0.6399999856948853
6,1,29,0.6693779826164246,0.67774498462677,0.6698917746543884,0.67774498462677,0.7357142567634583,0.6800000071525574
6,1,30,0.6682395935058594,0.6768142580986023,0.6688457131385803,0.6768142580986023,0.7285714149475098,0.6800000071525574
6,1,31,0.6670735478401184,0.6758532524108887,0.6677758097648621,0.6758532524108887,0.7285714149475098,0.6800000071525574
6,1,32,0.6658642292022705,0.674797534942627,0.6666492819786072,0.674797534942627,0.7142857313156128,0.6800000071525574
6,1,33,0.6646091938018799,0.6737196445465088,0.6654677391052246,0.6737196445465088,0.7142857313156128,0.6800000071525574
6,1,34,0.6633252501487732,0.6726134419441223,0.6642583608627319,0.6726134419441223,0.7142857313156128,0.6800000071525574
6,1,35,0.6620120406150818,0.6714210510253906,0.6630166172981262,0.6714210510253906,0.7142857313156128,0.6800000071525574
6,1,36,0.6606630682945251,0.6700758934020996,0.6616766452789307,0.6700758934020996,0.7142857313156128,0.6800000071525574
6,1,37,0.6592719554901123,0.668674647808075,0.6602227687835693,0.668674647808075,0.7142857313156128,0.6800000071525574
6,1,38,0.6578382849693298,0.6672355532646179,0.6586952209472656,0.6672355532646179,0.7142857313156128,0.6800000071525574
6,1,39,0.6563664078712463,0.6657673716545105,0.6571313738822937,0.6657673716545105,0.7142857313156128,0.6800000071525574
6,1,40,0.6548431515693665,0.6643612384796143,0.6555453538894653,0.6643612384796143,0.7142857313156128,0.6800000071525574
6,1,41,0.6532683372497559,0.6629452705383301,0.6539911031723022,0.6629452705383301,0.7142857313156128,0.6800000071525574
6,1,42,0.6516584753990173,0.6613872051239014,0.6524071097373962,0.6613872051239014,0.7142857313156128,0.6800000071525574
6,1,43,0.6499796509742737,0.6597040295600891,0.6507298350334167,0.6597040295600891,0.7142857313156128,0.6800000071525574
6,1,44,0.6482413411140442,0.6578385233879089,0.6489447355270386,0.6578385233879089,0.7142857313156128,0.6800000071525574
6,1,45,0.6464475393295288,0.6558020114898682,0.6470670700073242,0.6558020114898682,0.7142857313156128,0.6800000071525574
6,1,46,0.6445706486701965,0.6537767052650452,0.6451141238212585,0.6537767052650452,0.7142857313156128,0.6800000071525574
6,1,47,0.6426570415496826,0.6517069339752197,0.6431896686553955,0.6517069339752197,0.7142857313156128,0.6800000071525574
6,1,48,0.6407395005226135,0.6495966911315918,0.6413259506225586,0.6495966911315918,0.7214285731315613,0.6800000071525574
6,1,49,0.6388429403305054,0.6474935412406921,0.639443039894104,0.6474935412406921,0.7214285731315613,0.6800000071525574
6,1,50,0.6369507908821106,0.6454238891601562,0.6375799179077148,0.6454238891601562,0.7214285731315613,0.6800000071525574
6,1,51,0.6350206732749939,0.6434245109558105,0.6357060074806213,0.6434245109558105,0.7214285731315613,0.6800000071525574
6,1,52,0.6330828666687012,0.6413614153862,0.6338416337966919,0.6413614153862,0.7214285731315613,0.6800000071525574
6,1,53,0.631076991558075,0.6392633318901062,0.6318978667259216,0.6392633318901062,0.7214285731315613,0.6800000071525574
6,1,54,0.6289802193641663,0.6372115612030029,0.6298972964286804,0.6372115612030029,0.7214285731315613,0.6800000071525574
6,1,55,0.6268594861030579,0.6350229978561401,0.6278060078620911,0.6350229978561401,0.7214285731315613,0.6800000071525574
6,1,56,0.6247555613517761,0.6329880356788635,0.6256861090660095,0.6329880356788635,0.7285714149475098,0.6800000071525574
6,1,57,0.622654378414154,0.6313022375106812,0.6236903667449951,0.6313022375106812,0.7285714149475098,0.6800000071525574
6,1,58,0.6205738186836243,0.6295817494392395,0.6218385696411133,0.6295817494392395,0.7285714149475098,0.6800000071525574
6,1,59,0.6185023188591003,0.6277162432670593,0.6199051737785339,0.6277162432670593,0.7285714149475098,0.6800000071525574
6,1,60,0.6164533495903015,0.6255391836166382,0.6178324222564697,0.6255391836166382,0.7285714149475098,0.6800000071525574
6,1,61,0.6143720149993896,0.6233441233634949,0.6155224442481995,0.6233441233634949,0.7357142567634583,0.6800000071525574
6,1,62,0.612236499786377,0.6214672327041626,0.6132885813713074,0.6214672327041626,0.7357142567634583,0.6800000071525574
6,1,63,0.610112190246582,0.6196017265319824,0.6112083792686462,0.6196017265319824,0.7357142567634583,0.6800000071525574
6,1,64,0.6079784035682678,0.617586076259613,0.6090996265411377,0.617586076259613,0.7357142567634583,0.6800000071525574
6,1,65,0.6057927012443542,0.6156066656112671,0.6069024801254272,0.6156066656112671,0.7357142567634583,0.6800000071525574
6,1,66,0.6035633683204651,0.6136756539344788,0.6047041416168213,0.6136756539344788,0.7428571581840515,0.6800000071525574
6,1,67,0.6013339161872864,0.6116718053817749,0.6025317311286926,0.6116718053817749,0.7428571581840515,0.6800000071525574
6,1,68,0.5991063714027405,0.6095045208930969,0.6002481579780579,0.6095045208930969,0.7428571581840515,0.6399999856948853
6,1,69,0.5968554615974426,0.607354462146759,0.5978742837905884,0.607354462146759,0.7357142567634583,0.6399999856948853
6,1,70,0.5945797562599182,0.6053376197814941,0.5954897999763489,0.6053376197814941,0.7357142567634583,0.6399999856948853
6,1,71,0.5922878384590149,0.6034899950027466,0.5931783318519592,0.6034899950027466,0.7357142567634583,0.6399999856948853
6,1,72,0.5899907946586609,0.601737380027771,0.5909472703933716,0.601737380027771,0.7428571581840515,0.6399999856948853
6,1,73,0.5877055525779724,0.5999847650527954,0.5887163877487183,0.5999847650527954,0.7428571581840515,0.6399999856948853
6,1,74,0.5854021310806274,0.5984489321708679,0.5864693522453308,0.5984489321708679,0.7428571581840515,0.6800000071525574
6,1,75,0.5831065773963928,0.5970821976661682,0.5844020247459412,0.5970821976661682,0.75,0.6800000071525574
6,1,76,0.5808302760124207,0.5956785678863525,0.5823797583580017,0.5956785678863525,0.75,0.6800000071525574
6,1,77,0.5785738825798035,0.5941139459609985,0.5802217721939087,0.5941139459609985,0.7428571581840515,0.6800000071525574
6,1,78,0.5762968063354492,0.592555820941925,0.5779180526733398,0.592555820941925,0.7428571581840515,0.6800000071525574
6,1,79,0.574032723903656,0.591026246547699,0.5756123065948486,0.591026246547699,0.7428571581840515,0.6800000071525574
6,1,80,0.5717694759368896,0.589432418346405,0.5732545852661133,0.589432418346405,0.7428571581840515,0.6800000071525574
6,1,81,0.5694875717163086,0.5879995226860046,0.5708667039871216,0.5879995226860046,0.7428571581840515,0.6800000071525574
6,1,82,0.5672057271003723,0.5866638422012329,0.5685631036758423,0.5866638422012329,0.7428571581840515,0.6800000071525574
6,1,83,0.5649324059486389,0.585352897644043,0.5662844181060791,0.585352897644043,0.7428571581840515,0.6800000071525574
6,1,84,0.5626500844955444,0.5842009782791138,0.5640472173690796,0.5842009782791138,0.7428571581840515,0.6800000071525574
6,1,85,0.5603894591331482,0.58296799659729,0.5618626475334167,0.58296799659729,0.7428571581840515,0.6800000071525574
6,1,86,0.5581172108650208,0.5816843509674072,0.5595874786376953,0.5816843509674072,0.7357142567634583,0.6800000071525574
6,1,87,0.5558387637138367,0.5803765654563904,0.5572476983070374,0.5803765654563904,0.7357142567634583,0.6800000071525574
6,1,88,0.5535373687744141,0.5792459845542908,0.5549180507659912,0.5792459845542908,0.7357142567634583,0.6399999856948853
6,1,89,0.5512633323669434,0.5781205296516418,0.5526686906814575,0.5781205296516418,0.7357142567634583,0.6399999856948853
6,1,90,0.5489838123321533,0.5770073533058167,0.5504307150840759,0.5770073533058167,0.7357142567634583,0.6399999856948853
6,1,91,0.546718180179596,0.5758405923843384,0.5481608510017395,0.5758405923843384,0.7428571581840515,0.6399999856948853
6,1,92,0.5444434285163879,0.5747828483581543,0.5458952188491821,0.5747828483581543,0.75,0.6399999856948853
6,1,93,0.5421780347824097,0.5737287402153015,0.5436769723892212,0.5737287402153015,0.75,0.6399999856948853
6,1,94,0.5399183034896851,0.572585940361023,0.5414076447486877,0.572585940361023,0.75,0.6399999856948853
6,1,95,0.537621021270752,0.5716000199317932,0.5390971302986145,0.5716000199317932,0.75,0.6399999856948853
6,1,96,0.5353302359580994,0.570631206035614,0.5368706583976746,0.570631206035614,0.75,0.6399999856948853
6,1,97,0.5330212712287903,0.5697359442710876,0.5345847010612488,0.5697359442710876,0.75,0.6399999856948853
6,1,98,0.5306683778762817,0.5690134763717651,0.5323198437690735,0.5690134763717651,0.75,0.6399999856948853
6,1,99,0.5283616781234741,0.5681440234184265,0.530144453048706,0.5681440234184265,0.75,0.6399999856948853
6,1,100,0.5260893106460571,0.5670979022979736,0.5278904438018799,0.5670979022979736,0.75,0.6399999856948853
6,1,101,0.5237880349159241,0.5662217736244202,0.5255921483039856,0.5662217736244202,0.75,0.6399999856948853
6,1,102,0.5215089917182922,0.5654398202896118,0.5234390497207642,0.5654398202896118,0.75,0.6399999856948853
6,1,103,0.5192568898200989,0.5645644664764404,0.5212655067443848,0.5645644664764404,0.7571428418159485,0.6399999856948853
6,1,104,0.5169919729232788,0.5637004375457764,0.51894611120224,0.5637004375457764,0.7571428418159485,0.6399999856948853
6,1,105,0.5146977305412292,0.5631106495857239,0.5166764259338379,0.5631106495857239,0.7571428418159485,0.6399999856948853
6,1,106,0.5124504566192627,0.5625429749488831,0.5145461559295654,0.5625429749488831,0.7571428418159485,0.6800000071525574
6,1,107,0.5102059245109558,0.5619513988494873,0.5123851895332336,0.5619513988494873,0.7571428418159485,0.6800000071525574
6,1,108,0.5079874396324158,0.5612791180610657,0.5101332664489746,0.5612791180610657,0.7571428418159485,0.7200000286102295
6,1,109,0.505743145942688,0.560835599899292,0.5079038739204407,0.560835599899292,0.7571428418159485,0.7200000286102295
6,1,110,0.5035308003425598,0.5603313446044922,0.50581955909729,0.5603313446044922,0.7571428418159485,0.7200000286102295
6,1,111,0.5013478994369507,0.5596868991851807,0.5036293268203735,0.5596868991851807,0.7571428418159485,0.7200000286102295
6,1,112,0.49917399883270264,0.5590632557868958,0.5013332962989807,0.5590632557868958,0.7571428418159485,0.7200000286102295
6,1,113,0.49699166417121887,0.5586153268814087,0.4991370737552643,0.5586153268814087,0.7571428418159485,0.7200000286102295
6,1,114,0.49485284090042114,0.5581619143486023,0.4970775544643402,0.5581619143486023,0.7571428418159485,0.7200000286102295
6,1,115,0.4927231967449188,0.5576296448707581,0.49498066306114197,0.5576296448707581,0.7571428418159485,0.7200000286102295
6,1,116,0.4905947148799896,0.5571109652519226,0.4928065240383148,0.5571109652519226,0.7571428418159485,0.7200000286102295
6,1,117,0.48843902349472046,0.556664764881134,0.49065354466438293,0.556664764881134,0.7571428418159485,0.7200000286102295
6,1,118,0.48631176352500916,0.5561734437942505,0.48852768540382385,0.5561734437942505,0.7571428418159485,0.7200000286102295
6,1,119,0.48418867588043213,0.5557019114494324,0.4863172173500061,0.5557019114494324,0.7571428418159485,0.7599999904632568
6,1,120,0.4820411205291748,0.5553578734397888,0.48416152596473694,0.5553578734397888,0.7571428418159485,0.7599999904632568
6,1,121,0.479935884475708,0.5549641847610474,0.48210182785987854,0.5549641847610474,0.7571428418159485,0.7599999904632568
6,1,122,0.4778329133987427,0.5545362830162048,0.4799617826938629,0.5545362830162048,0.7571428418159485,0.7599999904632568
6,1,123,0.47570714354515076,0.5541622042655945,0.47777557373046875,0.5541622042655945,0.7571428418159485,0.7599999904632568
6,1,124,0.473565936088562,0.5539217591285706,0.47567999362945557,0.5539217591285706,0.7571428418159485,0.7599999904632568
6,1,125,0.4714573323726654,0.5536218881607056,0.4736960828304291,0.5536218881607056,0.7642857432365417,0.7599999904632568
6,1,126,0.4693726599216461,0.5532470941543579,0.4715866148471832,0.5532470941543579,0.7642857432365417,0.7599999904632568
6,1,127,0.4672567546367645,0.5530191659927368,0.46938639879226685,0.5530191659927368,0.7642857432365417,0.7599999904632568
6,1,128,0.4651511013507843,0.5528461337089539,0.46729180216789246,0.5528461337089539,0.7571428418159485,0.7599999904632568
6,1,129,0.46307313442230225,0.5526244640350342,0.4651743769645691,0.5526244640350342,0.75,0.7599999904632568
6,1,130,0.4609578847885132,0.5525686740875244,0.46300894021987915,0.5525686740875244,0.7571428418159485,0.7599999904632568
6,1,131,0.4588530957698822,0.5525305271148682,0.4609667658805847,0.5525305271148682,0.7571428418159485,0.7599999904632568
6,1,132,0.45676514506340027,0.5524362325668335,0.4588862955570221,0.5524362325668335,0.7642857432365417,0.7599999904632568
6,1,133,0.4546600580215454,0.552356481552124,0.45671868324279785,0.552356481552124,0.7642857432365417,0.800000011920929
6,1,134,0.45255282521247864,0.5523409843444824,0.45457157492637634,0.5523409843444824,0.7642857432365417,0.800000011920929
6,1,135,0.4504556953907013,0.5524119138717651,0.45247265696525574,0.5524119138717651,0.7714285850524902,0.800000011920929
6,1,136,0.4483547508716583,0.5525586605072021,0.4503759443759918,0.5525586605072021,0.7785714268684387,0.800000011920929
6,1,137,0.44626399874687195,0.5527353882789612,0.4482935965061188,0.5527353882789612,0.7785714268684387,0.800000011920929
6,1,138,0.44416069984436035,0.5529570579528809,0.4461699426174164,0.5529570579528809,0.7785714268684387,0.800000011920929
6,1,139,0.44206008315086365,0.5531867742538452,0.4440189301967621,0.5531867742538452,0.7857142686843872,0.800000011920929
6,1,140,0.4399357736110687,0.5534784197807312,0.44186079502105713,0.5534784197807312,0.7857142686843872,0.800000011920929
6,1,141,0.4378320276737213,0.5537018775939941,0.43974071741104126,0.5537018775939941,0.800000011920929,0.800000011920929
6,1,142,0.43572118878364563,0.553885817527771,0.43757206201553345,0.553885817527771,0.8071428537368774,0.800000011920929
6,1,143,0.43360474705696106,0.5541137456893921,0.43536749482154846,0.5541137456893921,0.8142856955528259,0.800000011920929
6,1,144,0.43147438764572144,0.5544015765190125,0.4332179129123688,0.5544015765190125,0.8142856955528259,0.7599999904632568
6,1,145,0.42935800552368164,0.5546082854270935,0.43110391497612,0.5546082854270935,0.8142856955528259,0.7599999904632568
6,1,146,0.4272153377532959,0.5548359155654907,0.4289035201072693,0.5548359155654907,0.8071428537368774,0.7599999904632568
6,1,147,0.4250487685203552,0.5551711320877075,0.42670008540153503,0.5551711320877075,0.8071428537368774,0.7599999904632568
6,1,148,0.4228569269180298,0.5556125044822693,0.4245567321777344,0.5556125044822693,0.8071428537368774,0.7599999904632568
6,1,149,0.4206709861755371,0.5560452938079834,0.4224422872066498,0.5560452938079834,0.8142856955528259,0.7599999904632568
6,1,150,0.4184943437576294,0.5564246773719788,0.4202525019645691,0.5564246773719788,0.8142856955528259,0.7599999904632568
6,1,151,0.4162907600402832,0.5568438768386841,0.417996883392334,0.5568438768386841,0.8142856955528259,0.7599999904632568
6,1,152,0.4140787124633789,0.5573142170906067,0.41575729846954346,0.5573142170906067,0.8214285969734192,0.7599999904632568
6,1,153,0.411849707365036,0.5578858852386475,0.4135536253452301,0.5578858852386475,0.8285714387893677,0.7599999904632568
6,1,154,0.4096287190914154,0.5585048198699951,0.4114050567150116,0.5585048198699951,0.8285714387893677,0.7599999904632568
6,1,155,0.40739408135414124,0.5591432452201843,0.40920257568359375,0.5591432452201843,0.8357142806053162,0.7599999904632568
6,1,156,0.4051397740840912,0.5597463846206665,0.4069601595401764,0.5597463846206665,0.8428571224212646,0.7599999904632568
6,1,157,0.40284913778305054,0.560390293598175,0.40462663769721985,0.560390293598175,0.8428571224212646,0.7599999904632568
6,1,158,0.4005366265773773,0.5610975623130798,0.4022948741912842,0.5610975623130798,0.8428571224212646,0.7599999904632568
6,1,159,0.3982183039188385,0.5618199706077576,0.3999992609024048,0.5618199706077576,0.8428571224212646,0.7599999904632568
7,1,1,0.6961285471916199,0.6925978064537048,0.6988789439201355,0.6925978064537048,0.4642857015132904,0.47999998927116394
7,1,2,0.6949195861816406,0.6923406720161438,0.6974756717681885,0.6923406720161438,0.4714285731315613,0.47999998927116394
7,1,3,0.6939762234687805,0.692065954208374,0.6962805390357971,0.692065954208374,0.4642857015132904,0.47999998927116394
7,1,4,0.6930854320526123,0.6918343305587769,0.6951468586921692,0.6918343305587769,0.4642857015132904,0.5600000023841858
7,1,5,0.6922114491462708,0.6916801929473877,0.6940819025039673,0.6916801929473877,0.47857141494750977,0.5600000023841858
7,1,6,0.6913517713546753,0.6915677785873413,0.6930795907974243,0.6915677785873413,0.47857141494750977,0.5600000023841858
7,1,7,0.6905062198638916,0.6914600133895874,0.6921078562736511,0.6914600133895874,0.48571428656578064,0.5600000023841858
7,1,8,0.6896892786026001,0.6913773417472839,0.6911648511886597,0.6913773417472839,0.5071428418159485,0.5600000023841858
7,1,9,0.6888760328292847,0.6913034319877625,0.6902414560317993,0.6913034319877625,0.5071428418159485,0.6000000238418579
7,1,10,0.688071608543396,0.6912015676498413,0.6893537044525146,0.6912015676498413,0.5142857432365417,0.6000000238418579
7,1,11,0.6872730851173401,0.6911015510559082,0.6885029673576355,0.6911015510559082,0.5357142686843872,0.6000000238418579
7,1,12,0.6864737868309021,0.6910153031349182,0.6876776814460754,0.6910153031349182,0.5357142686843872,0.6000000238418579
7,1,13,0.6856699585914612,0.6909117698669434,0.6868652701377869,0.6909117698669434,0.5642856955528259,0.6000000238418579
7,1,14,0.6848662495613098,0.6908227801322937,0.6860678791999817,0.6908227801322937,0.5642856955528259,0.6000000238418579
7,1,15,0.6840736269950867,0.6907123327255249,0.6852731704711914,0.6907123327255249,0.5785714387893677,0.6399999856948853
7,1,16,0.683291494846344,0.6906008720397949,0.6844757199287415,0.6906008720397949,0.5857142806053162,0.6000000238418579
7,1,17,0.6825281977653503,0.6904770135879517,0.6836804747581482,0.6904770135879517,0.5857142806053162,0.5600000023841858
7,1,18,0.6817808747291565,0.6903557777404785,0.6828742027282715,0.6903557777404785,0.6000000238418579,0.5600000023841858
7,1,19,0.681033730506897,0.6902139186859131,0.6820407509803772,0.6902139186859131,0.6071428656578064,0.5600000023841858
7,1,20,0.6802923679351807,0.6900452971458435,0.6811980605125427,0.6900452971458435,0.6214285492897034,0.5600000023841858
7,1,21,0.6795512437820435,0.6898753643035889,0.6803541779518127,0.6898753643035889,0.6214285492897034,0.5600000023841858
7,1,22,0.6787987947463989,0.6897078156471252,0.6795095801353455,0.6897078156471252,0.6214285492897034,0.5600000023841858
7,1,23,0.6780409812927246,0.6895629167556763,0.678677499294281,0.6895629167556763,0.6214285492897034,0.5600000023841858
7,1,24,0.677280068397522,0.6894515752792358,0.6778618693351746,0.6894515752792358,0.6214285492897034,0.5600000023841858
7,1,25,0.6765111684799194,0.6893794536590576,0.6770622730255127,0.6893794536590576,0.6214285492897034,0.5600000023841858
7,1,26,0.6757365465164185,0.6893157958984375,0.676264762878418,0.6893157958984375,0.6214285492897034,0.5600000023841858
7,1,27,0.6749435663223267,0.6892538666725159,0.6754453182220459,0.6892538666725159,0.6357142925262451,0.5600000023841858
7,1,28,0.6741273403167725,0.6891785264015198,0.6746109127998352,0.6891785264015198,0.6357142925262451,0.5600000023841858
7,1,29,0.673292875289917,0.6891164183616638,0.6737706065177917,0.6891164183616638,0.6571428775787354,0.5600000023841858
7,1,30,0.6724466681480408,0.6890552639961243,0.672913670539856,0.6890552639961243,0.6571428775787354,0.5600000023841858
7,1,31,0.6715937256813049,0.6890081167221069,0.6720463633537292,0.6890081167221069,0.6571428775787354,0.5600000023841858
7,1,32,0.6707304120063782,0.6889550089836121,0.6711645722389221,0.6889550089836121,0.6571428775787354,0.5600000023841858
7,1,33,0.6698471307754517,0.6889280080795288,0.6702682375907898,0.6889280080795288,0.6571428775787354,0.5600000023841858
7,1,34,0.6689417958259583,0.6889166831970215,0.6693631410598755,0.6889166831970215,0.6571428775787354,0.5600000023841858
7,1,35,0.6680024266242981,0.6889238953590393,0.6684274673461914,0.6889238953590393,0.6642857193946838,0.5600000023841858
7,1,36,0.6670238971710205,0.6889446973800659,0.6674594879150391,0.6889446973800659,0.6642857193946838,0.5600000023841858
7,1,37,0.6660390496253967,0.6889574527740479,0.6664862632751465,0.6889574527740479,0.6642857193946838,0.5600000023841858
7,1,38,0.6650335788726807,0.6889888048171997,0.665479838848114,0.6889888048171997,0.6642857193946838,0.5600000023841858
7,1,39,0.6640028357505798,0.6890170574188232,0.6644117832183838,0.6890170574188232,0.6642857193946838,0.5600000023841858
7,1,40,0.6629480123519897,0.6890318989753723,0.6632979512214661,0.6890318989753723,0.6857143044471741,0.5600000023841858
7,1,41,0.6618462800979614,0.6890689134597778,0.6621363759040833,0.6890689134597778,0.6928571462631226,0.5600000023841858
7,1,42,0.6607195138931274,0.6891266703605652,0.6609593033790588,0.6891266703605652,0.699999988079071,0.5600000023841858
7,1,43,0.6595468521118164,0.6891673803329468,0.6597611904144287,0.6891673803329468,0.699999988079071,0.5600000023841858
7,1,44,0.6583414077758789,0.6892841458320618,0.6585348844528198,0.6892841458320618,0.6928571462631226,0.5600000023841858
7,1,45,0.6571042537689209,0.6895905137062073,0.6572896838188171,0.6895905137062073,0.699999988079071,0.5600000023841858
7,1,46,0.6558318734169006,0.6898910403251648,0.6560333371162415,0.6898910403251648,0.699999988079071,0.5199999809265137
7,1,47,0.6545472741127014,0.6900814175605774,0.6547460556030273,0.6900814175605774,0.699999988079071,0.5199999809265137
7,1,48,0.65323406457901,0.6902030110359192,0.6533960103988647,0.6902030110359192,0.699999988079071,0.5199999809265137
7,1,49,0.6518833041191101,0.6902986764907837,0.6519800424575806,0.6902986764907837,0.699999988079071,0.5199999809265137
7,1,50,0.6504852771759033,0.690430760383606,0.6505030989646912,0.690430760383606,0.6857143044471741,0.5199999809265137
7,1,51,0.6490569710731506,0.690575361251831,0.6489869356155396,0.690575361251831,0.6857143044471741,0.5199999809265137
7,1,52,0.6476208567619324,0.6907632946968079,0.6474844217300415,0.6907632946968079,0.6928571462631226,0.5199999809265137
7,1,53,0.646167516708374,0.6909907460212708,0.6459646224975586,0.6909907460212708,0.6928571462631226,0.5199999809265137
7,1,54,0.6446726322174072,0.6912250518798828,0.6443833112716675,0.6912250518798828,0.6928571462631226,0.5199999809265137
7,1,55,0.6431417465209961,0.6914682984352112,0.6427609324455261,0.6914682984352112,0.699999988079071,0.5600000023841858
7,1,56,0.6415694355964661,0.6916951537132263,0.6411164999008179,0.6916951537132263,0.7214285731315613,0.5600000023841858
7,1,57,0.6399844884872437,0.6918126940727234,0.6394429206848145,0.6918126940727234,0.7214285731315613,0.5600000023841858
7,1,58,0.6383801102638245,0.69183349609375,0.6376785039901733,0.69183349609375,0.7214285731315613,0.5600000023841858
7,1,59,0.6367486715316772,0.6918836236000061,0.6358445882797241,0.6918836236000061,0.7214285731315613,0.5600000023841858
8,1,1,0.7036087512969971,0.7289602160453796,0.7302687764167786,0.7289602160453796,0.40714284777641296,0.4000000059604645
8,1,2,0.7016130089759827,0.7264936566352844,0.7264214158058167,0.7264936566352844,0.40714284777641296,0.4000000059604645
8,1,3,0.7001785039901733,0.7244189381599426,0.7236729264259338,0.7244189381599426,0.40714284777641296,0.4000000059604645
8,1,4,0.6989113092422485,0.7225782871246338,0.7212495803833008,0.7225782871246338,0.40714284777641296,0.4000000059604645
8,1,5,0.6977493166923523,0.7209035754203796,0.7190453410148621,0.7209035754203796,0.40714284777641296,0.4000000059604645
8,1,6,0.6966995000839233,0.7194070219993591,0.7170495986938477,0.7194070219993591,0.40714284777641296,0.4000000059604645
8,1,7,0.6957178115844727,0.7180570363998413,0.7152121663093567,0.7180570363998413,0.40714284777641296,0.4000000059604645
8,1,8,0.6947860717773438,0.7168121337890625,0.7135045528411865,0.7168121337890625,0.40714284777641296,0.4000000059604645
8,1,9,0.693894624710083,0.7156414985656738,0.7119055390357971,0.7156414985656738,0.40714284777641296,0.4000000059604645
8,1,10,0.6930475831031799,0.7145819664001465,0.7104101181030273,0.7145819664001465,0.40714284777641296,0.4000000059604645
8,1,11,0.6922487616539001,0.713650107383728,0.7090131044387817,0.713650107383728,0.40714284777641296,0.4000000059604645
8,1,12,0.691515326499939,0.7128643989562988,0.7077282667160034,0.7128643989562988,0.40714284777641296,0.4000000059604645
8,1,13,0.6908203959465027,0.7121849656105042,0.7065293192863464,0.7121849656105042,0.41428571939468384,0.4000000059604645
8,1,14,0.6901540756225586,0.7115882635116577,0.7054024338722229,0.7115882635116577,0.41428571939468384,0.4000000059604645
8,1,15,0.6895113587379456,0.7110655903816223,0.7043436169624329,0.7110655903816223,0.41428571939468384,0.4000000059604645
8,1,16,0.6888930797576904,0.7105914354324341,0.7033568024635315,0.7105914354324341,0.41428571939468384,0.4000000059604645
8,1,17,0.6882850527763367,0.7101882100105286,0.7024213671684265,0.7101882100105286,0.41428571939468384,0.4000000059604645
8,1,18,0.6876819729804993,0.7098426222801208,0.7015268802642822,0.7098426222801208,0.41428571939468384,0.4000000059604645
8,1,19,0.6870825886726379,0.7095258235931396,0.7006775140762329,0.7095258235931396,0.41428571939468384,0.4000000059604645
8,1,20,0.6864922642707825,0.7092205882072449,0.6998813152313232,0.7092205882072449,0.41428571939468384,0.4000000059604645
8,1,21,0.6859062910079956,0.70891273021698,0.6991186738014221,0.70891273021698,0.41428571939468384,0.4000000059604645
8,1,22,0.6853221654891968,0.70862877368927,0.6983736157417297,0.70862877368927,0.4214285612106323,0.4000000059604645
8,1,23,0.6847264170646667,0.7084076404571533,0.6976162791252136,0.7084076404571533,0.4214285612106323,0.4000000059604645
8,1,24,0.684124231338501,0.7083145976066589,0.6968690156936646,0.7083145976066589,0.4285714328289032,0.4000000059604645
8,1,25,0.6835336685180664,0.7083137631416321,0.696178674697876,0.7083137631416321,0.4357142746448517,0.4000000059604645
8,1,26,0.6829572916030884,0.7083832621574402,0.695537269115448,0.7083832621574402,0.44999998807907104,0.4000000059604645
8,1,27,0.6823911666870117,0.7084672451019287,0.6949162483215332,0.7084672451019287,0.44285714626312256,0.4000000059604645
8,1,28,0.6818282008171082,0.7085182666778564,0.6942821145057678,0.7085182666778564,0.44999998807907104,0.4000000059604645
8,1,29,0.6812635064125061,0.708565354347229,0.6936140656471252,0.708565354347229,0.4642857015132904,0.4399999976158142
8,1,30,0.680677056312561,0.7086024284362793,0.6928927898406982,0.7086024284362793,0.4714285731315613,0.4399999976158142
8,1,31,0.6800746917724609,0.7086625695228577,0.6921349167823792,0.7086625695228577,0.47857141494750977,0.4000000059604645
8,1,32,0.6794623732566833,0.708731472492218,0.691350519657135,0.708731472492218,0.4928571283817291,0.4399999976158142
8,1,33,0.678844153881073,0.7088422179222107,0.6905627846717834,0.7088422179222107,0.5,0.47999998927116394
8,1,34,0.67822265625,0.7090176939964294,0.6897918581962585,0.7090176939964294,0.5071428418159485,0.47999998927116394
8,1,35,0.6775971055030823,0.7092126607894897,0.6890413165092468,0.7092126607894897,0.5214285850524902,0.47999998927116394
8,1,36,0.6769793629646301,0.7094240784645081,0.6883206963539124,0.7094240784645081,0.5357142686843872,0.4399999976158142
8,1,37,0.6763578057289124,0.7096560001373291,0.6876105666160583,0.7096560001373291,0.5285714268684387,0.4399999976158142
8,1,38,0.6757252216339111,0.7098854184150696,0.686894953250885,0.7098854184150696,0.5285714268684387,0.4000000059604645
8,1,39,0.6750670075416565,0.7101260423660278,0.6861340999603271,0.7101260423660278,0.5285714268684387,0.4000000059604645
8,1,40,0.674390971660614,0.7103595733642578,0.685335099697113,0.7103595733642578,0.550000011920929,0.4000000059604645
8,1,41,0.6737011075019836,0.7106366157531738,0.6845267415046692,0.7106366157531738,0.5571428537368774,0.4399999976158142
8,1,42,0.6730011701583862,0.7109510898590088,0.6837173104286194,0.7109510898590088,0.5428571701049805,0.4399999976158142
8,1,43,0.6723001003265381,0.711261510848999,0.6829178333282471,0.711261510848999,0.5571428537368774,0.4399999976158142
8,1,44,0.6715993881225586,0.7115529775619507,0.6821238994598389,0.7115529775619507,0.5571428537368774,0.4399999976158142
8,1,45,0.6708840727806091,0.7118410468101501,0.6813191771507263,0.7118410468101501,0.5642856955528259,0.4399999976158142
8,1,46,0.6701604127883911,0.712145209312439,0.6805189847946167,0.712145209312439,0.5714285969734192,0.4399999976158142
8,1,47,0.6694269180297852,0.7124821543693542,0.6797208786010742,0.7124821543693542,0.5785714387893677,0.47999998927116394
8,1,48,0.6686863303184509,0.7128331661224365,0.6789150238037109,0.7128331661224365,0.5785714387893677,0.47999998927116394
8,1,49,0.6679222583770752,0.7132093906402588,0.6780665516853333,0.7132093906402588,0.5857142806053162,0.47999998927116394
9,1,1,0.6925564408302307,0.6970116496086121,0.6862030029296875,0.6970116496086121,0.5857142806053162,0.4399999976158142
9,1,2,0.6911285519599915,0.6968299746513367,0.6860238313674927,0.6968299746513367,0.5642856955528259,0.4399999976158142
9,1,3,0.6900789141654968,0.6965559124946594,0.6860905289649963,0.6965559124946594,0.5857142806053162,0.5199999809265137
9,1,4,0.6891495585441589,0.6962223649024963,0.6861886978149414,0.6962223649024963,0.6071428656578064,0.47999998927116394
9,1,5,0.6883248686790466,0.6958754658699036,0.6862826943397522,0.6958754658699036,0.5928571224212646,0.5600000023841858
9,1,6,0.6876122355461121,0.6954432725906372,0.6863740682601929,0.6954432725906372,0.5857142806053162,0.6000000238418579
9,1,7,0.6869521737098694,0.6949924230575562,0.6864180564880371,0.6949924230575562,0.5928571224212646,0.6399999856948853
9,1,8,0.6863120198249817,0.6944732069969177,0.686394989490509,0.6944732069969177,0.6071428656578064,0.6800000071525574
9,1,9,0.685694694519043,0.6939378976821899,0.6863095164299011,0.6939378976821899,0.6285714507102966,0.7200000286102295
9,1,10,0.6850773692131042,0.6933689117431641,0.6861503720283508,0.6933689117431641,0.6214285492897034,0.6800000071525574
9,1,11,0.684459388256073,0.6927705407142639,0.6859267354011536,0.6927705407142639,0.5928571224212646,0.6800000071525574
9,1,12,0.6838462948799133,0.6921748518943787,0.6856526136398315,0.6921748518943787,0.6142857074737549,0.6800000071525574
9,1,13,0.6832339763641357,0.6915645599365234,0.6853240132331848,0.6915645599365234,0.6214285492897034,0.6800000071525574
9,1,14,0.6826155781745911,0.6909393072128296,0.684942364692688,0.6909393072128296,0.6285714507102966,0.6800000071525574
9,1,15,0.6819944977760315,0.6902721524238586,0.684522271156311,0.6902721524238586,0.6357142925262451,0.6800000071525574
9,1,16,0.6813600659370422,0.6895763874053955,0.6840595602989197,0.6895763874053955,0.6428571343421936,0.6399999856948853
9,1,17,0.680713951587677,0.6888728141784668,0.6835691332817078,0.6888728141784668,0.6428571343421936,0.6399999856948853
9,1,18,0.6800642013549805,0.6881599426269531,0.6830611228942871,0.6881599426269531,0.6499999761581421,0.6399999856948853
9,1,19,0.6794242858886719,0.6874669790267944,0.6825430989265442,0.6874669790267944,0.6571428775787354,0.6399999856948853
9,1,20,0.6787775158882141,0.6867733001708984,0.6819966435432434,0.6867733001708984,0.6571428775787354,0.6399999856948853
9,1,21,0.6781165599822998,0.68604576587677,0.6814029812812805,0.68604576587677,0.6571428775787354,0.6399999856948853
9,1,22,0.6774424910545349,0.6853019595146179,0.6807716488838196,0.6853019595146179,0.6642857193946838,0.6399999856948853
9,1,23,0.6767554879188538,0.6845514178276062,0.6801290512084961,0.6845514178276062,0.6714285612106323,0.6399999856948853
9,1,24,0.6760584712028503,0.6838052868843079,0.6794746518135071,0.6838052868843079,0.6714285612106323,0.6399999856948853
9,1,25,0.6753479838371277,0.6830407977104187,0.6788021326065063,0.6830407977104187,0.6785714030265808,0.6399999856948853
9,1,26,0.6746236085891724,0.6822564005851746,0.6781098246574402,0.6822564005851746,0.6785714030265808,0.6399999856948853
9,1,27,0.6738829016685486,0.6814466118812561,0.677394688129425,0.6814466118812561,0.6857143044471741,0.6399999856948853
9,1,28,0.6731182932853699,0.680588960647583,0.6766347885131836,0.680588960647583,0.6785714030265808,0.6399999856948853
9,1,29,0.6723400354385376,0.6796981692314148,0.6758354902267456,0.6796981692314148,0.6928571462631226,0.6399999856948853
9,1,30,0.6715467572212219,0.6787735819816589,0.6749895811080933,0.6787735819816589,0.6928571462631226,0.6399999856948853
9,1,31,0.6707434058189392,0.6778588891029358,0.6741213202476501,0.6778588891029358,0.6928571462631226,0.6399999856948853
9,1,32,0.6699304580688477,0.6769055724143982,0.6732572317123413,0.6769055724143982,0.7071428298950195,0.6399999856948853
9,1,33,0.6690902709960938,0.6759018898010254,0.6723657846450806,0.6759018898010254,0.7142857313156128,0.6399999856948853
9,1,34,0.6682348847389221,0.6748818159103394,0.6714438796043396,0.6748818159103394,0.7214285731315613,0.6399999856948853
9,1,35,0.667365550994873,0.6738883852958679,0.6705181002616882,0.6738883852958679,0.7214285731315613,0.7200000286102295
9,1,36,0.6664780974388123,0.6729111671447754,0.6695771217346191,0.6729111671447754,0.7214285731315613,0.7200000286102295
9,1,37,0.6655802726745605,0.6719226837158203,0.6686306595802307,0.6719226837158203,0.7285714149475098,0.7200000286102295
9,1,38,0.664665937423706,0.6709100604057312,0.667655885219574,0.6709100604057312,0.7357142567634583,0.7599999904632568
9,1,39,0.6637312173843384,0.669883668422699,0.666670560836792,0.669883668422699,0.7357142567634583,0.7200000286102295
9,1,40,0.6627869009971619,0.6688305735588074,0.6656771898269653,0.6688305735588074,0.7357142567634583,0.7200000286102295
9,1,41,0.6618168354034424,0.6677774786949158,0.664644718170166,0.6677774786949158,0.7428571581840515,0.7200000286102295
9,1,42,0.6608175039291382,0.6666733622550964,0.6635687351226807,0.6666733622550964,0.7428571581840515,0.7200000286102295
9,1,43,0.6598039865493774,0.6655540466308594,0.662486732006073,0.6655540466308594,0.7428571581840515,0.7200000286102295
9,1,44,0.6587640643119812,0.6644373536109924,0.6613906025886536,0.6644373536109924,0.7428571581840515,0.7200000286102295
9,1,45,0.6577062606811523,0.6632987856864929,0.6602608561515808,0.6632987856864929,0.7428571581840515,0.7200000286102295
9,1,46,0.6566179394721985,0.662135899066925,0.6590830087661743,0.662135899066925,0.7428571581840515,0.7200000286102295
9,1,47,0.6555125117301941,0.6609947681427002,0.6578794121742249,0.6609947681427002,0.7428571581840515,0.7200000286102295
9,1,48,0.6543766856193542,0.659850001335144,0.6566243767738342,0.659850001335144,0.7357142567634583,0.7200000286102295
9,1,49,0.6532167196273804,0.6587275862693787,0.6553182601928711,0.6587275862693787,0.7428571581840515,0.6800000071525574
9,1,50,0.65202796459198,0.6576246619224548,0.6539740562438965,0.6576246619224548,0.7428571581840515,0.6800000071525574
9,1,51,0.6508205533027649,0.6565569043159485,0.6526268124580383,0.6565569043159485,0.7357142567634583,0.6800000071525574
9,1,52,0.6495835185050964,0.6554932594299316,0.6512840390205383,0.6554932594299316,0.7357142567634583,0.6800000071525574
9,1,53,0.6483298540115356,0.6544358730316162,0.649925947189331,0.6544358730316162,0.7357142567634583,0.6800000071525574
9,1,54,0.6470426917076111,0.6533873677253723,0.6485378742218018,0.6533873677253723,0.7357142567634583,0.6800000071525574
9,1,55,0.6457398533821106,0.6523835062980652,0.6471676230430603,0.6523835062980652,0.7285714149475098,0.6800000071525574
9,1,56,0.6444133520126343,0.6513462662696838,0.6457899808883667,0.6513462662696838,0.7285714149475098,0.6800000071525574
9,1,57,0.6430709362030029,0.6502439379692078,0.6443645358085632,0.6502439379692078,0.7285714149475098,0.6800000071525574
9,1,58,0.6417238116264343,0.649161159992218,0.6429300308227539,0.649161159992218,0.7285714149475098,0.6800000071525574
9,1,59,0.6403476595878601,0.6480559706687927,0.6414991021156311,0.6480559706687927,0.7357142567634583,0.6800000071525574
9,1,60,0.6389392018318176,0.6469557285308838,0.6400477886199951,0.6469557285308838,0.7357142567634583,0.6800000071525574
9,1,61,0.637479305267334,0.6458088159561157,0.6385495066642761,0.6458088159561157,0.7357142567634583,0.6800000071525574
9,1,62,0.6360023021697998,0.6447127461433411,0.6371006369590759,0.6447127461433411,0.7285714149475098,0.6800000071525574
9,1,63,0.6345160603523254,0.643564760684967,0.6356897354125977,0.643564760684967,0.7285714149475098,0.6800000071525574
9,1,64,0.6330462694168091,0.642386257648468,0.6342825889587402,0.642386257648468,0.7285714149475098,0.6800000071525574
9,1,65,0.6315798163414001,0.6412732005119324,0.6328914165496826,0.6412732005119324,0.7285714149475098,0.6800000071525574
9,1,66,0.630079984664917,0.6401796936988831,0.6315273642539978,0.6401796936988831,0.7357142567634583,0.6399999856948853
9,1,67,0.6285642981529236,0.6390834450721741,0.63013756275177,0.6390834450721741,0.7357142567634583,0.6399999856948853
9,1,68,0.6270427107810974,0.6380921006202698,0.6286579370498657,0.6380921006202698,0.7357142567634583,0.6399999856948853
9,1,69,0.625473141670227,0.6371133327484131,0.6270776987075806,0.6371133327484131,0.7428571581840515,0.6399999856948853
9,1,70,0.6238957643508911,0.6361494660377502,0.6255024075508118,0.6361494660377502,0.7428571581840515,0.6399999856948853
9,1,71,0.6223081350326538,0.6351271271705627,0.6238670945167542,0.6351271271705627,0.7428571581840515,0.6399999856948853
9,1,72,0.6207209825515747,0.634236752986908,0.6221644878387451,0.634236752986908,0.75,0.6399999856948853
9,1,73,0.6191059350967407,0.6333906650543213,0.6204699873924255,0.6333906650543213,0.75,0.6399999856948853
9,1,74,0.617416501045227,0.6325283646583557,0.6187765598297119,0.6325283646583557,0.75,0.6399999856948853
9,1,75,0.6157034635543823,0.6316057443618774,0.6170661449432373,0.6316057443618774,0.75,0.6399999856948853
9,1,76,0.614052414894104,0.6307371258735657,0.615368127822876,0.6307371258735657,0.75,0.6399999856948853
9,1,77,0.6124339699745178,0.6298877596855164,0.6136609315872192,0.6298877596855164,0.75,0.6399999856948853
9,1,78,0.6108076572418213,0.6290415525436401,0.611927330493927,0.6290415525436401,0.75,0.6399999856948853
9,1,79,0.6091628074645996,0.6282152533531189,0.6101992726325989,0.6282152533531189,0.75,0.6399999856948853
9,1,80,0.6074938178062439,0.6274372935295105,0.6084426045417786,0.6274372935295105,0.75,0.6399999856948853
9,1,81,0.6058501601219177,0.626684844493866,0.6067049503326416,0.626684844493866,0.75,0.6399999856948853
9,1,82,0.6042261719703674,0.6259902119636536,0.6049766540527344,0.6259902119636536,0.75,0.6399999856948853
9,1,83,0.6026211977005005,0.6254284381866455,0.603357195854187,0.6254284381866455,0.75,0.6399999856948853
9,1,84,0.6010289788246155,0.6249598860740662,0.6018570065498352,0.6249598860740662,0.75,0.6399999856948853
9,1,85,0.5994365215301514,0.6245459318161011,0.6003834009170532,0.6245459318161011,0.75,0.6399999856948853
9,1,86,0.5978376269340515,0.6241426467895508,0.5988810062408447,0.6241426467895508,0.75,0.6399999856948853
9,1,87,0.5962402820587158,0.6238189935684204,0.5973353981971741,0.6238189935684204,0.75,0.6399999856948853
9,1,88,0.5946488976478577,0.6235132813453674,0.5958086252212524,0.6235132813453674,0.75,0.6399999856948853
9,1,89,0.5930533409118652,0.6231829524040222,0.5942161083221436,0.6231829524040222,0.7571428418159485,0.6399999856948853
9,1,90,0.5914583802223206,0.6228529214859009,0.592549204826355,0.6228529214859009,0.7571428418159485,0.6399999856948853
9,1,91,0.5898644924163818,0.6225612163543701,0.590889573097229,0.6225612163543701,0.7571428418159485,0.6399999856948853
9,1,92,0.5882810950279236,0.6222754120826721,0.5892281532287598,0.6222754120826721,0.7571428418159485,0.6399999856948853
9,1,93,0.5867099761962891,0.6220053434371948,0.5875624418258667,0.6220053434371948,0.7571428418159485,0.6399999856948853
9,1,94,0.5851446986198425,0.6217830181121826,0.5859161615371704,0.6217830181121826,0.7571428418159485,0.6399999856948853
9,1,95,0.5835925936698914,0.6216236352920532,0.584343433380127,0.6216236352920532,0.7571428418159485,0.6399999856948853
9,1,96,0.5820322036743164,0.621466875076294,0.5827689170837402,0.621466875076294,0.7571428418159485,0.6399999856948853
9,1,97,0.5804814100265503,0.6213050484657288,0.581159234046936,0.6213050484657288,0.7571428418159485,0.6399999856948853
9,1,98,0.5789510607719421,0.6211732625961304,0.5795766115188599,0.6211732625961304,0.7571428418159485,0.6399999856948853
9,1,99,0.5774481296539307,0.6210454702377319,0.5780736804008484,0.6210454702377319,0.7642857432365417,0.6399999856948853
9,1,100,0.5759446024894714,0.6209084391593933,0.5765912532806396,0.6209084391593933,0.7642857432365417,0.6399999856948853
9,1,101,0.5744487047195435,0.6207978129386902,0.5751593112945557,0.6207978129386902,0.7642857432365417,0.6399999856948853
9,1,102,0.5729467272758484,0.6206479072570801,0.5737130045890808,0.6206479072570801,0.7642857432365417,0.6399999856948853
9,1,103,0.5714541673660278,0.6205044984817505,0.5722634792327881,0.6205044984817505,0.7642857432365417,0.6399999856948853
9,1,104,0.5699611902236938,0.6203806400299072,0.5707994103431702,0.6203806400299072,0.7642857432365417,0.6399999856948853
9,1,105,0.5684675574302673,0.6202805638313293,0.5693110227584839,0.6202805638313293,0.7642857432365417,0.6399999856948853
9,1,106,0.5669801235198975,0.6202094554901123,0.5678222179412842,0.6202094554901123,0.7642857432365417,0.6399999856948853
9,1,107,0.56550133228302,0.6201378107070923,0.5663331747055054,0.6201378107070923,0.7571428418159485,0.6399999856948853
9,1,108,0.564010739326477,0.6200860142707825,0.5647783279418945,0.6200860142707825,0.75,0.6399999856948853
9,1,109,0.5625222325325012,0.6200910806655884,0.5632706880569458,0.6200910806655884,0.75,0.6399999856948853
9,1,110,0.5610316395759583,0.6201334595680237,0.5618115067481995,0.6201334595680237,0.75,0.6399999856948853
9,1,111,0.559527575969696,0.6202029585838318,0.5603052377700806,0.6202029585838318,0.75,0.6399999856948853
9,1,112,0.5580267310142517,0.6203121542930603,0.5587866902351379,0.6203121542930603,0.75,0.6399999856948853
9,1,113,0.5565304756164551,0.6204620599746704,0.5573021769523621,0.6204620599746704,0.75,0.6399999856948853
9,1,114,0.5550333261489868,0.6206031441688538,0.5558407306671143,0.6206031441688538,0.75,0.6399999856948853
9,1,115,0.5535418391227722,0.6207481622695923,0.5543798804283142,0.6207481622695923,0.75,0.6399999856948853
9,1,116,0.5520524978637695,0.620888888835907,0.5529127717018127,0.620888888835907,0.75,0.6399999856948853
9,1,117,0.5505708456039429,0.6210411190986633,0.5514708161354065,0.6210411190986633,0.75,0.6399999856948853
9,1,118,0.549084484577179,0.6212133169174194,0.5500015616416931,0.6212133169174194,0.75,0.6399999856948853
9,1,119,0.5475965142250061,0.6214086413383484,0.5485280752182007,0.6214086413383484,0.7571428418159485,0.6399999856948853
9,1,120,0.5461070537567139,0.6216174960136414,0.5470494031906128,0.6216174960136414,0.7571428418159485,0.6399999856948853
9,1,121,0.5446349382400513,0.6218470335006714,0.5456151366233826,0.6218470335006714,0.7571428418159485,0.6800000071525574
9,1,122,0.5431665778160095,0.62209153175354,0.5441663265228271,0.62209153175354,0.7642857432365417,0.6800000071525574
9,1,123,0.5416962504386902,0.6223564743995667,0.5426569581031799,0.6223564743995667,0.7642857432365417,0.6800000071525574
9,1,124,0.540231466293335,0.6226804256439209,0.5411503314971924,0.6226804256439209,0.7785714268684387,0.6800000071525574
9,1,125,0.5387662053108215,0.6230331659317017,0.539672315120697,0.6230331659317017,0.7785714268684387,0.6800000071525574
9,1,126,0.5373048782348633,0.6234008073806763,0.5381898880004883,0.6234008073806763,0.7785714268684387,0.6800000071525574
9,1,127,0.5358370542526245,0.6237887740135193,0.5366529822349548,0.6237887740135193,0.7785714268684387,0.6800000071525574
9,1,128,0.534369170665741,0.6242012977600098,0.535110592842102,0.6242012977600098,0.7785714268684387,0.6800000071525574
9,1,129,0.532911479473114,0.6246427297592163,0.5336219668388367,0.6246427297592163,0.7857142686843872,0.7200000286102295
9,1,130,0.5314577221870422,0.625095009803772,0.5321905612945557,0.625095009803772,0.7857142686843872,0.7200000286102295
9,1,131,0.5300092101097107,0.6255624890327454,0.5307930111885071,0.6255624890327454,0.7857142686843872,0.7200000286102295
9,1,132,0.5285651087760925,0.6260097026824951,0.5293993353843689,0.6260097026824951,0.7857142686843872,0.7200000286102295
9,1,133,0.527118980884552,0.6264371275901794,0.5279521942138672,0.6264371275901794,0.7857142686843872,0.7200000286102295
10,1,1,0.6922844052314758,0.6846168637275696,0.6862348318099976,0.6846168637275696,0.6071428656578064,0.6000000238418579
10,1,2,0.6910638809204102,0.6843939423561096,0.6855166554450989,0.6843939423561096,0.6000000238418579,0.6000000238418579
10,1,3,0.6902695298194885,0.6841464042663574,0.6849674582481384,0.6841464042663574,0.6000000238418579,0.6000000238418579
10,1,4,0.689522385597229,0.6838037371635437,0.6844035983085632,0.6838037371635437,0.5857142806053162,0.6000000238418579
10,1,5,0.68879634141922,0.68345046043396,0.6838266253471375,0.68345046043396,0.6000000238418579,0.6399999856948853
10,1,6,0.6880652904510498,0.683104395866394,0.6832197904586792,0.683104395866394,0.5928571224212646,0.6800000071525574
10,1,7,0.6873390674591064,0.6827408671379089,0.6825965046882629,0.6827408671379089,0.6000000238418579,0.7200000286102295
10,1,8,0.6866061091423035,0.6823219060897827,0.6819719672203064,0.6823219060897827,0.6142857074737549,0.6800000071525574
10,1,9,0.685860812664032,0.6819407939910889,0.6813420057296753,0.6819407939910889,0.6071428656578064,0.6800000071525574
10,1,10,0.6851354837417603,0.6815763711929321,0.6807135939598083,0.6815763711929321,0.6000000238418579,0.6800000071525574
10,1,11,0.6844244599342346,0.681171178817749,0.6800581216812134,0.681171178817749,0.6071428656578064,0.6399999856948853
10,1,12,0.6837223172187805,0.6807092428207397,0.6793565154075623,0.6807092428207397,0.6142857074737549,0.6399999856948853
10,1,13,0.6830211877822876,0.6802234053611755,0.6786128282546997,0.6802234053611755,0.6428571343421936,0.6399999856948853
10,1,14,0.6823183298110962,0.6797348856925964,0.6778354644775391,0.6797348856925964,0.6499999761581421,0.6399999856948853
10,1,15,0.6815986037254333,0.6792516112327576,0.6770445108413696,0.6792516112327576,0.6642857193946838,0.6399999856948853
10,1,16,0.680862545967102,0.6787428855895996,0.6762393712997437,0.6787428855895996,0.6642857193946838,0.6800000071525574
10,1,17,0.6801127195358276,0.6781995296478271,0.6753952503204346,0.6781995296478271,0.6714285612106323,0.6800000071525574
10,1,18,0.6793464422225952,0.6776425242424011,0.6745170950889587,0.6776425242424011,0.6785714030265808,0.6800000071525574
10,1,19,0.6785504817962646,0.6770676970481873,0.6736231446266174,0.6770676970481873,0.6928571462631226,0.7200000286102295
10,1,20,0.677739143371582,0.6764653921127319,0.6727016568183899,0.6764653921127319,0.6928571462631226,0.7200000286102295
10,1,21,0.6769064664840698,0.6758735775947571,0.671742856502533,0.6758735775947571,0.6857143044471741,0.7200000286102295
10,1,22,0.6760529279708862,0.675276517868042,0.6707639694213867,0.675276517868042,0.6785714030265808,0.7200000286102295
10,1,23,0.6751688718795776,0.674670398235321,0.6697672605514526,0.674670398235321,0.6857143044471741,0.7200000286102295
10,1,24,0.6742558479309082,0.6740598082542419,0.6687462329864502,0.6740598082542419,0.6928571462631226,0.7200000286102295
10,1,25,0.6733101606369019,0.673469603061676,0.6677007079124451,0.673469603061676,0.6928571462631226,0.7200000286102295
10,1,26,0.6723281145095825,0.6728956699371338,0.6666346192359924,0.6728956699371338,0.6928571462631226,0.7200000286102295
10,1,27,0.671328067779541,0.6723269820213318,0.6655540466308594,0.6723269820213318,0.6857143044471741,0.7200000286102295
10,1,28,0.6703092455863953,0.6717932820320129,0.6644493937492371,0.6717932820320129,0.6857143044471741,0.7200000286102295
10,1,29,0.6692746877670288,0.671298086643219,0.6633449792861938,0.671298086643219,0.6857143044471741,0.7200000286102295
10,1,30,0.6682116985321045,0.6708278059959412,0.6622329950332642,0.6708278059959412,0.6857143044471741,0.7200000286102295
10,1,31,0.667149007320404,0.670305609703064,0.6610967516899109,0.670305609703064,0.6857143044471741,0.7200000286102295
10,1,32,0.666073739528656,0.6697463393211365,0.6598994731903076,0.6697463393211365,0.6857143044471741,0.7200000286102295
10,1,33,0.6649885177612305,0.669185996055603,0.6586681604385376,0.669185996055603,0.699999988079071,0.6800000071525574
10,1,34,0.6638835072517395,0.6686867475509644,0.6574398875236511,0.6686867475509644,0.699999988079071,0.6800000071525574
10,1,35,0.6627446413040161,0.6682746410369873,0.6562293171882629,0.6682746410369873,0.7071428298950195,0.6800000071525574
10,1,36,0.6615800857543945,0.6678990125656128,0.655022144317627,0.6678990125656128,0.7071428298950195,0.6800000071525574
10,1,37,0.6603866815567017,0.6674719452857971,0.6537924408912659,0.6674719452857971,0.7071428298950195,0.6800000071525574
10,1,38,0.6591983437538147,0.6670256853103638,0.6525341272354126,0.6670256853103638,0.7071428298950195,0.6800000071525574
10,1,39,0.6580018401145935,0.666599452495575,0.6512389183044434,0.666599452495575,0.699999988079071,0.6399999856948853
10,1,40,0.6567836403846741,0.6661826372146606,0.6499254703521729,0.6661826372146606,0.699999988079071,0.6399999856948853
10,1,41,0.6555534601211548,0.6657625436782837,0.648594856262207,0.6657625436782837,0.699999988079071,0.6399999856948853
10,1,42,0.6542925834655762,0.6653778553009033,0.6472578048706055,0.6653778553009033,0.699999988079071,0.6399999856948853
10,1,43,0.653006911277771,0.6649632453918457,0.6458831429481506,0.6649632453918457,0.699999988079071,0.6800000071525574
10,1,44,0.651694118976593,0.6645450592041016,0.6444679498672485,0.6645450592041016,0.699999988079071,0.6800000071525574
10,1,45,0.6503561735153198,0.6641094088554382,0.6430164575576782,0.6641094088554382,0.699999988079071,0.6800000071525574
10,1,46,0.6489881873130798,0.6636955142021179,0.6415379047393799,0.6636955142021179,0.699999988079071,0.6800000071525574
10,1,47,0.6475898623466492,0.6632810235023499,0.6400216221809387,0.6632810235023499,0.699999988079071,0.6800000071525574
10,1,48,0.6461753249168396,0.6629147529602051,0.6385019421577454,0.6629147529602051,0.7071428298950195,0.6800000071525574
10,1,49,0.6447421312332153,0.6625467538833618,0.6369841694831848,0.6625467538833618,0.7071428298950195,0.6800000071525574
10,1,50,0.643282413482666,0.6621415019035339,0.6354386806488037,0.6621415019035339,0.7071428298950195,0.6800000071525574
10,1,51,0.6418003439903259,0.6617119312286377,0.6338662505149841,0.6617119312286377,0.7071428298950195,0.6800000071525574
10,1,52,0.6402730941772461,0.6612806916236877,0.6322333812713623,0.6612806916236877,0.7071428298950195,0.6800000071525574
10,1,53,0.6387059688568115,0.6608991026878357,0.6305748820304871,0.6608991026878357,0.7071428298950195,0.6800000071525574
10,1,54,0.6371110081672668,0.6605519652366638,0.628903329372406,0.6605519652366638,0.7142857313156128,0.6800000071525574
10,1,55,0.6354652643203735,0.6602213382720947,0.6272026300430298,0.6602213382720947,0.7142857313156128,0.6800000071525574
10,1,56,0.633776068687439,0.6598438024520874,0.6254791021347046,0.6598438024520874,0.7214285731315613,0.6800000071525574
10,1,57,0.6320069432258606,0.6594285368919373,0.6237067580223083,0.6594285368919373,0.7285714149475098,0.6800000071525574
10,1,58,0.6301900148391724,0.6589688062667847,0.6218966841697693,0.6589688062667847,0.7214285731315613,0.6800000071525574
10,1,59,0.6282817721366882,0.6585617661476135,0.6199867725372314,0.6585617661476135,0.7357142567634583,0.6800000071525574
10,1,60,0.6262898445129395,0.6581538319587708,0.6180030703544617,0.6581538319587708,0.7357142567634583,0.6399999856948853
10,1,61,0.6242246627807617,0.6577285528182983,0.6159214377403259,0.6577285528182983,0.7285714149475098,0.6399999856948853
10,1,62,0.6221488118171692,0.6574046611785889,0.6138148903846741,0.6574046611785889,0.7285714149475098,0.6399999856948853
10,1,63,0.6200606822967529,0.657073438167572,0.6117281913757324,0.657073438167572,0.7285714149475098,0.6399999856948853
10,1,64,0.6179672479629517,0.6567472219467163,0.609665036201477,0.6567472219467163,0.7285714149475098,0.6399999856948853
10,1,65,0.6158751845359802,0.6563196778297424,0.6076242923736572,0.6563196778297424,0.7357142567634583,0.6399999856948853
10,1,66,0.6137527823448181,0.6559159159660339,0.6055490970611572,0.6559159159660339,0.75,0.6800000071525574
10,1,67,0.6116186380386353,0.655504584312439,0.6034581065177917,0.655504584312439,0.75,0.6800000071525574
10,1,68,0.6095239520072937,0.6551295518875122,0.6013286709785461,0.6551295518875122,0.75,0.6800000071525574
10,1,69,0.6074429154396057,0.6548669934272766,0.5991900563240051,0.6548669934272766,0.75,0.6800000071525574
10,1,70,0.6053439378738403,0.6546298861503601,0.597043514251709,0.6546298861503601,0.75,0.6800000071525574
10,1,71,0.6032370328903198,0.6544165015220642,0.5949101448059082,0.6544165015220642,0.75,0.6800000071525574
10,1,72,0.6011409163475037,0.6543715000152588,0.5928364396095276,0.6543715000152588,0.75,0.6800000071525574
10,1,73,0.5990484356880188,0.6543129682540894,0.5908213257789612,0.6543129682540894,0.75,0.6800000071525574
10,1,74,0.5970064401626587,0.6541293263435364,0.5887801051139832,0.6541293263435364,0.75,0.6800000071525574
10,1,75,0.5949593186378479,0.6539399027824402,0.5866689682006836,0.6539399027824402,0.75,0.6800000071525574
10,1,76,0.5928822755813599,0.6539661288261414,0.5846144556999207,0.6539661288261414,0.75,0.6800000071525574
10,1,77,0.5908114314079285,0.6540514230728149,0.5826533436775208,0.6540514230728149,0.75,0.6800000071525574
10,1,78,0.5887872576713562,0.6541208624839783,0.5807466506958008,0.6541208624839783,0.75,0.7200000286102295
10,1,79,0.5867908000946045,0.6541903018951416,0.5788357257843018,0.6541903018951416,0.75,0.7200000286102295
10,1,80,0.5847963094711304,0.6542675495147705,0.5769421458244324,0.6542675495147705,0.75,0.7200000286102295
10,1,81,0.5828206539154053,0.6541790962219238,0.5750335454940796,0.6541790962219238,0.75,0.7200000286102295
10,1,82,0.580864667892456,0.6539562344551086,0.5730372071266174,0.6539562344551086,0.75,0.7200000286102295
10,1,83,0.5789121389389038,0.6537134647369385,0.5709951519966125,0.6537134647369385,0.75,0.7200000286102295
10,1,84,0.5769481062889099,0.6535944938659668,0.5689831376075745,0.6535944938659668,0.7571428418159485,0.7200000286102295
10,1,85,0.5749927759170532,0.6535675525665283,0.5670498609542847,0.6535675525665283,0.7571428418159485,0.7200000286102295
10,1,86,0.5730432868003845,0.6535201072692871,0.5651494860649109,0.6535201072692871,0.7571428418159485,0.7200000286102295
10,1,87,0.5711293816566467,0.6534082889556885,0.5632059574127197,0.6534082889556885,0.7571428418159485,0.7200000286102295
10,1,88,0.5692099332809448,0.6534050107002258,0.5612707138061523,0.6534050107002258,0.7571428418159485,0.7200000286102295
10,1,89,0.5672845244407654,0.6534107327461243,0.559388279914856,0.6534107327461243,0.7571428418159485,0.7200000286102295
10,1,90,0.5653527975082397,0.6533443331718445,0.5574886202812195,0.6533443331718445,0.7642857432365417,0.7200000286102295
10,1,91,0.5634079575538635,0.6532785296440125,0.5555328726768494,0.6532785296440125,0.7642857432365417,0.7200000286102295
10,1,92,0.5614521503448486,0.6531897187232971,0.5535545945167542,0.6531897187232971,0.7642857432365417,0.7200000286102295
10,1,93,0.5594792366027832,0.6530064344406128,0.5515142679214478,0.6530064344406128,0.7642857432365417,0.7200000286102295
10,1,94,0.5574878454208374,0.6527956128120422,0.5494054555892944,0.6527956128120422,0.7571428418159485,0.7200000286102295
10,1,95,0.5554856657981873,0.6526669859886169,0.5473015308380127,0.6526669859886169,0.7571428418159485,0.7200000286102295
10,1,96,0.5534757375717163,0.6525848507881165,0.5452146530151367,0.6525848507881165,0.7571428418159485,0.7200000286102295
10,1,97,0.5514302849769592,0.6526468396186829,0.5431361198425293,0.6526468396186829,0.7642857432365417,0.7200000286102295
10,1,98,0.5493720769882202,0.6526443362236023,0.5410630106925964,0.6526443362236023,0.7642857432365417,0.7200000286102295
10,1,99,0.5472668409347534,0.652555525302887,0.53895103931427,0.652555525302887,0.7642857432365417,0.7200000286102295
10,1,100,0.5451833605766296,0.6525524854660034,0.5368539094924927,0.6525524854660034,0.7642857432365417,0.7200000286102295
10,1,101,0.5431158542633057,0.6524946689605713,0.5347608327865601,0.6524946689605713,0.7714285850524902,0.7200000286102295
10,1,102,0.5410540699958801,0.6524562835693359,0.5326878428459167,0.6524562835693359,0.7714285850524902,0.7200000286102295
10,1,103,0.5389847755432129,0.6523977518081665,0.5306488871574402,0.6523977518081665,0.7714285850524902,0.7200000286102295
10,1,104,0.536922812461853,0.6523227095603943,0.528624415397644,0.6523227095603943,0.7785714268684387,0.7200000286102295
10,1,105,0.5348343849182129,0.6522737741470337,0.5265485048294067,0.6522737741470337,0.7785714268684387,0.7200000286102295
10,1,106,0.5327511429786682,0.6522994041442871,0.524403989315033,0.6522994041442871,0.7857142686843872,0.7200000286102295
10,1,107,0.5306819677352905,0.652390718460083,0.522271990776062,0.652390718460083,0.7857142686843872,0.7200000286102295
10,1,108,0.528611421585083,0.6525965332984924,0.5202458500862122,0.6525965332984924,0.7857142686843872,0.7200000286102295
10,1,109,0.5265368223190308,0.6527591943740845,0.5182231664657593,0.6527591943740845,0.7857142686843872,0.7200000286102295
10,1,110,0.5244640707969666,0.652962863445282,0.5161770582199097,0.652962863445282,0.7857142686843872,0.7200000286102295
10,1,111,0.5223982930183411,0.6531630158424377,0.514176607131958,0.6531630158424377,0.7785714268684387,0.7200000286102295
10,1,112,0.520318865776062,0.653390109539032,0.5121853947639465,0.653390109539032,0.7785714268684387,0.7200000286102295
10,1,113,0.5182415843009949,0.6537581086158752,0.5102055072784424,0.6537581086158752,0.7785714268684387,0.7200000286102295
10,1,114,0.5161519050598145,0.6541709303855896,0.5082453489303589,0.6541709303855896,0.7785714268684387,0.7200000286102295
10,1,115,0.5140582919120789,0.654701292514801,0.5062525868415833,0.654701292514801,0.7857142686843872,0.7200000286102295
10,1,116,0.5119664072990417,0.6552317142486572,0.5042782425880432,0.6552317142486572,0.7857142686843872,0.7200000286102295
10,1,117,0.5098755359649658,0.6557300090789795,0.5022734999656677,0.6557300090789795,0.7857142686843872,0.7200000286102295
10,1,118,0.50775545835495,0.6563230156898499,0.5002095103263855,0.6563230156898499,0.7857142686843872,0.7200000286102295
10,1,119,0.505580484867096,0.6570478081703186,0.49818769097328186,0.6570478081703186,0.7857142686843872,0.7200000286102295
10,1,120,0.5033755302429199,0.6577391624450684,0.4961843192577362,0.6577391624450684,0.7857142686843872,0.7200000286102295
10,1,121,0.5012266039848328,0.6582694053649902,0.4940791130065918,0.6582694053649902,0.7857142686843872,0.7200000286102295
10,1,122,0.49905824661254883,0.658871591091156,0.4919300079345703,0.658871591091156,0.7857142686843872,0.7200000286102295
10,1,123,0.496920108795166,0.6595074534416199,0.48984986543655396,0.6595074534416199,0.7928571701049805,0.7200000286102295
10,1,124,0.4948340356349945,0.660021185874939,0.48769548535346985,0.660021185874939,0.7928571701049805,0.7200000286102295
10,1,125,0.49273306131362915,0.6606506109237671,0.4854697585105896,0.6606506109237671,0.7928571701049805,0.7200000286102295
10,1,126,0.4906030297279358,0.6614785194396973,0.48335471749305725,0.6614785194396973,0.7928571701049805,0.7200000286102295
10,1,127,0.48851191997528076,0.6623067259788513,0.48128819465637207,0.6623067259788513,0.7928571701049805,0.7200000286102295
10,1,128,0.48639771342277527,0.6632747650146484,0.47922277450561523,0.6632747650146484,0.7928571701049805,0.7200000286102295
10,1,129,0.4842910170555115,0.6643044948577881,0.477228045463562,0.6643044948577881,0.800000011920929,0.7200000286102295
10,1,130,0.4821957051753998,0.6653132438659668,0.475279837846756,0.6653132438659668,0.7928571701049805,0.6800000071525574
11,2,1,0.699229896068573,0.6867223381996155,0.687102198600769,0.6867223381996155,0.597122311592102,0.6000000238418579
11,2,2,0.6975171566009521,0.68748939037323,0.6873602271080017,0.68748939037323,0.5827338099479675,0.6399999856948853
11,2,3,0.6963199377059937,0.6881901621818542,0.6876898407936096,0.6881901621818542,0.5899280309677124,0.6000000238418579
11,2,4,0.6952919363975525,0.6888228058815002,0.6879616379737854,0.6888228058815002,0.597122311592102,0.6000000238418579
11,2,5,0.6943758130073547,0.6893953084945679,0.6881586909294128,0.6893953084945679,0.597122311592102,0.6000000238418579
11,2,6,0.693560004234314,0.6898921728134155,0.6883034706115723,0.6898921728134155,0.568345308303833,0.6000000238418579
11,2,7,0.6928159594535828,0.6903272867202759,0.6883851289749146,0.6903272867202759,0.5827338099479675,0.6000000238418579
11,2,8,0.6921417713165283,0.6906925439834595,0.6884146928787231,0.6906925439834595,0.5755395889282227,0.6000000238418579
11,2,9,0.6915255188941956,0.6910018920898438,0.688411295413971,0.6910018920898438,0.5539568066596985,0.5600000023841858
11,2,10,0.6909528970718384,0.6912676095962524,0.6883888244628906,0.6912676095962524,0.5539568066596985,0.6000000238418579
11,2,11,0.6903976202011108,0.691498875617981,0.6883247494697571,0.691498875617981,0.5323740839958191,0.6000000238418579
11,2,12,0.6898514628410339,0.6916977763175964,0.6882150173187256,0.6916977763175964,0.5755395889282227,0.6000000238418579
11,2,13,0.689307689666748,0.6918531060218811,0.6880582571029663,0.6918531060218811,0.5827338099479675,0.5600000023841858
11,2,14,0.6887611150741577,0.6919575333595276,0.6878490447998047,0.6919575333595276,0.5827338099479675,0.5600000023841858
11,2,15,0.6882218718528748,0.6920006275177002,0.6875946521759033,0.6920006275177002,0.597122311592102,0.5600000023841858
11,2,16,0.6876857876777649,0.6919896602630615,0.6872855424880981,0.6919896602630615,0.5899280309677124,0.5600000023841858
11,2,17,0.6871510148048401,0.6919176578521729,0.6869283318519592,0.6919176578521729,0.597122311592102,0.5600000023841858
11,2,18,0.6866166591644287,0.691800594329834,0.6865321397781372,0.691800594329834,0.6115108132362366,0.5600000023841858
11,2,19,0.6860672235488892,0.6916436553001404,0.6860867142677307,0.6916436553001404,0.6043165326118469,0.5600000023841858
11,2,20,0.6855180859565735,0.6914789080619812,0.6856228113174438,0.6914789080619812,0.6115108132362366,0.5199999809265137
11,2,21,0.6849679350852966,0.6912589073181152,0.68515545129776,0.6912589073181152,0.6187050342559814,0.5199999809265137
11,2,22,0.6844276785850525,0.6910383105278015,0.6846947073936462,0.6910383105278015,0.6187050342559814,0.5600000023841858
11,2,23,0.6838881969451904,0.6907809376716614,0.6842149496078491,0.6907809376716614,0.6187050342559814,0.5600000023841858
11,2,24,0.6833468675613403,0.6905146241188049,0.6837141513824463,0.6905146241188049,0.6258992552757263,0.5600000023841858
11,2,25,0.6827837824821472,0.6901870965957642,0.6831661462783813,0.6901870965957642,0.6187050342559814,0.5600000023841858
11,2,26,0.6822090148925781,0.689816415309906,0.6825662851333618,0.689816415309906,0.6187050342559814,0.5600000023841858
12,2,1,0.6954477429389954,0.7071774005889893,0.7110586762428284,0.7071774005889893,0.40287768840789795,0.4000000059604645
12,2,2,0.6936794519424438,0.7050735354423523,0.7079706192016602,0.7050735354423523,0.40287768840789795,0.4000000059604645
12,2,3,0.6924126148223877,0.703106701374054,0.705026388168335,0.703106701374054,0.4100719392299652,0.4000000059604645
12,2,4,0.691355288028717,0.701214075088501,0.7023128271102905,0.701214075088501,0.4100719392299652,0.4000000059604645
12,2,5,0.6904308795928955,0.6994459629058838,0.699820339679718,0.6994459629058838,0.43884891271591187,0.4000000059604645
12,2,6,0.6895922422409058,0.6979130506515503,0.6975233554840088,0.6979130506515503,0.4532374143600464,0.4000000059604645
12,2,7,0.6888285279273987,0.6965087056159973,0.6954159736633301,0.6965087056159973,0.4748201370239258,0.4000000059604645
12,2,8,0.6881226897239685,0.6952110528945923,0.6934746503829956,0.6952110528945923,0.4892086386680603,0.4000000059604645
12,2,9,0.6874428987503052,0.6941124796867371,0.691667377948761,0.6941124796867371,0.4892086386680603,0.5600000023841858
12,2,10,0.686813235282898,0.6931836009025574,0.6900340914726257,0.6931836009025574,0.5179855823516846,0.5199999809265137
12,2,11,0.6862099766731262,0.6923972964286804,0.688546359539032,0.6923972964286804,0.5251798629760742,0.5600000023841858
12,2,12,0.6856167316436768,0.6917060613632202,0.6871696710586548,0.6917060613632202,0.5611510872840881,0.47999998927116394
12,2,13,0.6850300431251526,0.6910595893859863,0.6858751177787781,0.6910595893859863,0.5755395889282227,0.6000000238418579
12,2,14,0.6844404935836792,0.690471351146698,0.6846467852592468,0.690471351146698,0.5539568066596985,0.6399999856948853
12,2,15,0.6838472485542297,0.6899459362030029,0.683469831943512,0.6899459362030029,0.568345308303833,0.6000000238418579
12,2,16,0.6832579374313354,0.689456582069397,0.6823498010635376,0.689456582069397,0.5827338099479675,0.6399999856948853
12,2,17,0.6826664209365845,0.6890075206756592,0.681278645992279,0.6890075206756592,0.6115108132362366,0.6399999856948853
12,2,18,0.6820714473724365,0.6885882616043091,0.6802470684051514,0.6885882616043091,0.6258992552757263,0.6000000238418579
12,2,19,0.6814596056938171,0.6881680488586426,0.6792475581169128,0.6881680488586426,0.633093535900116,0.6399999856948853
12,2,20,0.6808143258094788,0.6877662539482117,0.6782533526420593,0.6877662539482117,0.633093535900116,0.6399999856948853
12,2,21,0.6801574230194092,0.6874046921730042,0.6772737503051758,0.6874046921730042,0.633093535900116,0.6399999856948853
12,2,22,0.6794703602790833,0.6870706081390381,0.6763044595718384,0.6870706081390381,0.6258992552757263,0.6399999856948853
12,2,23,0.6787571310997009,0.6867340207099915,0.675346314907074,0.6867340207099915,0.6258992552757263,0.6399999856948853
12,2,24,0.6780243515968323,0.6863927245140076,0.6744027733802795,0.6863927245140076,0.633093535900116,0.6399999856948853
12,2,25,0.6772826313972473,0.6860553622245789,0.6734873056411743,0.6860553622245789,0.633093535900116,0.6399999856948853
12,2,26,0.6765203475952148,0.6857442259788513,0.6725859045982361,0.6857442259788513,0.633093535900116,0.6399999856948853
12,2,27,0.6757472157478333,0.685457170009613,0.6717031598091125,0.685457170009613,0.6402877569198608,0.6399999856948853
12,2,28,0.6749417185783386,0.6851890683174133,0.6708279848098755,0.6851890683174133,0.6474820375442505,0.6800000071525574
12,2,29,0.6741209626197815,0.6849457621574402,0.6699599623680115,0.6849457621574402,0.6690647602081299,0.6800000071525574
12,2,30,0.6733207106590271,0.6847501397132874,0.6691144108772278,0.6847501397132874,0.6690647602081299,0.6800000071525574
12,2,31,0.6725219488143921,0.6845790147781372,0.6682836413383484,0.6845790147781372,0.6690647602081299,0.6800000071525574
12,2,32,0.6717067956924438,0.684397280216217,0.6674451231956482,0.684397280216217,0.6762589812278748,0.6800000071525574
12,2,33,0.6708774566650391,0.6842032074928284,0.6665884852409363,0.6842032074928284,0.6762589812278748,0.6800000071525574
12,2,34,0.6700437068939209,0.6839993000030518,0.6657267212867737,0.6839993000030518,0.6762589812278748,0.6399999856948853
12,2,35,0.6692120432853699,0.6837971210479736,0.6648579835891724,0.6837971210479736,0.6762589812278748,0.6399999856948853
12,2,36,0.6683753132820129,0.6835984587669373,0.663981556892395,0.6835984587669373,0.6690647602081299,0.6399999856948853
12,2,37,0.6675068140029907,0.6833943724632263,0.663097083568573,0.6833943724632263,0.6690647602081299,0.6399999856948853
12,2,38,0.6666072607040405,0.683174729347229,0.6621944904327393,0.683174729347229,0.6618704795837402,0.6399999856948853
12,2,39,0.6656742691993713,0.6829845905303955,0.6612959504127502,0.6829845905303955,0.6546762585639954,0.6399999856948853
12,2,40,0.664689838886261,0.6828275918960571,0.6603798866271973,0.6828275918960571,0.6546762585639954,0.6399999856948853
12,2,41,0.6636768579483032,0.6827052235603333,0.6594244241714478,0.6827052235603333,0.6546762585639954,0.6399999856948853
12,2,42,0.6626490354537964,0.6825763583183289,0.6584510803222656,0.6825763583183289,0.6546762585639954,0.6399999856948853
12,2,43,0.6615971922874451,0.6823946237564087,0.6574394106864929,0.6823946237564087,0.6618704795837402,0.6399999856948853
12,2,44,0.660521388053894,0.6822080016136169,0.656365156173706,0.6822080016136169,0.6546762585639954,0.6399999856948853
12,2,45,0.6594238877296448,0.6820547580718994,0.6552487015724182,0.6820547580718994,0.6546762585639954,0.6399999856948853
12,2,46,0.658289909362793,0.6819013953208923,0.6540958881378174,0.6819013953208923,0.6546762585639954,0.6399999856948853
12,2,47,0.6571364402770996,0.6817101836204529,0.6529178619384766,0.6817101836204529,0.6618704795837402,0.6399999856948853
12,2,48,0.6559655666351318,0.681469202041626,0.6517104506492615,0.681469202041626,0.6690647602081299,0.6399999856948853
12,2,49,0.6547657251358032,0.6812371611595154,0.6504589915275574,0.6812371611595154,0.6690647602081299,0.6399999856948853
12,2,50,0.6535155177116394,0.6810209155082703,0.6491757035255432,0.6810209155082703,0.6690647602081299,0.6399999856948853
12,2,51,0.6521937847137451,0.6808405518531799,0.6478482484817505,0.6808405518531799,0.6690647602081299,0.6399999856948853
12,2,52,0.6508207321166992,0.6806392073631287,0.6464945077896118,0.6806392073631287,0.6690647602081299,0.6399999856948853
12,2,53,0.6494072675704956,0.680471658706665,0.6451072692871094,0.680471658706665,0.6690647602081299,0.6399999856948853
12,2,54,0.647956907749176,0.6803389191627502,0.6436953544616699,0.6803389191627502,0.6690647602081299,0.6399999856948853
12,2,55,0.646459698677063,0.6801906824111938,0.6422341465950012,0.6801906824111938,0.6690647602081299,0.6399999856948853
12,2,56,0.6449141502380371,0.6800482273101807,0.6407408118247986,0.6800482273101807,0.6834532618522644,0.6399999856948853
12,2,57,0.6433011889457703,0.679904580116272,0.6392191052436829,0.679904580116272,0.6834532618522644,0.6399999856948853
12,2,58,0.6416500210762024,0.6797487735748291,0.6376534700393677,0.6797487735748291,0.6834532618522644,0.6399999856948853
12,2,59,0.6399726271629333,0.6795921325683594,0.6360400915145874,0.6795921325683594,0.6834532618522644,0.6399999856948853
12,2,60,0.6382904648780823,0.6794323921203613,0.6344156861305237,0.6794323921203613,0.6762589812278748,0.6399999856948853
12,2,61,0.6366202235221863,0.6792894601821899,0.6327456831932068,0.6792894601821899,0.6762589812278748,0.6399999856948853
12,2,62,0.6349456310272217,0.6792175769805908,0.6310358643531799,0.6792175769805908,0.6834532618522644,0.6399999856948853
12,2,63,0.6332448720932007,0.6791840195655823,0.6293171644210815,0.6791840195655823,0.6906474828720093,0.6399999856948853
12,2,64,0.6315357685089111,0.679137647151947,0.6276057362556458,0.679137647151947,0.6906474828720093,0.6000000238418579
12,2,65,0.6298086047172546,0.6790796518325806,0.6258929371833801,0.6790796518325806,0.6906474828720093,0.6000000238418579
12,2,66,0.6280657052993774,0.6790123581886292,0.624160647392273,0.6790123581886292,0.6906474828720093,0.6000000238418579
12,2,67,0.6262723207473755,0.6789140105247498,0.622381329536438,0.6789140105247498,0.7050359845161438,0.6000000238418579
12,2,68,0.62441486120224,0.6788218021392822,0.6205512285232544,0.6788218021392822,0.7122302055358887,0.5199999809265137
12,2,69,0.6225154399871826,0.6787709593772888,0.6186956763267517,0.6787709593772888,0.7194244861602783,0.5199999809265137
12,2,70,0.620607316493988,0.6786191463470459,0.6167711019515991,0.6786191463470459,0.7194244861602783,0.5199999809265137
12,2,71,0.6186976432800293,0.6784569621086121,0.6147527098655701,0.6784569621086121,0.7266187071800232,0.5600000023841858
12,2,72,0.6167658567428589,0.6782575845718384,0.6127064228057861,0.6782575845718384,0.7266187071800232,0.5600000023841858
12,2,73,0.6147987246513367,0.6780866384506226,0.6106157302856445,0.6780866384506226,0.7338129281997681,0.5199999809265137
12,2,74,0.6127999424934387,0.677959680557251,0.6084862947463989,0.677959680557251,0.7338129281997681,0.5199999809265137
12,2,75,0.610749363899231,0.6778660416603088,0.6063243746757507,0.6778660416603088,0.7410072088241577,0.5199999809265137
12,2,76,0.6086435914039612,0.6778479814529419,0.6041463017463684,0.6778479814529419,0.7482014298439026,0.5199999809265137
12,2,77,0.6064983606338501,0.6777990460395813,0.6019408702850342,0.6777990460395813,0.7553957104682922,0.5199999809265137
12,2,78,0.6043198108673096,0.6777210831642151,0.5996812582015991,0.6777210831642151,0.7553957104682922,0.5199999809265137
12,2,79,0.6021474003791809,0.6776589751243591,0.5973687767982483,0.6776589751243591,0.7553957104682922,0.5199999809265137
12,2,80,0.5999372005462646,0.6776477694511414,0.5950160622596741,0.6776477694511414,0.7625899314880371,0.5199999809265137
12,2,81,0.5977013111114502,0.677711009979248,0.592709481716156,0.677711009979248,0.7625899314880371,0.5199999809265137
12,2,82,0.5954399108886719,0.6778513193130493,0.5904167890548706,0.6778513193130493,0.7625899314880371,0.5199999809265137
12,2,83,0.5931563973426819,0.6781055927276611,0.5880996584892273,0.6781055927276611,0.7625899314880371,0.5199999809265137
12,2,84,0.590850830078125,0.6784544587135315,0.5857656598091125,0.6784544587135315,0.7625899314880371,0.5199999809265137
12,2,85,0.5885379910469055,0.6789156198501587,0.5834188461303711,0.6789156198501587,0.7625899314880371,0.5199999809265137
12,2,86,0.5862230062484741,0.6793904900550842,0.5810521245002747,0.6793904900550842,0.7625899314880371,0.5199999809265137
12,2,87,0.5839136242866516,0.6798981428146362,0.5786557793617249,0.6798981428146362,0.7625899314880371,0.5199999809265137
12,2,88,0.5815740823745728,0.6803828477859497,0.576225221157074,0.6803828477859497,0.7625899314880371,0.5199999809265137
12,2,89,0.5792322754859924,0.6809496879577637,0.5737863183021545,0.6809496879577637,0.7625899314880371,0.5199999809265137
12,2,90,0.5768808722496033,0.6815441846847534,0.5713728070259094,0.6815441846847534,0.7625899314880371,0.5199999809265137
12,2,91,0.5745287537574768,0.6822070479393005,0.5689473748207092,0.6822070479393005,0.7769784331321716,0.5199999809265137
12,2,92,0.5721834897994995,0.6828992366790771,0.5664905905723572,0.6828992366790771,0.7769784331321716,0.5199999809265137
12,2,93,0.5698428153991699,0.6836509108543396,0.5640236735343933,0.6836509108543396,0.7769784331321716,0.5199999809265137
12,2,94,0.5674886703491211,0.6844711303710938,0.5615649223327637,0.6844711303710938,0.7769784331321716,0.5199999809265137
12,2,95,0.56513512134552,0.6853198409080505,0.5591119527816772,0.6853198409080505,0.7769784331321716,0.5199999809265137
12,2,96,0.5627583861351013,0.6861997842788696,0.5566613674163818,0.6861997842788696,0.7769784331321716,0.5199999809265137
12,2,97,0.5603544116020203,0.6871203780174255,0.554165244102478,0.6871203780174255,0.7841726541519165,0.5199999809265137
12,2,98,0.5579409003257751,0.688113272190094,0.55165696144104,0.688113272190094,0.7841726541519165,0.5199999809265137
12,2,99,0.5555275678634644,0.6891809105873108,0.5491986274719238,0.6891809105873108,0.7841726541519165,0.5199999809265137
12,2,100,0.5530945658683777,0.6902550458908081,0.5467893481254578,0.6902550458908081,0.7841726541519165,0.5199999809265137
12,2,101,0.5506375432014465,0.6913126111030579,0.5443578958511353,0.6913126111030579,0.7841726541519165,0.5199999809265137
12,2,102,0.5481825470924377,0.6924393177032471,0.5418925285339355,0.6924393177032471,0.7841726541519165,0.5199999809265137
12,2,103,0.5457186698913574,0.6936032176017761,0.53943932056427,0.6936032176017761,0.7841726541519165,0.5199999809265137
12,2,104,0.5432679057121277,0.6948264837265015,0.5369696021080017,0.6948264837265015,0.7841726541519165,0.5199999809265137
12,2,105,0.5408596992492676,0.6960644721984863,0.5344693660736084,0.6960644721984863,0.7841726541519165,0.5199999809265137
13,2,1,0.6951090693473816,0.6757479906082153,0.6808883547782898,0.6757479906082153,0.597122311592102,0.6000000238418579
13,2,2,0.6933146119117737,0.6764342784881592,0.6810262203216553,0.6764342784881592,0.597122311592102,0.6000000238418579
13,2,3,0.6918771862983704,0.6770656704902649,0.6812810897827148,0.6770656704902649,0.597122311592102,0.6000000238418579
13,2,4,0.6906091570854187,0.6776624917984009,0.6815714240074158,0.6776624917984009,0.597122311592102,0.6000000238418579
13,2,5,0.6895066499710083,0.6781420707702637,0.6818677186965942,0.6781420707702637,0.597122311592102,0.6000000238418579
13,2,6,0.6885057687759399,0.6785280704498291,0.6821064352989197,0.6785280704498291,0.5827338099479675,0.6000000238418579
13,2,7,0.6875519752502441,0.6788533926010132,0.6822410225868225,0.6788533926010132,0.5755395889282227,0.6000000238418579
13,2,8,0.6866253614425659,0.6790680885314941,0.6822900772094727,0.6790680885314941,0.5755395889282227,0.6000000238418579
13,2,9,0.6857011318206787,0.6791806221008301,0.682248592376709,0.6791806221008301,0.597122311592102,0.6399999856948853
13,2,10,0.6847981810569763,0.6791768074035645,0.6821249127388,0.6791768074035645,0.6474820375442505,0.6800000071525574
13,2,11,0.683964192867279,0.679007887840271,0.6819568276405334,0.679007887840271,0.6618704795837402,0.7200000286102295
13,2,12,0.6831661462783813,0.6786853075027466,0.6816893219947815,0.6786853075027466,0.6402877569198608,0.7599999904632568
13,2,13,0.6823845505714417,0.6783251166343689,0.6813148260116577,0.6783251166343689,0.6258992552757263,0.7200000286102295
13,2,14,0.6816604137420654,0.67793869972229,0.6809098720550537,0.67793869972229,0.633093535900116,0.7200000286102295
13,2,15,0.6809314489364624,0.6774609088897705,0.6804371476173401,0.6774609088897705,0.633093535900116,0.7599999904632568
13,2,16,0.6801803708076477,0.6769223809242249,0.6798930764198303,0.6769223809242249,0.633093535900116,0.7599999904632568
13,2,17,0.6794376969337463,0.6763104796409607,0.6793171763420105,0.6763104796409607,0.6258992552757263,0.7599999904632568
13,2,18,0.6786890625953674,0.6756619215011597,0.6786813735961914,0.6756619215011597,0.6258992552757263,0.7599999904632568
13,2,19,0.6779473423957825,0.6749820709228516,0.6780328750610352,0.6749820709228516,0.6187050342559814,0.7599999904632568
13,2,20,0.6771942973136902,0.6742371916770935,0.6773661375045776,0.6742371916770935,0.6187050342559814,0.7599999904632568
13,2,21,0.6764335632324219,0.673481285572052,0.6766936779022217,0.673481285572052,0.6187050342559814,0.7599999904632568
13,2,22,0.6756749153137207,0.6727172136306763,0.6760179400444031,0.6727172136306763,0.6187050342559814,0.7599999904632568
13,2,23,0.674906313419342,0.6719791293144226,0.6753384470939636,0.6719791293144226,0.6258992552757263,0.7599999904632568
13,2,24,0.6741246581077576,0.6712499856948853,0.6746578812599182,0.6712499856948853,0.6187050342559814,0.7599999904632568
13,2,25,0.6733208298683167,0.6704807281494141,0.6739739179611206,0.6704807281494141,0.6187050342559814,0.7599999904632568
13,2,26,0.6724722981452942,0.6696189045906067,0.6732327938079834,0.6696189045906067,0.6187050342559814,0.7599999904632568
13,2,27,0.6716023087501526,0.6687180399894714,0.6724214553833008,0.6687180399894714,0.6187050342559814,0.7599999904632568
13,2,28,0.6707072257995605,0.667776882648468,0.6715500354766846,0.667776882648468,0.6187050342559814,0.7599999904632568
13,2,29,0.6697831153869629,0.6667587161064148,0.6706264019012451,0.6667587161064148,0.6187050342559814,0.7599999904632568
13,2,30,0.6688455939292908,0.6656830310821533,0.6696880459785461,0.6656830310821533,0.6187050342559814,0.7599999904632568
13,2,31,0.6678825616836548,0.664550244808197,0.668717086315155,0.664550244808197,0.6187050342559814,0.7200000286102295
13,2,32,0.6669060587882996,0.6634491086006165,0.6677566766738892,0.6634491086006165,0.6258992552757263,0.7200000286102295
13,2,33,0.6659271121025085,0.6623653173446655,0.6668482422828674,0.6623653173446655,0.6258992552757263,0.7599999904632568
13,2,34,0.6649364233016968,0.661180317401886,0.6659108996391296,0.661180317401886,0.6187050342559814,0.7599999904632568
13,2,35,0.6639135479927063,0.6600161790847778,0.6649277210235596,0.6600161790847778,0.6258992552757263,0.7599999904632568
13,2,36,0.6628736257553101,0.6588545441627502,0.663967490196228,0.6588545441627502,0.6258992552757263,0.7599999904632568
13,2,37,0.6618263721466064,0.6576805114746094,0.6630297899246216,0.6576805114746094,0.6258992552757263,0.7599999904632568
13,2,38,0.6607648730278015,0.6564244031906128,0.6620521545410156,0.6564244031906128,0.6258992552757263,0.7599999904632568
13,2,39,0.6596786975860596,0.6551091074943542,0.6609877347946167,0.6551091074943542,0.6258992552757263,0.7599999904632568
13,2,40,0.6585824489593506,0.6537745594978333,0.6598966717720032,0.6537745594978333,0.633093535900116,0.7599999904632568
13,2,41,0.6574743390083313,0.6524172425270081,0.658795177936554,0.6524172425270081,0.633093535900116,0.7599999904632568
13,2,42,0.6563543677330017,0.6511448621749878,0.657736599445343,0.6511448621749878,0.6402877569198608,0.7599999904632568
13,2,43,0.6552141308784485,0.6498295068740845,0.6566649675369263,0.6498295068740845,0.6402877569198608,0.7599999904632568
13,2,44,0.6540552377700806,0.6485187411308289,0.6555850505828857,0.6485187411308289,0.6402877569198608,0.7599999904632568
13,2,45,0.6528823971748352,0.6472037434577942,0.654516339302063,0.6472037434577942,0.6402877569198608,0.7599999904632568
13,2,46,0.6516863703727722,0.6459222435951233,0.6534635424613953,0.6459222435951233,0.6402877569198608,0.7599999904632568
13,2,47,0.6504610180854797,0.6446077823638916,0.6523981690406799,0.6446077823638916,0.6402877569198608,0.7599999904632568
13,2,48,0.6492142081260681,0.6431838870048523,0.6512798070907593,0.6431838870048523,0.6258992552757263,0.7599999904632568
13,2,49,0.6479479074478149,0.641812264919281,0.6501609683036804,0.641812264919281,0.633093535900116,0.7599999904632568
13,2,50,0.6466596126556396,0.640455961227417,0.6490747928619385,0.640455961227417,0.633093535900116,0.7599999904632568
13,2,51,0.6453343629837036,0.6390187740325928,0.647943377494812,0.6390187740325928,0.633093535900116,0.7599999904632568
13,2,52,0.6439621448516846,0.637622058391571,0.6468194723129272,0.637622058391571,0.633093535900116,0.7599999904632568
13,2,53,0.6425972580909729,0.6361998915672302,0.6457852125167847,0.6361998915672302,0.633093535900116,0.7599999904632568
13,2,54,0.6411963105201721,0.6345037221908569,0.6446133852005005,0.6345037221908569,0.633093535900116,0.7599999904632568
13,2,55,0.6397854089736938,0.6327065229415894,0.6432101726531982,0.6327065229415894,0.633093535900116,0.7599999904632568
13,2,56,0.6384133100509644,0.6311970353126526,0.6418589353561401,0.6311970353126526,0.633093535900116,0.7599999904632568
13,2,57,0.6370855569839478,0.629762589931488,0.640718936920166,0.629762589931488,0.633093535900116,0.7599999904632568
13,2,58,0.6357634663581848,0.6281439065933228,0.6395263671875,0.6281439065933228,0.633093535900116,0.7599999904632568
13,2,59,0.6344518065452576,0.6265480518341064,0.6382427215576172,0.6265480518341064,0.633093535900116,0.7599999904632568
13,2,60,0.6331388354301453,0.6250293254852295,0.636981725692749,0.6250293254852295,0.6258992552757263,0.7599999904632568
13,2,61,0.6318262219429016,0.6234369277954102,0.6356963515281677,0.6234369277954102,0.6258992552757263,0.7599999904632568
13,2,62,0.6305084228515625,0.6218251585960388,0.6343391537666321,0.6218251585960388,0.6258992552757263,0.7599999904632568
13,2,63,0.6291931867599487,0.6203237771987915,0.6329876184463501,0.6203237771987915,0.6258992552757263,0.7599999904632568
13,2,64,0.627896785736084,0.618922233581543,0.6317510008811951,0.618922233581543,0.6258992552757263,0.7599999904632568
13,2,65,0.6265850067138672,0.6174414753913879,0.6304824352264404,0.6174414753913879,0.6187050342559814,0.7599999904632568
13,2,66,0.6252471804618835,0.6159927845001221,0.6291408538818359,0.6159927845001221,0.6187050342559814,0.7599999904632568
13,2,67,0.6238884329795837,0.6144464612007141,0.6276934742927551,0.6144464612007141,0.6258992552757263,0.7599999904632568
13,2,68,0.6225098967552185,0.6130478382110596,0.6262153387069702,0.6130478382110596,0.6258992552757263,0.7599999904632568
13,2,69,0.6211426854133606,0.6117468476295471,0.6248723864555359,0.6117468476295471,0.6258992552757263,0.7599999904632568
13,2,70,0.6197625994682312,0.6103431582450867,0.6235049962997437,0.6103431582450867,0.633093535900116,0.7599999904632568
13,2,71,0.6183608174324036,0.6088776588439941,0.6220490336418152,0.6088776588439941,0.633093535900116,0.7599999904632568
13,2,72,0.6169369220733643,0.6073708534240723,0.6205146312713623,0.6073708534240723,0.6402877569198608,0.7599999904632568
13,2,73,0.6154906749725342,0.6058645844459534,0.6189900040626526,0.6058645844459534,0.6402877569198608,0.7599999904632568
13,2,74,0.6140461564064026,0.6043290495872498,0.6175188422203064,0.6043290495872498,0.6402877569198608,0.7599999904632568
13,2,75,0.6125949025154114,0.6028401851654053,0.6159991025924683,0.6028401851654053,0.6402877569198608,0.7599999904632568
13,2,76,0.6111273169517517,0.6014129519462585,0.6145374774932861,0.6014129519462585,0.6402877569198608,0.7599999904632568
13,2,77,0.6096255779266357,0.5998985171318054,0.6129912734031677,0.5998985171318054,0.6402877569198608,0.7599999904632568
13,2,78,0.6080973744392395,0.5982840061187744,0.6113080978393555,0.5982840061187744,0.6402877569198608,0.7599999904632568
13,2,79,0.6065554618835449,0.5968580842018127,0.6095983982086182,0.5968580842018127,0.6546762585639954,0.7599999904632568
13,2,80,0.605021595954895,0.5954896807670593,0.6080652475357056,0.5954896807670593,0.6546762585639954,0.7599999904632568
13,2,81,0.6034796833992004,0.594089150428772,0.6065264344215393,0.594089150428772,0.6546762585639954,0.7599999904632568
13,2,82,0.6019193530082703,0.5927019119262695,0.604910135269165,0.5927019119262695,0.6546762585639954,0.7599999904632568
13,2,83,0.6003589034080505,0.5915020704269409,0.6034181118011475,0.5915020704269409,0.6546762585639954,0.7599999904632568
13,2,84,0.5987874269485474,0.5901106595993042,0.6019144654273987,0.5901106595993042,0.6546762585639954,0.7599999904632568
13,2,85,0.5971898436546326,0.5886954069137573,0.6002321839332581,0.5886954069137573,0.6546762585639954,0.7200000286102295
13,2,86,0.5956204533576965,0.587434709072113,0.5986414551734924,0.587434709072113,0.6618704795837402,0.7200000286102295
13,2,87,0.5940532088279724,0.5862178206443787,0.5971930027008057,0.5862178206443787,0.6546762585639954,0.7200000286102295
13,2,88,0.5924365520477295,0.584754467010498,0.5955399870872498,0.584754467010498,0.6618704795837402,0.7200000286102295
13,2,89,0.5907990336418152,0.5834360122680664,0.5937765836715698,0.5834360122680664,0.6546762585639954,0.7200000286102295
13,2,90,0.5891914367675781,0.5822904109954834,0.5922170877456665,0.5822904109954834,0.6546762585639954,0.7200000286102295
13,2,91,0.5875861048698425,0.5810123682022095,0.5906835794448853,0.5810123682022095,0.6546762585639954,0.7200000286102295
13,2,92,0.5859241485595703,0.5795114040374756,0.5888747572898865,0.5795114040374756,0.6546762585639954,0.7200000286102295
13,2,93,0.5842333436012268,0.5780649781227112,0.586936891078949,0.5780649781227112,0.6618704795837402,0.7200000286102295
13,2,94,0.582537829875946,0.5767834186553955,0.5850914716720581,0.5767834186553955,0.6690647602081299,0.7599999904632568
13,2,95,0.5808517932891846,0.5755199790000916,0.5833620429039001,0.5755199790000916,0.6690647602081299,0.7599999904632568
13,2,96,0.5791784524917603,0.5742595791816711,0.5816726088523865,0.5742595791816711,0.6690647602081299,0.7599999904632568
13,2,97,0.5774930715560913,0.5730906128883362,0.5799742937088013,0.5730906128883362,0.6762589812278748,0.7599999904632568
13,2,98,0.5757797956466675,0.5718744397163391,0.5782610774040222,0.5718744397163391,0.6762589812278748,0.7599999904632568
13,2,99,0.5740569829940796,0.5706384778022766,0.576468288898468,0.5706384778022766,0.6834532618522644,0.7599999904632568
13,2,100,0.5723481774330139,0.5695754289627075,0.5747418403625488,0.5695754289627075,0.6834532618522644,0.7599999904632568
13,2,101,0.5706431269645691,0.5684815049171448,0.5731396079063416,0.5684815049171448,0.6834532618522644,0.7599999904632568
13,2,102,0.5688838362693787,0.5671411752700806,0.5713364481925964,0.5671411752700806,0.6906474828720093,0.7599999904632568
13,2,103,0.5671011209487915,0.5657597780227661,0.5693374276161194,0.5657597780227661,0.6906474828720093,0.7599999904632568
13,2,104,0.5653301477432251,0.5645516514778137,0.5674520134925842,0.5645516514778137,0.6906474828720093,0.7599999904632568
13,2,105,0.5635377168655396,0.5633034706115723,0.5656203627586365,0.5633034706115723,0.6906474828720093,0.7599999904632568
13,2,106,0.5617429614067078,0.5621476173400879,0.5637823939323425,0.5621476173400879,0.6906474828720093,0.7599999904632568
13,2,107,0.5599673986434937,0.5611066222190857,0.5620747208595276,0.5611066222190857,0.6906474828720093,0.7599999904632568
13,2,108,0.5581917762756348,0.5600417256355286,0.5604300498962402,0.5600417256355286,0.6906474828720093,0.7599999904632568
13,2,109,0.5563896894454956,0.5588362812995911,0.5586612820625305,0.5588362812995911,0.6906474828720093,0.7599999904632568
13,2,110,0.554576575756073,0.5577264428138733,0.5567678809165955,0.5577264428138733,0.6978417038917542,0.7599999904632568
13,2,111,0.5527585744857788,0.5568201541900635,0.5549967885017395,0.5568201541900635,0.6978417038917542,0.7599999904632568
13,2,112,0.5509462356567383,0.5558629035949707,0.5532827973365784,0.5558629035949707,0.7122302055358887,0.7599999904632568
13,2,113,0.5490842461585999,0.5548266768455505,0.5513902902603149,0.5548266768455505,0.7194244861602783,0.7599999904632568
13,2,114,0.5472075343132019,0.5539475679397583,0.5494545698165894,0.5539475679397583,0.7194244861602783,0.7599999904632568
13,2,115,0.5453468561172485,0.5530747771263123,0.5475876927375793,0.5530747771263123,0.7266187071800232,0.7599999904632568
13,2,116,0.5434771180152893,0.5521737337112427,0.5457163453102112,0.5521737337112427,0.7266187071800232,0.7599999904632568
13,2,117,0.541599690914154,0.5512516498565674,0.5437468886375427,0.5512516498565674,0.7194244861602783,0.7599999904632568
13,2,118,0.5397169589996338,0.5505263209342957,0.5418669581413269,0.5505263209342957,0.7266187071800232,0.7599999904632568
13,2,119,0.5378246903419495,0.5496851801872253,0.540035605430603,0.5496851801872253,0.7266187071800232,0.7599999904632568
13,2,120,0.5359145402908325,0.5486782193183899,0.53801429271698,0.5486782193183899,0.7410072088241577,0.7599999904632568
13,2,121,0.5339890122413635,0.5477856993675232,0.535908579826355,0.5477856993675232,0.7482014298439026,0.7599999904632568
13,2,122,0.5320664644241333,0.5470373630523682,0.533909022808075,0.5470373630523682,0.7482014298439026,0.7200000286102295
13,2,123,0.5301519632339478,0.5462328195571899,0.5319415330886841,0.5462328195571899,0.7482014298439026,0.7200000286102295
13,2,124,0.528209388256073,0.5454784631729126,0.5298919677734375,0.5454784631729126,0.7482014298439026,0.7200000286102295
13,2,125,0.5262699127197266,0.5447412729263306,0.5278958082199097,0.5447412729263306,0.7482014298439026,0.7200000286102295
13,2,126,0.5243315100669861,0.5440966486930847,0.5258945822715759,0.5440966486930847,0.7482014298439026,0.7200000286102295
13,2,127,0.5223617553710938,0.5435062050819397,0.5238404870033264,0.5435062050819397,0.7553957104682922,0.7200000286102295
13,2,128,0.5203964710235596,0.5429278016090393,0.5218003392219543,0.5429278016090393,0.7553957104682922,0.7200000286102295
13,2,129,0.5184412002563477,0.542452871799469,0.5198665261268616,0.542452871799469,0.7553957104682922,0.7200000286102295
13,2,130,0.5164551138877869,0.5417860150337219,0.5178840160369873,0.5417860150337219,0.7553957104682922,0.7200000286102295
13,2,131,0.5144360065460205,0.5411226749420166,0.515703022480011,0.5411226749420166,0.769784152507782,0.7200000286102295
13,2,132,0.5124251842498779,0.5406399369239807,0.513670802116394,0.5406399369239807,0.769784152507782,0.7200000286102295
13,2,133,0.5104426145553589,0.5400968790054321,0.5117465257644653,0.5400968790054321,0.769784152507782,0.7200000286102295
13,2,134,0.5084543824195862,0.5396013855934143,0.5097222924232483,0.5396013855934143,0.769784152507782,0.7200000286102295
13,2,135,0.5064604878425598,0.5392304062843323,0.5076965689659119,0.5392304062843323,0.769784152507782,0.7200000286102295
13,2,136,0.5044822692871094,0.5387914776802063,0.5057424902915955,0.5387914776802063,0.769784152507782,0.7200000286102295
13,2,137,0.5025081038475037,0.5383269786834717,0.5037917494773865,0.5383269786834717,0.769784152507782,0.7200000286102295
13,2,138,0.5005332231521606,0.5378671884536743,0.5017802119255066,0.5378671884536743,0.769784152507782,0.7599999904632568
13,2,139,0.49856051802635193,0.5374374985694885,0.4998146891593933,0.5374374985694885,0.7625899314880371,0.7599999904632568
13,2,140,0.496574342250824,0.5369006991386414,0.49778106808662415,0.5369006991386414,0.7625899314880371,0.7599999904632568
13,2,141,0.4945782423019409,0.5364792943000793,0.49570679664611816,0.5364792943000793,0.7625899314880371,0.7599999904632568
13,2,142,0.49258753657341003,0.5360187292098999,0.493651419878006,0.5360187292098999,0.7625899314880371,0.7599999904632568
13,2,143,0.49060311913490295,0.5355786085128784,0.49165135622024536,0.5355786085128784,0.7625899314880371,0.7599999904632568
13,2,144,0.4886212646961212,0.5351449847221375,0.489741712808609,0.5351449847221375,0.7625899314880371,0.7599999904632568
13,2,145,0.48661738634109497,0.5346687436103821,0.4877156913280487,0.5346687436103821,0.7625899314880371,0.7599999904632568
13,2,146,0.48461854457855225,0.5342075824737549,0.4856595993041992,0.5342075824737549,0.7769784331321716,0.7599999904632568
13,2,147,0.4826403856277466,0.5338606834411621,0.4837322533130646,0.5338606834411621,0.7841726541519165,0.7599999904632568
13,2,148,0.480679452419281,0.5334709286689758,0.481822669506073,0.5334709286689758,0.7913669347763062,0.7599999904632568
13,2,149,0.47868841886520386,0.5329703688621521,0.47971174120903015,0.5329703688621521,0.7913669347763062,0.7599999904632568
13,2,150,0.4767143130302429,0.5325587391853333,0.4776943325996399,0.5325587391853333,0.7913669347763062,0.7599999904632568
13,2,151,0.4747649133205414,0.5322443246841431,0.4757709503173828,0.5322443246841431,0.7913669347763062,0.7599999904632568
13,2,152,0.4727950692176819,0.5319942235946655,0.4737261235713959,0.5319942235946655,0.7913669347763062,0.7599999904632568
13,2,153,0.47083616256713867,0.5317898392677307,0.4717055857181549,0.5317898392677307,0.7913669347763062,0.7599999904632568
13,2,154,0.4689062535762787,0.5315101146697998,0.46977391839027405,0.5315101146697998,0.7913669347763062,0.7200000286102295
13,2,155,0.46695786714553833,0.5312032103538513,0.46769753098487854,0.5312032103538513,0.7913669347763062,0.7200000286102295
13,2,156,0.4650232195854187,0.5310564637184143,0.4657052755355835,0.5310564637184143,0.798561155796051,0.7200000286102295
13,2,157,0.46312281489372253,0.5308802127838135,0.46393638849258423,0.5308802127838135,0.798561155796051,0.7200000286102295
13,2,158,0.46121612191200256,0.5305438041687012,0.4620412290096283,0.5305438041687012,0.798561155796051,0.7200000286102295
13,2,159,0.45931845903396606,0.5302470922470093,0.4601283371448517,0.5302470922470093,0.8057553768157959,0.7200000286102295
13,2,160,0.4574337899684906,0.529944896697998,0.4582851529121399,0.529944896697998,0.8057553768157959,0.7200000286102295
13,2,161,0.4555554986000061,0.5295196771621704,0.4564678966999054,0.5295196771621704,0.8057553768157959,0.7200000286102295
13,2,162,0.4536738991737366,0.5290753841400146,0.4545137584209442,0.5290753841400146,0.8057553768157959,0.7200000286102295
13,2,163,0.45177748799324036,0.5287216305732727,0.4525151550769806,0.5287216305732727,0.8057553768157959,0.7200000286102295
13,2,164,0.4498930275440216,0.5283390283584595,0.45059555768966675,0.5283390283584595,0.8057553768157959,0.7200000286102295
13,2,165,0.4479893743991852,0.5279378294944763,0.44854071736335754,0.5279378294944763,0.8057553768157959,0.7200000286102295
13,2,166,0.4460803270339966,0.5276296138763428,0.44653311371803284,0.5276296138763428,0.8057553768157959,0.7200000286102295
13,2,167,0.444192498922348,0.5274015665054321,0.4447087049484253,0.5274015665054321,0.8057553768157959,0.7200000286102295
13,2,168,0.44229456782341003,0.5270753502845764,0.44280388951301575,0.5270753502845764,0.8057553768157959,0.7200000286102295
13,2,169,0.4403917193412781,0.526767373085022,0.4408529996871948,0.526767373085022,0.8057553768157959,0.7200000286102295
13,2,170,0.43849635124206543,0.526517391204834,0.43893101811408997,0.526517391204834,0.8057553768157959,0.7200000286102295
13,2,171,0.4365915060043335,0.5262469053268433,0.4369964003562927,0.5262469053268433,0.8057553768157959,0.7200000286102295
13,2,172,0.4346984326839447,0.5259528160095215,0.43509581685066223,0.5259528160095215,0.8057553768157959,0.7200000286102295
13,2,173,0.4328029751777649,0.5256327390670776,0.4331475794315338,0.5256327390670776,0.8057553768157959,0.7200000286102295
13,2,174,0.4309086501598358,0.5254045128822327,0.43118858337402344,0.5254045128822327,0.8057553768157959,0.7200000286102295
13,2,175,0.42902299761772156,0.5252189040184021,0.42934316396713257,0.5252189040184021,0.8201438784599304,0.7200000286102295
13,2,176,0.427129864692688,0.5250630378723145,0.4275021553039551,0.5250630378723145,0.8201438784599304,0.7200000286102295
13,2,177,0.4252406060695648,0.5249230861663818,0.4256000518798828,0.5249230861663818,0.8201438784599304,0.7200000286102295
13,2,178,0.42334553599357605,0.5248128771781921,0.4236970543861389,0.5248128771781921,0.8201438784599304,0.7200000286102295
13,2,179,0.4214556813240051,0.5247616767883301,0.42186418175697327,0.5247616767883301,0.8201438784599304,0.7200000286102295
13,2,180,0.41955387592315674,0.5246983170509338,0.4199378192424774,0.5246983170509338,0.8273381590843201,0.7200000286102295
13,2,181,0.4176366627216339,0.52459317445755,0.4178926646709442,0.52459317445755,0.8273381590843201,0.7200000286102295
13,2,182,0.41573193669319153,0.5245087146759033,0.41596704721450806,0.5245087146759033,0.8345323801040649,0.7200000286102295
13,2,183,0.4138336777687073,0.5244254469871521,0.4141327142715454,0.5244254469871521,0.8417266011238098,0.7200000286102295
13,2,184,0.41192737221717834,0.5243815779685974,0.4122479259967804,0.5243815779685974,0.8417266011238098,0.7200000286102295
13,2,185,0.41001543402671814,0.5242942571640015,0.4102930724620819,0.5242942571640015,0.8417266011238098,0.7200000286102295
13,2,186,0.40810006856918335,0.5242557525634766,0.40831586718559265,0.5242557525634766,0.8417266011238098,0.7200000286102295
13,2,187,0.40619558095932007,0.5242640972137451,0.40640929341316223,0.5242640972137451,0.8417266011238098,0.7200000286102295
13,2,188,0.4042971432209015,0.5242118239402771,0.4044763445854187,0.5242118239402771,0.8417266011238098,0.7200000286102295
13,2,189,0.40238237380981445,0.5241599082946777,0.402454137802124,0.5241599082946777,0.8417266011238098,0.7200000286102295
13,2,190,0.40048307180404663,0.5241607427597046,0.4005814790725708,0.5241607427597046,0.8417266011238098,0.7200000286102295
13,2,191,0.3985932469367981,0.5241581797599792,0.39874157309532166,0.5241581797599792,0.8417266011238098,0.7200000286102295
13,2,192,0.3966948091983795,0.5241376757621765,0.396843820810318,0.5241376757621765,0.8417266011238098,0.7200000286102295
13,2,193,0.39479708671569824,0.5241323709487915,0.39492881298065186,0.5241323709487915,0.8417266011238098,0.7200000286102295
13,2,194,0.3928911089897156,0.5241388082504272,0.3930061161518097,0.5241388082504272,0.8417266011238098,0.7200000286102295
13,2,195,0.3909868896007538,0.5241457223892212,0.39109882712364197,0.5241457223892212,0.8417266011238098,0.7200000286102295
13,2,196,0.38908183574676514,0.5241544246673584,0.3891967236995697,0.5241544246673584,0.8417266011238098,0.7200000286102295
13,2,197,0.38717907667160034,0.5242201089859009,0.3873257339000702,0.5242201089859009,0.8417266011238098,0.7200000286102295
13,2,198,0.38527026772499084,0.5242577195167542,0.38538217544555664,0.5242577195167542,0.8417266011238098,0.7200000286102295
13,2,199,0.3833485245704651,0.5243030786514282,0.3833671808242798,0.5243030786514282,0.8417266011238098,0.7200000286102295
13,2,200,0.38145047426223755,0.5243623852729797,0.3815111815929413,0.5243623852729797,0.8417266011238098,0.7200000286102295
13,2,201,0.37955400347709656,0.5244082808494568,0.37960726022720337,0.5244082808494568,0.8417266011238098,0.7200000286102295
13,2,202,0.3776446282863617,0.5244593024253845,0.37761497497558594,0.5244593024253845,0.8417266011238098,0.7200000286102295
13,2,203,0.3757471740245819,0.5244644284248352,0.37574198842048645,0.5244644284248352,0.8417266011238098,0.7200000286102295
13,2,204,0.373852014541626,0.5245113968849182,0.37384873628616333,0.5245113968849182,0.8489208817481995,0.7200000286102295
13,2,205,0.3719509243965149,0.5245838165283203,0.3719765543937683,0.5245838165283203,0.8561151027679443,0.7200000286102295
13,2,206,0.3700500726699829,0.5246575474739075,0.37007206678390503,0.5246575474739075,0.8561151027679443,0.7200000286102295
13,2,207,0.36813756823539734,0.5247503519058228,0.3681873083114624,0.5247503519058228,0.8561151027679443,0.7200000286102295
13,2,208,0.3662187457084656,0.524838924407959,0.36625590920448303,0.524838924407959,0.8561151027679443,0.6800000071525574
13,2,209,0.3642844557762146,0.524942934513092,0.3643050789833069,0.524942934513092,0.8633093237876892,0.6800000071525574
13,2,210,0.362360417842865,0.5250871777534485,0.3624303936958313,0.5250871777534485,0.8705036044120789,0.6800000071525574
13,2,211,0.36043480038642883,0.5252202749252319,0.36050882935523987,0.5252202749252319,0.8705036044120789,0.6800000071525574
13,2,212,0.35850054025650024,0.5254061222076416,0.3585600256919861,0.5254061222076416,0.8705036044120789,0.6800000071525574
13,2,213,0.3565731644630432,0.5255843997001648,0.3566438853740692,0.5255843997001648,0.8705036044120789,0.6800000071525574
13,2,214,0.3546334207057953,0.5257478952407837,0.35468924045562744,0.5257478952407837,0.8705036044120789,0.6800000071525574
13,2,215,0.3526913821697235,0.5259076952934265,0.35273003578186035,0.5259076952934265,0.8705036044120789,0.6800000071525574
13,2,216,0.3507535457611084,0.5260913968086243,0.3508296012878418,0.5260913968086243,0.8705036044120789,0.6800000071525574
13,2,217,0.3488101363182068,0.5262801647186279,0.34893059730529785,0.5262801647186279,0.8705036044120789,0.6800000071525574
14,2,1,0.6976328492164612,0.7117937207221985,0.7074368000030518,0.7117937207221985,0.40714284777641296,0.4000000059604645
14,2,2,0.6963593363761902,0.7099800109863281,0.7059525847434998,0.7099800109863281,0.40714284777641296,0.4000000059604645
14,2,3,0.6955498456954956,0.7080195546150208,0.704087495803833,0.7080195546150208,0.40714284777641296,0.4000000059604645
14,2,4,0.6948355436325073,0.7060637474060059,0.7022427320480347,0.7060637474060059,0.3928571343421936,0.36000001430511475
14,2,5,0.6941751837730408,0.7041839361190796,0.7004686594009399,0.7041839361190796,0.4000000059604645,0.36000001430511475
14,2,6,0.6935712099075317,0.7024514675140381,0.6987995505332947,0.7024514675140381,0.4285714328289032,0.36000001430511475
14,2,7,0.6930056810379028,0.7008339166641235,0.6972311735153198,0.7008339166641235,0.44999998807907104,0.36000001430511475
14,2,8,0.6924566030502319,0.6993136405944824,0.695742666721344,0.6993136405944824,0.4642857015132904,0.3199999928474426
14,2,9,0.6919283866882324,0.6978738903999329,0.6943361163139343,0.6978738903999329,0.5285714268684387,0.4000000059604645
14,2,10,0.6914293766021729,0.6965450048446655,0.6930269598960876,0.6965450048446655,0.5357142686843872,0.4000000059604645
14,2,11,0.6909450888633728,0.6953157186508179,0.6917964816093445,0.6953157186508179,0.5642856955528259,0.4000000059604645
14,2,12,0.6904732584953308,0.6941947340965271,0.6906266808509827,0.6941947340965271,0.5642856955528259,0.5199999809265137
14,2,13,0.6899995803833008,0.693134069442749,0.6895004510879517,0.693134069442749,0.5714285969734192,0.5199999809265137
14,2,14,0.6895281076431274,0.6921365857124329,0.6884126663208008,0.6921365857124329,0.6071428656578064,0.5199999809265137
14,2,15,0.6890466809272766,0.6911430358886719,0.6873629689216614,0.6911430358886719,0.6214285492897034,0.5600000023841858
14,2,16,0.6885443329811096,0.6901133060455322,0.6863282322883606,0.6901133060455322,0.6285714507102966,0.5600000023841858
14,2,17,0.688069224357605,0.6890975832939148,0.6853527426719666,0.6890975832939148,0.6357142925262451,0.5600000023841858
14,2,18,0.6876099705696106,0.6881375908851624,0.6844479441642761,0.6881375908851624,0.6428571343421936,0.6000000238418579
14,2,19,0.6871525645256042,0.6872411370277405,0.6836017966270447,0.6872411370277405,0.6499999761581421,0.6000000238418579
14,2,20,0.6866934895515442,0.6864036321640015,0.6828217506408691,0.6864036321640015,0.6285714507102966,0.6000000238418579
14,2,21,0.6862161755561829,0.6855871081352234,0.6820653676986694,0.6855871081352234,0.6357142925262451,0.6000000238418579
14,2,22,0.6857292056083679,0.6847836971282959,0.6813174486160278,0.6847836971282959,0.6357142925262451,0.6000000238418579
14,2,23,0.6852356791496277,0.6839867234230042,0.6805600523948669,0.6839867234230042,0.6285714507102966,0.6000000238418579
14,2,24,0.6847310662269592,0.6832128763198853,0.6797990202903748,0.6832128763198853,0.6428571343421936,0.6000000238418579
14,2,25,0.6842049360275269,0.6824632287025452,0.6790342330932617,0.6824632287025452,0.6499999761581421,0.6000000238418579
14,2,26,0.6836692690849304,0.6816951632499695,0.6782665848731995,0.6816951632499695,0.6571428775787354,0.6000000238418579
14,2,27,0.6831209659576416,0.6809432506561279,0.6774953603744507,0.6809432506561279,0.6571428775787354,0.6000000238418579
14,2,28,0.6825593709945679,0.6802529692649841,0.6767481565475464,0.6802529692649841,0.6642857193946838,0.6000000238418579
14,2,29,0.6819684505462646,0.6795520186424255,0.6760059595108032,0.6795520186424255,0.6642857193946838,0.6000000238418579
14,2,30,0.6813528537750244,0.6788204312324524,0.6752612590789795,0.6788204312324524,0.6642857193946838,0.6399999856948853
14,2,31,0.6807039976119995,0.678038477897644,0.6745034456253052,0.678038477897644,0.6571428775787354,0.6399999856948853
14,2,32,0.6800302267074585,0.677259624004364,0.6737329959869385,0.677259624004364,0.6642857193946838,0.6399999856948853
14,2,33,0.6793442368507385,0.6764333844184875,0.6729546189308167,0.6764333844184875,0.6642857193946838,0.6399999856948853
14,2,34,0.6786244511604309,0.6755824089050293,0.6721320748329163,0.6755824089050293,0.6642857193946838,0.6399999856948853
14,2,35,0.6778939962387085,0.6747499108314514,0.6713109612464905,0.6747499108314514,0.6642857193946838,0.6399999856948853
14,2,36,0.677152693271637,0.6739403605461121,0.670498788356781,0.6739403605461121,0.6642857193946838,0.6399999856948853
14,2,37,0.6763905882835388,0.6731069087982178,0.6696742177009583,0.6731069087982178,0.6714285612106323,0.6399999856948853
14,2,38,0.6756235957145691,0.67225182056427,0.6688504219055176,0.67225182056427,0.6857143044471741,0.6399999856948853
14,2,39,0.6748216152191162,0.6713709831237793,0.6680012345314026,0.6713709831237793,0.6785714030265808,0.6399999856948853
14,2,40,0.6739894151687622,0.6705071926116943,0.6671171188354492,0.6705071926116943,0.6857143044471741,0.6399999856948853
14,2,41,0.673122763633728,0.6696428060531616,0.6662189960479736,0.6696428060531616,0.6857143044471741,0.6399999856948853
14,2,42,0.6722116470336914,0.6687706708908081,0.6652962565422058,0.6687706708908081,0.6857143044471741,0.6399999856948853
14,2,43,0.6712817549705505,0.6679110527038574,0.6643571853637695,0.6679110527038574,0.6857143044471741,0.6399999856948853
14,2,44,0.6703275442123413,0.6669954657554626,0.663358747959137,0.6669954657554626,0.6857143044471741,0.6399999856948853
14,2,45,0.6693620085716248,0.6660502552986145,0.6623215079307556,0.6660502552986145,0.6928571462631226,0.6399999856948853
14,2,46,0.6683729290962219,0.6650698184967041,0.661271870136261,0.6650698184967041,0.6928571462631226,0.6800000071525574
14,2,47,0.6673557162284851,0.6640616655349731,0.6602200865745544,0.6640616655349731,0.6928571462631226,0.6800000071525574
14,2,48,0.6663141250610352,0.6630423069000244,0.6591553688049316,0.6630423069000244,0.6928571462631226,0.6800000071525574
14,2,49,0.6652323603630066,0.6619738936424255,0.6580505967140198,0.6619738936424255,0.6928571462631226,0.7200000286102295
14,2,50,0.6641460657119751,0.6608923077583313,0.6569348573684692,0.6608923077583313,0.699999988079071,0.7200000286102295
14,2,51,0.6630235910415649,0.6597824692726135,0.6557981371879578,0.6597824692726135,0.7142857313156128,0.7200000286102295
14,2,52,0.6618587970733643,0.6586158871650696,0.6546249985694885,0.6586158871650696,0.7142857313156128,0.7200000286102295
14,2,53,0.6606691479682922,0.6574488878250122,0.6533925533294678,0.6574488878250122,0.7142857313156128,0.7200000286102295
14,2,54,0.6594635844230652,0.6562644243240356,0.652134120464325,0.6562644243240356,0.7214285731315613,0.7200000286102295
14,2,55,0.6582360863685608,0.6550933122634888,0.6508712768554688,0.6550933122634888,0.7214285731315613,0.7200000286102295
14,2,56,0.6569916605949402,0.6540029644966125,0.6496176719665527,0.6540029644966125,0.7214285731315613,0.7200000286102295
14,2,57,0.6557174921035767,0.6528905630111694,0.6483688950538635,0.6528905630111694,0.7285714149475098,0.7200000286102295
14,2,58,0.6543962359428406,0.6517606973648071,0.6470730304718018,0.6517606973648071,0.7285714149475098,0.7200000286102295
14,2,59,0.6530577540397644,0.6506731510162354,0.6457657217979431,0.6506731510162354,0.7285714149475098,0.7200000286102295
14,2,60,0.6516571640968323,0.6495952010154724,0.6444486975669861,0.6495952010154724,0.7071428298950195,0.7200000286102295
14,2,61,0.650222659111023,0.6484774947166443,0.6430959701538086,0.6484774947166443,0.7142857313156128,0.7200000286102295
14,2,62,0.6487817764282227,0.6473525166511536,0.6417089104652405,0.6473525166511536,0.7142857313156128,0.7200000286102295
14,2,63,0.6473532319068909,0.6462196111679077,0.6402955651283264,0.6462196111679077,0.7142857313156128,0.7200000286102295
14,2,64,0.6459252238273621,0.6451016068458557,0.6388666033744812,0.6451016068458557,0.7142857313156128,0.7200000286102295
14,2,65,0.6444851756095886,0.6439881920814514,0.6374053955078125,0.6439881920814514,0.7142857313156128,0.7200000286102295
14,2,66,0.6430327892303467,0.6428969502449036,0.6358816623687744,0.6428969502449036,0.7142857313156128,0.7200000286102295
14,2,67,0.6415895819664001,0.6418236494064331,0.6343448162078857,0.6418236494064331,0.7142857313156128,0.7200000286102295
14,2,68,0.6401271224021912,0.6407541036605835,0.6328029632568359,0.6407541036605835,0.7142857313156128,0.7200000286102295
14,2,69,0.6386362910270691,0.6397080421447754,0.6312462687492371,0.6397080421447754,0.7142857313156128,0.7200000286102295
14,2,70,0.6371172070503235,0.6386982798576355,0.6297035217285156,0.6386982798576355,0.7214285731315613,0.7200000286102295
14,2,71,0.6355423331260681,0.6377325654029846,0.6281600594520569,0.6377325654029846,0.7214285731315613,0.7200000286102295
14,2,72,0.6339478492736816,0.6367889642715454,0.6266077160835266,0.6367889642715454,0.7214285731315613,0.7200000286102295
14,2,73,0.6323156356811523,0.6358335018157959,0.6250185370445251,0.6358335018157959,0.7285714149475098,0.7200000286102295
14,2,74,0.6306489706039429,0.6348258852958679,0.6233769655227661,0.6348258852958679,0.7285714149475098,0.7200000286102295
14,2,75,0.6289847493171692,0.6338523626327515,0.621724009513855,0.6338523626327515,0.7285714149475098,0.7200000286102295
14,2,76,0.6272955536842346,0.6328901052474976,0.6200491786003113,0.6328901052474976,0.7285714149475098,0.7200000286102295
14,2,77,0.625629186630249,0.6318815350532532,0.6183260679244995,0.6318815350532532,0.7285714149475098,0.7200000286102295
14,2,78,0.6240105628967285,0.6308907866477966,0.6165937185287476,0.6308907866477966,0.7285714149475098,0.7599999904632568
14,2,79,0.6223872303962708,0.6299190521240234,0.6148658990859985,0.6299190521240234,0.7285714149475098,0.7599999904632568
14,2,80,0.6207653880119324,0.6289884448051453,0.6131628155708313,0.6289884448051453,0.7285714149475098,0.7599999904632568
14,2,81,0.6191205978393555,0.6280602216720581,0.6114516854286194,0.6280602216720581,0.7357142567634583,0.7599999904632568
14,2,82,0.6174763441085815,0.6271376609802246,0.6097420454025269,0.6271376609802246,0.7357142567634583,0.7599999904632568
14,2,83,0.6158019304275513,0.6261959671974182,0.6080437302589417,0.6261959671974182,0.7357142567634583,0.7599999904632568
14,2,84,0.6140992045402527,0.6251971125602722,0.6062867045402527,0.6251971125602722,0.7357142567634583,0.7599999904632568
14,2,85,0.6124049425125122,0.6241694688796997,0.6045036315917969,0.6241694688796997,0.7357142567634583,0.7599999904632568
14,2,86,0.6107199192047119,0.6231907606124878,0.6027613282203674,0.6231907606124878,0.7357142567634583,0.7599999904632568
14,2,87,0.6090258955955505,0.622236430644989,0.6010377407073975,0.622236430644989,0.7357142567634583,0.7599999904632568
14,2,88,0.6073386669158936,0.621262788772583,0.5992607474327087,0.621262788772583,0.7285714149475098,0.7599999904632568
14,2,89,0.6056804060935974,0.620302677154541,0.5975062847137451,0.620302677154541,0.7285714149475098,0.7599999904632568
14,2,90,0.6040314435958862,0.6193420886993408,0.5957561135292053,0.6193420886993408,0.7285714149475098,0.7599999904632568
14,2,91,0.6023946404457092,0.6183421611785889,0.5939909219741821,0.6183421611785889,0.7428571581840515,0.7599999904632568
14,2,92,0.6007694005966187,0.6173530220985413,0.5922306776046753,0.6173530220985413,0.7428571581840515,0.7599999904632568
14,2,93,0.5991297960281372,0.6163896322250366,0.5904926061630249,0.6163896322250366,0.7428571581840515,0.7599999904632568
14,2,94,0.5974658131599426,0.6154400706291199,0.5887784957885742,0.6154400706291199,0.75,0.7599999904632568
14,2,95,0.5957823395729065,0.6144935488700867,0.5870704650878906,0.6144935488700867,0.75,0.7599999904632568
14,2,96,0.5940607190132141,0.6135708689689636,0.5853777527809143,0.6135708689689636,0.7571428418159485,0.7599999904632568
14,2,97,0.5923051238059998,0.612639844417572,0.5836713910102844,0.612639844417572,0.7571428418159485,0.7599999904632568
14,2,98,0.5905312895774841,0.6116242408752441,0.5819132328033447,0.6116242408752441,0.7571428418159485,0.7599999904632568
14,2,99,0.5887623429298401,0.6105800867080688,0.580126941204071,0.6105800867080688,0.7571428418159485,0.7599999904632568
14,2,100,0.5869982838630676,0.6095412969589233,0.5783376693725586,0.6095412969589233,0.7428571581840515,0.7599999904632568
14,2,101,0.585229218006134,0.6084794402122498,0.5765551924705505,0.6084794402122498,0.7428571581840515,0.7599999904632568
14,2,102,0.5834614634513855,0.6074218153953552,0.574761152267456,0.6074218153953552,0.7428571581840515,0.7599999904632568
14,2,103,0.5817014575004578,0.6063526272773743,0.572958767414093,0.6063526272773743,0.7428571581840515,0.7599999904632568
14,2,104,0.579927921295166,0.6053051352500916,0.5711596012115479,0.6053051352500916,0.75,0.7599999904632568
14,2,105,0.5781548619270325,0.6042914390563965,0.5693733096122742,0.6042914390563965,0.75,0.7599999904632568
14,2,106,0.5763753652572632,0.6032605171203613,0.5675791501998901,0.6032605171203613,0.75,0.7599999904632568
14,2,107,0.574610710144043,0.6022602915763855,0.5657925009727478,0.6022602915763855,0.7571428418159485,0.7599999904632568
14,2,108,0.5728251338005066,0.601285994052887,0.5640281438827515,0.601285994052887,0.7571428418159485,0.7599999904632568
14,2,109,0.5710279941558838,0.6003027558326721,0.5622521638870239,0.6003027558326721,0.7571428418159485,0.800000011920929
14,2,110,0.5692421793937683,0.5992738604545593,0.5604284405708313,0.5992738604545593,0.7571428418159485,0.800000011920929
14,2,111,0.5674757957458496,0.5982436537742615,0.5585960745811462,0.5982436537742615,0.7571428418159485,0.800000011920929
14,2,112,0.5657116174697876,0.5972511172294617,0.5567685961723328,0.5972511172294617,0.7571428418159485,0.800000011920929
14,2,113,0.5639504790306091,0.5962535738945007,0.5549504160881042,0.5962535738945007,0.7642857432365417,0.800000011920929
14,2,114,0.5621795654296875,0.5952774286270142,0.5531538128852844,0.5952774286270142,0.7642857432365417,0.800000011920929
14,2,115,0.5603916049003601,0.5943073034286499,0.551389753818512,0.5943073034286499,0.7714285850524902,0.800000011920929
14,2,116,0.55858314037323,0.5933816432952881,0.549649178981781,0.5933816432952881,0.7642857432365417,0.800000011920929
14,2,117,0.5567524433135986,0.5924333333969116,0.5479238033294678,0.5924333333969116,0.7642857432365417,0.800000011920929
14,2,118,0.5549129843711853,0.5914478302001953,0.5461873412132263,0.5914478302001953,0.7642857432365417,0.800000011920929
14,2,119,0.5530844330787659,0.5904248356819153,0.544411301612854,0.5904248356819153,0.7642857432365417,0.800000011920929
14,2,120,0.5512837767601013,0.5893890261650085,0.5425979495048523,0.5893890261650085,0.7642857432365417,0.800000011920929
14,2,121,0.5494966506958008,0.5883641242980957,0.5407902598381042,0.5883641242980957,0.7642857432365417,0.800000011920929
14,2,122,0.5477152466773987,0.5873116850852966,0.5389901399612427,0.5873116850852966,0.7642857432365417,0.800000011920929
14,2,123,0.5459488034248352,0.586246132850647,0.5371806621551514,0.586246132850647,0.7642857432365417,0.800000011920929
14,2,124,0.5441991090774536,0.585157573223114,0.5353673100471497,0.585157573223114,0.7642857432365417,0.800000011920929
14,2,125,0.5424557328224182,0.5840650200843811,0.5335595011711121,0.5840650200843811,0.7642857432365417,0.7599999904632568
14,2,126,0.5407134294509888,0.5830274224281311,0.531777024269104,0.5830274224281311,0.7642857432365417,0.7599999904632568
14,2,127,0.5389592051506042,0.581983745098114,0.530024528503418,0.581983745098114,0.7642857432365417,0.7599999904632568
14,2,128,0.5372068881988525,0.5809580087661743,0.5282951593399048,0.5809580087661743,0.7642857432365417,0.7599999904632568
14,2,129,0.5354601144790649,0.579979658126831,0.5265780091285706,0.579979658126831,0.7642857432365417,0.7599999904632568
14,2,130,0.5337222814559937,0.5789958834648132,0.5248550772666931,0.5789958834648132,0.7642857432365417,0.7599999904632568
14,2,131,0.5320033431053162,0.5779786109924316,0.5231363773345947,0.5779786109924316,0.7642857432365417,0.7200000286102295
14,2,132,0.5302904844284058,0.5770362615585327,0.5214446187019348,0.5770362615585327,0.7642857432365417,0.7200000286102295
14,2,133,0.528566300868988,0.5760875940322876,0.5197505354881287,0.5760875940322876,0.7642857432365417,0.7200000286102295
14,2,134,0.5268436074256897,0.5751076340675354,0.5180314183235168,0.5751076340675354,0.7642857432365417,0.7200000286102295
14,2,135,0.5251430869102478,0.5742008686065674,0.5163301825523376,0.5742008686065674,0.7714285850524902,0.7200000286102295
14,2,136,0.5234422087669373,0.5732911825180054,0.5146706700325012,0.5732911825180054,0.7714285850524902,0.7200000286102295
14,2,137,0.5217320919036865,0.5723546743392944,0.5130264759063721,0.5723546743392944,0.7785714268684387,0.6800000071525574
14,2,138,0.5200236439704895,0.5714206099510193,0.5113710761070251,0.5714206099510193,0.7857142686843872,0.6800000071525574
14,2,139,0.5183373689651489,0.570499837398529,0.5097112655639648,0.570499837398529,0.7857142686843872,0.6800000071525574
14,2,140,0.5166690945625305,0.5695960521697998,0.5080618858337402,0.5695960521697998,0.7857142686843872,0.6800000071525574
14,2,141,0.5150180459022522,0.568706214427948,0.5064131021499634,0.568706214427948,0.7928571701049805,0.6800000071525574
14,2,142,0.5133764147758484,0.5677677989006042,0.5047315359115601,0.5677677989006042,0.7928571701049805,0.6800000071525574
14,2,143,0.5117621421813965,0.5668579339981079,0.5030861496925354,0.5668579339981079,0.7928571701049805,0.6800000071525574
14,2,144,0.5101380348205566,0.566020667552948,0.5015020966529846,0.566020667552948,0.7928571701049805,0.6800000071525574
14,2,145,0.5085068941116333,0.5651919841766357,0.49993035197257996,0.5651919841766357,0.7928571701049805,0.6800000071525574
14,2,146,0.5068839192390442,0.5643526911735535,0.4983302652835846,0.5643526911735535,0.7928571701049805,0.6800000071525574
14,2,147,0.5052946209907532,0.5635493397712708,0.4967687427997589,0.5635493397712708,0.7928571701049805,0.6800000071525574
14,2,148,0.5036993026733398,0.5627314448356628,0.4952049255371094,0.5627314448356628,0.7928571701049805,0.6800000071525574
14,2,149,0.5021184086799622,0.5618705749511719,0.4936162531375885,0.5618705749511719,0.7928571701049805,0.6800000071525574
14,2,150,0.5005598068237305,0.5610629320144653,0.4920555055141449,0.5610629320144653,0.7928571701049805,0.6800000071525574
14,2,151,0.4989927113056183,0.560232937335968,0.4904954135417938,0.560232937335968,0.8071428537368774,0.6800000071525574
14,2,152,0.4974377155303955,0.5594467520713806,0.4889490306377411,0.5594467520713806,0.8142856955528259,0.6800000071525574
14,2,153,0.49588149785995483,0.5586820244789124,0.48744142055511475,0.5586820244789124,0.8142856955528259,0.6800000071525574
14,2,154,0.49431464076042175,0.5578864812850952,0.4859316647052765,0.5578864812850952,0.8071428537368774,0.6800000071525574
14,2,155,0.49275344610214233,0.5570842623710632,0.4844135344028473,0.5570842623710632,0.8071428537368774,0.6800000071525574
14,2,156,0.49120548367500305,0.5562792420387268,0.48289161920547485,0.5562792420387268,0.8071428537368774,0.6800000071525574
14,2,157,0.4896507263183594,0.5554617047309875,0.4813738167285919,0.5554617047309875,0.8071428537368774,0.6800000071525574
14,2,158,0.48809924721717834,0.5546310544013977,0.4798547327518463,0.5546310544013977,0.8214285969734192,0.6800000071525574
14,2,159,0.4865492284297943,0.5538315773010254,0.4783421754837036,0.5538315773010254,0.8214285969734192,0.6800000071525574
14,2,160,0.4849918484687805,0.5529637336730957,0.47680288553237915,0.5529637336730957,0.8214285969734192,0.6800000071525574
14,2,161,0.4834192991256714,0.5520899295806885,0.4752587378025055,0.5520899295806885,0.8214285969734192,0.6800000071525574
14,2,162,0.4818299412727356,0.5512276291847229,0.4737088978290558,0.5512276291847229,0.8142856955528259,0.6800000071525574
14,2,163,0.48025211691856384,0.5503770709037781,0.47219783067703247,0.5503770709037781,0.8142856955528259,0.6800000071525574
14,2,164,0.4786875545978546,0.549465000629425,0.47067761421203613,0.549465000629425,0.8142856955528259,0.6800000071525574
14,2,165,0.4771292507648468,0.5486376285552979,0.469163179397583,0.5486376285552979,0.8142856955528259,0.6800000071525574
14,2,166,0.47557252645492554,0.5478634834289551,0.4676526188850403,0.5478634834289551,0.8142856955528259,0.6800000071525574
14,2,167,0.4740469753742218,0.5471082925796509,0.46614885330200195,0.5471082925796509,0.8142856955528259,0.6800000071525574
14,2,168,0.4725317358970642,0.5463665127754211,0.46467116475105286,0.5463665127754211,0.8142856955528259,0.6800000071525574
14,2,169,0.47100427746772766,0.5456061959266663,0.4632079601287842,0.5456061959266663,0.8142856955528259,0.6800000071525574
14,2,170,0.46948036551475525,0.5448552966117859,0.46174725890159607,0.5448552966117859,0.8142856955528259,0.6800000071525574
14,2,171,0.46797317266464233,0.544120728969574,0.46030721068382263,0.544120728969574,0.8142856955528259,0.6800000071525574
14,2,172,0.46646833419799805,0.5434044003486633,0.45886245369911194,0.5434044003486633,0.8142856955528259,0.6800000071525574
14,2,173,0.4649689793586731,0.5427420139312744,0.4574126601219177,0.5427420139312744,0.8214285969734192,0.6800000071525574
14,2,174,0.46347954869270325,0.5420509576797485,0.4559727609157562,0.5420509576797485,0.8214285969734192,0.6800000071525574
14,2,175,0.4620005488395691,0.541353702545166,0.4545593857765198,0.541353702545166,0.8214285969734192,0.6800000071525574
14,2,176,0.4605063199996948,0.5406445860862732,0.45313960313796997,0.5406445860862732,0.8285714387893677,0.6800000071525574
14,2,177,0.4590274691581726,0.5399113893508911,0.45167821645736694,0.5399113893508911,0.8285714387893677,0.6800000071525574
14,2,178,0.4575662910938263,0.5391952991485596,0.4502275884151459,0.5391952991485596,0.8285714387893677,0.6800000071525574
14,2,179,0.45611023902893066,0.5384965538978577,0.4488050043582916,0.5384965538978577,0.8357142806053162,0.6800000071525574
14,2,180,0.45464372634887695,0.5377765893936157,0.447368323802948,0.5377765893936157,0.8357142806053162,0.6800000071525574
14,2,181,0.45318183302879333,0.5370471477508545,0.4458937346935272,0.5370471477508545,0.8357142806053162,0.6800000071525574
14,2,182,0.4517476558685303,0.5363242030143738,0.44446036219596863,0.5363242030143738,0.8357142806053162,0.6800000071525574
14,2,183,0.4502869248390198,0.5355700850486755,0.4430144131183624,0.5355700850486755,0.8357142806053162,0.7200000286102295
14,2,184,0.4488360583782196,0.534857988357544,0.44157570600509644,0.534857988357544,0.8357142806053162,0.7200000286102295
14,2,185,0.4473792314529419,0.5342441201210022,0.44018346071243286,0.5342441201210022,0.8357142806053162,0.7200000286102295
14,2,186,0.4459083080291748,0.5336368083953857,0.4387756884098053,0.5336368083953857,0.8357142806053162,0.7200000286102295
14,2,187,0.4444486200809479,0.53298020362854,0.43734583258628845,0.53298020362854,0.8357142806053162,0.7200000286102295
14,2,188,0.44301173090934753,0.5323243141174316,0.43593546748161316,0.5323243141174316,0.8357142806053162,0.7200000286102295
14,2,189,0.4415704607963562,0.5316540598869324,0.4345230162143707,0.5316540598869324,0.8357142806053162,0.7200000286102295
14,2,190,0.44013649225234985,0.5310160517692566,0.4331305921077728,0.5310160517692566,0.8357142806053162,0.7200000286102295
14,2,191,0.43869730830192566,0.5303754210472107,0.43175357580184937,0.5303754210472107,0.8357142806053162,0.7200000286102295
14,2,192,0.4372546970844269,0.5297093987464905,0.43036630749702454,0.5297093987464905,0.8357142806053162,0.7200000286102295
14,2,193,0.4358275830745697,0.5290276408195496,0.4289358854293823,0.5290276408195496,0.8357142806053162,0.7200000286102295
14,2,194,0.43442627787590027,0.5283854603767395,0.4275384247303009,0.5283854603767395,0.8357142806053162,0.7200000286102295
14,2,195,0.4330101013183594,0.5277178287506104,0.42615342140197754,0.5277178287506104,0.8357142806053162,0.7200000286102295
14,2,196,0.43158644437789917,0.5270315408706665,0.4247349202632904,0.5270315408706665,0.8357142806053162,0.7200000286102295
14,2,197,0.4301859438419342,0.5263735055923462,0.4233308434486389,0.5263735055923462,0.8357142806053162,0.7200000286102295
14,2,198,0.42878612875938416,0.5257829427719116,0.4219905138015747,0.5257829427719116,0.8285714387893677,0.7200000286102295
14,2,199,0.42734628915786743,0.5251776576042175,0.42063871026039124,0.5251776576042175,0.8285714387893677,0.7200000286102295
14,2,200,0.42592453956604004,0.5245564579963684,0.4192318916320801,0.5245564579963684,0.8285714387893677,0.7200000286102295
14,2,201,0.4245218336582184,0.5239853858947754,0.41784679889678955,0.5239853858947754,0.8285714387893677,0.7200000286102295
14,2,202,0.4231065809726715,0.5234382152557373,0.4164881706237793,0.5234382152557373,0.8285714387893677,0.7200000286102295
14,2,203,0.42169415950775146,0.5228855609893799,0.415102481842041,0.5228855609893799,0.8285714387893677,0.7200000286102295
14,2,204,0.4202924370765686,0.5223156213760376,0.4136922359466553,0.5223156213760376,0.8285714387893677,0.7200000286102295
14,2,205,0.4188985526561737,0.5217882394790649,0.4123256206512451,0.5217882394790649,0.8285714387893677,0.7200000286102295
14,2,206,0.41748711466789246,0.5212758779525757,0.41099098324775696,0.5212758779525757,0.8285714387893677,0.7200000286102295
14,2,207,0.41605618596076965,0.5207638740539551,0.4096433222293854,0.5207638740539551,0.8285714387893677,0.7200000286102295
14,2,208,0.4146331548690796,0.520226240158081,0.4082528054714203,0.520226240158081,0.8285714387893677,0.7200000286102295
14,2,209,0.41322827339172363,0.5197063684463501,0.40683895349502563,0.5197063684463501,0.8285714387893677,0.7200000286102295
14,2,210,0.4118401110172272,0.5192113518714905,0.405448317527771,0.5192113518714905,0.8285714387893677,0.7200000286102295
14,2,211,0.4104454815387726,0.5187229514122009,0.40407705307006836,0.5187229514122009,0.8285714387893677,0.7200000286102295
14,2,212,0.4090431332588196,0.5182363986968994,0.40270501375198364,0.5182363986968994,0.8285714387893677,0.7200000286102295
14,2,213,0.40764319896698,0.5177717804908752,0.40133601427078247,0.5177717804908752,0.8285714387893677,0.7200000286102295
14,2,214,0.4062477946281433,0.5173241496086121,0.3999980390071869,0.5173241496086121,0.8285714387893677,0.7200000286102295
14,2,215,0.40484821796417236,0.5168583989143372,0.3986668586730957,0.5168583989143372,0.8285714387893677,0.7200000286102295
14,2,216,0.4034397006034851,0.5163905620574951,0.39731234312057495,0.5163905620574951,0.8285714387893677,0.7200000286102295
14,2,217,0.4020460546016693,0.5159199237823486,0.39591383934020996,0.5159199237823486,0.8357142806053162,0.7200000286102295
14,2,218,0.4006676971912384,0.5154804587364197,0.3945383131504059,0.5154804587364197,0.8357142806053162,0.7200000286102295
14,2,219,0.3992939591407776,0.5150810480117798,0.3932071626186371,0.5150810480117798,0.8357142806053162,0.7200000286102295
14,2,220,0.39790433645248413,0.5146222114562988,0.39185330271720886,0.5146222114562988,0.8357142806053162,0.7200000286102295
14,2,221,0.3965238630771637,0.514136552810669,0.3904776871204376,0.514136552810669,0.8428571224212646,0.7200000286102295
14,2,222,0.39515700936317444,0.5136399269104004,0.38908326625823975,0.5136399269104004,0.8428571224212646,0.7200000286102295
14,2,223,0.393792986869812,0.5131576657295227,0.38771042227745056,0.5131576657295227,0.8428571224212646,0.7200000286102295
14,2,224,0.39240241050720215,0.5126798748970032,0.3863008916378021,0.5126798748970032,0.8428571224212646,0.7200000286102295
14,2,225,0.3910313844680786,0.5122184753417969,0.38490816950798035,0.5122184753417969,0.8428571224212646,0.7200000286102295
14,2,226,0.38965296745300293,0.5117674469947815,0.38356345891952515,0.5117674469947815,0.8428571224212646,0.7200000286102295
14,2,227,0.38824260234832764,0.5113281607627869,0.38220733404159546,0.5113281607627869,0.8428571224212646,0.7200000286102295
14,2,228,0.38684165477752686,0.5109021663665771,0.380863219499588,0.5109021663665771,0.8428571224212646,0.7200000286102295
14,2,229,0.38543733954429626,0.5104705095291138,0.3795180022716522,0.5104705095291138,0.8500000238418579,0.7200000286102295
14,2,230,0.3840447664260864,0.5100151896476746,0.37811633944511414,0.5100151896476746,0.8571428656578064,0.7200000286102295
14,2,231,0.3826906979084015,0.5095981359481812,0.37674716114997864,0.5095981359481812,0.8642857074737549,0.7200000286102295
14,2,232,0.38132840394973755,0.5091995000839233,0.37542152404785156,0.5091995000839233,0.8642857074737549,0.7200000286102295
14,2,233,0.3799445927143097,0.5087782144546509,0.3740951120853424,0.5087782144546509,0.8642857074737549,0.7200000286102295
14,2,234,0.3785593807697296,0.508317232131958,0.37270957231521606,0.508317232131958,0.8642857074737549,0.7200000286102295
14,2,235,0.3771999776363373,0.5078437328338623,0.37128645181655884,0.5078437328338623,0.8642857074737549,0.7200000286102295
14,2,236,0.3758624196052551,0.5073931217193604,0.3699183464050293,0.5073931217193604,0.8714285492897034,0.7200000286102295
14,2,237,0.3744738698005676,0.5069882869720459,0.3685995638370514,0.5069882869720459,0.8714285492897034,0.7200000286102295
14,2,238,0.37306609749794006,0.506608247756958,0.3673025667667389,0.506608247756958,0.8714285492897034,0.7200000286102295
14,2,239,0.3716460168361664,0.5062122941017151,0.3659413158893585,0.5062122941017151,0.8714285492897034,0.7200000286102295
14,2,240,0.37025782465934753,0.5058298707008362,0.3645549416542053,0.5058298707008362,0.8714285492897034,0.7200000286102295
14,2,241,0.36888378858566284,0.505466878414154,0.36318185925483704,0.505466878414154,0.8714285492897034,0.7200000286102295
14,2,242,0.36750683188438416,0.5050792098045349,0.36180824041366577,0.5050792098045349,0.8714285492897034,0.7200000286102295
14,2,243,0.36611825227737427,0.5047090649604797,0.36044082045555115,0.5047090649604797,0.8714285492897034,0.7200000286102295
14,2,244,0.3647209107875824,0.5043073892593384,0.35907965898513794,0.5043073892593384,0.8714285492897034,0.7200000286102295
14,2,245,0.3633030951023102,0.503852903842926,0.35766834020614624,0.503852903842926,0.8714285492897034,0.7200000286102295
14,2,246,0.36191779375076294,0.5034239292144775,0.3562840223312378,0.5034239292144775,0.8785714507102966,0.7200000286102295
14,2,247,0.3605075478553772,0.5029754042625427,0.3548869490623474,0.5029754042625427,0.8785714507102966,0.7200000286102295
14,2,248,0.3591017723083496,0.5025225281715393,0.3534552752971649,0.5025225281715393,0.8785714507102966,0.7200000286102295
14,2,249,0.35770633816719055,0.5020756721496582,0.352028489112854,0.5020756721496582,0.8785714507102966,0.7599999904632568
14,2,250,0.35631224513053894,0.5016538500785828,0.3506160080432892,0.5016538500785828,0.8785714507102966,0.7599999904632568
14,2,251,0.35491523146629333,0.5012267827987671,0.34922105073928833,0.5012267827987671,0.8857142925262451,0.7599999904632568
14,2,252,0.3535175323486328,0.5008033514022827,0.3478398323059082,0.5008033514022827,0.8857142925262451,0.7599999904632568
14,2,253,0.3521074950695038,0.5004209280014038,0.34640851616859436,0.5004209280014038,0.8857142925262451,0.7599999904632568
14,2,254,0.35069748759269714,0.5000658631324768,0.34499019384384155,0.5000658631324768,0.8857142925262451,0.7599999904632568
14,2,255,0.3492594361305237,0.49963730573654175,0.34355202317237854,0.49963730573654175,0.8857142925262451,0.7599999904632568
14,2,256,0.3478285074234009,0.49923160672187805,0.3421112895011902,0.49923160672187805,0.8928571343421936,0.7599999904632568
14,2,257,0.3463844060897827,0.4988376498222351,0.3406812250614166,0.4988376498222351,0.8928571343421936,0.7599999904632568
14,2,258,0.3449387550354004,0.4984366297721863,0.3392530381679535,0.4984366297721863,0.8928571343421936,0.7599999904632568
14,2,259,0.3434777557849884,0.49800387024879456,0.337833434343338,0.49800387024879456,0.8928571343421936,0.7599999904632568
14,2,260,0.3419915735721588,0.49761489033699036,0.3363972306251526,0.49761489033699036,0.8928571343421936,0.7599999904632568
14,2,261,0.3404897153377533,0.4972250759601593,0.3349362313747406,0.4972250759601593,0.8928571343421936,0.7599999904632568
14,2,262,0.3390193283557892,0.4968719780445099,0.3335197865962982,0.4968719780445099,0.8857142925262451,0.7599999904632568
14,2,263,0.3375532627105713,0.4965379238128662,0.3320966064929962,0.4965379238128662,0.8857142925262451,0.7599999904632568
14,2,264,0.33611053228378296,0.4962264895439148,0.3307013511657715,0.4962264895439148,0.8857142925262451,0.7599999904632568
14,2,265,0.33467236161231995,0.49591004848480225,0.32933658361434937,0.49591004848480225,0.8857142925262451,0.7599999904632568
14,2,266,0.33322712779045105,0.49560409784317017,0.32798880338668823,0.49560409784317017,0.8857142925262451,0.7599999904632568
14,2,267,0.3317835032939911,0.4953123927116394,0.32660111784935,0.4953123927116394,0.8857142925262451,0.7599999904632568
14,2,268,0.33037033677101135,0.4950523376464844,0.32519516348838806,0.4950523376464844,0.8857142925262451,0.7599999904632568
14,2,269,0.3289853632450104,0.4948367774486542,0.3237910270690918,0.4948367774486542,0.8857142925262451,0.7599999904632568
14,2,270,0.3276137113571167,0.4946272373199463,0.3223761022090912,0.4946272373199463,0.8857142925262451,0.7599999904632568
14,2,271,0.3262373208999634,0.4944417178630829,0.32091549038887024,0.4944417178630829,0.8857142925262451,0.7599999904632568
14,2,272,0.32488176226615906,0.49425938725471497,0.319487601518631,0.49425938725471497,0.8857142925262451,0.7599999904632568
14,2,273,0.3235137462615967,0.4940228760242462,0.3180750012397766,0.4940228760242462,0.8857142925262451,0.7599999904632568
14,2,274,0.32213765382766724,0.4937562644481659,0.3166868984699249,0.4937562644481659,0.8857142925262451,0.7599999904632568
14,2,275,0.3207617402076721,0.49350979924201965,0.3153398931026459,0.49350979924201965,0.8857142925262451,0.7599999904632568
14,2,276,0.31939318776130676,0.4933355450630188,0.31401172280311584,0.4933355450630188,0.8857142925262451,0.7599999904632568
14,2,277,0.3180221617221832,0.49322089552879333,0.31269800662994385,0.49322089552879333,0.8857142925262451,0.7599999904632568
14,2,278,0.3166562616825104,0.4931350350379944,0.3113850951194763,0.4931350350379944,0.8857142925262451,0.7599999904632568
14,2,279,0.3153034746646881,0.4930432140827179,0.31007739901542664,0.4930432140827179,0.8857142925262451,0.7599999904632568
14,2,280,0.31396540999412537,0.4929512143135071,0.3087867498397827,0.4929512143135071,0.8857142925262451,0.7599999904632568
14,2,281,0.3126164972782135,0.4928617477416992,0.3074937164783478,0.4928617477416992,0.8857142925262451,0.7599999904632568
14,2,282,0.31126976013183594,0.49275511503219604,0.3061768412590027,0.49275511503219604,0.8857142925262451,0.7599999904632568
14,2,283,0.30993369221687317,0.49266761541366577,0.30486246943473816,0.49266761541366577,0.8857142925262451,0.7599999904632568
14,2,284,0.30860069394111633,0.49256253242492676,0.3035455048084259,0.49256253242492676,0.8857142925262451,0.7599999904632568
14,2,285,0.3072710931301117,0.4924509823322296,0.30222654342651367,0.4924509823322296,0.8857142925262451,0.7599999904632568
14,2,286,0.3059605062007904,0.4923834502696991,0.30092254281044006,0.4923834502696991,0.8857142925262451,0.7599999904632568
14,2,287,0.3046380281448364,0.49231961369514465,0.2995995879173279,0.49231961369514465,0.8857142925262451,0.7599999904632568
14,2,288,0.30333569645881653,0.49225062131881714,0.2983035743236542,0.49225062131881714,0.8857142925262451,0.7599999904632568
14,2,289,0.3020302653312683,0.4921841025352478,0.29703378677368164,0.4921841025352478,0.8857142925262451,0.7599999904632568
14,2,290,0.30071014165878296,0.4921169579029083,0.2957508862018585,0.4921169579029083,0.8857142925262451,0.7599999904632568
14,2,291,0.2994007170200348,0.4920620322227478,0.294457346200943,0.4920620322227478,0.8857142925262451,0.7599999904632568
14,2,292,0.2980964481830597,0.49203842878341675,0.29318708181381226,0.49203842878341675,0.8857142925262451,0.7599999904632568
14,2,293,0.29678723216056824,0.4920297861099243,0.2919080853462219,0.4920297861099243,0.8857142925262451,0.7599999904632568
14,2,294,0.295494019985199,0.4920181334018707,0.29063960909843445,0.4920181334018707,0.8857142925262451,0.7599999904632568
14,2,295,0.29419538378715515,0.49198704957962036,0.2893797755241394,0.49198704957962036,0.8857142925262451,0.7599999904632568
14,2,296,0.29290226101875305,0.4919458329677582,0.28815510869026184,0.4919458329677582,0.8857142925262451,0.7599999904632568
14,2,297,0.2915881872177124,0.49194443225860596,0.28691786527633667,0.49194443225860596,0.8857142925262451,0.7599999904632568
14,2,298,0.2902708947658539,0.49193912744522095,0.2856006622314453,0.49193912744522095,0.8857142925262451,0.7599999904632568
14,2,299,0.2889999747276306,0.49194204807281494,0.28430619835853577,0.49194204807281494,0.8857142925262451,0.7599999904632568
14,2,300,0.2877140939235687,0.4919542670249939,0.2830120027065277,0.4919542670249939,0.8928571343421936,0.7599999904632568
15,2,1,0.6944345831871033,0.6845600008964539,0.6871180534362793,0.6845600008964539,0.5928571224212646,0.6000000238418579
15,2,2,0.6934544444084167,0.6844953894615173,0.6868544220924377,0.6844953894615173,0.6000000238418579,0.6000000238418579
15,2,3,0.6928163766860962,0.6843858361244202,0.6864662766456604,0.6843858361244202,0.6000000238418579,0.6000000238418579
15,2,4,0.6922680735588074,0.6842830181121826,0.6860762238502502,0.6842830181121826,0.6071428656578064,0.6399999856948853
15,2,5,0.6917557716369629,0.6841882467269897,0.6856787800788879,0.6841882467269897,0.6000000238418579,0.6399999856948853
15,2,6,0.6912440061569214,0.6840766668319702,0.6852561831474304,0.6840766668319702,0.6071428656578064,0.6399999856948853
15,2,7,0.690742015838623,0.6839283108711243,0.6848242282867432,0.6839283108711243,0.6071428656578064,0.6399999856948853
15,2,8,0.6902489066123962,0.6837653517723083,0.6843767762184143,0.6837653517723083,0.6071428656578064,0.6399999856948853
15,2,9,0.6897484660148621,0.6835969686508179,0.6839015483856201,0.6835969686508179,0.6214285492897034,0.6399999856948853
15,2,10,0.6892486214637756,0.6834221482276917,0.683422863483429,0.6834221482276917,0.6142857074737549,0.6000000238418579
15,2,11,0.688744068145752,0.6832424402236938,0.6829440593719482,0.6832424402236938,0.6142857074737549,0.6000000238418579
15,2,12,0.6882346868515015,0.6830517649650574,0.6824603080749512,0.6830517649650574,0.6214285492897034,0.5600000023841858
15,2,13,0.6877193450927734,0.6828442215919495,0.681961715221405,0.6828442215919495,0.6214285492897034,0.5600000023841858
15,2,14,0.6872103810310364,0.6826430559158325,0.6814513802528381,0.6826430559158325,0.6285714507102966,0.6000000238418579
15,2,15,0.6866957545280457,0.6824378371238708,0.6809218525886536,0.6824378371238708,0.6357142925262451,0.6399999856948853
15,2,16,0.6861756443977356,0.6822202205657959,0.6803772449493408,0.6822202205657959,0.6428571343421936,0.6399999856948853
15,2,17,0.6856483221054077,0.6820018291473389,0.6798123717308044,0.6820018291473389,0.6428571343421936,0.6000000238418579
15,2,18,0.6851255893707275,0.6817673444747925,0.6792341470718384,0.6817673444747925,0.6428571343421936,0.6000000238418579
15,2,19,0.6846029162406921,0.6815226674079895,0.6786440014839172,0.6815226674079895,0.6499999761581421,0.6000000238418579
15,2,20,0.6840777397155762,0.6812591552734375,0.6780441999435425,0.6812591552734375,0.6428571343421936,0.6000000238418579
15,2,21,0.6835434436798096,0.6809754371643066,0.6774369478225708,0.6809754371643066,0.6499999761581421,0.6000000238418579
15,2,22,0.6829994320869446,0.6807013154029846,0.6768286824226379,0.6807013154029846,0.6499999761581421,0.6000000238418579
15,2,23,0.6824367046356201,0.6804140210151672,0.6762086153030396,0.6804140210151672,0.6642857193946838,0.6000000238418579
15,2,24,0.6818605065345764,0.6801255941390991,0.6755785346031189,0.6801255941390991,0.6642857193946838,0.6000000238418579
15,2,25,0.6812592148780823,0.6798267960548401,0.6749256253242493,0.6798267960548401,0.6642857193946838,0.6000000238418579
15,2,26,0.6806389093399048,0.6795231699943542,0.6742511987686157,0.6795231699943542,0.6785714030265808,0.6000000238418579
15,2,27,0.6800058484077454,0.6791905164718628,0.6735538840293884,0.6791905164718628,0.6785714030265808,0.6000000238418579
15,2,28,0.6793538928031921,0.6788473725318909,0.6728193163871765,0.6788473725318909,0.6857143044471741,0.6000000238418579
15,2,29,0.6786829829216003,0.6785082221031189,0.6720507740974426,0.6785082221031189,0.699999988079071,0.6000000238418579
15,2,30,0.6779975295066833,0.6781554222106934,0.6712680459022522,0.6781554222106934,0.699999988079071,0.6000000238418579
15,2,31,0.6773021221160889,0.6778161525726318,0.6704766154289246,0.6778161525726318,0.7071428298950195,0.6000000238418579
15,2,32,0.6765889525413513,0.6774970889091492,0.6696631908416748,0.6774970889091492,0.7142857313156128,0.6000000238418579
15,2,33,0.675856351852417,0.6771681308746338,0.6688305735588074,0.6771681308746338,0.7142857313156128,0.6000000238418579
15,2,34,0.6751008033752441,0.6768420338630676,0.6679811477661133,0.6768420338630676,0.7142857313156128,0.6000000238418579
15,2,35,0.6743128895759583,0.6765308380126953,0.6671088337898254,0.6765308380126953,0.7142857313156128,0.6000000238418579
15,2,36,0.6735024452209473,0.6762229204177856,0.6662057638168335,0.6762229204177856,0.7142857313156128,0.6000000238418579
15,2,37,0.6726719737052917,0.6758769154548645,0.6652694940567017,0.6758769154548645,0.7071428298950195,0.6000000238418579
15,2,38,0.6718150973320007,0.6755267381668091,0.6643037796020508,0.6755267381668091,0.7071428298950195,0.6000000238418579
15,2,39,0.6709283590316772,0.6751608848571777,0.6633116602897644,0.6751608848571777,0.7071428298950195,0.6000000238418579
15,2,40,0.6700002551078796,0.6747605800628662,0.6622827053070068,0.6747605800628662,0.7071428298950195,0.6000000238418579
15,2,41,0.6690419912338257,0.6742944121360779,0.6612141728401184,0.6742944121360779,0.7142857313156128,0.6000000238418579
15,2,42,0.6680694222450256,0.6738258600234985,0.6601098775863647,0.6738258600234985,0.7142857313156128,0.6000000238418579
15,2,43,0.667095422744751,0.6733389496803284,0.6589868664741516,0.6733389496803284,0.7142857313156128,0.6000000238418579
15,2,44,0.6661127805709839,0.6728419661521912,0.6578527688980103,0.6728419661521912,0.7142857313156128,0.6000000238418579
15,2,45,0.6651074290275574,0.6724022626876831,0.656693696975708,0.6724022626876831,0.7214285731315613,0.6000000238418579
15,2,46,0.6640443801879883,0.6721059679985046,0.655487060546875,0.6721059679985046,0.7142857313156128,0.6000000238418579
15,2,47,0.6629491448402405,0.6718115210533142,0.6542772650718689,0.6718115210533142,0.7142857313156128,0.6000000238418579
15,2,48,0.6618396639823914,0.6715043783187866,0.6530783772468567,0.6715043783187866,0.7142857313156128,0.6000000238418579
15,2,49,0.6606888771057129,0.6711332201957703,0.6518573760986328,0.6711332201957703,0.7142857313156128,0.6000000238418579
15,2,50,0.659489095211029,0.6707513928413391,0.650571346282959,0.6707513928413391,0.7071428298950195,0.5199999809265137
15,2,51,0.6582054495811462,0.6703417301177979,0.649171769618988,0.6703417301177979,0.7071428298950195,0.5199999809265137
15,2,52,0.6568626761436462,0.6698707342147827,0.6476755738258362,0.6698707342147827,0.699999988079071,0.5199999809265137
15,2,53,0.6555207371711731,0.6693862080574036,0.6461602449417114,0.6693862080574036,0.699999988079071,0.5199999809265137
15,2,54,0.6541494727134705,0.6688839197158813,0.6445828080177307,0.6688839197158813,0.699999988079071,0.5199999809265137
15,2,55,0.6528006792068481,0.6684427857398987,0.6430507302284241,0.6684427857398987,0.6928571462631226,0.5199999809265137
15,2,56,0.6514418125152588,0.6680631041526794,0.6415536403656006,0.6680631041526794,0.6928571462631226,0.5199999809265137
15,2,57,0.650054395198822,0.6677485108375549,0.6400516629219055,0.6677485108375549,0.6928571462631226,0.5199999809265137
15,2,58,0.6486539840698242,0.6674559712409973,0.6385664939880371,0.6674559712409973,0.6928571462631226,0.5199999809265137
15,2,59,0.6472371220588684,0.6671497821807861,0.6370571255683899,0.6671497821807861,0.6857143044471741,0.5600000023841858
15,2,60,0.6458023190498352,0.6668739914894104,0.6355225443840027,0.6668739914894104,0.6928571462631226,0.5600000023841858
15,2,61,0.6443569660186768,0.6666592955589294,0.6339660286903381,0.6666592955589294,0.699999988079071,0.5600000023841858
15,2,62,0.6429018378257751,0.6664391160011292,0.632394552230835,0.6664391160011292,0.7071428298950195,0.5600000023841858
15,2,63,0.641449511051178,0.6662589907646179,0.6308225989341736,0.6662589907646179,0.7142857313156128,0.5600000023841858
15,2,64,0.6400108933448792,0.6661807894706726,0.6293095350265503,0.6661807894706726,0.7071428298950195,0.5600000023841858
15,2,65,0.6385461688041687,0.6661333441734314,0.6278621554374695,0.6661333441734314,0.7214285731315613,0.5199999809265137
15,2,66,0.6370560526847839,0.6661401987075806,0.626459538936615,0.6661401987075806,0.7214285731315613,0.5199999809265137
15,2,67,0.6355462074279785,0.6661622524261475,0.625069797039032,0.6661622524261475,0.7285714149475098,0.5199999809265137
15,2,68,0.634037435054779,0.6662254333496094,0.6236720085144043,0.6662254333496094,0.7285714149475098,0.5199999809265137
15,2,69,0.632533848285675,0.6663134098052979,0.6222715377807617,0.6663134098052979,0.7142857313156128,0.5199999809265137
15,2,70,0.631017804145813,0.6664788722991943,0.6208778023719788,0.6664788722991943,0.7142857313156128,0.5199999809265137
15,2,71,0.629481315612793,0.666686475276947,0.6194839477539062,0.666686475276947,0.7142857313156128,0.5199999809265137
15,2,72,0.6279307007789612,0.6668723821640015,0.6180922389030457,0.6668723821640015,0.7142857313156128,0.5199999809265137
15,2,73,0.6263582706451416,0.6669937968254089,0.6166537404060364,0.6669937968254089,0.7214285731315613,0.5199999809265137
15,2,74,0.6247896552085876,0.6670979261398315,0.6151834726333618,0.6670979261398315,0.7142857313156128,0.5199999809265137
15,2,75,0.6232154965400696,0.6671905517578125,0.6136936545372009,0.6671905517578125,0.7214285731315613,0.5199999809265137
15,2,76,0.6216381192207336,0.6672685742378235,0.6121923327445984,0.6672685742378235,0.7142857313156128,0.5600000023841858
15,2,77,0.6200467348098755,0.667359471321106,0.6106777787208557,0.667359471321106,0.7071428298950195,0.5600000023841858
15,2,78,0.6184466481208801,0.6674621105194092,0.609160304069519,0.6674621105194092,0.7071428298950195,0.5600000023841858
15,2,79,0.616838276386261,0.6676114797592163,0.6076427102088928,0.6676114797592163,0.7214285731315613,0.5600000023841858
15,2,80,0.6152202486991882,0.6677972674369812,0.6061145663261414,0.6677972674369812,0.7214285731315613,0.5600000023841858
15,2,81,0.6135720014572144,0.6680040955543518,0.6045885682106018,0.6680040955543518,0.7214285731315613,0.5600000023841858
15,2,82,0.6118958592414856,0.6681866645812988,0.6030552983283997,0.6681866645812988,0.7214285731315613,0.5600000023841858
15,2,83,0.6102011799812317,0.6682987213134766,0.6014825105667114,0.6682987213134766,0.7214285731315613,0.5600000023841858
15,2,84,0.6084827184677124,0.6683205962181091,0.5998243093490601,0.6683205962181091,0.7214285731315613,0.5600000023841858
15,2,85,0.6067404747009277,0.668327271938324,0.5981090068817139,0.668327271938324,0.7214285731315613,0.5600000023841858
15,2,86,0.6049739718437195,0.6683592796325684,0.596400260925293,0.6683592796325684,0.7214285731315613,0.5600000023841858
15,2,87,0.6031696796417236,0.6683327555656433,0.5946560502052307,0.6683327555656433,0.7285714149475098,0.5600000023841858
15,2,88,0.6013405919075012,0.6683617234230042,0.5928928852081299,0.6683617234230042,0.7285714149475098,0.5600000023841858
15,2,89,0.5994793772697449,0.6683745384216309,0.5911276936531067,0.6683745384216309,0.7285714149475098,0.5600000023841858
15,2,90,0.5975967645645142,0.6683353185653687,0.5893084406852722,0.6683353185653687,0.7357142567634583,0.5600000023841858
16,2,1,0.691769003868103,0.7021693587303162,0.6950235366821289,0.7021693587303162,0.41428571939468384,0.3199999928474426
16,2,2,0.6908677816390991,0.7024338245391846,0.6941297650337219,0.7024338245391846,0.4285714328289032,0.2800000011920929
16,2,3,0.6902596354484558,0.7027586102485657,0.6939414143562317,0.7027586102485657,0.4285714328289032,0.3199999928474426
16,2,4,0.6896684765815735,0.7030953168869019,0.6938117146492004,0.7030953168869019,0.4214285612106323,0.3199999928474426
16,2,5,0.6890866756439209,0.7034837603569031,0.6937100887298584,0.7034837603569031,0.4214285612106323,0.3199999928474426
16,2,6,0.6885311603546143,0.7038544416427612,0.6936229467391968,0.7038544416427612,0.41428571939468384,0.36000001430511475
16,2,7,0.6879948377609253,0.7042121291160583,0.6935210824012756,0.7042121291160583,0.44285714626312256,0.36000001430511475
16,2,8,0.6874812245368958,0.7045516967773438,0.6934062242507935,0.7045516967773438,0.44285714626312256,0.36000001430511475
16,2,9,0.686989426612854,0.7048296332359314,0.6932905912399292,0.7048296332359314,0.4357142746448517,0.36000001430511475
16,2,10,0.6864928603172302,0.7050700187683105,0.6931441426277161,0.7050700187683105,0.4357142746448517,0.36000001430511475
16,2,11,0.6859993934631348,0.7053189277648926,0.6929730772972107,0.7053189277648926,0.4357142746448517,0.36000001430511475
16,2,12,0.6854984760284424,0.705594539642334,0.6927605867385864,0.705594539642334,0.44285714626312256,0.4000000059604645
16,2,13,0.6849967241287231,0.7058369517326355,0.6925299167633057,0.7058369517326355,0.44285714626312256,0.4000000059604645
16,2,14,0.6844924092292786,0.7060677409172058,0.6922785043716431,0.7060677409172058,0.44999998807907104,0.4000000059604645
16,2,15,0.6839795112609863,0.7063031792640686,0.6919966340065002,0.7063031792640686,0.44999998807907104,0.4000000059604645
16,2,16,0.6834647059440613,0.706542432308197,0.6917034387588501,0.706542432308197,0.44999998807907104,0.4000000059604645
16,2,17,0.682951033115387,0.7067702412605286,0.6914001703262329,0.7067702412605286,0.44999998807907104,0.4000000059604645
16,2,18,0.6824073195457458,0.7069761753082275,0.6910558342933655,0.7069761753082275,0.44999998807907104,0.4000000059604645
16,2,19,0.6818380951881409,0.7071788311004639,0.6906750202178955,0.7071788311004639,0.4642857015132904,0.4000000059604645
16,2,20,0.6812378168106079,0.7074257135391235,0.6902649402618408,0.7074257135391235,0.47857141494750977,0.4000000059604645
16,2,21,0.6806545853614807,0.7077226042747498,0.6898744106292725,0.7077226042747498,0.47857141494750977,0.4000000059604645
16,2,22,0.6800816059112549,0.7080091834068298,0.6894636154174805,0.7080091834068298,0.48571428656578064,0.4000000059604645
16,2,23,0.6794988512992859,0.7082576155662537,0.6889998316764832,0.7082576155662537,0.4928571283817291,0.4000000059604645
16,2,24,0.6788959503173828,0.7084945440292358,0.6884835362434387,0.7084945440292358,0.5,0.4000000059604645
16,2,25,0.678278923034668,0.7087364196777344,0.6879463791847229,0.7087364196777344,0.5,0.36000001430511475
16,2,26,0.677650511264801,0.7089400291442871,0.6873860955238342,0.7089400291442871,0.5,0.36000001430511475
17,2,1,0.6975851655006409,0.7128031849861145,0.714844822883606,0.7128031849861145,0.40714284777641296,0.4000000059604645
17,2,2,0.6960551738739014,0.7129157781600952,0.7124540209770203,0.7129157781600952,0.40714284777641296,0.4000000059604645
17,2,3,0.695428729057312,0.7132331728935242,0.712121844291687,0.7132331728935242,0.40714284777641296,0.4000000059604645
17,2,4,0.6948996186256409,0.7136378288269043,0.7120111584663391,0.7136378288269043,0.40714284777641296,0.4000000059604645
17,2,5,0.6944097876548767,0.7141069769859314,0.7119786143302917,0.7141069769859314,0.40714284777641296,0.4000000059604645
17,2,6,0.6939639449119568,0.7145737409591675,0.712002694606781,0.7145737409591675,0.40714284777641296,0.4000000059604645
17,2,7,0.693544864654541,0.7150223255157471,0.7120449542999268,0.7150223255157471,0.40714284777641296,0.4000000059604645
17,2,8,0.6931214332580566,0.7154847979545593,0.712058424949646,0.7154847979545593,0.40714284777641296,0.4000000059604645
17,2,9,0.6927112936973572,0.7159745097160339,0.7120697498321533,0.7159745097160339,0.40714284777641296,0.4000000059604645
17,2,10,0.6923154592514038,0.7164628505706787,0.7120679020881653,0.7164628505706787,0.40714284777641296,0.4000000059604645
17,2,11,0.6919339895248413,0.7169294953346252,0.7120453715324402,0.7169294953346252,0.40714284777641296,0.4000000059604645
17,2,12,0.6915341019630432,0.7173608541488647,0.7119665741920471,0.7173608541488647,0.40714284777641296,0.4000000059604645
17,2,13,0.6911202669143677,0.7177863121032715,0.7118467092514038,0.7177863121032715,0.40714284777641296,0.4000000059604645
17,2,14,0.6907090544700623,0.7181977033615112,0.7117125391960144,0.7181977033615112,0.40714284777641296,0.4000000059604645
17,2,15,0.6903030276298523,0.7185519337654114,0.7115625739097595,0.7185519337654114,0.40714284777641296,0.4000000059604645
17,2,16,0.6898937821388245,0.7188660502433777,0.7113834023475647,0.7188660502433777,0.40714284777641296,0.4000000059604645
17,2,17,0.6894776225090027,0.7191440463066101,0.7111821174621582,0.7191440463066101,0.40714284777641296,0.4000000059604645
17,2,18,0.6890547275543213,0.7194003462791443,0.7109654545783997,0.7194003462791443,0.40714284777641296,0.4000000059604645
17,2,19,0.6886283755302429,0.7196542620658875,0.7107429504394531,0.7196542620658875,0.40714284777641296,0.4000000059604645
17,2,20,0.6881908178329468,0.7199083566665649,0.710503101348877,0.7199083566665649,0.40714284777641296,0.4000000059604645
17,2,21,0.687746524810791,0.7201486825942993,0.7102540135383606,0.7201486825942993,0.40714284777641296,0.4000000059604645
17,2,22,0.6873000264167786,0.7203832864761353,0.7100053429603577,0.7203832864761353,0.40714284777641296,0.4000000059604645
17,2,23,0.6868560910224915,0.7206135392189026,0.7097586393356323,0.7206135392189026,0.40714284777641296,0.4000000059604645
17,2,24,0.6864116191864014,0.7208274602890015,0.7095038890838623,0.7208274602890015,0.40714284777641296,0.4000000059604645
17,2,25,0.6859663724899292,0.7210469245910645,0.7092402577400208,0.7210469245910645,0.40714284777641296,0.4000000059604645
17,2,26,0.6855154037475586,0.7212709784507751,0.7089608311653137,0.7212709784507751,0.40714284777641296,0.4000000059604645
18,2,1,0.6986256837844849,0.6912531852722168,0.7038382887840271,0.6912531852722168,0.4000000059604645,0.6000000238418579
18,2,2,0.697478711605072,0.690722644329071,0.7021801471710205,0.690722644329071,0.40714284777641296,0.6000000238418579
18,2,3,0.6967111825942993,0.6901989579200745,0.701095461845398,0.6901989579200745,0.41428571939468384,0.6000000238418579
18,2,4,0.696008563041687,0.6896594762802124,0.7001121044158936,0.6896594762802124,0.41428571939468384,0.5600000023841858
18,2,5,0.6952869296073914,0.6891230940818787,0.6991313695907593,0.6891230940818787,0.4214285612106323,0.5600000023841858
18,2,6,0.6945365071296692,0.6886564493179321,0.6981448531150818,0.6886564493179321,0.4357142746448517,0.5600000023841858
18,2,7,0.693828284740448,0.6882002353668213,0.6972153782844543,0.6882002353668213,0.44285714626312256,0.5600000023841858
18,2,8,0.6931241154670715,0.6877946257591248,0.6963014602661133,0.6877946257591248,0.44285714626312256,0.5600000023841858
18,2,9,0.6924485564231873,0.6873752474784851,0.6954179406166077,0.6873752474784851,0.44999998807907104,0.5199999809265137
18,2,10,0.6918138861656189,0.6869839429855347,0.6945777535438538,0.6869839429855347,0.4642857015132904,0.5600000023841858
18,2,11,0.6912081837654114,0.6866280436515808,0.6937705874443054,0.6866280436515808,0.48571428656578064,0.5600000023841858
18,2,12,0.6906071305274963,0.6862937808036804,0.692976176738739,0.6862937808036804,0.5142857432365417,0.5600000023841858
18,2,13,0.6900047659873962,0.685981810092926,0.6922022104263306,0.685981810092926,0.5285714268684387,0.5600000023841858
18,2,14,0.6893998980522156,0.6857266426086426,0.6914491653442383,0.6857266426086426,0.5285714268684387,0.5199999809265137
18,2,15,0.6887898445129395,0.6855383515357971,0.6907246112823486,0.6855383515357971,0.5428571701049805,0.5199999809265137
18,2,16,0.6882036328315735,0.6853536367416382,0.6900574564933777,0.6853536367416382,0.5714285969734192,0.5600000023841858
18,2,17,0.6876495480537415,0.6851454377174377,0.6894327402114868,0.6851454377174377,0.5714285969734192,0.6000000238418579
18,2,18,0.68708735704422,0.6848556995391846,0.6887863278388977,0.6848556995391846,0.5857142806053162,0.6000000238418579
18,2,19,0.6865423917770386,0.684512197971344,0.6881276369094849,0.684512197971344,0.5785714387893677,0.6000000238418579
18,2,20,0.6859948039054871,0.684129536151886,0.6874468922615051,0.684129536151886,0.6000000238418579,0.6000000238418579
18,2,21,0.6854504942893982,0.6837440729141235,0.686745285987854,0.6837440729141235,0.6285714507102966,0.6399999856948853
18,2,22,0.6849068999290466,0.6833334565162659,0.686027467250824,0.6833334565162659,0.6214285492897034,0.6399999856948853
18,2,23,0.6843711733818054,0.682929515838623,0.6853189468383789,0.682929515838623,0.6285714507102966,0.6399999856948853
18,2,24,0.6838208436965942,0.6825754046440125,0.6846209764480591,0.6825754046440125,0.6357142925262451,0.6399999856948853
18,2,25,0.6832602024078369,0.6822798252105713,0.6839410066604614,0.6822798252105713,0.6571428775787354,0.6000000238418579
18,2,26,0.6827082633972168,0.682026743888855,0.6832928657531738,0.682026743888855,0.6571428775787354,0.6000000238418579
18,2,27,0.6821665167808533,0.6817814707756042,0.6826654076576233,0.6817814707756042,0.6499999761581421,0.6000000238418579
18,2,28,0.6816288232803345,0.681532084941864,0.6820418834686279,0.681532084941864,0.6571428775787354,0.5600000023841858
18,2,29,0.6810916066169739,0.6812732219696045,0.6814256906509399,0.6812732219696045,0.6571428775787354,0.5600000023841858
18,2,30,0.6805495023727417,0.6810262203216553,0.6808168292045593,0.6810262203216553,0.6571428775787354,0.5600000023841858
18,2,31,0.6799895763397217,0.6808019280433655,0.6802241206169128,0.6808019280433655,0.6571428775787354,0.5199999809265137
18,2,32,0.6794220805168152,0.6806046366691589,0.6796528697013855,0.6806046366691589,0.6714285612106323,0.6000000238418579
18,2,33,0.6788384318351746,0.6804186105728149,0.6790886521339417,0.6804186105728149,0.6785714030265808,0.6399999856948853
18,2,34,0.6782444715499878,0.6802155375480652,0.6785308122634888,0.6802155375480652,0.6928571462631226,0.6800000071525574
18,2,35,0.6776448488235474,0.6799371242523193,0.6779648065567017,0.6799371242523193,0.6785714030265808,0.6800000071525574
18,2,36,0.6770334839820862,0.6796466112136841,0.6773706078529358,0.6796466112136841,0.6785714030265808,0.6800000071525574
18,2,37,0.6764302253723145,0.6793488264083862,0.676766574382782,0.6793488264083862,0.6857143044471741,0.6800000071525574
18,2,38,0.6758044958114624,0.6790177822113037,0.6761293411254883,0.6790177822113037,0.6785714030265808,0.6800000071525574
18,2,39,0.6751739978790283,0.6786731481552124,0.6754845380783081,0.6786731481552124,0.6785714030265808,0.6800000071525574
18,2,40,0.6745427846908569,0.6783678531646729,0.6748408675193787,0.6783678531646729,0.6857143044471741,0.6800000071525574
18,2,41,0.6739044189453125,0.6780814528465271,0.6742011904716492,0.6780814528465271,0.6857143044471741,0.6800000071525574
18,2,42,0.6732650399208069,0.6777859330177307,0.6735659241676331,0.6777859330177307,0.6928571462631226,0.6800000071525574
18,2,43,0.6726340055465698,0.6774458289146423,0.6729406118392944,0.6774458289146423,0.6928571462631226,0.6800000071525574
18,2,44,0.6719936728477478,0.6770777702331543,0.6723052859306335,0.6770777702331543,0.699999988079071,0.6800000071525574
18,2,45,0.671336829662323,0.6767067909240723,0.6716579794883728,0.6767067909240723,0.699999988079071,0.6800000071525574
18,2,46,0.6706710457801819,0.6763270497322083,0.6710008978843689,0.6763270497322083,0.699999988079071,0.6800000071525574
18,2,47,0.6699962019920349,0.6759156584739685,0.6703323125839233,0.6759156584739685,0.699999988079071,0.6800000071525574
18,2,48,0.6693258285522461,0.6754806041717529,0.6696528196334839,0.6754806041717529,0.699999988079071,0.6800000071525574
18,2,49,0.6686415672302246,0.6750677227973938,0.6689460873603821,0.6750677227973938,0.6928571462631226,0.6800000071525574
18,2,50,0.6679431796073914,0.6746408343315125,0.6682332158088684,0.6746408343315125,0.699999988079071,0.6800000071525574
18,2,51,0.6672585606575012,0.6741993427276611,0.6675285696983337,0.6741993427276611,0.699999988079071,0.6800000071525574
18,2,52,0.6665725708007812,0.673748254776001,0.6668274998664856,0.673748254776001,0.6928571462631226,0.6800000071525574
18,2,53,0.6658875346183777,0.673302173614502,0.6661245226860046,0.673302173614502,0.699999988079071,0.6399999856948853
18,2,54,0.6651957631111145,0.672875165939331,0.6654269695281982,0.672875165939331,0.699999988079071,0.6399999856948853
18,2,55,0.6644992828369141,0.6724086999893188,0.6647316813468933,0.6724086999893188,0.7071428298950195,0.6399999856948853
18,2,56,0.6637954711914062,0.671945333480835,0.6640202403068542,0.671945333480835,0.7071428298950195,0.6399999856948853
18,2,57,0.6630827188491821,0.6714677214622498,0.6633042097091675,0.6714677214622498,0.699999988079071,0.6399999856948853
18,2,58,0.6623627543449402,0.6709843277931213,0.6625787615776062,0.6709843277931213,0.6928571462631226,0.6399999856948853
18,2,59,0.6616235375404358,0.6705254912376404,0.661855161190033,0.6705254912376404,0.6928571462631226,0.6399999856948853
18,2,60,0.6608768105506897,0.6700745224952698,0.6611377596855164,0.6700745224952698,0.699999988079071,0.6399999856948853
18,2,61,0.6601147651672363,0.6696085333824158,0.6603956818580627,0.6696085333824158,0.699999988079071,0.6399999856948853
18,2,62,0.6593343615531921,0.6691126227378845,0.6596236824989319,0.6691126227378845,0.699999988079071,0.6399999856948853
18,2,63,0.6585184335708618,0.6686108112335205,0.6588230133056641,0.6686108112335205,0.699999988079071,0.6399999856948853
18,2,64,0.657679557800293,0.668151319026947,0.6580202579498291,0.668151319026947,0.699999988079071,0.6399999856948853
18,2,65,0.6568188667297363,0.6677196621894836,0.6572167873382568,0.6677196621894836,0.699999988079071,0.6399999856948853
18,2,66,0.6559335589408875,0.667255163192749,0.65638267993927,0.667255163192749,0.699999988079071,0.6399999856948853
18,2,67,0.655011773109436,0.666764497756958,0.6555073261260986,0.666764497756958,0.699999988079071,0.6399999856948853
18,2,68,0.654069721698761,0.6661763787269592,0.65459144115448,0.6661763787269592,0.699999988079071,0.6399999856948853
18,2,69,0.6531040668487549,0.6655248999595642,0.653627336025238,0.6655248999595642,0.699999988079071,0.6399999856948853
18,2,70,0.6521311402320862,0.6648766398429871,0.652636706829071,0.6648766398429871,0.699999988079071,0.6399999856948853
18,2,71,0.6511260867118835,0.6642612218856812,0.6516254544258118,0.6642612218856812,0.6857143044471741,0.6399999856948853
18,2,72,0.650090217590332,0.6636108160018921,0.6506083011627197,0.6636108160018921,0.6857143044471741,0.6399999856948853
18,2,73,0.6490139961242676,0.6629019379615784,0.649562656879425,0.6629019379615784,0.6857143044471741,0.6399999856948853
18,2,74,0.647913932800293,0.6621927618980408,0.6485015153884888,0.6621927618980408,0.6857143044471741,0.6800000071525574
18,2,75,0.646843433380127,0.6614481210708618,0.6474660038948059,0.6614481210708618,0.6857143044471741,0.6800000071525574
18,2,76,0.6457715034484863,0.6607335805892944,0.646422803401947,0.6607335805892944,0.6857143044471741,0.6800000071525574
18,2,77,0.6447033882141113,0.6600591540336609,0.6454189419746399,0.6600591540336609,0.6857143044471741,0.6800000071525574
18,2,78,0.6436596512794495,0.6593679189682007,0.6444401741027832,0.6593679189682007,0.6857143044471741,0.6800000071525574
18,2,79,0.642611563205719,0.6586244702339172,0.6434094309806824,0.6586244702339172,0.6928571462631226,0.6800000071525574
18,2,80,0.6415663361549377,0.6578748822212219,0.6423550844192505,0.6578748822212219,0.699999988079071,0.6800000071525574
18,2,81,0.6405402421951294,0.6571442484855652,0.6413034200668335,0.6571442484855652,0.699999988079071,0.6800000071525574
18,2,82,0.6395087838172913,0.6564028859138489,0.6402323842048645,0.6564028859138489,0.699999988079071,0.6800000071525574
18,2,83,0.6384711861610413,0.6556363105773926,0.6391357183456421,0.6556363105773926,0.6928571462631226,0.6800000071525574
18,2,84,0.6374147534370422,0.654845118522644,0.6380262970924377,0.654845118522644,0.6928571462631226,0.6800000071525574
18,2,85,0.6363596320152283,0.6539943218231201,0.6369159817695618,0.6539943218231201,0.699999988079071,0.6800000071525574
18,2,86,0.63526451587677,0.6530954241752625,0.6357744932174683,0.6530954241752625,0.699999988079071,0.6800000071525574
18,2,87,0.6341394782066345,0.6521230340003967,0.6345890760421753,0.6521230340003967,0.699999988079071,0.6800000071525574
18,2,88,0.6329820156097412,0.6511094570159912,0.6333397626876831,0.6511094570159912,0.6928571462631226,0.6800000071525574
18,2,89,0.6317945718765259,0.6500396132469177,0.63205486536026,0.6500396132469177,0.6928571462631226,0.6800000071525574
18,2,90,0.6305711269378662,0.6489797234535217,0.6307306885719299,0.6489797234535217,0.699999988079071,0.6800000071525574
18,2,91,0.629361093044281,0.6479633450508118,0.6294345855712891,0.6479633450508118,0.699999988079071,0.6800000071525574
18,2,92,0.6281253099441528,0.6469927430152893,0.628125011920929,0.6469927430152893,0.699999988079071,0.6800000071525574
18,2,93,0.6268724203109741,0.6460890769958496,0.6268249154090881,0.6460890769958496,0.699999988079071,0.7200000286102295
18,2,94,0.6255969405174255,0.6452040076255798,0.6255365610122681,0.6452040076255798,0.699999988079071,0.7200000286102295
18,2,95,0.6243149638175964,0.644335925579071,0.6242377161979675,0.644335925579071,0.699999988079071,0.7200000286102295
18,2,96,0.6230231523513794,0.6435690522193909,0.6229255199432373,0.6435690522193909,0.699999988079071,0.7200000286102295
18,2,97,0.6217300295829773,0.6428205966949463,0.6216384172439575,0.6428205966949463,0.7071428298950195,0.7200000286102295
18,2,98,0.6204632520675659,0.6420737504959106,0.6203575730323792,0.6420737504959106,0.7142857313156128,0.7200000286102295
18,2,99,0.6191985011100769,0.6413653492927551,0.6190876960754395,0.6413653492927551,0.7142857313156128,0.7200000286102295
18,2,100,0.6179081797599792,0.640606701374054,0.617778480052948,0.640606701374054,0.7142857313156128,0.7200000286102295
18,2,101,0.6166173219680786,0.6398085951805115,0.6163930892944336,0.6398085951805115,0.7142857313156128,0.7200000286102295
18,2,102,0.6153247952461243,0.6390612721443176,0.6149773001670837,0.6390612721443176,0.7142857313156128,0.7200000286102295
18,2,103,0.6140260100364685,0.6383751630783081,0.6135828495025635,0.6383751630783081,0.7142857313156128,0.7200000286102295
18,2,104,0.612760603427887,0.6377044916152954,0.612273097038269,0.6377044916152954,0.7142857313156128,0.7200000286102295
18,2,105,0.6114948987960815,0.6370943188667297,0.6110017895698547,0.6370943188667297,0.7214285731315613,0.7200000286102295
18,2,106,0.6102375388145447,0.6364812254905701,0.6097794771194458,0.6364812254905701,0.7214285731315613,0.7200000286102295
18,2,107,0.608993649482727,0.635851263999939,0.6085761785507202,0.635851263999939,0.7214285731315613,0.7200000286102295
18,2,108,0.6077466607093811,0.63525390625,0.607384204864502,0.63525390625,0.7214285731315613,0.7200000286102295
18,2,109,0.6065009236335754,0.634675920009613,0.6062092185020447,0.634675920009613,0.7214285731315613,0.7200000286102295
18,2,110,0.6052551865577698,0.6341033577919006,0.6050464510917664,0.6341033577919006,0.7214285731315613,0.7200000286102295
18,2,111,0.6040071249008179,0.6335294842720032,0.6038653254508972,0.6335294842720032,0.7214285731315613,0.7200000286102295
18,2,112,0.6027544140815735,0.6329394578933716,0.6026607155799866,0.6329394578933716,0.7214285731315613,0.7200000286102295
18,2,113,0.6014969944953918,0.6323341131210327,0.6014512181282043,0.6323341131210327,0.7214285731315613,0.7200000286102295
18,2,114,0.6002367734909058,0.6317375302314758,0.6002477407455444,0.6317375302314758,0.7214285731315613,0.7200000286102295
18,2,115,0.5989753007888794,0.6311326026916504,0.5990515351295471,0.6311326026916504,0.7214285731315613,0.7200000286102295
18,2,116,0.5977115631103516,0.6305301785469055,0.5978496074676514,0.6305301785469055,0.7285714149475098,0.7200000286102295
18,2,117,0.596436619758606,0.6299643516540527,0.5966437458992004,0.6299643516540527,0.7285714149475098,0.7200000286102295
18,2,118,0.5951544046401978,0.6293719410896301,0.595434844493866,0.6293719410896301,0.7285714149475098,0.7200000286102295
18,2,119,0.5938675999641418,0.628736138343811,0.5941992998123169,0.628736138343811,0.7285714149475098,0.7200000286102295
18,2,120,0.5925835967063904,0.6280996203422546,0.5929479598999023,0.6280996203422546,0.7285714149475098,0.7200000286102295
18,2,121,0.5912941694259644,0.627449095249176,0.5916849374771118,0.627449095249176,0.7285714149475098,0.7200000286102295
18,2,122,0.590005099773407,0.6267789602279663,0.5904150009155273,0.6267789602279663,0.7285714149475098,0.7200000286102295
18,2,123,0.5886920690536499,0.6261496543884277,0.5891244411468506,0.6261496543884277,0.7285714149475098,0.7200000286102295
18,2,124,0.5873622298240662,0.6255437135696411,0.5878482460975647,0.6255437135696411,0.7285714149475098,0.7200000286102295
18,2,125,0.5860142707824707,0.6249622106552124,0.5865784287452698,0.6249622106552124,0.7285714149475098,0.7200000286102295
18,2,126,0.5846564769744873,0.6243410110473633,0.5852904915809631,0.6243410110473633,0.7285714149475098,0.7200000286102295
18,2,127,0.5832933187484741,0.6236992478370667,0.5839798450469971,0.6236992478370667,0.7285714149475098,0.7200000286102295
18,2,128,0.581931471824646,0.6230574250221252,0.5826511979103088,0.6230574250221252,0.7285714149475098,0.7200000286102295
18,2,129,0.5805712938308716,0.622427761554718,0.5813083052635193,0.622427761554718,0.7285714149475098,0.7200000286102295
18,2,130,0.5792099833488464,0.6218088269233704,0.5799800753593445,0.6218088269233704,0.7285714149475098,0.7200000286102295
18,2,131,0.577839732170105,0.621178388595581,0.5786449313163757,0.621178388595581,0.7285714149475098,0.7200000286102295
18,2,132,0.5764779448509216,0.6204701066017151,0.5772772431373596,0.6204701066017151,0.7285714149475098,0.7200000286102295
18,2,133,0.5751076936721802,0.6197652220726013,0.5758774280548096,0.6197652220726013,0.7357142567634583,0.7200000286102295
18,2,134,0.5737308859825134,0.6191016435623169,0.5744807720184326,0.6191016435623169,0.7357142567634583,0.6800000071525574
18,2,135,0.5723490118980408,0.6184849739074707,0.5730903744697571,0.6184849739074707,0.7357142567634583,0.6800000071525574
18,2,136,0.5709636211395264,0.6178685426712036,0.5717118382453918,0.6178685426712036,0.7357142567634583,0.6800000071525574
18,2,137,0.5695735216140747,0.6172610521316528,0.5703229904174805,0.6172610521316528,0.7357142567634583,0.6800000071525574
18,2,138,0.5681700706481934,0.6167081594467163,0.5689411163330078,0.6167081594467163,0.7357142567634583,0.6800000071525574
18,2,139,0.5667750239372253,0.6161800026893616,0.5675872564315796,0.6161800026893616,0.7428571581840515,0.6800000071525574
18,2,140,0.5653851628303528,0.6156588792800903,0.5662351250648499,0.6156588792800903,0.7428571581840515,0.6800000071525574
18,2,141,0.563996434211731,0.6151315569877625,0.5648732781410217,0.6151315569877625,0.7428571581840515,0.6800000071525574
18,2,142,0.5626043081283569,0.6146071553230286,0.5635008215904236,0.6146071553230286,0.7428571581840515,0.6800000071525574
18,2,143,0.5612144470214844,0.6140897870063782,0.5621157288551331,0.6140897870063782,0.7428571581840515,0.6800000071525574
18,2,144,0.5598226189613342,0.613628625869751,0.5607317686080933,0.613628625869751,0.7428571581840515,0.6800000071525574
18,2,145,0.5584192276000977,0.6132494807243347,0.5593746900558472,0.6132494807243347,0.75,0.6800000071525574
18,2,146,0.5570250749588013,0.6128208637237549,0.5580428242683411,0.6128208637237549,0.75,0.6800000071525574
18,2,147,0.5556329488754272,0.6123033165931702,0.55666184425354,0.6123033165931702,0.75,0.6800000071525574
18,2,148,0.5542295575141907,0.6117973327636719,0.5552290678024292,0.6117973327636719,0.75,0.6800000071525574
18,2,149,0.5528194308280945,0.6113075017929077,0.5538002848625183,0.6113075017929077,0.75,0.6800000071525574
18,2,150,0.5513955950737,0.6108695864677429,0.5523757934570312,0.6108695864677429,0.75,0.6800000071525574
18,2,151,0.5499643683433533,0.6104483008384705,0.5509631037712097,0.6104483008384705,0.75,0.6800000071525574
18,2,152,0.5485352873802185,0.6099934577941895,0.5495115518569946,0.6099934577941895,0.75,0.6800000071525574
18,2,153,0.547099769115448,0.6095014810562134,0.5480061769485474,0.6095014810562134,0.75,0.6800000071525574
18,2,154,0.5456507802009583,0.6090582013130188,0.5464875102043152,0.6090582013130188,0.75,0.6800000071525574
18,2,155,0.5441934466362,0.6086838245391846,0.5450096726417542,0.6086838245391846,0.7571428418159485,0.6800000071525574
18,2,156,0.5427350997924805,0.6083604693412781,0.543548583984375,0.6083604693412781,0.7571428418159485,0.6800000071525574
18,2,157,0.5412701964378357,0.6080387234687805,0.5420882105827332,0.6080387234687805,0.7642857432365417,0.6800000071525574
18,2,158,0.5397928953170776,0.6076710820198059,0.5406345725059509,0.6076710820198059,0.7642857432365417,0.6800000071525574
18,2,159,0.5383003354072571,0.6072753667831421,0.539158284664154,0.6072753667831421,0.7642857432365417,0.6800000071525574
18,2,160,0.5367936491966248,0.6068724989891052,0.5376772880554199,0.6068724989891052,0.7642857432365417,0.6800000071525574
18,2,161,0.5352841019630432,0.6064388751983643,0.5361935496330261,0.6064388751983643,0.7642857432365417,0.6800000071525574
18,2,162,0.5337716937065125,0.6059755682945251,0.5346776247024536,0.6059755682945251,0.7642857432365417,0.6800000071525574
18,2,163,0.5322461724281311,0.605493426322937,0.5331254005432129,0.605493426322937,0.7642857432365417,0.6800000071525574
18,2,164,0.5307086110115051,0.6049973368644714,0.5315780639648438,0.6049973368644714,0.7642857432365417,0.6800000071525574
18,2,165,0.5291486978530884,0.6045637130737305,0.5300670266151428,0.6045637130737305,0.7642857432365417,0.6800000071525574
18,2,166,0.52760249376297,0.6041085720062256,0.5285856127738953,0.6041085720062256,0.7642857432365417,0.6800000071525574
18,2,167,0.5260407328605652,0.603609561920166,0.5270636081695557,0.603609561920166,0.7642857432365417,0.6800000071525574
18,2,168,0.5244388580322266,0.603152334690094,0.5254910588264465,0.603152334690094,0.7714285850524902,0.6800000071525574
18,2,169,0.5228234529495239,0.6027068495750427,0.5239067077636719,0.6027068495750427,0.7857142686843872,0.6399999856948853
18,2,170,0.5211935043334961,0.602269172668457,0.5223153829574585,0.602269172668457,0.7857142686843872,0.6399999856948853
18,2,171,0.5195800065994263,0.6017513871192932,0.5207270383834839,0.6017513871192932,0.7857142686843872,0.6399999856948853
18,2,172,0.5179755687713623,0.601161777973175,0.5191049575805664,0.601161777973175,0.7857142686843872,0.6399999856948853
18,2,173,0.5163393616676331,0.6006420850753784,0.5174525380134583,0.6006420850753784,0.7857142686843872,0.6399999856948853
18,2,174,0.5146887898445129,0.6002042889595032,0.5158429741859436,0.6002042889595032,0.7857142686843872,0.6399999856948853
18,2,175,0.5130408406257629,0.5997693538665771,0.5142776370048523,0.5997693538665771,0.7857142686843872,0.6399999856948853
18,2,176,0.5114122629165649,0.5992127060890198,0.5126741528511047,0.5992127060890198,0.7928571701049805,0.6399999856948853
18,2,177,0.5097734332084656,0.5986455082893372,0.5109529495239258,0.5986455082893372,0.800000011920929,0.6399999856948853
18,2,178,0.5081110000610352,0.5981255173683167,0.5092220902442932,0.5981255173683167,0.800000011920929,0.6399999856948853
18,2,179,0.506450891494751,0.5976466536521912,0.507536768913269,0.5976466536521912,0.800000011920929,0.6399999856948853
18,2,180,0.5047855377197266,0.5971993207931519,0.505854606628418,0.5971993207931519,0.800000011920929,0.6399999856948853
18,2,181,0.5031064748764038,0.5968140363693237,0.504180908203125,0.5968140363693237,0.800000011920929,0.6399999856948853
18,2,182,0.501444935798645,0.5964072942733765,0.5025370717048645,0.5964072942733765,0.800000011920929,0.6399999856948853
18,2,183,0.4997704029083252,0.5960127711296082,0.5008885264396667,0.5960127711296082,0.800000011920929,0.6399999856948853
18,2,184,0.49810904264450073,0.5955464243888855,0.4992327094078064,0.5955464243888855,0.800000011920929,0.6399999856948853
18,2,185,0.49643903970718384,0.5950685143470764,0.4975028336048126,0.5950685143470764,0.800000011920929,0.6399999856948853
18,2,186,0.4947344660758972,0.5946786999702454,0.4957708716392517,0.5946786999702454,0.8142856955528259,0.6399999856948853
18,2,187,0.4930262565612793,0.5943199396133423,0.4940778315067291,0.5943199396133423,0.8214285969734192,0.6399999856948853
18,2,188,0.49132728576660156,0.5939134359359741,0.49240508675575256,0.5939134359359741,0.8214285969734192,0.6399999856948853
18,2,189,0.4896145462989807,0.5935129523277283,0.49070560932159424,0.5935129523277283,0.8214285969734192,0.6399999856948853
18,2,190,0.48788464069366455,0.5930782556533813,0.4889577031135559,0.5930782556533813,0.8214285969734192,0.6399999856948853
18,2,191,0.48613443970680237,0.5926827192306519,0.48719826340675354,0.5926827192306519,0.8214285969734192,0.6399999856948853
18,2,192,0.4843723177909851,0.5923578143119812,0.4854702949523926,0.5923578143119812,0.8214285969734192,0.6399999856948853
18,2,193,0.482626736164093,0.5919511318206787,0.4837613105773926,0.5919511318206787,0.8214285969734192,0.6399999856948853
18,2,194,0.480878621339798,0.5914804339408875,0.4819597601890564,0.5914804339408875,0.8214285969734192,0.6399999856948853
18,2,195,0.4791119694709778,0.5910833477973938,0.4801254868507385,0.5910833477973938,0.8214285969734192,0.6399999856948853
18,2,196,0.4773440659046173,0.5907240509986877,0.47829923033714294,0.5907240509986877,0.8214285969734192,0.6399999856948853
18,2,197,0.4755735695362091,0.590339183807373,0.4764784276485443,0.590339183807373,0.8214285969734192,0.6399999856948853
18,2,198,0.473787784576416,0.5899775624275208,0.4746437668800354,0.5899775624275208,0.8214285969734192,0.6399999856948853
18,2,199,0.4719935357570648,0.5897148251533508,0.4728437066078186,0.5897148251533508,0.8214285969734192,0.6800000071525574
18,2,200,0.47020286321640015,0.5895138382911682,0.4710732698440552,0.5895138382911682,0.8214285969734192,0.6800000071525574
18,2,201,0.4684106111526489,0.5892804861068726,0.4693151116371155,0.5892804861068726,0.8214285969734192,0.6800000071525574
18,2,202,0.4666173756122589,0.5889968276023865,0.46753355860710144,0.5889968276023865,0.8214285969734192,0.6800000071525574
18,2,203,0.4648258686065674,0.5886691808700562,0.46572408080101013,0.5886691808700562,0.8285714387893677,0.6800000071525574
18,2,204,0.4630082845687866,0.5884367823600769,0.46391531825065613,0.5884367823600769,0.8285714387893677,0.6800000071525574
18,2,205,0.46120256185531616,0.5882198810577393,0.4621015787124634,0.5882198810577393,0.8285714387893677,0.6800000071525574
18,2,206,0.4593786597251892,0.588020920753479,0.46028855443000793,0.588020920753479,0.8285714387893677,0.6800000071525574
18,2,207,0.45756736397743225,0.5878504514694214,0.45843079686164856,0.5878504514694214,0.8357142806053162,0.6800000071525574
18,2,208,0.45573559403419495,0.5877243280410767,0.4565648138523102,0.5877243280410767,0.8357142806053162,0.6800000071525574
18,2,209,0.4539059102535248,0.5875731706619263,0.45469358563423157,0.5875731706619263,0.8357142806053162,0.6800000071525574
18,2,210,0.4520717263221741,0.5874829292297363,0.45280221104621887,0.5874829292297363,0.8357142806053162,0.6800000071525574
18,2,211,0.45022255182266235,0.5875080823898315,0.45092952251434326,0.5875080823898315,0.8357142806053162,0.6800000071525574
18,2,212,0.4483642578125,0.5876724123954773,0.4491227865219116,0.5876724123954773,0.8357142806053162,0.6800000071525574
18,2,213,0.4465036988258362,0.5878185033798218,0.4473693370819092,0.5878185033798218,0.8571428656578064,0.6800000071525574
18,2,214,0.4446698725223541,0.5877491235733032,0.44555601477622986,0.5877491235733032,0.8571428656578064,0.6800000071525574
18,2,215,0.4428114891052246,0.5876411199569702,0.44362887740135193,0.5876411199569702,0.8571428656578064,0.6800000071525574
18,2,216,0.4409103989601135,0.587744951248169,0.4417251646518707,0.587744951248169,0.8571428656578064,0.6800000071525574
18,2,217,0.4390135109424591,0.5878629088401794,0.43990036845207214,0.5878629088401794,0.8642857074737549,0.6800000071525574
18,2,218,0.4371352195739746,0.587776243686676,0.4380258619785309,0.587776243686676,0.8642857074737549,0.7200000286102295
18,2,219,0.4352303445339203,0.587570071220398,0.4360199272632599,0.587570071220398,0.8642857074737549,0.7200000286102295
18,2,220,0.4333065152168274,0.5874457955360413,0.43398499488830566,0.5874457955360413,0.8642857074737549,0.7200000286102295
18,2,221,0.4313594698905945,0.5874302387237549,0.4319899380207062,0.5874302387237549,0.8714285492897034,0.7200000286102295
18,2,222,0.42939841747283936,0.5873681902885437,0.43004611134529114,0.5873681902885437,0.8714285492897034,0.7200000286102295
18,2,223,0.4274302124977112,0.5872189998626709,0.42805567383766174,0.5872189998626709,0.8714285492897034,0.7200000286102295
18,2,224,0.42543333768844604,0.5871573090553284,0.42603716254234314,0.5871573090553284,0.8714285492897034,0.7200000286102295
18,2,225,0.4234411120414734,0.5871070027351379,0.4240153133869171,0.5871070027351379,0.8714285492897034,0.7200000286102295
18,2,226,0.42143353819847107,0.587039589881897,0.42198294401168823,0.587039589881897,0.8714285492897034,0.7200000286102295
18,2,227,0.41942867636680603,0.5870383977890015,0.41993194818496704,0.5870383977890015,0.8714285492897034,0.6800000071525574
18,2,228,0.4173991084098816,0.5871054530143738,0.4178922474384308,0.5871054530143738,0.8714285492897034,0.6800000071525574
18,2,229,0.4153892397880554,0.5871404409408569,0.41584718227386475,0.5871404409408569,0.8714285492897034,0.6800000071525574
18,2,230,0.41336342692375183,0.5873150825500488,0.4138367176055908,0.5873150825500488,0.8714285492897034,0.6800000071525574
18,2,231,0.4113656282424927,0.5873756408691406,0.41189053654670715,0.5873756408691406,0.8714285492897034,0.6800000071525574
18,2,232,0.40937137603759766,0.5874089002609253,0.4098793566226959,0.5874089002609253,0.8714285492897034,0.6399999856948853
18,2,233,0.4073631167411804,0.5875073075294495,0.4078575074672699,0.5875073075294495,0.8714285492897034,0.6399999856948853
18,2,234,0.4053695499897003,0.5875698328018188,0.4058487117290497,0.5875698328018188,0.8714285492897034,0.6399999856948853
18,2,235,0.4033588767051697,0.5877161622047424,0.403829425573349,0.5877161622047424,0.8714285492897034,0.6399999856948853
18,2,236,0.40136802196502686,0.5877954363822937,0.4018285870552063,0.5877954363822937,0.8714285492897034,0.6800000071525574
18,2,237,0.3993438184261322,0.5878839492797852,0.3997861444950104,0.5878839492797852,0.8714285492897034,0.6800000071525574
18,2,238,0.3973328173160553,0.5879331827163696,0.3977327048778534,0.5879331827163696,0.8714285492897034,0.6800000071525574
18,2,239,0.39529797434806824,0.5880486965179443,0.3956449329853058,0.5880486965179443,0.8785714507102966,0.6800000071525574
18,2,240,0.39327365159988403,0.5880078077316284,0.39358678460121155,0.5880078077316284,0.8785714507102966,0.6800000071525574
18,2,241,0.39124855399131775,0.5879009366035461,0.3914373815059662,0.5879009366035461,0.8785714507102966,0.6800000071525574
18,2,242,0.38918423652648926,0.5880277752876282,0.38928481936454773,0.5880277752876282,0.8857142925262451,0.6800000071525574
18,2,243,0.3871276080608368,0.5882059335708618,0.38723042607307434,0.5882059335708618,0.8857142925262451,0.6800000071525574
18,2,244,0.3850820064544678,0.5882762670516968,0.3852047026157379,0.5882762670516968,0.8857142925262451,0.6800000071525574
18,2,245,0.38303685188293457,0.5882313847541809,0.38310378789901733,0.5882313847541809,0.8857142925262451,0.6800000071525574
18,2,246,0.38096991181373596,0.5883204936981201,0.3809455335140228,0.5883204936981201,0.8857142925262451,0.6800000071525574
18,2,247,0.37889817357063293,0.5886210203170776,0.37886932492256165,0.5886210203170776,0.8857142925262451,0.6800000071525574
18,2,248,0.37683984637260437,0.5888819098472595,0.37685897946357727,0.5888819098472595,0.8857142925262451,0.6800000071525574
18,2,249,0.3747861683368683,0.5889849066734314,0.37477293610572815,0.5889849066734314,0.8928571343421936,0.6800000071525574
18,2,250,0.3727136254310608,0.5891590714454651,0.3726169168949127,0.5891590714454651,0.8928571343421936,0.6800000071525574
18,2,251,0.37061041593551636,0.589553952217102,0.3704741895198822,0.589553952217102,0.8928571343421936,0.6800000071525574
19,2,1,0.6939908862113953,0.6895147562026978,0.6911233067512512,0.6895147562026978,0.5785714387893677,0.5600000023841858
19,2,2,0.6924613118171692,0.690317690372467,0.6900889277458191,0.690317690372467,0.5857142806053162,0.5199999809265137
19,2,3,0.6913200616836548,0.69123375415802,0.6899666786193848,0.69123375415802,0.5714285969734192,0.5199999809265137
19,2,4,0.6903088688850403,0.6922333240509033,0.6900008916854858,0.6922333240509033,0.5857142806053162,0.4000000059604645
19,2,5,0.6893271803855896,0.6933470368385315,0.6900650858879089,0.6933470368385315,0.5714285969734192,0.4000000059604645
19,2,6,0.6883556246757507,0.6944135427474976,0.6901108622550964,0.6944135427474976,0.5714285969734192,0.4000000059604645
19,2,7,0.6874560713768005,0.6954803466796875,0.6901479363441467,0.6954803466796875,0.550000011920929,0.36000001430511475
19,2,8,0.686568021774292,0.6965576410293579,0.6901224851608276,0.6965576410293579,0.5642856955528259,0.36000001430511475
19,2,9,0.6856993436813354,0.697644829750061,0.6900874376296997,0.697644829750061,0.5357142686843872,0.36000001430511475
19,2,10,0.6848180294036865,0.6987375020980835,0.6900102496147156,0.6987375020980835,0.5,0.36000001430511475
19,2,11,0.6839808821678162,0.6997377276420593,0.6899407505989075,0.6997377276420593,0.5,0.4000000059604645
19,2,12,0.6831946969032288,0.7006077766418457,0.6898553371429443,0.7006077766418457,0.4928571283817291,0.4000000059604645
19,2,13,0.6824143528938293,0.7013179659843445,0.6896836161613464,0.7013179659843445,0.4642857015132904,0.4000000059604645
19,2,14,0.681641161441803,0.7019214630126953,0.6893976926803589,0.7019214630126953,0.4642857015132904,0.4000000059604645
19,2,15,0.6808345913887024,0.7023950815200806,0.6889963746070862,0.7023950815200806,0.4571428596973419,0.4000000059604645
19,2,16,0.6799951791763306,0.7027183771133423,0.6884872317314148,0.7027183771133423,0.4642857015132904,0.4000000059604645
19,2,17,0.6791442632675171,0.7028812170028687,0.6878973841667175,0.7028812170028687,0.4642857015132904,0.4000000059604645
19,2,18,0.6782620549201965,0.7029160857200623,0.6871823668479919,0.7029160857200623,0.48571428656578064,0.4000000059604645
19,2,19,0.6773923635482788,0.7028581500053406,0.6863800883293152,0.7028581500053406,0.48571428656578064,0.36000001430511475
19,2,20,0.6764997243881226,0.7027808427810669,0.6854742765426636,0.7027808427810669,0.4928571283817291,0.36000001430511475
19,2,21,0.675582230091095,0.7027547955513,0.6845257878303528,0.7027547955513,0.5142857432365417,0.36000001430511475
19,2,22,0.6746344566345215,0.7027192711830139,0.6835681200027466,0.7027192711830139,0.5285714268684387,0.36000001430511475
19,2,23,0.6736738085746765,0.7027705311775208,0.6826014518737793,0.7027705311775208,0.5285714268684387,0.36000001430511475
19,2,24,0.6726975440979004,0.7028676867485046,0.6816456317901611,0.7028676867485046,0.5214285850524902,0.36000001430511475
19,2,25,0.6717174053192139,0.7029532790184021,0.6806908845901489,0.7029532790184021,0.5285714268684387,0.36000001430511475
19,2,26,0.6707197427749634,0.7030584812164307,0.6797098517417908,0.7030584812164307,0.5357142686843872,0.4000000059604645
20,2,1,0.6965963840484619,0.7054188251495361,0.7047184705734253,0.7054188251495361,0.41428571939468384,0.4000000059604645
20,2,2,0.6951629519462585,0.704353928565979,0.7034202218055725,0.704353928565979,0.41428571939468384,0.4000000059604645
20,2,3,0.6942473649978638,0.7031612992286682,0.7017251253128052,0.7031612992286682,0.41428571939468384,0.4000000059604645
20,2,4,0.6934065818786621,0.7020006775856018,0.7000378370285034,0.7020006775856018,0.41428571939468384,0.4000000059604645
20,2,5,0.6925772428512573,0.7008767127990723,0.6983656883239746,0.7008767127990723,0.41428571939468384,0.4000000059604645
20,2,6,0.6918064951896667,0.6998198628425598,0.6967734694480896,0.6998198628425598,0.4285714328289032,0.4000000059604645
20,2,7,0.6910760402679443,0.6988766193389893,0.6952564716339111,0.6988766193389893,0.4214285612106323,0.4000000059604645
20,2,8,0.6903615593910217,0.6980545520782471,0.6937990188598633,0.6980545520782471,0.4571428596973419,0.4399999976158142
20,2,9,0.6896676421165466,0.6973316669464111,0.6924002766609192,0.6973316669464111,0.44999998807907104,0.4000000059604645
20,2,10,0.6889878511428833,0.6966043710708618,0.6910510659217834,0.6966043710708618,0.5214285850524902,0.47999998927116394
20,2,11,0.688304603099823,0.6958748698234558,0.6897318959236145,0.6958748698234558,0.5785714387893677,0.4000000059604645
20,2,12,0.6876388192176819,0.6952256560325623,0.6884692311286926,0.6952256560325623,0.5857142806053162,0.4399999976158142
20,2,13,0.6869850158691406,0.694634199142456,0.687254786491394,0.694634199142456,0.5928571224212646,0.47999998927116394
20,2,14,0.6863449811935425,0.6940510272979736,0.6860682368278503,0.6940510272979736,0.5928571224212646,0.47999998927116394
20,2,15,0.6857104301452637,0.6934500336647034,0.6848849654197693,0.6934500336647034,0.6071428656578064,0.47999998927116394
20,2,16,0.6851040720939636,0.692851185798645,0.6837295889854431,0.692851185798645,0.6285714507102966,0.4000000059604645
20,2,17,0.6845179200172424,0.6922440528869629,0.6826051473617554,0.6922440528869629,0.6499999761581421,0.4399999976158142
20,2,18,0.6839362382888794,0.6916770935058594,0.6815045475959778,0.6916770935058594,0.6499999761581421,0.47999998927116394
20,2,19,0.6833552718162537,0.6911036968231201,0.6804282069206238,0.6911036968231201,0.6714285612106323,0.5600000023841858
20,2,20,0.68278568983078,0.6905484795570374,0.6793843507766724,0.6905484795570374,0.6785714030265808,0.5600000023841858
20,2,21,0.6822078824043274,0.690022885799408,0.6783533692359924,0.690022885799408,0.6785714030265808,0.5600000023841858
20,2,22,0.6816191673278809,0.6895104050636292,0.677347719669342,0.6895104050636292,0.6642857193946838,0.5199999809265137
20,2,23,0.68100506067276,0.6890149116516113,0.6763522028923035,0.6890149116516113,0.6642857193946838,0.5199999809265137
20,2,24,0.6803538799285889,0.6885387897491455,0.6753559708595276,0.6885387897491455,0.6571428775787354,0.5600000023841858
20,2,25,0.6796619892120361,0.6880801916122437,0.6743481159210205,0.6880801916122437,0.6571428775787354,0.5600000023841858
20,2,26,0.6789385676383972,0.6876055002212524,0.6733190417289734,0.6876055002212524,0.6571428775787354,0.5600000023841858
20,2,27,0.6781858205795288,0.687116801738739,0.6722642183303833,0.687116801738739,0.6499999761581421,0.5600000023841858
20,2,28,0.6774040460586548,0.6866481900215149,0.6711887717247009,0.6866481900215149,0.6499999761581421,0.6000000238418579
20,2,29,0.6765990257263184,0.6862046718597412,0.6701021194458008,0.6862046718597412,0.6571428775787354,0.6000000238418579
20,2,30,0.6757580637931824,0.6858070492744446,0.6690012216567993,0.6858070492744446,0.6499999761581421,0.6000000238418579
20,2,31,0.6748956441879272,0.6854763031005859,0.6679064035415649,0.6854763031005859,0.6499999761581421,0.6000000238418579
20,2,32,0.673995852470398,0.6851932406425476,0.6668094992637634,0.6851932406425476,0.6571428775787354,0.5600000023841858
20,2,33,0.6730823516845703,0.6849206686019897,0.6657247543334961,0.6849206686019897,0.6571428775787354,0.5600000023841858
20,2,34,0.6721633076667786,0.6846272945404053,0.6646455526351929,0.6846272945404053,0.6642857193946838,0.5600000023841858
20,2,35,0.6712205410003662,0.684329628944397,0.6635477542877197,0.684329628944397,0.6642857193946838,0.5600000023841858
20,2,36,0.6702361106872559,0.6840503215789795,0.6624213457107544,0.6840503215789795,0.6499999761581421,0.5600000023841858
20,2,37,0.6692315340042114,0.6837764978408813,0.6612761616706848,0.6837764978408813,0.6499999761581421,0.5600000023841858
20,2,38,0.6682111620903015,0.6835153102874756,0.6601260304450989,0.6835153102874756,0.6642857193946838,0.5600000023841858
20,2,39,0.6671417951583862,0.6832420229911804,0.6589443683624268,0.6832420229911804,0.6571428775787354,0.5600000023841858
20,2,40,0.6660459041595459,0.682960033416748,0.6577392816543579,0.682960033416748,0.6499999761581421,0.5600000023841858
20,2,41,0.6649272441864014,0.6826907992362976,0.6565073132514954,0.6826907992362976,0.6571428775787354,0.5600000023841858
20,2,42,0.6637858748435974,0.6824445128440857,0.6552579402923584,0.6824445128440857,0.6499999761581421,0.5600000023841858
20,2,43,0.662622332572937,0.6822185516357422,0.6539841294288635,0.6822185516357422,0.6428571343421936,0.6000000238418579
20,2,44,0.6614014506340027,0.6820269227027893,0.6526716351509094,0.6820269227027893,0.6499999761581421,0.5600000023841858
20,2,45,0.660116970539093,0.6818417906761169,0.6513381600379944,0.6818417906761169,0.6571428775787354,0.5600000023841858
20,2,46,0.6588119864463806,0.6816551685333252,0.6500060558319092,0.6816551685333252,0.6499999761581421,0.5600000023841858
20,2,47,0.6574786305427551,0.6815085411071777,0.6486701965332031,0.6815085411071777,0.6571428775787354,0.5600000023841858
20,2,48,0.6560826301574707,0.6813581585884094,0.6473040580749512,0.6813581585884094,0.6642857193946838,0.5600000023841858
20,2,49,0.6546648740768433,0.6811866760253906,0.6459218859672546,0.6811866760253906,0.6642857193946838,0.5600000023841858
20,2,50,0.6532167792320251,0.681042492389679,0.6444971561431885,0.681042492389679,0.6642857193946838,0.5600000023841858
20,2,51,0.6517475247383118,0.6808947920799255,0.6430606245994568,0.6808947920799255,0.6714285612106323,0.5600000023841858
20,2,52,0.6502353549003601,0.6808009147644043,0.6415948271751404,0.6808009147644043,0.6714285612106323,0.5600000023841858
20,2,53,0.6486983299255371,0.6807262897491455,0.6401046514511108,0.6807262897491455,0.6714285612106323,0.5600000023841858
20,2,54,0.647148609161377,0.6807122826576233,0.6385971903800964,0.6807122826576233,0.6714285612106323,0.5600000023841858
20,2,55,0.6455735564231873,0.6806293725967407,0.6370694637298584,0.6806293725967407,0.6714285612106323,0.5600000023841858
20,2,56,0.6439896821975708,0.6804760098457336,0.6355230212211609,0.6804760098457336,0.6785714030265808,0.5600000023841858
20,2,57,0.6424033641815186,0.6803041100502014,0.6339608430862427,0.6803041100502014,0.6785714030265808,0.5600000023841858
20,2,58,0.6407976150512695,0.6801457405090332,0.6323724389076233,0.6801457405090332,0.6785714030265808,0.5600000023841858
20,2,59,0.6391628384590149,0.6799629330635071,0.6307534575462341,0.6799629330635071,0.6714285612106323,0.5600000023841858
20,2,60,0.6374946236610413,0.6798059344291687,0.6291061639785767,0.6798059344291687,0.6714285612106323,0.5600000023841858
20,2,61,0.63580721616745,0.6797096133232117,0.6274480819702148,0.6797096133232117,0.6714285612106323,0.5600000023841858
20,2,62,0.6341320276260376,0.6795965433120728,0.625780463218689,0.6795965433120728,0.6785714030265808,0.5600000023841858
20,2,63,0.6324633955955505,0.6794619560241699,0.6241025328636169,0.6794619560241699,0.6714285612106323,0.5600000023841858
20,2,64,0.6307808756828308,0.679328441619873,0.6224092841148376,0.679328441619873,0.6714285612106323,0.5600000023841858
20,2,65,0.6290808320045471,0.6791929006576538,0.6206824779510498,0.6791929006576538,0.6714285612106323,0.5600000023841858
20,2,66,0.6273800730705261,0.6790565252304077,0.6189252734184265,0.6790565252304077,0.6785714030265808,0.5600000023841858
20,2,67,0.6256698966026306,0.6789539456367493,0.6171578168869019,0.6789539456367493,0.6857143044471741,0.5600000023841858
20,2,68,0.6239412426948547,0.6788850426673889,0.6153783798217773,0.6788850426673889,0.6857143044471741,0.5600000023841858
20,2,69,0.6221603155136108,0.6788508892059326,0.6135851740837097,0.6788508892059326,0.6857143044471741,0.5600000023841858
20,2,70,0.6203343272209167,0.6788349747657776,0.6117779612541199,0.6788349747657776,0.6785714030265808,0.5600000023841858
20,2,71,0.6184688210487366,0.678816020488739,0.609950602054596,0.678816020488739,0.6785714030265808,0.6000000238418579
20,2,72,0.6165904998779297,0.6788029670715332,0.6081079244613647,0.6788029670715332,0.6785714030265808,0.6000000238418579
20,2,73,0.6146846413612366,0.6788286566734314,0.606260359287262,0.6788286566734314,0.6785714030265808,0.6000000238418579
20,2,74,0.6127507090568542,0.6788980960845947,0.604423999786377,0.6788980960845947,0.6714285612106323,0.6000000238418579
20,2,75,0.6108025908470154,0.6790058016777039,0.6025860905647278,0.6790058016777039,0.6785714030265808,0.6000000238418579
20,2,76,0.6088685989379883,0.6790977716445923,0.6007319688796997,0.6790977716445923,0.6785714030265808,0.6000000238418579
20,2,77,0.6069298386573792,0.6792465448379517,0.5988647937774658,0.6792465448379517,0.6785714030265808,0.6000000238418579
20,2,78,0.604997992515564,0.6794326305389404,0.5969992280006409,0.6794326305389404,0.6785714030265808,0.6000000238418579
20,2,79,0.603091835975647,0.6796337366104126,0.5951736569404602,0.6796337366104126,0.6785714030265808,0.6000000238418579
20,2,80,0.6011688113212585,0.6798150539398193,0.593350887298584,0.6798150539398193,0.6785714030265808,0.6000000238418579
20,2,81,0.5992271900177002,0.6800086498260498,0.5915261507034302,0.6800086498260498,0.6785714030265808,0.6000000238418579
20,2,82,0.5972839593887329,0.6801907420158386,0.5896909832954407,0.6801907420158386,0.6785714030265808,0.6000000238418579
20,2,83,0.5953739881515503,0.6803373694419861,0.5878514051437378,0.6803373694419861,0.6785714030265808,0.6000000238418579
20,2,84,0.5934966802597046,0.6805761456489563,0.5860257148742676,0.6805761456489563,0.6785714030265808,0.6000000238418579
20,2,85,0.591623842716217,0.6809000968933105,0.5842233896255493,0.6809000968933105,0.6785714030265808,0.6000000238418579
20,2,86,0.589716911315918,0.6812071204185486,0.582409143447876,0.6812071204185486,0.6785714030265808,0.6000000238418579
20,2,87,0.5877802968025208,0.6815425753593445,0.5805777311325073,0.6815425753593445,0.6785714030265808,0.6000000238418579
20,2,88,0.5858373641967773,0.6818766593933105,0.5787272453308105,0.6818766593933105,0.6857143044471741,0.6000000238418579
20,2,89,0.5839052200317383,0.6822760701179504,0.5768622756004333,0.6822760701179504,0.6857143044471741,0.6000000238418579
20,2,90,0.5819719433784485,0.682740330696106,0.5749987959861755,0.682740330696106,0.6857143044471741,0.5600000023841858
20,2,91,0.5800150036811829,0.6832485198974609,0.5731332898139954,0.6832485198974609,0.6857143044471741,0.5600000023841858
20,2,92,0.578080415725708,0.6837724447250366,0.5712699890136719,0.6837724447250366,0.6857143044471741,0.5600000023841858
20,2,93,0.5761736631393433,0.6842983365058899,0.5694004893302917,0.6842983365058899,0.6928571462631226,0.5600000023841858
20,2,94,0.5742838978767395,0.6848853230476379,0.567507803440094,0.6848853230476379,0.6928571462631226,0.5600000023841858
20,2,95,0.5723748207092285,0.6855493783950806,0.565599799156189,0.6855493783950806,0.6928571462631226,0.5600000023841858
20,2,96,0.5704450607299805,0.6862910985946655,0.5637080669403076,0.6862910985946655,0.699999988079071,0.5600000023841858
20,2,97,0.5684804320335388,0.6871446371078491,0.5618172287940979,0.6871446371078491,0.7071428298950195,0.5600000023841858
21,3,1,0.6902441382408142,0.6702520251274109,0.6862143278121948,0.6702520251274109,0.5827338099479675,0.7599999904632568
21,3,2,0.6886138916015625,0.671333372592926,0.6862137317657471,0.671333372592926,0.5395683646202087,0.7599999904632568
21,3,3,0.687293529510498,0.6723175644874573,0.686543345451355,0.6723175644874573,0.5251798629760742,0.6399999856948853
21,3,4,0.686104416847229,0.6731714010238647,0.686849057674408,0.6731714010238647,0.5395683646202087,0.6399999856948853
21,3,5,0.6849802732467651,0.6738314032554626,0.6869897246360779,0.6738314032554626,0.5755395889282227,0.6399999856948853
21,3,6,0.6838774681091309,0.6743724942207336,0.6869667768478394,0.6743724942207336,0.5539568066596985,0.6000000238418579
21,3,7,0.6827664971351624,0.6748651266098022,0.6868175864219666,0.6748651266098022,0.5539568066596985,0.6000000238418579
21,3,8,0.6816912889480591,0.6753420233726501,0.6866077780723572,0.6753420233726501,0.568345308303833,0.6000000238418579
21,3,9,0.6806429028511047,0.6757398843765259,0.686349093914032,0.6757398843765259,0.5611510872840881,0.6000000238418579
21,3,10,0.6796363592147827,0.6760186553001404,0.6860464811325073,0.6760186553001404,0.568345308303833,0.6000000238418579
21,3,11,0.6786596775054932,0.6762229204177856,0.685660183429718,0.6762229204177856,0.568345308303833,0.6000000238418579
21,3,12,0.6776801347732544,0.6763103008270264,0.6851220726966858,0.6763103008270264,0.568345308303833,0.6000000238418579
21,3,13,0.6766811609268188,0.6762410998344421,0.6843938231468201,0.6762410998344421,0.5827338099479675,0.6000000238418579
21,3,14,0.6756768226623535,0.6760448217391968,0.6835123896598816,0.6760448217391968,0.568345308303833,0.6000000238418579
21,3,15,0.6746534109115601,0.6758209466934204,0.6825273633003235,0.6758209466934204,0.5827338099479675,0.6000000238418579
21,3,16,0.6736330389976501,0.6755213737487793,0.6814897060394287,0.6755213737487793,0.597122311592102,0.6000000238418579
21,3,17,0.6726119518280029,0.6751770973205566,0.6804017424583435,0.6751770973205566,0.5899280309677124,0.6399999856948853
21,3,18,0.6716108918190002,0.6748406291007996,0.6792922019958496,0.6748406291007996,0.5899280309677124,0.6399999856948853
21,3,19,0.6706082224845886,0.6745577454566956,0.6781428456306458,0.6745577454566956,0.5899280309677124,0.6399999856948853
21,3,20,0.6696104407310486,0.6743530035018921,0.6770337820053101,0.6743530035018921,0.5827338099479675,0.6399999856948853
21,3,21,0.6686358451843262,0.6741669178009033,0.6760064363479614,0.6741669178009033,0.597122311592102,0.6399999856948853
21,3,22,0.6676582098007202,0.673983633518219,0.674972414970398,0.673983633518219,0.597122311592102,0.6399999856948853
21,3,23,0.6666699051856995,0.6738499402999878,0.6739256978034973,0.6738499402999878,0.6043165326118469,0.6399999856948853
21,3,24,0.6656674146652222,0.6737695932388306,0.6729224920272827,0.6737695932388306,0.6115108132362366,0.6399999856948853
21,3,25,0.6646361947059631,0.6736193895339966,0.6719245910644531,0.6736193895339966,0.6258992552757263,0.6399999856948853
21,3,26,0.6635795831680298,0.6734402179718018,0.6708897352218628,0.6734402179718018,0.6258992552757263,0.6399999856948853
22,3,1,0.7033463716506958,0.722985029220581,0.7283725738525391,0.722985029220581,0.40287768840789795,0.4000000059604645
22,3,2,0.7008013725280762,0.7215963006019592,0.723585844039917,0.7215963006019592,0.40287768840789795,0.4000000059604645
22,3,3,0.6994271278381348,0.720703661441803,0.7212985157966614,0.720703661441803,0.40287768840789795,0.4000000059604645
22,3,4,0.6982668042182922,0.7200355529785156,0.7194725275039673,0.7200355529785156,0.40287768840789795,0.4000000059604645
22,3,5,0.6972370147705078,0.7195450663566589,0.7178946733474731,0.7195450663566589,0.40287768840789795,0.4000000059604645
22,3,6,0.6962963342666626,0.7191516757011414,0.7164713740348816,0.7191516757011414,0.40287768840789795,0.4000000059604645
22,3,7,0.6954154968261719,0.7187484502792358,0.7151613235473633,0.7187484502792358,0.40287768840789795,0.4000000059604645
22,3,8,0.6945905685424805,0.7183736562728882,0.7139512896537781,0.7183736562728882,0.40287768840789795,0.4000000059604645
22,3,9,0.6938195824623108,0.7180770039558411,0.7128457427024841,0.7180770039558411,0.40287768840789795,0.4000000059604645
22,3,10,0.6930753588676453,0.7178436517715454,0.7118198871612549,0.7178436517715454,0.40287768840789795,0.4000000059604645
22,3,11,0.6923739314079285,0.7176944017410278,0.7108830809593201,0.7176944017410278,0.40287768840789795,0.4000000059604645
22,3,12,0.6916911602020264,0.7176263928413391,0.710014820098877,0.7176263928413391,0.40287768840789795,0.4000000059604645
22,3,13,0.6910209655761719,0.7176181077957153,0.7091990113258362,0.7176181077957153,0.40287768840789795,0.4000000059604645
22,3,14,0.6903606057167053,0.7176638245582581,0.708422064781189,0.7176638245582581,0.40287768840789795,0.4000000059604645
22,3,15,0.6897246837615967,0.7177491784095764,0.7076826095581055,0.7177491784095764,0.4100719392299652,0.4000000059604645
22,3,16,0.6891005039215088,0.7178647518157959,0.7069592475891113,0.7178647518157959,0.40287768840789795,0.4000000059604645
22,3,17,0.6884870529174805,0.7179693579673767,0.7062466144561768,0.7179693579673767,0.4100719392299652,0.4000000059604645
22,3,18,0.6878768801689148,0.7180812358856201,0.7055267691612244,0.7180812358856201,0.41726619005203247,0.4000000059604645
22,3,19,0.6872643232345581,0.7182081341743469,0.7048056125640869,0.7182081341743469,0.42446044087409973,0.4000000059604645
22,3,20,0.6866489052772522,0.7183464169502258,0.7040926814079285,0.7183464169502258,0.42446044087409973,0.4000000059604645
22,3,21,0.6860209107398987,0.7184774875640869,0.7033660411834717,0.7184774875640869,0.4316546618938446,0.4000000059604645
22,3,22,0.6853816509246826,0.7185922861099243,0.7026109099388123,0.7185922861099243,0.4460431635379791,0.4000000059604645
22,3,23,0.684735119342804,0.7187279462814331,0.7018492221832275,0.7187279462814331,0.4460431635379791,0.4000000059604645
22,3,24,0.6840765476226807,0.7188703417778015,0.7010797262191772,0.7188703417778015,0.43884891271591187,0.4000000059604645
22,3,25,0.6833958625793457,0.7190197706222534,0.7002906203269958,0.7190197706222534,0.4460431635379791,0.4000000059604645
22,3,26,0.6827061772346497,0.7191860675811768,0.6995025873184204,0.7191860675811768,0.4532374143600464,0.4000000059604645
22,3,27,0.6820038557052612,0.719310462474823,0.6987053155899048,0.719310462474823,0.4532374143600464,0.36000001430511475
22,3,28,0.6812905669212341,0.7193679809570312,0.6978997588157654,0.7193679809570312,0.4676258862018585,0.36000001430511475
22,3,29,0.6805581450462341,0.7193925976753235,0.6970682740211487,0.7193925976753235,0.4676258862018585,0.36000001430511475
22,3,30,0.6797999739646912,0.7194543480873108,0.6962052583694458,0.7194543480873108,0.4676258862018585,0.36000001430511475
22,3,31,0.679031491279602,0.7194593548774719,0.6953168511390686,0.7194593548774719,0.4748201370239258,0.36000001430511475
22,3,32,0.6782383322715759,0.7194905281066895,0.6943826675415039,0.7194905281066895,0.4748201370239258,0.36000001430511475
22,3,33,0.6774322986602783,0.7195262312889099,0.6934362053871155,0.7195262312889099,0.48201438784599304,0.36000001430511475
22,3,34,0.6766164898872375,0.7195910811424255,0.6925040483474731,0.7195910811424255,0.4892086386680603,0.36000001430511475
22,3,35,0.6758109927177429,0.7197854518890381,0.6916193962097168,0.7197854518890381,0.4892086386680603,0.36000001430511475
22,3,36,0.6750131249427795,0.7200685143470764,0.6907983422279358,0.7200685143470764,0.49640288949012756,0.36000001430511475
22,3,37,0.6742092370986938,0.7203558087348938,0.6900105476379395,0.7203558087348938,0.4892086386680603,0.36000001430511475
23,3,1,0.692642092704773,0.6903904676437378,0.6865665316581726,0.6903904676437378,0.5899280309677124,0.5600000023841858
23,3,2,0.691487729549408,0.6911858916282654,0.6867691874504089,0.6911858916282654,0.6115108132362366,0.5199999809265137
23,3,3,0.6906502842903137,0.6919515132904053,0.687193751335144,0.6919515132904053,0.633093535900116,0.5600000023841858
23,3,4,0.6898941397666931,0.6926531195640564,0.687597930431366,0.6926531195640564,0.633093535900116,0.5199999809265137
23,3,5,0.689191460609436,0.6932405829429626,0.6879404187202454,0.6932405829429626,0.597122311592102,0.47999998927116394
23,3,6,0.6885296106338501,0.6937482953071594,0.6882023811340332,0.6937482953071594,0.5827338099479675,0.36000001430511475
23,3,7,0.687907338142395,0.6941751837730408,0.6884065270423889,0.6941751837730408,0.5323740839958191,0.47999998927116394
23,3,8,0.6873141527175903,0.6945015788078308,0.6885437965393066,0.6945015788078308,0.5251798629760742,0.36000001430511475
23,3,9,0.6867330074310303,0.6947720050811768,0.6886025667190552,0.6947720050811768,0.5179855823516846,0.4000000059604645
23,3,10,0.6861625909805298,0.695027232170105,0.6886146664619446,0.695027232170105,0.5467625856399536,0.4000000059604645
23,3,11,0.6856027841567993,0.6952822208404541,0.6886168122291565,0.6952822208404541,0.568345308303833,0.4399999976158142
23,3,12,0.6850534677505493,0.6955204606056213,0.6886079907417297,0.6955204606056213,0.5539568066596985,0.4399999976158142
23,3,13,0.6845162510871887,0.6956906914710999,0.688575267791748,0.6956906914710999,0.5611510872840881,0.4399999976158142
23,3,14,0.683979332447052,0.6958092451095581,0.6884982585906982,0.6958092451095581,0.5539568066596985,0.4399999976158142
23,3,15,0.6834402680397034,0.6958888173103333,0.6883813738822937,0.6958888173103333,0.5539568066596985,0.47999998927116394
23,3,16,0.6828975677490234,0.6959254741668701,0.6882182359695435,0.6959254741668701,0.5467625856399536,0.47999998927116394
23,3,17,0.6823488473892212,0.69593346118927,0.6880004405975342,0.69593346118927,0.5467625856399536,0.47999998927116394
23,3,18,0.6817821860313416,0.6958543658256531,0.6877202987670898,0.6958543658256531,0.5467625856399536,0.47999998927116394
23,3,19,0.681194543838501,0.695720374584198,0.6873800158500671,0.695720374584198,0.5539568066596985,0.47999998927116394
23,3,20,0.6806033253669739,0.6955885887145996,0.6870086193084717,0.6955885887145996,0.568345308303833,0.47999998927116394
23,3,21,0.6799920201301575,0.6954731941223145,0.6866126656532288,0.6954731941223145,0.568345308303833,0.47999998927116394
23,3,22,0.6793602108955383,0.6953699588775635,0.6861898303031921,0.6953699588775635,0.568345308303833,0.4000000059604645
23,3,23,0.6786984205245972,0.695187509059906,0.68572998046875,0.695187509059906,0.568345308303833,0.4000000059604645
23,3,24,0.6780087351799011,0.6949735283851624,0.6852161884307861,0.6949735283851624,0.568345308303833,0.36000001430511475
23,3,25,0.6772963404655457,0.6947171092033386,0.6846557259559631,0.6947171092033386,0.568345308303833,0.36000001430511475
23,3,26,0.6765553951263428,0.6944685578346252,0.6840212345123291,0.6944685578346252,0.568345308303833,0.36000001430511475
24,3,1,0.7279248237609863,0.6708183288574219,0.6828985214233398,0.6708183288574219,0.6000000238418579,0.6000000238418579
24,3,2,0.7225407361984253,0.6705348491668701,0.6815435290336609,0.6705348491668701,0.6000000238418579,0.6000000238418579
24,3,3,0.7178842425346375,0.6705921292304993,0.6806637048721313,0.6705921292304993,0.6000000238418579,0.6000000238418579
24,3,4,0.7137331366539001,0.6709117889404297,0.6801338791847229,0.6709117889404297,0.6000000238418579,0.6000000238418579
24,3,5,0.7100034952163696,0.6714085936546326,0.6798682808876038,0.6714085936546326,0.6000000238418579,0.6000000238418579
24,3,6,0.7067239284515381,0.6721065640449524,0.6798613667488098,0.6721065640449524,0.6000000238418579,0.6000000238418579
24,3,7,0.7038494944572449,0.6728805303573608,0.6800462007522583,0.6728805303573608,0.6000000238418579,0.6000000238418579
24,3,8,0.7013465762138367,0.6737363338470459,0.6803948879241943,0.6737363338470459,0.6000000238418579,0.6000000238418579
24,3,9,0.6991257667541504,0.6746343374252319,0.6808173060417175,0.6746343374252319,0.6000000238418579,0.6000000238418579
24,3,10,0.6971285343170166,0.675658643245697,0.6812711954116821,0.675658643245697,0.6000000238418579,0.6000000238418579
24,3,11,0.6953191757202148,0.676757276058197,0.6817477345466614,0.676757276058197,0.6000000238418579,0.6000000238418579
24,3,12,0.6936834454536438,0.6779051423072815,0.6822437047958374,0.6779051423072815,0.6071428656578064,0.6000000238418579
24,3,13,0.6921829581260681,0.6789829134941101,0.6827389597892761,0.6789829134941101,0.5928571224212646,0.6000000238418579
24,3,14,0.6907913088798523,0.6799484491348267,0.6832148432731628,0.6799484491348267,0.6142857074737549,0.6399999856948853
24,3,15,0.6895067691802979,0.680854856967926,0.6836802959442139,0.680854856967926,0.6071428656578064,0.6800000071525574
24,3,16,0.6883358955383301,0.681691586971283,0.6841350197792053,0.681691586971283,0.6285714507102966,0.7599999904632568
24,3,17,0.6872153878211975,0.6824214458465576,0.6845230460166931,0.6824214458465576,0.6214285492897034,0.6399999856948853
24,3,18,0.6861331462860107,0.6831397414207458,0.6848393678665161,0.6831397414207458,0.6428571343421936,0.6000000238418579
24,3,19,0.68512362241745,0.6837868690490723,0.6851276755332947,0.6837868690490723,0.5928571224212646,0.6000000238418579
24,3,20,0.6841750741004944,0.6844680309295654,0.6853708624839783,0.6844680309295654,0.5571428537368774,0.7200000286102295
24,3,21,0.6832595467567444,0.6851170063018799,0.6855536103248596,0.6851170063018799,0.5357142686843872,0.7200000286102295
24,3,22,0.6823852062225342,0.6857095956802368,0.685683012008667,0.6857095956802368,0.5357142686843872,0.7200000286102295
24,3,23,0.6815558075904846,0.6862619519233704,0.6857646107673645,0.6862619519233704,0.5428571701049805,0.7200000286102295
24,3,24,0.6807690858840942,0.686775803565979,0.6858035326004028,0.686775803565979,0.5285714268684387,0.6800000071525574
24,3,25,0.6799917221069336,0.6872079968452454,0.6857690811157227,0.6872079968452454,0.5214285850524902,0.6399999856948853
24,3,26,0.6792100667953491,0.6875661611557007,0.6856542825698853,0.6875661611557007,0.5285714268684387,0.6000000238418579
24,3,27,0.6784220933914185,0.687863290309906,0.685475766658783,0.687863290309906,0.5285714268684387,0.6000000238418579
25,3,1,0.692262589931488,0.6899797916412354,0.6972181797027588,0.6899797916412354,0.4571428596973419,0.47999998927116394
25,3,2,0.690902054309845,0.6903940439224243,0.695450484752655,0.6903940439224243,0.4714285731315613,0.47999998927116394
25,3,3,0.6901593804359436,0.6910168528556824,0.6952614188194275,0.6910168528556824,0.4571428596973419,0.47999998927116394
25,3,4,0.6895132660865784,0.6916812658309937,0.6952981948852539,0.6916812658309937,0.44285714626312256,0.47999998927116394
25,3,5,0.6889360547065735,0.6922839879989624,0.695415735244751,0.6922839879989624,0.4214285612106323,0.4399999976158142
25,3,6,0.6884188055992126,0.6928170919418335,0.6955723762512207,0.6928170919418335,0.40714284777641296,0.4399999976158142
25,3,7,0.6879335045814514,0.6932868957519531,0.695735514163971,0.6932868957519531,0.40714284777641296,0.4399999976158142
25,3,8,0.6874879002571106,0.693656325340271,0.6958872675895691,0.693656325340271,0.41428571939468384,0.4399999976158142
25,3,9,0.6870352029800415,0.6939771175384521,0.6959614157676697,0.6939771175384521,0.4214285612106323,0.4399999976158142
25,3,10,0.6865828037261963,0.6942613124847412,0.6959950923919678,0.6942613124847412,0.4214285612106323,0.4399999976158142
25,3,11,0.6861365437507629,0.6945291757583618,0.6959933638572693,0.6945291757583618,0.4214285612106323,0.4399999976158142
25,3,12,0.6856887936592102,0.6947442889213562,0.6959416270256042,0.6947442889213562,0.4214285612106323,0.4399999976158142
25,3,13,0.6852602362632751,0.6948974132537842,0.6958456039428711,0.6948974132537842,0.4214285612106323,0.4399999976158142
25,3,14,0.6848195195198059,0.6950008869171143,0.6956822276115417,0.6950008869171143,0.4214285612106323,0.47999998927116394
25,3,15,0.6843611598014832,0.6950563788414001,0.6954514384269714,0.6950563788414001,0.4214285612106323,0.47999998927116394
25,3,16,0.6838874220848083,0.6950786113739014,0.6951647400856018,0.6950786113739014,0.4214285612106323,0.47999998927116394
25,3,17,0.6834076046943665,0.6950733065605164,0.6948309540748596,0.6950733065605164,0.4214285612106323,0.47999998927116394
25,3,18,0.6829143166542053,0.6950531601905823,0.6944523453712463,0.6950531601905823,0.4214285612106323,0.47999998927116394
25,3,19,0.6824169754981995,0.6950217485427856,0.694050669670105,0.6950217485427856,0.4214285612106323,0.47999998927116394
25,3,20,0.6819179654121399,0.6950054168701172,0.6936447024345398,0.6950054168701172,0.4285714328289032,0.47999998927116394
25,3,21,0.6814140677452087,0.6950026154518127,0.6932440400123596,0.6950026154518127,0.4285714328289032,0.5199999809265137
25,3,22,0.6808981895446777,0.6949849724769592,0.692832887172699,0.6949849724769592,0.4285714328289032,0.5199999809265137
25,3,23,0.6803727746009827,0.6949526071548462,0.6924065351486206,0.6949526071548462,0.4285714328289032,0.5199999809265137
25,3,24,0.6798343658447266,0.6949341297149658,0.6919654011726379,0.6949341297149658,0.4357142746448517,0.5199999809265137
25,3,25,0.6792799234390259,0.6949183940887451,0.6915108561515808,0.6949183940887451,0.44285714626312256,0.5199999809265137
25,3,26,0.6787149906158447,0.6948463320732117,0.6910355687141418,0.6948463320732117,0.4571428596973419,0.5199999809265137
26,3,1,0.691027045249939,0.6895017027854919,0.6904277801513672,0.6895017027854919,0.5714285969734192,0.5600000023841858
26,3,2,0.6900011897087097,0.6892812848091125,0.6896463632583618,0.6892812848091125,0.5928571224212646,0.5199999809265137
26,3,3,0.689231812953949,0.6890906691551208,0.6891680955886841,0.6890906691551208,0.5928571224212646,0.47999998927116394
26,3,4,0.6885538101196289,0.6889415979385376,0.6887783408164978,0.6889415979385376,0.6000000238418579,0.4399999976158142
26,3,5,0.6878941655158997,0.688829243183136,0.6883889436721802,0.688829243183136,0.6000000238418579,0.47999998927116394
26,3,6,0.6872465014457703,0.6887185573577881,0.6879914402961731,0.6887185573577881,0.6000000238418579,0.47999998927116394
26,3,7,0.6865943074226379,0.6885278224945068,0.687567412853241,0.6885278224945068,0.6142857074737549,0.5199999809265137
26,3,8,0.6859655380249023,0.6883354783058167,0.6871296167373657,0.6883354783058167,0.6142857074737549,0.5199999809265137
26,3,9,0.6853750348091125,0.688189685344696,0.6867040395736694,0.688189685344696,0.6214285492897034,0.5199999809265137
26,3,10,0.6848025918006897,0.6881199479103088,0.686289370059967,0.6881199479103088,0.6142857074737549,0.5199999809265137
26,3,11,0.6842367053031921,0.6880566477775574,0.6858786344528198,0.6880566477775574,0.6214285492897034,0.5600000023841858
26,3,12,0.6836591958999634,0.68800950050354,0.6854543685913086,0.68800950050354,0.6142857074737549,0.5600000023841858
26,3,13,0.6830826997756958,0.6879605650901794,0.6850337386131287,0.6879605650901794,0.6142857074737549,0.5600000023841858
26,3,14,0.6825187802314758,0.6879487633705139,0.6846215128898621,0.6879487633705139,0.6142857074737549,0.5600000023841858
26,3,15,0.6819774508476257,0.6879532337188721,0.6842330694198608,0.6879532337188721,0.6142857074737549,0.5600000023841858
26,3,16,0.6814332008361816,0.6879762411117554,0.6838557720184326,0.6879762411117554,0.6142857074737549,0.5600000023841858
26,3,17,0.6808916926383972,0.6880397200584412,0.6834914684295654,0.6880397200584412,0.6142857074737549,0.5600000023841858
26,3,18,0.680346667766571,0.6881099939346313,0.68310546875,0.6881099939346313,0.6071428656578064,0.6000000238418579
26,3,19,0.6797703504562378,0.6881648898124695,0.6826590895652771,0.6881648898124695,0.6071428656578064,0.6000000238418579
26,3,20,0.6791720390319824,0.6882177591323853,0.6821743845939636,0.6882177591323853,0.6071428656578064,0.6000000238418579
26,3,21,0.6785799860954285,0.6882948875427246,0.6817022562026978,0.6882948875427246,0.6285714507102966,0.5600000023841858
26,3,22,0.6779980063438416,0.6884084343910217,0.6812559366226196,0.6884084343910217,0.6357142925262451,0.5600000023841858
26,3,23,0.6774226427078247,0.68854820728302,0.6808139681816101,0.68854820728302,0.6357142925262451,0.5600000023841858
26,3,24,0.676828920841217,0.6887301802635193,0.680355966091156,0.6887301802635193,0.6357142925262451,0.5600000023841858
26,3,25,0.6762279272079468,0.6889362335205078,0.6798931956291199,0.6889362335205078,0.6357142925262451,0.5600000023841858
26,3,26,0.6756010055541992,0.689119279384613,0.6793981194496155,0.689119279384613,0.6428571343421936,0.5600000023841858
26,3,27,0.6749632954597473,0.6893144249916077,0.6789021492004395,0.6893144249916077,0.6499999761581421,0.5600000023841858
26,3,28,0.6743115186691284,0.6894852519035339,0.6783828139305115,0.6894852519035339,0.6428571343421936,0.5600000023841858
26,3,29,0.673645555973053,0.6896248459815979,0.6778256297111511,0.6896248459815979,0.6499999761581421,0.5600000023841858
26,3,30,0.6729614734649658,0.6897401213645935,0.677223265171051,0.6897401213645935,0.6571428775787354,0.5199999809265137
26,3,31,0.6722634434700012,0.6898671984672546,0.6765978336334229,0.6898671984672546,0.6642857193946838,0.47999998927116394
26,3,32,0.6715680956840515,0.6900368332862854,0.6759796738624573,0.6900368332862854,0.6714285612106323,0.5199999809265137
26,3,33,0.6708682179450989,0.6902572512626648,0.6753770709037781,0.6902572512626648,0.6642857193946838,0.5199999809265137
26,3,34,0.6701663136482239,0.6904909610748291,0.6747800707817078,0.6904909610748291,0.6642857193946838,0.5199999809265137
26,3,35,0.6694574356079102,0.6907318234443665,0.6741777658462524,0.6907318234443665,0.6714285612106323,0.5199999809265137
26,3,36,0.6687328219413757,0.6909722685813904,0.6735575795173645,0.6909722685813904,0.6714285612106323,0.5199999809265137
26,3,37,0.6679844260215759,0.6912182569503784,0.6729105114936829,0.6912182569503784,0.6642857193946838,0.5199999809265137
26,3,38,0.667220950126648,0.6914680600166321,0.6722413301467896,0.6914680600166321,0.6571428775787354,0.5199999809265137
26,3,39,0.666438102722168,0.6917150616645813,0.6715447902679443,0.6917150616645813,0.6571428775787354,0.5199999809265137
27,3,1,0.6899260878562927,0.6931338310241699,0.6939184069633484,0.6931338310241699,0.48571428656578064,0.47999998927116394
27,3,2,0.6888429522514343,0.6917790770530701,0.6922387480735779,0.6917790770530701,0.5071428418159485,0.4399999976158142
27,3,3,0.6880221366882324,0.6904656887054443,0.6906208992004395,0.6904656887054443,0.5357142686843872,0.5199999809265137
27,3,4,0.6872814297676086,0.6892149448394775,0.6891202330589294,0.6892149448394775,0.5642856955528259,0.5199999809265137
27,3,5,0.6865808367729187,0.6880144476890564,0.6877282857894897,0.6880144476890564,0.5785714387893677,0.5199999809265137
27,3,6,0.6859211921691895,0.6868765354156494,0.6864755153656006,0.6868765354156494,0.5857142806053162,0.5600000023841858
27,3,7,0.6852805614471436,0.6858806610107422,0.6853318810462952,0.6858806610107422,0.6071428656578064,0.6000000238418579
27,3,8,0.684651255607605,0.6849640011787415,0.6842711567878723,0.6849640011787415,0.6071428656578064,0.6000000238418579
27,3,9,0.6840085387229919,0.6841094493865967,0.6832601428031921,0.6841094493865967,0.6071428656578064,0.6000000238418579
27,3,10,0.6833747029304504,0.6833359003067017,0.6823224425315857,0.6833359003067017,0.6000000238418579,0.6000000238418579
27,3,11,0.6827251315116882,0.6825910210609436,0.6814314723014832,0.6825910210609436,0.6142857074737549,0.6000000238418579
27,3,12,0.6820762753486633,0.6818984150886536,0.6805748343467712,0.6818984150886536,0.6214285492897034,0.6000000238418579
27,3,13,0.6814157962799072,0.6812335252761841,0.6797681450843811,0.6812335252761841,0.6357142925262451,0.6000000238418579
27,3,14,0.6807407140731812,0.680571436882019,0.6790027618408203,0.680571436882019,0.6428571343421936,0.6000000238418579
27,3,15,0.6800490021705627,0.6799371242523193,0.6782594323158264,0.6799371242523193,0.6428571343421936,0.6000000238418579
27,3,16,0.6793423295021057,0.6792834997177124,0.6775315403938293,0.6792834997177124,0.6499999761581421,0.6000000238418579
27,3,17,0.6786149740219116,0.6786329746246338,0.6768066883087158,0.6786329746246338,0.6499999761581421,0.6000000238418579
27,3,18,0.6778700947761536,0.6780151128768921,0.6761022210121155,0.6780151128768921,0.6499999761581421,0.6000000238418579
27,3,19,0.6771149635314941,0.6774351000785828,0.6754064559936523,0.6774351000785828,0.6499999761581421,0.6000000238418579
27,3,20,0.6763268709182739,0.6768413782119751,0.6747052669525146,0.6768413782119751,0.6499999761581421,0.6000000238418579
27,3,21,0.6755200028419495,0.676089346408844,0.6739794611930847,0.676089346408844,0.6499999761581421,0.6399999856948853
27,3,22,0.6746678352355957,0.67529296875,0.6731977462768555,0.67529296875,0.6571428775787354,0.6399999856948853
27,3,23,0.6737399697303772,0.674513578414917,0.6723750233650208,0.674513578414917,0.6714285612106323,0.6399999856948853
27,3,24,0.672770082950592,0.6737417578697205,0.6715327501296997,0.6737417578697205,0.6785714030265808,0.6399999856948853
27,3,25,0.6717944145202637,0.6729439496994019,0.6706781387329102,0.6729439496994019,0.6714285612106323,0.6399999856948853
27,3,26,0.6708070635795593,0.6721168756484985,0.669766902923584,0.6721168756484985,0.6785714030265808,0.6399999856948853
27,3,27,0.669780433177948,0.6713317036628723,0.6687719821929932,0.6713317036628723,0.6785714030265808,0.6399999856948853
27,3,28,0.6687049269676208,0.6705652475357056,0.6677107214927673,0.6705652475357056,0.6785714030265808,0.6800000071525574
27,3,29,0.6676324009895325,0.6697956323623657,0.6666357517242432,0.6697956323623657,0.6785714030265808,0.6800000071525574
27,3,30,0.6665800213813782,0.6690601110458374,0.665573000907898,0.6690601110458374,0.6785714030265808,0.6800000071525574
27,3,31,0.6655481457710266,0.6683889627456665,0.6645169854164124,0.6683889627456665,0.6785714030265808,0.6800000071525574
27,3,32,0.6645280718803406,0.6677637696266174,0.6634558439254761,0.6677637696266174,0.6785714030265808,0.6800000071525574
27,3,33,0.6635521054267883,0.6671023368835449,0.6623913645744324,0.6671023368835449,0.6785714030265808,0.6800000071525574
27,3,34,0.6625955700874329,0.6663607954978943,0.6613041758537292,0.6663607954978943,0.6857143044471741,0.6800000071525574
27,3,35,0.6616223454475403,0.6654955148696899,0.660153329372406,0.6654955148696899,0.6857143044471741,0.6800000071525574
27,3,36,0.6606335639953613,0.6646521091461182,0.6589721441268921,0.6646521091461182,0.6857143044471741,0.6800000071525574
27,3,37,0.6596289277076721,0.663815975189209,0.6578086614608765,0.663815975189209,0.6857143044471741,0.6800000071525574
27,3,38,0.6586141586303711,0.6630223989486694,0.6566579341888428,0.6630223989486694,0.6857143044471741,0.6800000071525574
27,3,39,0.6575722098350525,0.6623011827468872,0.655515193939209,0.6623011827468872,0.6857143044471741,0.6800000071525574
27,3,40,0.6564964056015015,0.6615398526191711,0.6543422341346741,0.6615398526191711,0.6857143044471741,0.7200000286102295
27,3,41,0.6553975343704224,0.6607210040092468,0.6531163454055786,0.6607210040092468,0.6857143044471741,0.7200000286102295
27,3,42,0.6542544960975647,0.6599001884460449,0.6518232822418213,0.6599001884460449,0.6857143044471741,0.7200000286102295
27,3,43,0.6530911326408386,0.6591047644615173,0.6505202054977417,0.6591047644615173,0.6857143044471741,0.7200000286102295
27,3,44,0.6518672108650208,0.6582489013671875,0.6491732001304626,0.6582489013671875,0.6857143044471741,0.7200000286102295
27,3,45,0.6506342887878418,0.6574737429618835,0.6478046178817749,0.6574737429618835,0.6928571462631226,0.7200000286102295
27,3,46,0.6493520736694336,0.6569466590881348,0.6464494466781616,0.6569466590881348,0.6928571462631226,0.7200000286102295
27,3,47,0.6480333805084229,0.6564263701438904,0.6451171636581421,0.6564263701438904,0.6928571462631226,0.7200000286102295
27,3,48,0.6466848254203796,0.6558297872543335,0.6437532305717468,0.6558297872543335,0.6928571462631226,0.7200000286102295
27,3,49,0.6452951431274414,0.6552022695541382,0.6422829031944275,0.6552022695541382,0.6857143044471741,0.7200000286102295
27,3,50,0.643882691860199,0.6547344326972961,0.6407938003540039,0.6547344326972961,0.6928571462631226,0.7200000286102295
27,3,51,0.6424386501312256,0.6544893383979797,0.6393501162528992,0.6544893383979797,0.699999988079071,0.7200000286102295
27,3,52,0.6409751176834106,0.6543611288070679,0.6379476189613342,0.6543611288070679,0.699999988079071,0.7200000286102295
27,3,53,0.6395257115364075,0.6543869972229004,0.6366021037101746,0.6543869972229004,0.6928571462631226,0.7200000286102295
27,3,54,0.6380845308303833,0.6544981598854065,0.635330080986023,0.6544981598854065,0.6857143044471741,0.7200000286102295
27,3,55,0.636647641658783,0.6546257138252258,0.6341105699539185,0.6546257138252258,0.6928571462631226,0.7200000286102295
27,3,56,0.6351877450942993,0.6547930240631104,0.6328979730606079,0.6547930240631104,0.6928571462631226,0.7200000286102295
27,3,57,0.6336979269981384,0.6549153923988342,0.6316474676132202,0.6549153923988342,0.6928571462631226,0.7200000286102295
27,3,58,0.6321969628334045,0.6549391150474548,0.6303173899650574,0.6549391150474548,0.6928571462631226,0.7200000286102295
27,3,59,0.6306723356246948,0.6548689007759094,0.6288657188415527,0.6548689007759094,0.6928571462631226,0.7200000286102295
27,3,60,0.629126250743866,0.654778003692627,0.6273137927055359,0.654778003692627,0.699999988079071,0.7200000286102295
27,3,61,0.6275492310523987,0.6546743512153625,0.6257018446922302,0.6546743512153625,0.7071428298950195,0.7200000286102295
27,3,62,0.6259316802024841,0.6546680927276611,0.6240732073783875,0.6546680927276611,0.7071428298950195,0.7200000286102295
27,3,63,0.6242596507072449,0.6546775698661804,0.6224645376205444,0.6546775698661804,0.7071428298950195,0.7200000286102295
27,3,64,0.6225667595863342,0.6546233892440796,0.6208285689353943,0.6546233892440796,0.7071428298950195,0.7200000286102295
27,3,65,0.6208463907241821,0.6546491980552673,0.6191307306289673,0.6546491980552673,0.7071428298950195,0.6800000071525574
27,3,66,0.6190903782844543,0.6547943353652954,0.6174004673957825,0.6547943353652954,0.7071428298950195,0.6800000071525574
27,3,67,0.6173064112663269,0.6550700664520264,0.6156816482543945,0.6550700664520264,0.7071428298950195,0.6800000071525574
27,3,68,0.6155059337615967,0.655320405960083,0.6139679551124573,0.655320405960083,0.7071428298950195,0.6800000071525574
27,3,69,0.6136941909790039,0.6554054021835327,0.6121936440467834,0.6554054021835327,0.7071428298950195,0.6800000071525574
27,3,70,0.611873984336853,0.6553944945335388,0.6102915406227112,0.6553944945335388,0.7142857313156128,0.6800000071525574
27,3,71,0.6100213527679443,0.6554622054100037,0.6083072423934937,0.6554622054100037,0.7214285731315613,0.6800000071525574
27,3,72,0.6081266403198242,0.6556199789047241,0.6063079237937927,0.6556199789047241,0.7214285731315613,0.6800000071525574
27,3,73,0.6062027215957642,0.6557924747467041,0.6043242812156677,0.6557924747467041,0.7214285731315613,0.6800000071525574
27,3,74,0.6042361259460449,0.6559974551200867,0.6023303866386414,0.6559974551200867,0.7214285731315613,0.6800000071525574
27,3,75,0.602236807346344,0.6561836004257202,0.6003103256225586,0.6561836004257202,0.7285714149475098,0.6800000071525574
27,3,76,0.6002135276794434,0.6563993096351624,0.5982694625854492,0.6563993096351624,0.7428571581840515,0.6800000071525574
27,3,77,0.5981725454330444,0.6566482782363892,0.5962502360343933,0.6566482782363892,0.75,0.6800000071525574
28,3,1,0.6995530128479004,0.6987067461013794,0.7078457474708557,0.6987067461013794,0.3928571343421936,0.4000000059604645
28,3,2,0.6980693936347961,0.6985089182853699,0.7057859301567078,0.6985089182853699,0.3928571343421936,0.4000000059604645
28,3,3,0.6969893574714661,0.6984562873840332,0.7040112018585205,0.6984562873840332,0.3857142925262451,0.4000000059604645
28,3,4,0.6959367990493774,0.6983969807624817,0.7022861242294312,0.6983969807624817,0.3857142925262451,0.4000000059604645
28,3,5,0.6949294209480286,0.6984947919845581,0.7006891369819641,0.6984947919845581,0.3928571343421936,0.4399999976158142
28,3,6,0.6939280033111572,0.6987108588218689,0.6992096900939941,0.6987108588218689,0.3928571343421936,0.4399999976158142
28,3,7,0.692932665348053,0.6990789771080017,0.6978683471679688,0.6990789771080017,0.3928571343421936,0.4399999976158142
28,3,8,0.6920123100280762,0.6995884776115417,0.6967135071754456,0.6995884776115417,0.3857142925262451,0.4399999976158142
28,3,9,0.6911008954048157,0.7001783847808838,0.6956431865692139,0.7001783847808838,0.3928571343421936,0.4000000059604645
28,3,10,0.6901623606681824,0.7007712721824646,0.6946117877960205,0.7007712721824646,0.3928571343421936,0.4000000059604645
28,3,11,0.6891727447509766,0.7013383507728577,0.6935853362083435,0.7013383507728577,0.4000000059604645,0.4399999976158142
28,3,12,0.6881239414215088,0.7020204067230225,0.6925490498542786,0.7020204067230225,0.40714284777641296,0.4399999976158142
28,3,13,0.6870800256729126,0.7027266025543213,0.6915661692619324,0.7027266025543213,0.4285714328289032,0.4399999976158142
28,3,14,0.686026394367218,0.703488290309906,0.690590500831604,0.703488290309906,0.44999998807907104,0.4399999976158142
28,3,15,0.6849923133850098,0.7042933702468872,0.6896635293960571,0.7042933702468872,0.48571428656578064,0.4000000059604645
28,3,16,0.683953583240509,0.7048521637916565,0.6887288689613342,0.7048521637916565,0.5071428418159485,0.4399999976158142
28,3,17,0.6829555034637451,0.7053936719894409,0.6877997517585754,0.7053936719894409,0.5285714268684387,0.47999998927116394
28,3,18,0.6819936633110046,0.7060472369194031,0.6868782043457031,0.7060472369194031,0.550000011920929,0.4399999976158142
28,3,19,0.6810385584831238,0.7066454291343689,0.6859197616577148,0.7066454291343689,0.5571428537368774,0.47999998927116394
28,3,20,0.6800891757011414,0.7072280645370483,0.6849514245986938,0.7072280645370483,0.5642856955528259,0.47999998927116394
28,3,21,0.6791765093803406,0.7078590393066406,0.6840377449989319,0.7078590393066406,0.5928571224212646,0.4399999976158142
28,3,22,0.6782998442649841,0.708331286907196,0.6831440329551697,0.708331286907196,0.6000000238418579,0.4399999976158142
28,3,23,0.677430272102356,0.7087470889091492,0.6822015643119812,0.7087470889091492,0.6000000238418579,0.4399999976158142
28,3,24,0.6765727400779724,0.7092424631118774,0.6812512278556824,0.7092424631118774,0.6000000238418579,0.4000000059604645
28,3,25,0.6757201552391052,0.7097312211990356,0.680328369140625,0.7097312211990356,0.6142857074737549,0.4000000059604645
28,3,26,0.6748737692832947,0.7102053761482239,0.6794275045394897,0.7102053761482239,0.6214285492897034,0.4000000059604645
28,3,27,0.674024760723114,0.7106961011886597,0.6785368919372559,0.7106961011886597,0.6000000238418579,0.4399999976158142
28,3,28,0.6731645464897156,0.711179792881012,0.677642285823822,0.711179792881012,0.6000000238418579,0.4399999976158142
28,3,29,0.6722880005836487,0.7116464376449585,0.676724374294281,0.7116464376449585,0.6000000238418579,0.4399999976158142
29,3,1,0.7025892734527588,0.681293249130249,0.6833047866821289,0.681293249130249,0.5928571224212646,0.6000000238418579
29,3,2,0.7000287771224976,0.6808564066886902,0.6831997632980347,0.6808564066886902,0.5928571224212646,0.6000000238418579
29,3,3,0.6979532837867737,0.680483341217041,0.6833387613296509,0.680483341217041,0.5928571224212646,0.6000000238418579
29,3,4,0.6961355805397034,0.6801674365997314,0.6835328936576843,0.6801674365997314,0.5928571224212646,0.6000000238418579
29,3,5,0.6944972276687622,0.6798577904701233,0.6837089657783508,0.6798577904701233,0.5857142806053162,0.6399999856948853
29,3,6,0.6930119395256042,0.6795604825019836,0.683854341506958,0.6795604825019836,0.5928571224212646,0.6399999856948853
29,3,7,0.6917173266410828,0.6792773604393005,0.6840139627456665,0.6792773604393005,0.5928571224212646,0.6399999856948853
29,3,8,0.6905443072319031,0.6789342761039734,0.6841109991073608,0.6789342761039734,0.5928571224212646,0.6800000071525574
29,3,9,0.6894423961639404,0.6784502267837524,0.6840540170669556,0.6784502267837524,0.6000000238418579,0.6800000071525574
29,3,10,0.6883860230445862,0.6778375506401062,0.6838449835777283,0.6778375506401062,0.6214285492897034,0.6399999856948853
29,3,11,0.6873887777328491,0.6771716475486755,0.6835302114486694,0.6771716475486755,0.6357142925262451,0.6399999856948853
29,3,12,0.6864074468612671,0.6763946413993835,0.6831029653549194,0.6763946413993835,0.6428571343421936,0.6399999856948853
29,3,13,0.6854058504104614,0.6755497455596924,0.682538628578186,0.6755497455596924,0.6357142925262451,0.6399999856948853
29,3,14,0.6843681335449219,0.6746036410331726,0.6818189024925232,0.6746036410331726,0.6499999761581421,0.7599999904632568
29,3,15,0.6833445429801941,0.6735658049583435,0.6810317039489746,0.6735658049583435,0.6428571343421936,0.7599999904632568
29,3,16,0.6823527812957764,0.6725100874900818,0.680218517780304,0.6725100874900818,0.6214285492897034,0.7200000286102295
29,3,17,0.6813778281211853,0.6715101599693298,0.6794094443321228,0.6715101599693298,0.6357142925262451,0.7599999904632568
29,3,18,0.6803868412971497,0.6705355644226074,0.6786065101623535,0.6705355644226074,0.6428571343421936,0.7599999904632568
29,3,19,0.6793951988220215,0.6696016788482666,0.6778052449226379,0.6696016788482666,0.6357142925262451,0.7599999904632568
29,3,20,0.6783976554870605,0.6687006950378418,0.6769890189170837,0.6687006950378418,0.6428571343421936,0.7200000286102295
29,3,21,0.6773877739906311,0.6678299903869629,0.6761549115180969,0.6678299903869629,0.6499999761581421,0.7200000286102295
29,3,22,0.6763307452201843,0.6669468879699707,0.6752634644508362,0.6669468879699707,0.6571428775787354,0.6800000071525574
29,3,23,0.6752352118492126,0.6660435199737549,0.6743137836456299,0.6660435199737549,0.6642857193946838,0.6800000071525574
29,3,24,0.674095869064331,0.6650551557540894,0.6733008027076721,0.6650551557540894,0.6642857193946838,0.6399999856948853
29,3,25,0.6729270219802856,0.6639482378959656,0.6722028851509094,0.6639482378959656,0.6642857193946838,0.6399999856948853
29,3,26,0.6717338562011719,0.662730872631073,0.671030580997467,0.662730872631073,0.6571428775787354,0.6800000071525574
29,3,27,0.6705207824707031,0.6615186929702759,0.6698226928710938,0.6615186929702759,0.6714285612106323,0.6800000071525574
29,3,28,0.6692616939544678,0.6603240966796875,0.6685465574264526,0.6603240966796875,0.6714285612106323,0.6800000071525574
29,3,29,0.6679661273956299,0.6591669321060181,0.6672114729881287,0.6591669321060181,0.6714285612106323,0.6800000071525574
29,3,30,0.6666428446769714,0.6579865217208862,0.6658480763435364,0.6579865217208862,0.6642857193946838,0.6800000071525574
29,3,31,0.6652768850326538,0.6567637920379639,0.6644536852836609,0.6567637920379639,0.6714285612106323,0.6800000071525574
29,3,32,0.6638824343681335,0.6555243134498596,0.6630344986915588,0.6555243134498596,0.6642857193946838,0.6800000071525574
29,3,33,0.6624587178230286,0.6542405486106873,0.6615927815437317,0.6542405486106873,0.6571428775787354,0.6800000071525574
29,3,34,0.6610078811645508,0.6530050039291382,0.660089373588562,0.6530050039291382,0.6642857193946838,0.6800000071525574
29,3,35,0.6595308184623718,0.6517822742462158,0.6585388779640198,0.6517822742462158,0.6714285612106323,0.6800000071525574
29,3,36,0.6579981446266174,0.6506465673446655,0.6569033265113831,0.6506465673446655,0.6714285612106323,0.6800000071525574
29,3,37,0.6564282178878784,0.6495396494865417,0.6552415490150452,0.6495396494865417,0.6714285612106323,0.6800000071525574
29,3,38,0.6548821330070496,0.6484484672546387,0.6536058783531189,0.6484484672546387,0.6714285612106323,0.7200000286102295
29,3,39,0.6533651351928711,0.6474129557609558,0.6520940065383911,0.6474129557609558,0.6714285612106323,0.7200000286102295
29,3,40,0.6518141627311707,0.6464301943778992,0.6506476402282715,0.6464301943778992,0.6714285612106323,0.7200000286102295
29,3,41,0.6502560973167419,0.6454830169677734,0.6492365598678589,0.6454830169677734,0.6857143044471741,0.7200000286102295
29,3,42,0.6486826539039612,0.6445251703262329,0.6478617787361145,0.6445251703262329,0.6857143044471741,0.7200000286102295
29,3,43,0.6470845937728882,0.6435067057609558,0.6464448571205139,0.6435067057609558,0.6857143044471741,0.7200000286102295
29,3,44,0.645473301410675,0.6424054503440857,0.6449208855628967,0.6424054503440857,0.6857143044471741,0.6800000071525574
29,3,45,0.6438920497894287,0.6412930488586426,0.643370509147644,0.6412930488586426,0.6857143044471741,0.6800000071525574
29,3,46,0.6423041224479675,0.6401963829994202,0.6418040990829468,0.6401963829994202,0.6857143044471741,0.6800000071525574
29,3,47,0.6407178044319153,0.6391623020172119,0.6402208805084229,0.6391623020172119,0.6857143044471741,0.6800000071525574
29,3,48,0.6391301155090332,0.6382089853286743,0.638706386089325,0.6382089853286743,0.6857143044471741,0.6800000071525574
29,3,49,0.6375054121017456,0.6372557282447815,0.6371752023696899,0.6372557282447815,0.6785714030265808,0.6800000071525574
29,3,50,0.6358587741851807,0.6362629532814026,0.635556161403656,0.6362629532814026,0.6785714030265808,0.7200000286102295
29,3,51,0.6342195868492126,0.6352708339691162,0.6339187622070312,0.6352708339691162,0.6785714030265808,0.7200000286102295
29,3,52,0.6325512528419495,0.6342416405677795,0.6322066187858582,0.6342416405677795,0.6785714030265808,0.7200000286102295
29,3,53,0.6308643817901611,0.6332266330718994,0.6303902864456177,0.6332266330718994,0.6785714030265808,0.7200000286102295
29,3,54,0.6291601061820984,0.6322997808456421,0.6285784244537354,0.6322997808456421,0.6785714030265808,0.7200000286102295
29,3,55,0.6274437308311462,0.6314331889152527,0.6268523931503296,0.6314331889152527,0.6785714030265808,0.7200000286102295
29,3,56,0.6257204413414001,0.6306601762771606,0.6251755952835083,0.6306601762771606,0.6785714030265808,0.7200000286102295
29,3,57,0.6240043640136719,0.6299592852592468,0.623515784740448,0.6299592852592468,0.6785714030265808,0.7200000286102295
29,3,58,0.6222863793373108,0.6292163133621216,0.6218279004096985,0.6292163133621216,0.6785714030265808,0.7200000286102295
29,3,59,0.6205766797065735,0.6285055875778198,0.6201049089431763,0.6285055875778198,0.6785714030265808,0.7200000286102295
29,3,60,0.6188763380050659,0.6278761625289917,0.6183724403381348,0.6278761625289917,0.6785714030265808,0.7200000286102295
29,3,61,0.6171804070472717,0.6272763609886169,0.6166818141937256,0.6272763609886169,0.6785714030265808,0.7200000286102295
29,3,62,0.6154886484146118,0.6266798973083496,0.6149582862854004,0.6266798973083496,0.6785714030265808,0.7200000286102295
29,3,63,0.6138180494308472,0.6261321902275085,0.6132473349571228,0.6261321902275085,0.6857143044471741,0.7200000286102295
29,3,64,0.6121511459350586,0.6256316304206848,0.6115270853042603,0.6256316304206848,0.6857143044471741,0.7599999904632568
29,3,65,0.6105015277862549,0.6252381801605225,0.6098383665084839,0.6252381801605225,0.6857143044471741,0.7599999904632568
29,3,66,0.6088470816612244,0.6248604655265808,0.6081765294075012,0.6248604655265808,0.6857143044471741,0.7599999904632568
29,3,67,0.607189416885376,0.6245643496513367,0.6065187454223633,0.6245643496513367,0.6857143044471741,0.7599999904632568
29,3,68,0.6055266857147217,0.6243255138397217,0.6048917770385742,0.6243255138397217,0.6857143044471741,0.7599999904632568
29,3,69,0.6038528680801392,0.624126136302948,0.6032395362854004,0.624126136302948,0.6857143044471741,0.7599999904632568
29,3,70,0.6021792888641357,0.6240582466125488,0.6015967130661011,0.6240582466125488,0.6857143044471741,0.7599999904632568
29,3,71,0.600503146648407,0.624037504196167,0.599998950958252,0.624037504196167,0.6857143044471741,0.7599999904632568
29,3,72,0.5988200306892395,0.6240036487579346,0.5983650088310242,0.6240036487579346,0.6857143044471741,0.7599999904632568
29,3,73,0.5971497893333435,0.6240370869636536,0.5967185497283936,0.6240370869636536,0.6857143044471741,0.7200000286102295
29,3,74,0.5954791307449341,0.6241675019264221,0.5950669646263123,0.6241675019264221,0.6857143044471741,0.7200000286102295
29,3,75,0.5937913060188293,0.6244194507598877,0.5934425592422485,0.6244194507598877,0.6857143044471741,0.7200000286102295
29,3,76,0.592094898223877,0.6247807145118713,0.5918238759040833,0.6247807145118713,0.6928571462631226,0.7200000286102295
29,3,77,0.5903975367546082,0.6251764893531799,0.5901764035224915,0.6251764893531799,0.6928571462631226,0.7200000286102295
29,3,78,0.5886999368667603,0.625607967376709,0.5885104537010193,0.625607967376709,0.699999988079071,0.7200000286102295
29,3,79,0.5870116353034973,0.6261180639266968,0.5868480205535889,0.6261180639266968,0.699999988079071,0.7200000286102295
29,3,80,0.5853192806243896,0.6266978979110718,0.58519446849823,0.6266978979110718,0.699999988079071,0.7200000286102295
29,3,81,0.5836108326911926,0.6272894144058228,0.5834671854972839,0.6272894144058228,0.699999988079071,0.7200000286102295
29,3,82,0.5819163918495178,0.628027081489563,0.5817368626594543,0.628027081489563,0.7071428298950195,0.7200000286102295
29,3,83,0.5802133083343506,0.6288886070251465,0.5801133513450623,0.6288886070251465,0.7071428298950195,0.7200000286102295
29,3,84,0.5784780979156494,0.6297720670700073,0.5784657001495361,0.6297720670700073,0.7071428298950195,0.7200000286102295
29,3,85,0.5767388343811035,0.6308088898658752,0.5768498778343201,0.6308088898658752,0.7071428298950195,0.7200000286102295
29,3,86,0.5750066637992859,0.6319294571876526,0.5753446817398071,0.6319294571876526,0.699999988079071,0.7200000286102295
29,3,87,0.573253333568573,0.6329523921012878,0.5737482905387878,0.6329523921012878,0.699999988079071,0.7200000286102295
29,3,88,0.5715247392654419,0.6339844465255737,0.5720184445381165,0.6339844465255737,0.7071428298950195,0.7200000286102295
29,3,89,0.5698026418685913,0.6351207494735718,0.5703356862068176,0.6351207494735718,0.7071428298950195,0.7200000286102295
29,3,90,0.5680660009384155,0.6363794207572937,0.5687418580055237,0.6363794207572937,0.7071428298950195,0.7200000286102295
29,3,91,0.5663188695907593,0.6376712918281555,0.5671719312667847,0.6376712918281555,0.7142857313156128,0.7200000286102295
29,3,92,0.5645658373832703,0.6389380693435669,0.5655069947242737,0.6389380693435669,0.7142857313156128,0.7200000286102295
29,3,93,0.562818706035614,0.640231728553772,0.5637654662132263,0.640231728553772,0.7142857313156128,0.7200000286102295
29,3,94,0.5610873103141785,0.641633152961731,0.562099814414978,0.641633152961731,0.7142857313156128,0.7200000286102295
29,3,95,0.5593279004096985,0.6430572271347046,0.5604384541511536,0.6430572271347046,0.7214285731315613,0.7200000286102295
29,3,96,0.5575722455978394,0.6445050835609436,0.5587064027786255,0.6445050835609436,0.7214285731315613,0.7200000286102295
29,3,97,0.5558276772499084,0.6460077166557312,0.5569631457328796,0.6460077166557312,0.7214285731315613,0.7200000286102295
30,3,1,0.6970688700675964,0.690751314163208,0.6980939507484436,0.690751314163208,0.44999998807907104,0.5199999809265137
30,3,2,0.6960351467132568,0.6906718611717224,0.6977455019950867,0.6906718611717224,0.44999998807907104,0.47999998927116394
30,3,3,0.6954195499420166,0.6906248331069946,0.6976731419563293,0.6906248331069946,0.4357142746448517,0.47999998927116394
30,3,4,0.6948551535606384,0.6906062364578247,0.6976075172424316,0.6906062364578247,0.44999998807907104,0.47999998927116394
30,3,5,0.6943110227584839,0.6905678510665894,0.6975294351577759,0.6905678510665894,0.4357142746448517,0.47999998927116394
30,3,6,0.6938000321388245,0.6905075907707214,0.697439968585968,0.6905075907707214,0.4357142746448517,0.47999998927116394
30,3,7,0.6932990550994873,0.6903769969940186,0.6973112225532532,0.6903769969940186,0.4357142746448517,0.47999998927116394
30,3,8,0.6927957534790039,0.6901928782463074,0.6971315741539001,0.6901928782463074,0.4357142746448517,0.47999998927116394
30,3,9,0.6922850608825684,0.6899484992027283,0.6969119310379028,0.6899484992027283,0.4357142746448517,0.47999998927116394
30,3,10,0.6917713284492493,0.6896784901618958,0.6966552734375,0.6896784901618958,0.44285714626312256,0.47999998927116394
30,3,11,0.6912614703178406,0.6894054412841797,0.6963700652122498,0.6894054412841797,0.44285714626312256,0.47999998927116394
30,3,12,0.6907665133476257,0.6891071200370789,0.6960647106170654,0.6891071200370789,0.4571428596973419,0.47999998927116394
30,3,13,0.690269410610199,0.688764750957489,0.6957223415374756,0.688764750957489,0.4571428596973419,0.47999998927116394
30,3,14,0.6897798776626587,0.6883715987205505,0.6953544020652771,0.6883715987205505,0.4642857015132904,0.47999998927116394
30,3,15,0.6893033981323242,0.6879724264144897,0.6949674487113953,0.6879724264144897,0.4714285731315613,0.47999998927116394
30,3,16,0.6888387203216553,0.687569260597229,0.6945686340332031,0.687569260597229,0.48571428656578064,0.5199999809265137
30,3,17,0.6883764266967773,0.6871665716171265,0.6941518783569336,0.6871665716171265,0.48571428656578064,0.5199999809265137
30,3,18,0.6879012584686279,0.6867667436599731,0.6937134265899658,0.6867667436599731,0.48571428656578064,0.5600000023841858
30,3,19,0.6874202489852905,0.6863759756088257,0.6932628154754639,0.6863759756088257,0.4928571283817291,0.5600000023841858
30,3,20,0.6869383454322815,0.6859939694404602,0.6927955746650696,0.6859939694404602,0.4928571283817291,0.5600000023841858
30,3,21,0.686454713344574,0.6856082677841187,0.6923164129257202,0.6856082677841187,0.5071428418159485,0.5600000023841858
30,3,22,0.6859543919563293,0.6852174997329712,0.6918241381645203,0.6852174997329712,0.5142857432365417,0.5600000023841858
30,3,23,0.6854391098022461,0.6848217844963074,0.6913290023803711,0.6848217844963074,0.5142857432365417,0.5600000023841858
30,3,24,0.6849144697189331,0.6844661831855774,0.6908356547355652,0.6844661831855774,0.5142857432365417,0.5600000023841858
30,3,25,0.6843841671943665,0.6841462850570679,0.6903510689735413,0.6841462850570679,0.5142857432365417,0.5600000023841858
30,3,26,0.6838546991348267,0.6838123798370361,0.6898696422576904,0.6838123798370361,0.5357142686843872,0.5600000023841858
30,3,27,0.6833295226097107,0.6834816932678223,0.6893901824951172,0.6834816932678223,0.5357142686843872,0.5600000023841858
30,3,28,0.6827908158302307,0.6831486225128174,0.6889044642448425,0.6831486225128174,0.5642856955528259,0.5600000023841858
30,3,29,0.6822406053543091,0.682799220085144,0.6884182095527649,0.682799220085144,0.5642856955528259,0.5600000023841858
30,3,30,0.68166184425354,0.6824260950088501,0.6879024505615234,0.6824260950088501,0.5714285969734192,0.5600000023841858
30,3,31,0.6810635328292847,0.6820721626281738,0.6873683333396912,0.6820721626281738,0.5785714387893677,0.5600000023841858
30,3,32,0.6804559826850891,0.6817203760147095,0.6868286728858948,0.6817203760147095,0.5857142806053162,0.5600000023841858
30,3,33,0.6798502206802368,0.681363046169281,0.6862879395484924,0.681363046169281,0.5928571224212646,0.5199999809265137
30,3,34,0.6792284846305847,0.6810387372970581,0.6857212781906128,0.6810387372970581,0.5928571224212646,0.5199999809265137
30,3,35,0.6785817742347717,0.6807122230529785,0.685130774974823,0.6807122230529785,0.5928571224212646,0.5199999809265137
30,3,36,0.6779302954673767,0.6804176568984985,0.6845307946205139,0.6804176568984985,0.5928571224212646,0.47999998927116394
30,3,37,0.6772695779800415,0.6801139116287231,0.6839268207550049,0.6801139116287231,0.6142857074737549,0.47999998927116394
30,3,38,0.6765986680984497,0.6798133850097656,0.6833184957504272,0.6798133850097656,0.6142857074737549,0.47999998927116394
30,3,39,0.6759164929389954,0.6795408129692078,0.6827074289321899,0.6795408129692078,0.6142857074737549,0.47999998927116394
30,3,40,0.675216555595398,0.6792895793914795,0.6820970177650452,0.6792895793914795,0.6142857074737549,0.47999998927116394
30,3,41,0.6745112538337708,0.6790128350257874,0.681489109992981,0.6790128350257874,0.6142857074737549,0.47999998927116394
30,3,42,0.673787534236908,0.6787008047103882,0.6808374524116516,0.6787008047103882,0.6142857074737549,0.47999998927116394
30,3,43,0.6730464100837708,0.678342342376709,0.6801235675811768,0.678342342376709,0.6142857074737549,0.47999998927116394
30,3,44,0.6722840666770935,0.6779633164405823,0.6793743968009949,0.6779633164405823,0.6357142925262451,0.47999998927116394
30,3,45,0.6715112328529358,0.677571177482605,0.6786233186721802,0.677571177482605,0.6357142925262451,0.47999998927116394
30,3,46,0.6707286238670349,0.6771219372749329,0.6778504252433777,0.6771219372749329,0.6428571343421936,0.47999998927116394
30,3,47,0.6699333190917969,0.6766660809516907,0.6770594716072083,0.6766660809516907,0.6499999761581421,0.47999998927116394
30,3,48,0.6691280007362366,0.6761901378631592,0.6762482523918152,0.6761901378631592,0.6642857193946838,0.47999998927116394
30,3,49,0.668299674987793,0.6756897568702698,0.675395131111145,0.6756897568702698,0.6714285612106323,0.47999998927116394
30,3,50,0.6674439311027527,0.6751523613929749,0.6745176315307617,0.6751523613929749,0.6642857193946838,0.47999998927116394
30,3,51,0.6665672063827515,0.674603283405304,0.6736223697662354,0.674603283405304,0.6642857193946838,0.47999998927116394
30,3,52,0.6656743884086609,0.6740820407867432,0.6726943254470825,0.6740820407867432,0.6642857193946838,0.47999998927116394
30,3,53,0.6647615432739258,0.6735894083976746,0.671745777130127,0.6735894083976746,0.6714285612106323,0.47999998927116394
30,3,54,0.6638188362121582,0.6730394959449768,0.670755922794342,0.6730394959449768,0.6714285612106323,0.47999998927116394
30,3,55,0.6628563404083252,0.6724624037742615,0.6697415709495544,0.6724624037742615,0.6714285612106323,0.47999998927116394
30,3,56,0.6618534922599792,0.6718712449073792,0.6686810255050659,0.6718712449073792,0.6714285612106323,0.5199999809265137
30,3,57,0.6608201265335083,0.6713020205497742,0.6676037907600403,0.6713020205497742,0.6714285612106323,0.5199999809265137
30,3,58,0.6597579121589661,0.6707411408424377,0.6665287613868713,0.6707411408424377,0.6714285612106323,0.5199999809265137
30,3,59,0.6586652994155884,0.6701911091804504,0.6654252409934998,0.6701911091804504,0.6714285612106323,0.5199999809265137
30,3,60,0.6575469970703125,0.669705331325531,0.6642929911613464,0.669705331325531,0.6714285612106323,0.5600000023841858
30,3,61,0.6563921570777893,0.6692222356796265,0.6631045937538147,0.6692222356796265,0.6714285612106323,0.5600000023841858
30,3,62,0.6551942229270935,0.6687470078468323,0.6618379354476929,0.6687470078468323,0.6714285612106323,0.5600000023841858
30,3,63,0.6539686918258667,0.6683086156845093,0.6605157852172852,0.6683086156845093,0.6785714030265808,0.5600000023841858
30,3,64,0.6526974439620972,0.6679258942604065,0.6591590046882629,0.6679258942604065,0.6785714030265808,0.5600000023841858
30,3,65,0.6513957381248474,0.6675674915313721,0.6577765941619873,0.6675674915313721,0.6714285612106323,0.6000000238418579
30,3,66,0.6500937938690186,0.6672260165214539,0.6564198136329651,0.6672260165214539,0.6785714030265808,0.5600000023841858
30,3,67,0.6487811207771301,0.6668763160705566,0.6550578474998474,0.6668763160705566,0.6785714030265808,0.5600000023841858
30,3,68,0.6474303603172302,0.6665892004966736,0.6536744236946106,0.6665892004966736,0.6785714030265808,0.5600000023841858
30,3,69,0.6460468769073486,0.6663544178009033,0.6522985696792603,0.6663544178009033,0.6785714030265808,0.5600000023841858
30,3,70,0.6446294784545898,0.6661030650138855,0.6508808732032776,0.6661030650138855,0.6857143044471741,0.5600000023841858
30,3,71,0.6431877017021179,0.665870726108551,0.6494216918945312,0.665870726108551,0.6857143044471741,0.5600000023841858
30,3,72,0.6417062878608704,0.6656433343887329,0.6478899121284485,0.6656433343887329,0.6857143044471741,0.5600000023841858
30,3,73,0.6401770114898682,0.6654437780380249,0.646281361579895,0.6654437780380249,0.6928571462631226,0.5600000023841858
30,3,74,0.6385932564735413,0.6652862429618835,0.6446232199668884,0.6652862429618835,0.699999988079071,0.5600000023841858
30,3,75,0.6369708180427551,0.6651736497879028,0.6428728699684143,0.6651736497879028,0.7071428298950195,0.6399999856948853
30,3,76,0.6352995038032532,0.6651231646537781,0.6410204172134399,0.6651231646537781,0.7071428298950195,0.6399999856948853
30,3,77,0.6335700154304504,0.6650393009185791,0.6390938758850098,0.6650393009185791,0.7071428298950195,0.6399999856948853
30,3,78,0.631807804107666,0.6649687886238098,0.6371377110481262,0.6649687886238098,0.7071428298950195,0.6399999856948853
30,3,79,0.6299826502799988,0.6649291515350342,0.635111391544342,0.6649291515350342,0.7142857313156128,0.6800000071525574
30,3,80,0.6281282901763916,0.6649879217147827,0.6330288648605347,0.6649879217147827,0.7142857313156128,0.6800000071525574
30,3,81,0.6262486577033997,0.6650763750076294,0.6309494376182556,0.6650763750076294,0.7142857313156128,0.6800000071525574
30,3,82,0.6243672966957092,0.6651829481124878,0.6289176940917969,0.6651829481124878,0.7142857313156128,0.6800000071525574
30,3,83,0.6224609613418579,0.6652392745018005,0.6269013285636902,0.6652392745018005,0.7071428298950195,0.6800000071525574
30,3,84,0.6205160617828369,0.6653257608413696,0.624860405921936,0.6653257608413696,0.7071428298950195,0.6800000071525574
30,3,85,0.6185286641120911,0.665396511554718,0.6227651238441467,0.665396511554718,0.7071428298950195,0.6800000071525574
30,3,86,0.6164910197257996,0.6654953956604004,0.6205924153327942,0.6654953956604004,0.7142857313156128,0.6800000071525574
30,3,87,0.6144145131111145,0.6655929088592529,0.6183865070343018,0.6655929088592529,0.7142857313156128,0.6800000071525574
30,3,88,0.6123546957969666,0.6657227277755737,0.616186261177063,0.6657227277755737,0.7142857313156128,0.6800000071525574
30,3,89,0.6103523373603821,0.6658846139907837,0.6141313910484314,0.6658846139907837,0.7142857313156128,0.6399999856948853
30,3,90,0.6083560585975647,0.6660369634628296,0.6121757626533508,0.6660369634628296,0.7071428298950195,0.6399999856948853
30,3,91,0.6063520312309265,0.6662137508392334,0.6102344989776611,0.6662137508392334,0.7214285731315613,0.6399999856948853
30,3,92,0.6043108105659485,0.6663329601287842,0.6082525849342346,0.6663329601287842,0.7214285731315613,0.6399999856948853
30,3,93,0.6022372245788574,0.6663861274719238,0.6062119007110596,0.6663861274719238,0.7214285731315613,0.6399999856948853
30,3,94,0.600138783454895,0.6663709282875061,0.6041077971458435,0.6663709282875061,0.7214285731315613,0.6399999856948853
30,3,95,0.598003625869751,0.6665127277374268,0.601901650428772,0.6665127277374268,0.7214285731315613,0.6399999856948853
30,3,96,0.5958696603775024,0.6667240262031555,0.599673330783844,0.6667240262031555,0.7214285731315613,0.6399999856948853
30,3,97,0.5937352180480957,0.6668875217437744,0.5974408984184265,0.6668875217437744,0.7214285731315613,0.6000000238418579
30,3,98,0.5915923714637756,0.6670725345611572,0.5952174663543701,0.6670725345611572,0.7285714149475098,0.6399999856948853
30,3,99,0.5894295573234558,0.6673054695129395,0.5930188894271851,0.6673054695129395,0.7285714149475098,0.6399999856948853
30,3,100,0.5872587561607361,0.6675866842269897,0.5908116698265076,0.6675866842269897,0.7285714149475098,0.6399999856948853
30,3,101,0.5850820541381836,0.6679343581199646,0.5885972380638123,0.6679343581199646,0.7285714149475098,0.6399999856948853
30,3,102,0.5829165577888489,0.6683576107025146,0.586443305015564,0.6683576107025146,0.7285714149475098,0.6399999856948853
30,3,103,0.5807286500930786,0.6688019037246704,0.5842355489730835,0.6688019037246704,0.7285714149475098,0.6399999856948853
30,3,104,0.5785483717918396,0.6692135334014893,0.5819486379623413,0.6692135334014893,0.7357142567634583,0.6399999856948853
31,4,1,0.696877658367157,0.7042390704154968,0.7043266892433167,0.7042390704154968,0.38129496574401855,0.4399999976158142
31,4,2,0.6954805254936218,0.7034040093421936,0.7020625472068787,0.7034040093421936,0.40287768840789795,0.4399999976158142
31,4,3,0.6946694850921631,0.7028435468673706,0.7011983394622803,0.7028435468673706,0.3956834673881531,0.4399999976158142
31,4,4,0.6939893960952759,0.702414333820343,0.7005777955055237,0.702414333820343,0.3956834673881531,0.4000000059604645
31,4,5,0.6933866143226624,0.7021209597587585,0.7000807523727417,0.7021209597587585,0.3956834673881531,0.4000000059604645
31,4,6,0.692807137966156,0.7018358111381531,0.6996235847473145,0.7018358111381531,0.3956834673881531,0.4000000059604645
31,4,7,0.6922531127929688,0.7016056776046753,0.6991888880729675,0.7016056776046753,0.3956834673881531,0.4000000059604645
31,4,8,0.6917084455490112,0.7013809084892273,0.6987523436546326,0.7013809084892273,0.4100719392299652,0.4000000059604645
31,4,9,0.6911787986755371,0.701215386390686,0.6983188986778259,0.701215386390686,0.4100719392299652,0.4000000059604645
31,4,10,0.6906808018684387,0.701069176197052,0.6979072690010071,0.701069176197052,0.4100719392299652,0.4000000059604645
31,4,11,0.6902037858963013,0.7008888721466064,0.6975064873695374,0.7008888721466064,0.4100719392299652,0.4000000059604645
31,4,12,0.6897562146186829,0.7006378173828125,0.6971458196640015,0.7006378173828125,0.4100719392299652,0.4000000059604645
31,4,13,0.6893131732940674,0.7003785967826843,0.6967964172363281,0.7003785967826843,0.4100719392299652,0.4000000059604645
31,4,14,0.688864529132843,0.7001538276672363,0.6964378356933594,0.7001538276672363,0.4100719392299652,0.4000000059604645
31,4,15,0.6884010434150696,0.6999613046646118,0.6960577368736267,0.6999613046646118,0.4100719392299652,0.4000000059604645
31,4,16,0.6879284381866455,0.6997879147529602,0.6956422328948975,0.6997879147529602,0.4100719392299652,0.4000000059604645
31,4,17,0.6874296069145203,0.6996671557426453,0.6951962113380432,0.6996671557426453,0.4100719392299652,0.4000000059604645
31,4,18,0.6869486570358276,0.699556827545166,0.6947682499885559,0.699556827545166,0.4100719392299652,0.4399999976158142
31,4,19,0.6864874362945557,0.6994472742080688,0.6943538188934326,0.6994472742080688,0.4100719392299652,0.4399999976158142
31,4,20,0.686026394367218,0.6993539333343506,0.6939401030540466,0.6993539333343506,0.4100719392299652,0.4399999976158142
31,4,21,0.6855878829956055,0.6992318630218506,0.6935621500015259,0.6992318630218506,0.41726619005203247,0.4399999976158142
31,4,22,0.6851686835289001,0.6990640759468079,0.6932026147842407,0.6990640759468079,0.42446044087409973,0.4399999976158142
31,4,23,0.6847554445266724,0.6988428235054016,0.6928539872169495,0.6988428235054016,0.42446044087409973,0.4399999976158142
31,4,24,0.6843372583389282,0.6985929608345032,0.6925044655799866,0.6985929608345032,0.4316546618938446,0.4399999976158142
31,4,25,0.6839147210121155,0.6983230113983154,0.6921119093894958,0.6983230113983154,0.4316546618938446,0.4399999976158142
31,4,26,0.6834747791290283,0.6980176568031311,0.6916860342025757,0.6980176568031311,0.4316546618938446,0.4399999976158142
31,4,27,0.6830343008041382,0.6976876854896545,0.691252589225769,0.6976876854896545,0.4316546618938446,0.4399999976158142
31,4,28,0.6825854778289795,0.6974018216133118,0.6908288598060608,0.6974018216133118,0.4316546618938446,0.4399999976158142
31,4,29,0.6821437478065491,0.6971312761306763,0.6904358863830566,0.6971312761306763,0.4460431635379791,0.4399999976158142
31,4,30,0.681702733039856,0.6968686580657959,0.690028727054596,0.6968686580657959,0.4532374143600464,0.4399999976158142
31,4,31,0.6812459826469421,0.6965591311454773,0.6895526647567749,0.6965591311454773,0.4532374143600464,0.4399999976158142
31,4,32,0.6807708144187927,0.6962200999259949,0.6890352368354797,0.6962200999259949,0.4532374143600464,0.4399999976158142
31,4,33,0.6802875399589539,0.6959084272384644,0.6885136961936951,0.6959084272384644,0.46043166518211365,0.4399999976158142
31,4,34,0.6798071265220642,0.6955977082252502,0.6880244016647339,0.6955977082252502,0.46043166518211365,0.4399999976158142
31,4,35,0.6793245673179626,0.6953140497207642,0.6875565648078918,0.6953140497207642,0.46043166518211365,0.4399999976158142
31,4,36,0.6788403391838074,0.6950380802154541,0.687086284160614,0.6950380802154541,0.4676258862018585,0.4399999976158142
31,4,37,0.6783413887023926,0.6947070360183716,0.6865776181221008,0.6947070360183716,0.4676258862018585,0.4399999976158142
31,4,38,0.6778258085250854,0.6943416595458984,0.6860442161560059,0.6943416595458984,0.4676258862018585,0.47999998927116394
31,4,39,0.6773006916046143,0.69395911693573,0.6854840517044067,0.69395911693573,0.4892086386680603,0.47999998927116394
31,4,40,0.6767629981040955,0.6935751438140869,0.6849001049995422,0.6935751438140869,0.49640288949012756,0.47999998927116394
31,4,41,0.6762222051620483,0.6931670308113098,0.684307873249054,0.6931670308113098,0.5035971403121948,0.47999998927116394
31,4,42,0.6756727695465088,0.6927832961082458,0.6837100982666016,0.6927832961082458,0.5107913613319397,0.5199999809265137
31,4,43,0.6751109957695007,0.6923844218254089,0.6831041574478149,0.6923844218254089,0.5107913613319397,0.5199999809265137
31,4,44,0.6745269298553467,0.691921055316925,0.6824538707733154,0.691921055316925,0.5395683646202087,0.5199999809265137
31,4,45,0.6739183068275452,0.6914074420928955,0.6817742586135864,0.6914074420928955,0.5467625856399536,0.5600000023841858
31,4,46,0.6733038425445557,0.6908441781997681,0.6810888051986694,0.6908441781997681,0.5539568066596985,0.5600000023841858
31,4,47,0.6726927161216736,0.6902446746826172,0.6803860664367676,0.6902446746826172,0.5755395889282227,0.5199999809265137
31,4,48,0.6720430850982666,0.6896209716796875,0.6795855164527893,0.6896209716796875,0.5755395889282227,0.5199999809265137
31,4,49,0.6713548898696899,0.6889544129371643,0.6787370443344116,0.6889544129371643,0.5899280309677124,0.5600000023841858
31,4,50,0.6706573367118835,0.6882507801055908,0.6779381632804871,0.6882507801055908,0.6187050342559814,0.5600000023841858
31,4,51,0.6699493527412415,0.6875804662704468,0.6771659255027771,0.6875804662704468,0.6258992552757263,0.5600000023841858
31,4,52,0.6692224144935608,0.6868779063224792,0.6763911247253418,0.6868779063224792,0.6258992552757263,0.5600000023841858
31,4,53,0.668476402759552,0.686115562915802,0.6755814552307129,0.686115562915802,0.633093535900116,0.6000000238418579
31,4,54,0.6676909923553467,0.6853000521659851,0.6747175455093384,0.6853000521659851,0.6402877569198608,0.6399999856948853
31,4,55,0.6668850183486938,0.6844626665115356,0.6738713383674622,0.6844626665115356,0.6258992552757263,0.6399999856948853
31,4,56,0.6660784482955933,0.6836018562316895,0.6730225086212158,0.6836018562316895,0.6474820375442505,0.6399999856948853
31,4,57,0.6652571558952332,0.6827545762062073,0.6721465587615967,0.6827545762062073,0.6546762585639954,0.6000000238418579
31,4,58,0.6644187569618225,0.6818799376487732,0.6712669134140015,0.6818799376487732,0.6546762585639954,0.6399999856948853
31,4,59,0.6635528206825256,0.6808657646179199,0.6703439950942993,0.6808657646179199,0.6618704795837402,0.6399999856948853
31,4,60,0.6626638770103455,0.6797954440116882,0.6693815588951111,0.6797954440116882,0.6762589812278748,0.6399999856948853
31,4,61,0.6617740392684937,0.6787593960762024,0.6684188842773438,0.6787593960762024,0.6906474828720093,0.6399999856948853
31,4,62,0.6608453392982483,0.6777494549751282,0.6674240231513977,0.6777494549751282,0.6978417038917542,0.6399999856948853
31,4,63,0.6598938703536987,0.6767687797546387,0.6663958430290222,0.6767687797546387,0.6978417038917542,0.6800000071525574
31,4,64,0.6589066982269287,0.6758195757865906,0.6653986573219299,0.6758195757865906,0.6978417038917542,0.6800000071525574
31,4,65,0.6579276919364929,0.674842119216919,0.664495050907135,0.674842119216919,0.7050359845161438,0.6800000071525574
31,4,66,0.6569169759750366,0.6738327145576477,0.6634772419929504,0.6738327145576477,0.7050359845161438,0.6800000071525574
31,4,67,0.6558690071105957,0.6728401184082031,0.662412166595459,0.6728401184082031,0.7050359845161438,0.6800000071525574
31,4,68,0.6548048853874207,0.6718611717224121,0.661378026008606,0.6718611717224121,0.7050359845161438,0.6800000071525574
31,4,69,0.6537287831306458,0.6708422303199768,0.6603164672851562,0.6708422303199768,0.7050359845161438,0.6800000071525574
31,4,70,0.6526221632957458,0.6697403788566589,0.659186065196991,0.6697403788566589,0.7050359845161438,0.6800000071525574
31,4,71,0.6514801979064941,0.668650209903717,0.6580763459205627,0.668650209903717,0.7194244861602783,0.6800000071525574
31,4,72,0.6503222584724426,0.667508602142334,0.6569388508796692,0.667508602142334,0.7122302055358887,0.6800000071525574
31,4,73,0.6491257548332214,0.666273832321167,0.6556599736213684,0.666273832321167,0.7050359845161438,0.6800000071525574
31,4,74,0.647899329662323,0.6649875640869141,0.6543081998825073,0.6649875640869141,0.7050359845161438,0.6800000071525574
31,4,75,0.6466569304466248,0.663733720779419,0.6529412865638733,0.663733720779419,0.7050359845161438,0.6800000071525574
31,4,76,0.6453855037689209,0.6625464558601379,0.6515974998474121,0.6625464558601379,0.7050359845161438,0.6800000071525574
31,4,77,0.6440911293029785,0.6612837314605713,0.6502311825752258,0.6612837314605713,0.7050359845161438,0.7200000286102295
31,4,78,0.6427701711654663,0.6600227355957031,0.6488406658172607,0.6600227355957031,0.7050359845161438,0.7200000286102295
31,4,79,0.6414171457290649,0.6587653160095215,0.6474734544754028,0.6587653160095215,0.7122302055358887,0.7200000286102295
31,4,80,0.6400443911552429,0.6574954390525818,0.6461561918258667,0.6574954390525818,0.7122302055358887,0.7200000286102295
31,4,81,0.6386571526527405,0.6561889052391052,0.6448407173156738,0.6561889052391052,0.7122302055358887,0.7200000286102295
31,4,82,0.6372482180595398,0.6548181772232056,0.6434705853462219,0.6548181772232056,0.7122302055358887,0.7200000286102295
31,4,83,0.6358030438423157,0.6533477306365967,0.6419534087181091,0.6533477306365967,0.7050359845161438,0.6800000071525574
31,4,84,0.6343235373497009,0.6518207788467407,0.6403192281723022,0.6518207788467407,0.7122302055358887,0.6800000071525574
31,4,85,0.6328091621398926,0.6503081321716309,0.6386943459510803,0.6503081321716309,0.7194244861602783,0.6800000071525574
31,4,86,0.631260097026825,0.6488444805145264,0.637028694152832,0.6488444805145264,0.7194244861602783,0.6800000071525574
31,4,87,0.6296694278717041,0.6474146842956543,0.6352972388267517,0.6474146842956543,0.7194244861602783,0.6800000071525574
31,4,88,0.6280470490455627,0.6459633111953735,0.6336063146591187,0.6459633111953735,0.7194244861602783,0.6800000071525574
31,4,89,0.6263883113861084,0.644370436668396,0.6318650841712952,0.644370436668396,0.7194244861602783,0.6800000071525574
31,4,90,0.6247113943099976,0.6427280306816101,0.6300461888313293,0.6427280306816101,0.7194244861602783,0.6800000071525574
31,4,91,0.6230005621910095,0.6411623358726501,0.6282532215118408,0.6411623358726501,0.7266187071800232,0.6800000071525574
31,4,92,0.6212549805641174,0.6395507454872131,0.6264215707778931,0.6395507454872131,0.7266187071800232,0.6800000071525574
31,4,93,0.6194694638252258,0.6378939151763916,0.6244885921478271,0.6378939151763916,0.7266187071800232,0.6800000071525574
31,4,94,0.6176562309265137,0.6362857818603516,0.6226139664649963,0.6362857818603516,0.7266187071800232,0.6800000071525574
31,4,95,0.6158345341682434,0.6345875263214111,0.6207563877105713,0.6345875263214111,0.7266187071800232,0.6800000071525574
31,4,96,0.61395263671875,0.6329261064529419,0.6188005805015564,0.6329261064529419,0.7266187071800232,0.6800000071525574
31,4,97,0.6120448112487793,0.6313329339027405,0.616907000541687,0.6313329339027405,0.7266187071800232,0.6800000071525574
31,4,98,0.6101166009902954,0.6296321153640747,0.6149539947509766,0.6296321153640747,0.7266187071800232,0.6800000071525574
31,4,99,0.6081123352050781,0.6278623938560486,0.6129631996154785,0.6278623938560486,0.7338129281997681,0.6800000071525574
31,4,100,0.6060630083084106,0.6258997917175293,0.6109617948532104,0.6258997917175293,0.7338129281997681,0.6800000071525574
31,4,101,0.6039116978645325,0.6237842440605164,0.6088117361068726,0.6237842440605164,0.7338129281997681,0.6800000071525574
31,4,102,0.6016774773597717,0.6215674877166748,0.6065481305122375,0.6215674877166748,0.7410072088241577,0.7200000286102295
31,4,103,0.5994097590446472,0.6192407011985779,0.6041760444641113,0.6192407011985779,0.7410072088241577,0.7200000286102295
31,4,104,0.5971674919128418,0.6171344518661499,0.6019428372383118,0.6171344518661499,0.7410072088241577,0.7200000286102295
31,4,105,0.5948776006698608,0.6149938106536865,0.5996285676956177,0.6149938106536865,0.7410072088241577,0.7200000286102295
31,4,106,0.5925289392471313,0.6130523681640625,0.5972137451171875,0.6130523681640625,0.7410072088241577,0.7200000286102295
31,4,107,0.5901781916618347,0.6111090183258057,0.5948753356933594,0.6111090183258057,0.7482014298439026,0.7200000286102295
31,4,108,0.5878387689590454,0.6091872453689575,0.5924006104469299,0.6091872453689575,0.7482014298439026,0.7200000286102295
31,4,109,0.5854843258857727,0.6073904037475586,0.5899176001548767,0.6073904037475586,0.7482014298439026,0.7200000286102295
31,4,110,0.5831415057182312,0.6055880188941956,0.5874820947647095,0.6055880188941956,0.7482014298439026,0.7200000286102295
31,4,111,0.5807991027832031,0.6037525534629822,0.5849370360374451,0.6037525534629822,0.7553957104682922,0.7200000286102295
31,4,112,0.5784607529640198,0.6019887924194336,0.5824123024940491,0.6019887924194336,0.7553957104682922,0.7200000286102295
31,4,113,0.576111912727356,0.6002404689788818,0.5798523426055908,0.6002404689788818,0.7625899314880371,0.7200000286102295
31,4,114,0.5737236738204956,0.5986235737800598,0.5773056149482727,0.5986235737800598,0.7625899314880371,0.7200000286102295
31,4,115,0.5713372826576233,0.5969973206520081,0.5748685002326965,0.5969973206520081,0.7625899314880371,0.7200000286102295
31,4,116,0.5689349174499512,0.5953783988952637,0.5723720788955688,0.5953783988952637,0.7625899314880371,0.7200000286102295
31,4,117,0.5664966106414795,0.5937519669532776,0.5697029232978821,0.5937519669532776,0.7841726541519165,0.7200000286102295
31,4,118,0.5640149116516113,0.5922837853431702,0.5669853091239929,0.5922837853431702,0.7769784331321716,0.7200000286102295
31,4,119,0.5615159273147583,0.5908183455467224,0.5643640160560608,0.5908183455467224,0.7841726541519165,0.7200000286102295
31,4,120,0.5590278506278992,0.5893327593803406,0.5618026852607727,0.5893327593803406,0.7913669347763062,0.7599999904632568
31,4,121,0.5565249919891357,0.5878667235374451,0.5592654943466187,0.5878667235374451,0.7913669347763062,0.7599999904632568
31,4,122,0.5540192127227783,0.5863562226295471,0.5566776394844055,0.5863562226295471,0.7913669347763062,0.7599999904632568
31,4,123,0.551502525806427,0.5848701596260071,0.5540847182273865,0.5848701596260071,0.7913669347763062,0.7599999904632568
31,4,124,0.548973798751831,0.5834303498268127,0.551586925983429,0.5834303498268127,0.798561155796051,0.7599999904632568
31,4,125,0.546460747718811,0.5818769335746765,0.549051821231842,0.5818769335746765,0.798561155796051,0.7599999904632568
31,4,126,0.543929934501648,0.580288827419281,0.5463572144508362,0.580288827419281,0.798561155796051,0.7599999904632568
31,4,127,0.5413898229598999,0.5787205696105957,0.5436325669288635,0.5787205696105957,0.798561155796051,0.7599999904632568
31,4,128,0.5388500690460205,0.5773059725761414,0.5409232974052429,0.5773059725761414,0.7913669347763062,0.7599999904632568
31,4,129,0.5362982153892517,0.5760238766670227,0.5384176969528198,0.5760238766670227,0.7913669347763062,0.7599999904632568
31,4,130,0.5337580442428589,0.5746152997016907,0.5359101891517639,0.5746152997016907,0.7913669347763062,0.7599999904632568
31,4,131,0.5312025547027588,0.5731927752494812,0.5332030653953552,0.5731927752494812,0.7913669347763062,0.7599999904632568
31,4,132,0.5286449790000916,0.5719195604324341,0.5305325984954834,0.5719195604324341,0.7913669347763062,0.7599999904632568
31,4,133,0.5261096358299255,0.5707060694694519,0.5280369520187378,0.5707060694694519,0.798561155796051,0.7599999904632568
31,4,134,0.5235679149627686,0.5695513486862183,0.525527834892273,0.5695513486862183,0.798561155796051,0.7599999904632568
31,4,135,0.5210290551185608,0.5683748126029968,0.5228891372680664,0.5683748126029968,0.798561155796051,0.7599999904632568
31,4,136,0.5184703469276428,0.567294180393219,0.5201964974403381,0.567294180393219,0.798561155796051,0.7599999904632568
31,4,137,0.5159158706665039,0.5662742853164673,0.5176546573638916,0.5662742853164673,0.798561155796051,0.7599999904632568
31,4,138,0.5133676528930664,0.5651819109916687,0.5150716304779053,0.5651819109916687,0.798561155796051,0.7599999904632568
31,4,139,0.5108093023300171,0.5641434192657471,0.5123193860054016,0.5641434192657471,0.798561155796051,0.7599999904632568
31,4,140,0.50825434923172,0.563215434551239,0.5096392631530762,0.563215434551239,0.798561155796051,0.7599999904632568
31,4,141,0.5056982040405273,0.5623036026954651,0.5068942904472351,0.5623036026954651,0.798561155796051,0.7599999904632568
31,4,142,0.5031307935714722,0.5615648627281189,0.5041385889053345,0.5615648627281189,0.798561155796051,0.7599999904632568
31,4,143,0.5005699396133423,0.5609046816825867,0.5014623999595642,0.5609046816825867,0.8057553768157959,0.7599999904632568
31,4,144,0.4979996681213379,0.5603078007698059,0.4987817108631134,0.5603078007698059,0.8057553768157959,0.7599999904632568
31,4,145,0.49545028805732727,0.5596938133239746,0.49613305926322937,0.5596938133239746,0.8057553768157959,0.7599999904632568
31,4,146,0.49290576577186584,0.5591651201248169,0.4933890998363495,0.5591651201248169,0.8057553768157959,0.7599999904632568
31,4,147,0.4903545677661896,0.5588663220405579,0.49088162183761597,0.5588663220405579,0.8057553768157959,0.7599999904632568
31,4,148,0.48783227801322937,0.5585048198699951,0.4884871244430542,0.5585048198699951,0.8057553768157959,0.7599999904632568
31,4,149,0.4852909743785858,0.5582510232925415,0.48582059144973755,0.5582510232925415,0.8057553768157959,0.7599999904632568
31,4,150,0.4827636182308197,0.5580812692642212,0.4832616150379181,0.5580812692642212,0.8129496574401855,0.7599999904632568
31,4,151,0.48022767901420593,0.5578701496124268,0.4806981384754181,0.5578701496124268,0.8129496574401855,0.7599999904632568
31,4,152,0.4776744842529297,0.5576790571212769,0.4780128598213196,0.5576790571212769,0.8129496574401855,0.7599999904632568
31,4,153,0.4751144051551819,0.5575435757637024,0.4753382205963135,0.5575435757637024,0.8129496574401855,0.7599999904632568
31,4,154,0.47254371643066406,0.5574415326118469,0.4727054834365845,0.5574415326118469,0.8129496574401855,0.7200000286102295
31,4,155,0.46997520327568054,0.5573281645774841,0.4700661599636078,0.5573281645774841,0.8129496574401855,0.7200000286102295
31,4,156,0.467403769493103,0.5572712421417236,0.4673005938529968,0.5572712421417236,0.8129496574401855,0.7200000286102295
31,4,157,0.4648037850856781,0.5572846531867981,0.4645421504974365,0.5572846531867981,0.8057553768157959,0.7200000286102295
31,4,158,0.46218690276145935,0.5572522282600403,0.4619464874267578,0.5572522282600403,0.8057553768157959,0.7200000286102295
31,4,159,0.45958831906318665,0.5571591854095459,0.45926594734191895,0.5571591854095459,0.8057553768157959,0.7200000286102295
31,4,160,0.4569813907146454,0.5572023987770081,0.4565353989601135,0.5572023987770081,0.8057553768157959,0.7200000286102295
31,4,161,0.45436716079711914,0.5572721362113953,0.4538429379463196,0.5572721362113953,0.8057553768157959,0.7200000286102295
31,4,162,0.45176613330841064,0.5574372410774231,0.45109185576438904,0.5574372410774231,0.8057553768157959,0.7200000286102295
31,4,163,0.44917741417884827,0.5576726794242859,0.44837746024131775,0.5576726794242859,0.8057553768157959,0.7200000286102295
31,4,164,0.44662144780158997,0.5579370856285095,0.4457296133041382,0.5579370856285095,0.8057553768157959,0.7200000286102295
31,4,165,0.4440667927265167,0.5582352876663208,0.4431666135787964,0.5582352876663208,0.8057553768157959,0.7200000286102295
31,4,166,0.4415138363838196,0.5585463047027588,0.4406917095184326,0.5585463047027588,0.8057553768157959,0.7200000286102295
31,4,167,0.4389599561691284,0.5587818026542664,0.4380340576171875,0.5587818026542664,0.8057553768157959,0.7200000286102295
31,4,168,0.4364042282104492,0.5590770840644836,0.4352342486381531,0.5590770840644836,0.8057553768157959,0.7200000286102295
31,4,169,0.4338317811489105,0.5594916343688965,0.4326265752315521,0.5594916343688965,0.8057553768157959,0.6800000071525574
31,4,170,0.4312371611595154,0.5599120855331421,0.43021926283836365,0.5599120855331421,0.8057553768157959,0.6800000071525574
31,4,171,0.42865419387817383,0.5603435039520264,0.4276026785373688,0.5603435039520264,0.8057553768157959,0.6800000071525574
31,4,172,0.42605897784233093,0.5608741641044617,0.4248637855052948,0.5608741641044617,0.798561155796051,0.6800000071525574
31,4,173,0.42346441745758057,0.5614500045776367,0.42229127883911133,0.5614500045776367,0.798561155796051,0.6800000071525574
31,4,174,0.4208579957485199,0.5619956851005554,0.4197782278060913,0.5619956851005554,0.798561155796051,0.6800000071525574
31,4,175,0.41825953125953674,0.5625280141830444,0.4171713888645172,0.5625280141830444,0.798561155796051,0.6800000071525574
31,4,176,0.415648877620697,0.5630477666854858,0.41441085934638977,0.5630477666854858,0.8057553768157959,0.6800000071525574
31,4,177,0.4130091667175293,0.5635936260223389,0.41169580817222595,0.5635936260223389,0.8129496574401855,0.6800000071525574
31,4,178,0.41035592555999756,0.5641698241233826,0.40902435779571533,0.5641698241233826,0.8201438784599304,0.6800000071525574
31,4,179,0.40769872069358826,0.5647980570793152,0.40635985136032104,0.5647980570793152,0.8201438784599304,0.6800000071525574
31,4,180,0.4050449728965759,0.565441906452179,0.4037074148654938,0.565441906452179,0.8201438784599304,0.6800000071525574
31,4,181,0.40240660309791565,0.5660264492034912,0.40096330642700195,0.5660264492034912,0.8201438784599304,0.6800000071525574
31,4,182,0.3997505307197571,0.5665833950042725,0.3981873095035553,0.5665833950042725,0.8273381590843201,0.6800000071525574
31,4,183,0.39709559082984924,0.5670811533927917,0.3955419659614563,0.5670811533927917,0.8273381590843201,0.6800000071525574
31,4,184,0.39443814754486084,0.5674724578857422,0.3930007815361023,0.5674724578857422,0.8273381590843201,0.6800000071525574
32,4,1,0.696589469909668,0.7003763318061829,0.7034122943878174,0.7003763318061829,0.3884892165660858,0.5199999809265137
32,4,2,0.6953632831573486,0.6999915242195129,0.701401948928833,0.6999915242195129,0.40287768840789795,0.5199999809265137
32,4,3,0.6946640014648438,0.6997948288917542,0.7005645036697388,0.6997948288917542,0.41726619005203247,0.5199999809265137
32,4,4,0.6940241456031799,0.6995786428451538,0.6999149918556213,0.6995786428451538,0.41726619005203247,0.5199999809265137
32,4,5,0.6934210062026978,0.6993486285209656,0.6993559002876282,0.6993486285209656,0.41726619005203247,0.5199999809265137
32,4,6,0.6928237676620483,0.6991119384765625,0.6988162994384766,0.6991119384765625,0.41726619005203247,0.5600000023841858
32,4,7,0.6922523975372314,0.6988887190818787,0.6983155608177185,0.6988887190818787,0.41726619005203247,0.5199999809265137
32,4,8,0.6916689872741699,0.6986579298973083,0.697815477848053,0.6986579298973083,0.41726619005203247,0.47999998927116394
32,4,9,0.6910837888717651,0.6984301805496216,0.6973137855529785,0.6984301805496216,0.41726619005203247,0.4399999976158142
32,4,10,0.6905457377433777,0.6981719136238098,0.6968618035316467,0.6981719136238098,0.41726619005203247,0.4399999976158142
32,4,11,0.6900270581245422,0.6979081630706787,0.6964301466941833,0.6979081630706787,0.41726619005203247,0.4399999976158142
32,4,12,0.6895349025726318,0.697691023349762,0.6960289478302002,0.697691023349762,0.41726619005203247,0.4399999976158142
32,4,13,0.6890618205070496,0.6975696086883545,0.6956546306610107,0.6975696086883545,0.41726619005203247,0.4399999976158142
32,4,14,0.6885766386985779,0.697519838809967,0.6952685713768005,0.697519838809967,0.41726619005203247,0.4399999976158142
32,4,15,0.6880837678909302,0.6975061297416687,0.694871723651886,0.6975061297416687,0.42446044087409973,0.4399999976158142
32,4,16,0.6875788569450378,0.6975021958351135,0.694452702999115,0.6975021958351135,0.4316546618938446,0.4399999976158142
32,4,17,0.6870636940002441,0.6975116729736328,0.6940144896507263,0.6975116729736328,0.43884891271591187,0.4399999976158142
32,4,18,0.6865407824516296,0.6974983811378479,0.693562924861908,0.6974983811378479,0.4460431635379791,0.4399999976158142
32,4,19,0.6860072016716003,0.6974656581878662,0.693089485168457,0.6974656581878662,0.4460431635379791,0.4399999976158142
32,4,20,0.685463011264801,0.6974334716796875,0.6926009654998779,0.6974334716796875,0.4532374143600464,0.4399999976158142
32,4,21,0.6848964095115662,0.6974127888679504,0.6920815706253052,0.6974127888679504,0.46043166518211365,0.4399999976158142
32,4,22,0.6842994689941406,0.6973829865455627,0.6915162205696106,0.6973829865455627,0.46043166518211365,0.4000000059604645
32,4,23,0.6836606860160828,0.6972395181655884,0.6908932328224182,0.6972395181655884,0.46043166518211365,0.4000000059604645
32,4,24,0.6829844117164612,0.6970306634902954,0.6902136206626892,0.6970306634902954,0.4676258862018585,0.4000000059604645
32,4,25,0.682283341884613,0.6967326402664185,0.6894974112510681,0.6967326402664185,0.48201438784599304,0.4000000059604645
32,4,26,0.6815343499183655,0.6963922381401062,0.6887266039848328,0.6963922381401062,0.49640288949012756,0.4000000059604645
32,4,27,0.6807351112365723,0.6960293650627136,0.6878839135169983,0.6960293650627136,0.5179855823516846,0.4000000059604645
32,4,28,0.6799416542053223,0.6957493424415588,0.6870167851448059,0.6957493424415588,0.5323740839958191,0.4399999976158142
32,4,29,0.6791309118270874,0.6953819394111633,0.6861246824264526,0.6953819394111633,0.5395683646202087,0.4399999976158142
32,4,30,0.6782758831977844,0.6950477361679077,0.6852052807807922,0.6950477361679077,0.5395683646202087,0.4399999976158142
32,4,31,0.6774014234542847,0.6947160959243774,0.6842909455299377,0.6947160959243774,0.5467625856399536,0.4399999976158142
32,4,32,0.6765062212944031,0.6943538784980774,0.6833692789077759,0.6943538784980774,0.5395683646202087,0.4399999976158142
32,4,33,0.6756051182746887,0.6939910054206848,0.6824592351913452,0.6939910054206848,0.5467625856399536,0.4399999976158142
32,4,34,0.6746790409088135,0.6936060190200806,0.6815237402915955,0.6936060190200806,0.5467625856399536,0.4399999976158142
32,4,35,0.6737577319145203,0.6932448744773865,0.6806017160415649,0.6932448744773865,0.5611510872840881,0.4399999976158142
32,4,36,0.6728425621986389,0.6928947567939758,0.6796889305114746,0.6928947567939758,0.5539568066596985,0.4399999976158142
32,4,37,0.6719346642494202,0.6925101280212402,0.6787617206573486,0.6925101280212402,0.5539568066596985,0.4000000059604645
32,4,38,0.6710096597671509,0.6920807361602783,0.6777902245521545,0.6920807361602783,0.5827338099479675,0.4000000059604645
32,4,39,0.6700646877288818,0.6916490197181702,0.6767799854278564,0.6916490197181702,0.5899280309677124,0.4000000059604645
32,4,40,0.6691145896911621,0.6912893056869507,0.675788938999176,0.6912893056869507,0.5899280309677124,0.4000000059604645
32,4,41,0.6681580543518066,0.690965473651886,0.6748411059379578,0.690965473651886,0.5827338099479675,0.4000000059604645
32,4,42,0.6671969890594482,0.6906396746635437,0.6739054322242737,0.6906396746635437,0.5827338099479675,0.4000000059604645
32,4,43,0.6662268042564392,0.6902937293052673,0.6729462146759033,0.6902937293052673,0.597122311592102,0.4000000059604645
32,4,44,0.6652414798736572,0.6899108290672302,0.6719596982002258,0.6899108290672302,0.6115108132362366,0.4000000059604645
32,4,45,0.6642307043075562,0.6894884705543518,0.6709067821502686,0.6894884705543518,0.6187050342559814,0.4000000059604645
32,4,46,0.6631870865821838,0.6890849471092224,0.6697993278503418,0.6890849471092224,0.6187050342559814,0.4399999976158142
32,4,47,0.6621284484863281,0.6887111067771912,0.6687019467353821,0.6887111067771912,0.6258992552757263,0.4399999976158142
32,4,48,0.6610561609268188,0.6883078217506409,0.6676029562950134,0.6883078217506409,0.6258992552757263,0.4399999976158142
32,4,49,0.6599658727645874,0.6878622174263,0.6664655804634094,0.6878622174263,0.6187050342559814,0.4399999976158142
32,4,50,0.6588571667671204,0.6874342560768127,0.6653091907501221,0.6874342560768127,0.6258992552757263,0.4399999976158142
32,4,51,0.65772545337677,0.6870326399803162,0.6641384363174438,0.6870326399803162,0.6258992552757263,0.4399999976158142
32,4,52,0.6565768122673035,0.6866234540939331,0.6629576086997986,0.6866234540939331,0.6258992552757263,0.4399999976158142
32,4,53,0.6554093360900879,0.6861974596977234,0.6617456674575806,0.6861974596977234,0.633093535900116,0.4399999976158142
32,4,54,0.6542219519615173,0.6857779026031494,0.660503089427948,0.6857779026031494,0.6546762585639954,0.4399999976158142
32,4,55,0.6530085206031799,0.6853958964347839,0.6592569947242737,0.6853958964347839,0.6546762585639954,0.4399999976158142
32,4,56,0.6517816781997681,0.6850384473800659,0.6580440402030945,0.6850384473800659,0.6546762585639954,0.4399999976158142
32,4,57,0.6505390405654907,0.6846696734428406,0.6568198800086975,0.6846696734428406,0.6546762585639954,0.4399999976158142
32,4,58,0.6492635607719421,0.6843329071998596,0.6555524468421936,0.6843329071998596,0.6546762585639954,0.4399999976158142
32,4,59,0.6479596495628357,0.6840101480484009,0.6542501449584961,0.6840101480484009,0.6546762585639954,0.4399999976158142
32,4,60,0.6466242074966431,0.6836543083190918,0.6529040336608887,0.6836543083190918,0.6546762585639954,0.4399999976158142
32,4,61,0.6452579498291016,0.6833177804946899,0.6515153646469116,0.6833177804946899,0.6762589812278748,0.4399999976158142
32,4,62,0.6438695192337036,0.683010458946228,0.6501089930534363,0.683010458946228,0.6762589812278748,0.4399999976158142
32,4,63,0.6424582600593567,0.6827021837234497,0.6486937999725342,0.6827021837234497,0.6834532618522644,0.47999998927116394
32,4,64,0.6410321593284607,0.682395339012146,0.6472594738006592,0.682395339012146,0.6834532618522644,0.47999998927116394
32,4,65,0.6395871639251709,0.6820970773696899,0.6458150148391724,0.6820970773696899,0.6834532618522644,0.47999998927116394
32,4,66,0.6381278038024902,0.681781530380249,0.6443548202514648,0.681781530380249,0.6906474828720093,0.47999998927116394
32,4,67,0.636631965637207,0.6814850568771362,0.6428210735321045,0.6814850568771362,0.6978417038917542,0.47999998927116394
32,4,68,0.635094404220581,0.6812483072280884,0.641251266002655,0.6812483072280884,0.7050359845161438,0.47999998927116394
32,4,69,0.6335341930389404,0.6810309886932373,0.6396840810775757,0.6810309886932373,0.7050359845161438,0.47999998927116394
32,4,70,0.6319480538368225,0.6808186173439026,0.6380895376205444,0.6808186173439026,0.7050359845161438,0.5199999809265137
32,4,71,0.6303187012672424,0.6805511713027954,0.6364229321479797,0.6805511713027954,0.6978417038917542,0.5199999809265137
32,4,72,0.6286608576774597,0.6802507638931274,0.6346724033355713,0.6802507638931274,0.6978417038917542,0.5600000023841858
32,4,73,0.6269603967666626,0.6799739599227905,0.6328543424606323,0.6799739599227905,0.6978417038917542,0.5600000023841858
32,4,74,0.6252294182777405,0.6797354817390442,0.6310343742370605,0.6797354817390442,0.7050359845161438,0.5600000023841858
32,4,75,0.6234909892082214,0.6795104146003723,0.629252016544342,0.6795104146003723,0.7050359845161438,0.5600000023841858
32,4,76,0.6217613220214844,0.6793285608291626,0.6275445818901062,0.6793285608291626,0.7050359845161438,0.5600000023841858
32,4,77,0.6200100183486938,0.6791471838951111,0.6258816123008728,0.6791471838951111,0.7050359845161438,0.5600000023841858
32,4,78,0.6182307004928589,0.6789547204971313,0.6241700053215027,0.6789547204971313,0.7122302055358887,0.5600000023841858
32,4,79,0.6164219975471497,0.6787514686584473,0.6223938465118408,0.6787514686584473,0.7122302055358887,0.5600000023841858
32,4,80,0.6145992875099182,0.6785022020339966,0.6206009387969971,0.6785022020339966,0.7122302055358887,0.6000000238418579
32,4,81,0.6127642393112183,0.6782376766204834,0.6187568306922913,0.6782376766204834,0.7122302055358887,0.5600000023841858
32,4,82,0.6108847260475159,0.6779433488845825,0.616763174533844,0.6779433488845825,0.7122302055358887,0.5600000023841858
32,4,83,0.6089580059051514,0.6776885390281677,0.6146643161773682,0.6776885390281677,0.7194244861602783,0.5600000023841858
32,4,84,0.6069948673248291,0.6775293946266174,0.6125441789627075,0.6775293946266174,0.7194244861602783,0.5600000023841858
32,4,85,0.6050142645835876,0.677451491355896,0.6104323863983154,0.677451491355896,0.7194244861602783,0.5199999809265137
32,4,86,0.6030145287513733,0.6774474382400513,0.6083090305328369,0.6774474382400513,0.7194244861602783,0.5199999809265137
32,4,87,0.6010026931762695,0.6774902939796448,0.6061644554138184,0.6774902939796448,0.7194244861602783,0.5199999809265137
32,4,88,0.5989636778831482,0.6775133013725281,0.6040124893188477,0.6775133013725281,0.7194244861602783,0.5199999809265137
32,4,89,0.5969148874282837,0.6775153875350952,0.6018732190132141,0.6775153875350952,0.7194244861602783,0.5199999809265137
32,4,90,0.5948812961578369,0.6775991320610046,0.5997981429100037,0.6775991320610046,0.7194244861602783,0.5199999809265137
32,4,91,0.5928405523300171,0.6776746511459351,0.5977352857589722,0.6776746511459351,0.7266187071800232,0.5199999809265137
32,4,92,0.5907887816429138,0.6777352094650269,0.5956439971923828,0.6777352094650269,0.7266187071800232,0.5199999809265137
32,4,93,0.5887182950973511,0.6778005957603455,0.5934721231460571,0.6778005957603455,0.7266187071800232,0.5199999809265137
32,4,94,0.5866243243217468,0.677935779094696,0.5912260413169861,0.677935779094696,0.7410072088241577,0.5199999809265137
32,4,95,0.5845023989677429,0.6781512498855591,0.5889819860458374,0.6781512498855591,0.7482014298439026,0.5199999809265137
32,4,96,0.5823677182197571,0.6784117817878723,0.5867973566055298,0.6784117817878723,0.7482014298439026,0.5199999809265137
32,4,97,0.5802503824234009,0.6786271929740906,0.5846630334854126,0.6786271929740906,0.7482014298439026,0.5199999809265137
32,4,98,0.5780869722366333,0.6787646412849426,0.5824115872383118,0.6787646412849426,0.7482014298439026,0.5199999809265137
32,4,99,0.5758751630783081,0.6788319945335388,0.5800339579582214,0.6788319945335388,0.7482014298439026,0.5199999809265137
32,4,100,0.5736463665962219,0.6789566278457642,0.577666699886322,0.6789566278457642,0.7553957104682922,0.5199999809265137
32,4,101,0.5714533925056458,0.6792370080947876,0.5755143165588379,0.6792370080947876,0.7553957104682922,0.5199999809265137
32,4,102,0.5693110227584839,0.6794816851615906,0.5735369920730591,0.6794816851615906,0.7625899314880371,0.5199999809265137
32,4,103,0.567153811454773,0.6796799302101135,0.5714843273162842,0.6796799302101135,0.7625899314880371,0.5199999809265137
32,4,104,0.5649812817573547,0.6798511743545532,0.5693301558494568,0.6798511743545532,0.7625899314880371,0.5199999809265137
32,4,105,0.5627944469451904,0.6800195574760437,0.5671049952507019,0.6800195574760437,0.7625899314880371,0.5199999809265137
32,4,106,0.5606033802032471,0.6801948547363281,0.5648553967475891,0.6801948547363281,0.769784152507782,0.5199999809265137
32,4,107,0.5583881139755249,0.6803354620933533,0.5625258088111877,0.6803354620933533,0.769784152507782,0.5199999809265137
32,4,108,0.5561692714691162,0.6805422306060791,0.5601921081542969,0.6805422306060791,0.769784152507782,0.5199999809265137
32,4,109,0.5539615154266357,0.6808614134788513,0.5579376816749573,0.6808614134788513,0.769784152507782,0.5199999809265137
32,4,110,0.5517961382865906,0.6811174750328064,0.5558121800422668,0.6811174750328064,0.769784152507782,0.5199999809265137
33,4,1,0.6930371522903442,0.6840487718582153,0.6787986755371094,0.6840487718582153,0.597122311592102,0.5600000023841858
33,4,2,0.6904239654541016,0.6860560774803162,0.6793209910392761,0.6860560774803162,0.597122311592102,0.5600000023841858
33,4,3,0.6884545683860779,0.6882756948471069,0.6802078485488892,0.6882756948471069,0.5899280309677124,0.5600000023841858
33,4,4,0.6868482828140259,0.6903850436210632,0.681224524974823,0.6903850436210632,0.6115108132362366,0.47999998927116394
33,4,5,0.6854801177978516,0.6922608017921448,0.682210385799408,0.6922608017921448,0.6043165326118469,0.4399999976158142
33,4,6,0.6842727065086365,0.694001317024231,0.6830503344535828,0.694001317024231,0.6043165326118469,0.4399999976158142
33,4,7,0.6831760406494141,0.6955583691596985,0.6837087273597717,0.6955583691596985,0.633093535900116,0.5199999809265137
33,4,8,0.6821498870849609,0.6968898177146912,0.6841646432876587,0.6968898177146912,0.6115108132362366,0.5600000023841858
33,4,9,0.6811894774436951,0.6979626417160034,0.6844099760055542,0.6979626417160034,0.597122311592102,0.5600000023841858
33,4,10,0.68025803565979,0.6987678408622742,0.6843886971473694,0.6987678408622742,0.5899280309677124,0.5600000023841858
33,4,11,0.6793261766433716,0.6993963122367859,0.684116780757904,0.6993963122367859,0.597122311592102,0.5600000023841858
33,4,12,0.6784259676933289,0.6998893618583679,0.6837401390075684,0.6998893618583679,0.5827338099479675,0.5199999809265137
33,4,13,0.6775651574134827,0.7003238201141357,0.6833080649375916,0.7003238201141357,0.5827338099479675,0.47999998927116394
33,4,14,0.6767155528068542,0.7006939053535461,0.6827916502952576,0.7006939053535461,0.5899280309677124,0.47999998927116394
33,4,15,0.6758658289909363,0.7009935975074768,0.682185709476471,0.7009935975074768,0.5827338099479675,0.5199999809265137
33,4,16,0.6750336289405823,0.7012245059013367,0.6814987659454346,0.7012245059013367,0.597122311592102,0.5199999809265137
33,4,17,0.6741989254951477,0.701418399810791,0.6807507276535034,0.701418399810791,0.5899280309677124,0.5199999809265137
33,4,18,0.6733434200286865,0.7015761733055115,0.679941713809967,0.7015761733055115,0.597122311592102,0.5199999809265137
33,4,19,0.6724551320075989,0.7017125487327576,0.6790810227394104,0.7017125487327576,0.597122311592102,0.5199999809265137
33,4,20,0.6715391278266907,0.7018377184867859,0.6781779527664185,0.7018377184867859,0.6043165326118469,0.5199999809265137
33,4,21,0.6705953478813171,0.7019460201263428,0.6772254705429077,0.7019460201263428,0.6043165326118469,0.5600000023841858
33,4,22,0.6696239113807678,0.7019949555397034,0.6762059330940247,0.7019949555397034,0.6043165326118469,0.5600000023841858
33,4,23,0.6686193943023682,0.7019965648651123,0.6751190423965454,0.7019965648651123,0.6043165326118469,0.5600000023841858
33,4,24,0.667568027973175,0.7019166350364685,0.6739662289619446,0.7019166350364685,0.6258992552757263,0.5600000023841858
33,4,25,0.6664471626281738,0.7018004059791565,0.6727179884910583,0.7018004059791565,0.633093535900116,0.5600000023841858
33,4,26,0.6653017997741699,0.7017606496810913,0.6714155077934265,0.7017606496810913,0.6258992552757263,0.5199999809265137
34,4,1,0.6955505609512329,0.6869065165519714,0.6854739189147949,0.6869065165519714,0.5928571224212646,0.6000000238418579
34,4,2,0.6933678388595581,0.68773353099823,0.6846314668655396,0.68773353099823,0.5857142806053162,0.6399999856948853
34,4,3,0.6917815804481506,0.6885127425193787,0.6843163371086121,0.6885127425193787,0.6000000238418579,0.5600000023841858
34,4,4,0.6904891729354858,0.6894188523292542,0.6841245293617249,0.6894188523292542,0.6000000238418579,0.5600000023841858
34,4,5,0.689379870891571,0.6903409361839294,0.6839615702629089,0.6903409361839294,0.5928571224212646,0.5600000023841858
34,4,6,0.688355565071106,0.6912458539009094,0.6837673187255859,0.6912458539009094,0.6000000238418579,0.5600000023841858
34,4,7,0.6874200105667114,0.6920920014381409,0.6835612654685974,0.6920920014381409,0.6142857074737549,0.47999998927116394
34,4,8,0.6865513920783997,0.692841112613678,0.6833232641220093,0.692841112613678,0.6357142925262451,0.47999998927116394
34,4,9,0.6857389807701111,0.6934165954589844,0.6830456256866455,0.6934165954589844,0.6285714507102966,0.47999998927116394
34,4,10,0.6849888563156128,0.693889856338501,0.6827395558357239,0.693889856338501,0.6000000238418579,0.4000000059604645
34,4,11,0.6842714548110962,0.6942597031593323,0.682393491268158,0.6942597031593323,0.6000000238418579,0.4399999976158142
34,4,12,0.6835846304893494,0.6945509314537048,0.6820045709609985,0.6945509314537048,0.6000000238418579,0.47999998927116394
34,4,13,0.6829074025154114,0.6947598457336426,0.6815847754478455,0.6947598457336426,0.6214285492897034,0.47999998927116394
34,4,14,0.6822416186332703,0.6948992013931274,0.6811378598213196,0.6948992013931274,0.6285714507102966,0.47999998927116394
34,4,15,0.6815702319145203,0.6949771046638489,0.680648684501648,0.6949771046638489,0.6142857074737549,0.5199999809265137
34,4,16,0.6808893084526062,0.6949869394302368,0.6801115274429321,0.6949869394302368,0.6214285492897034,0.5199999809265137
34,4,17,0.6801853179931641,0.6950454711914062,0.6795494556427002,0.6950454711914062,0.6214285492897034,0.47999998927116394
34,4,18,0.6794754266738892,0.6951801180839539,0.6789994239807129,0.6951801180839539,0.6071428656578064,0.47999998927116394
34,4,19,0.6787780523300171,0.695279061794281,0.6784610748291016,0.695279061794281,0.6142857074737549,0.47999998927116394
34,4,20,0.6780952215194702,0.6952247619628906,0.6778733134269714,0.6952247619628906,0.6214285492897034,0.47999998927116394
34,4,21,0.6774135231971741,0.6951566338539124,0.6772100925445557,0.6951566338539124,0.6214285492897034,0.4399999976158142
34,4,22,0.6767406463623047,0.6951338052749634,0.6765349507331848,0.6951338052749634,0.6214285492897034,0.4399999976158142
34,4,23,0.6760683059692383,0.6951580047607422,0.6758742332458496,0.6951580047607422,0.6214285492897034,0.4399999976158142
34,4,24,0.6754007339477539,0.6950722336769104,0.6752288341522217,0.6950722336769104,0.6214285492897034,0.4399999976158142
34,4,25,0.6747495532035828,0.6949433088302612,0.674559473991394,0.6949433088302612,0.6214285492897034,0.4399999976158142
34,4,26,0.6740955710411072,0.6948817372322083,0.673875093460083,0.6948817372322083,0.6214285492897034,0.47999998927116394
35,4,1,0.691905677318573,0.6848528981208801,0.6876754760742188,0.6848528981208801,0.6071428656578064,0.6800000071525574
35,4,2,0.6908510327339172,0.6849496364593506,0.6875260472297668,0.6849496364593506,0.6142857074737549,0.6399999856948853
35,4,3,0.6900848150253296,0.6849926114082336,0.6874787211418152,0.6849926114082336,0.6071428656578064,0.6000000238418579
35,4,4,0.6894019246101379,0.6849863529205322,0.6874204277992249,0.6849863529205322,0.5928571224212646,0.6000000238418579
35,4,5,0.6887874007225037,0.6849238872528076,0.6873403191566467,0.6849238872528076,0.6214285492897034,0.5600000023841858
35,4,6,0.6882118582725525,0.6848768591880798,0.6872376799583435,0.6848768591880798,0.5857142806053162,0.6000000238418579
35,4,7,0.6876860857009888,0.6849178075790405,0.6871506571769714,0.6849178075790405,0.5857142806053162,0.6000000238418579
35,4,8,0.68716961145401,0.684968888759613,0.6870643496513367,0.684968888759613,0.5714285969734192,0.6000000238418579
35,4,9,0.686657190322876,0.6849642395973206,0.6869809627532959,0.6849642395973206,0.5785714387893677,0.6000000238418579
35,4,10,0.6861552000045776,0.6848820447921753,0.6868804097175598,0.6848820447921753,0.5785714387893677,0.6000000238418579
35,4,11,0.6856644153594971,0.6847463846206665,0.6867561340332031,0.6847463846206665,0.5785714387893677,0.6000000238418579
35,4,12,0.6851764917373657,0.6845918893814087,0.6866090893745422,0.6845918893814087,0.5857142806053162,0.5600000023841858
35,4,13,0.6846676468849182,0.6844027638435364,0.6864229440689087,0.6844027638435364,0.5857142806053162,0.5600000023841858
35,4,14,0.6841201782226562,0.6842673420906067,0.6861937642097473,0.6842673420906067,0.5857142806053162,0.6000000238418579
35,4,15,0.6835591197013855,0.6841515898704529,0.6859715580940247,0.6841515898704529,0.5857142806053162,0.6000000238418579
35,4,16,0.6830007433891296,0.6840367317199707,0.6857686042785645,0.6840367317199707,0.5928571224212646,0.6399999856948853
35,4,17,0.682463526725769,0.6839414834976196,0.685579776763916,0.6839414834976196,0.5857142806053162,0.6399999856948853
35,4,18,0.6819504499435425,0.6838785409927368,0.6853653192520142,0.6838785409927368,0.5857142806053162,0.6000000238418579
35,4,19,0.6814243197441101,0.6837755441665649,0.6850898861885071,0.6837755441665649,0.5928571224212646,0.6000000238418579
35,4,20,0.6808881759643555,0.6835874915122986,0.6847555637359619,0.6835874915122986,0.6000000238418579,0.6000000238418579
35,4,21,0.6803410053253174,0.683340311050415,0.6843641996383667,0.683340311050415,0.6071428656578064,0.6000000238418579
35,4,22,0.6797831654548645,0.6830815076828003,0.6839469075202942,0.6830815076828003,0.6142857074737549,0.6000000238418579
35,4,23,0.679206132888794,0.6827843189239502,0.6835107207298279,0.6827843189239502,0.6214285492897034,0.6000000238418579
35,4,24,0.678600549697876,0.6824145317077637,0.6830375790596008,0.6824145317077637,0.6285714507102966,0.6000000238418579
35,4,25,0.6779788136482239,0.6820120215415955,0.6825386881828308,0.6820120215415955,0.6285714507102966,0.6000000238418579
35,4,26,0.6773360371589661,0.6816139817237854,0.6820347309112549,0.6816139817237854,0.6285714507102966,0.5600000023841858
35,4,27,0.6766781210899353,0.6812148094177246,0.6815213561058044,0.6812148094177246,0.6285714507102966,0.5600000023841858
35,4,28,0.675995945930481,0.6807569265365601,0.6809837222099304,0.6807569265365601,0.6285714507102966,0.5600000023841858
35,4,29,0.6753066778182983,0.6802603006362915,0.6804304122924805,0.6802603006362915,0.6285714507102966,0.6000000238418579
35,4,30,0.6746097803115845,0.6797652244567871,0.6798793077468872,0.6797652244567871,0.6357142925262451,0.6000000238418579
35,4,31,0.6738948225975037,0.6792660355567932,0.679364025592804,0.6792660355567932,0.6357142925262451,0.6000000238418579
35,4,32,0.6731683015823364,0.6787476539611816,0.6788248419761658,0.6787476539611816,0.6357142925262451,0.6000000238418579
35,4,33,0.6724221110343933,0.6782147884368896,0.6782401204109192,0.6782147884368896,0.6428571343421936,0.6000000238418579
35,4,34,0.6716668009757996,0.6777256727218628,0.6776309013366699,0.6777256727218628,0.6428571343421936,0.6000000238418579
35,4,35,0.6708924174308777,0.6772177815437317,0.6770108342170715,0.6772177815437317,0.6428571343421936,0.6000000238418579
35,4,36,0.6700735092163086,0.6766759753227234,0.6763172745704651,0.6766759753227234,0.6428571343421936,0.6000000238418579
35,4,37,0.6692255735397339,0.6761144995689392,0.6755905747413635,0.6761144995689392,0.6428571343421936,0.6000000238418579
35,4,38,0.6683357954025269,0.6755254864692688,0.6748126149177551,0.6755254864692688,0.6428571343421936,0.6000000238418579
35,4,39,0.6674150824546814,0.6749376654624939,0.6740056276321411,0.6749376654624939,0.6428571343421936,0.6000000238418579
35,4,40,0.6664597392082214,0.674299418926239,0.6731561422348022,0.674299418926239,0.6357142925262451,0.6000000238418579
35,4,41,0.6654524803161621,0.6736981868743896,0.6722498536109924,0.6736981868743896,0.6357142925262451,0.6000000238418579
35,4,42,0.664400577545166,0.6730760931968689,0.6713425517082214,0.6730760931968689,0.6428571343421936,0.6000000238418579
35,4,43,0.6633147597312927,0.6724178791046143,0.6704274415969849,0.6724178791046143,0.6499999761581421,0.6000000238418579
35,4,44,0.6621964573860168,0.6717798709869385,0.6694836020469666,0.6717798709869385,0.6499999761581421,0.6000000238418579
35,4,45,0.661036491394043,0.6710784435272217,0.6685174107551575,0.6710784435272217,0.6499999761581421,0.6000000238418579
35,4,46,0.6598740220069885,0.6703251600265503,0.6675184965133667,0.6703251600265503,0.6571428775787354,0.6399999856948853
35,4,47,0.6586862802505493,0.6695184111595154,0.6664315462112427,0.6695184111595154,0.6571428775787354,0.6800000071525574
35,4,48,0.6574650406837463,0.6686723232269287,0.665248692035675,0.6686723232269287,0.6571428775787354,0.6800000071525574
35,4,49,0.6562053561210632,0.6677840948104858,0.664004385471344,0.6677840948104858,0.6642857193946838,0.6800000071525574
35,4,50,0.6548948287963867,0.6669032573699951,0.6627098321914673,0.6669032573699951,0.6642857193946838,0.6800000071525574
35,4,51,0.6535183191299438,0.665925920009613,0.661303699016571,0.665925920009613,0.6714285612106323,0.6800000071525574
35,4,52,0.6521134376525879,0.6650062799453735,0.6598473787307739,0.6650062799453735,0.6714285612106323,0.6800000071525574
35,4,53,0.6506843566894531,0.6641190052032471,0.6583939790725708,0.6641190052032471,0.6714285612106323,0.6800000071525574
35,4,54,0.6492301821708679,0.6631954312324524,0.6569350361824036,0.6631954312324524,0.6714285612106323,0.6800000071525574
35,4,55,0.6477211117744446,0.6621970534324646,0.6553879380226135,0.6621970534324646,0.6785714030265808,0.6800000071525574
35,4,56,0.6461663246154785,0.6612145304679871,0.6537589430809021,0.6612145304679871,0.6785714030265808,0.6800000071525574
35,4,57,0.6445733308792114,0.6602219939231873,0.6520779132843018,0.6602219939231873,0.6857143044471741,0.6800000071525574
35,4,58,0.6429312825202942,0.6592240929603577,0.650296688079834,0.6592240929603577,0.6857143044471741,0.6800000071525574
35,4,59,0.6412901878356934,0.6583056449890137,0.6485389471054077,0.6583056449890137,0.6785714030265808,0.7200000286102295
35,4,60,0.6396099328994751,0.6573188304901123,0.6467588543891907,0.6573188304901123,0.6785714030265808,0.7200000286102295
35,4,61,0.6378840804100037,0.6562535762786865,0.6448924541473389,0.6562535762786865,0.6785714030265808,0.7599999904632568
35,4,62,0.6360778212547302,0.6551859974861145,0.6428917646408081,0.6551859974861145,0.6785714030265808,0.7599999904632568
35,4,63,0.6342317461967468,0.6541101932525635,0.6408281922340393,0.6541101932525635,0.6785714030265808,0.7599999904632568
35,4,64,0.6323503255844116,0.6530072093009949,0.6387073993682861,0.6530072093009949,0.6857143044471741,0.7599999904632568
35,4,65,0.6304618716239929,0.6519556641578674,0.6365823745727539,0.6519556641578674,0.6857143044471741,0.7599999904632568
35,4,66,0.6285476684570312,0.6509892344474792,0.6344735026359558,0.6509892344474792,0.6785714030265808,0.7599999904632568
35,4,67,0.6265929937362671,0.6500029563903809,0.6323376297950745,0.6500029563903809,0.699999988079071,0.7599999904632568
35,4,68,0.6246021389961243,0.6489959955215454,0.6301740407943726,0.6489959955215454,0.699999988079071,0.7599999904632568
35,4,69,0.6226010322570801,0.6480259895324707,0.6280079483985901,0.6480259895324707,0.7142857313156128,0.7599999904632568
35,4,70,0.6205716133117676,0.6471062302589417,0.6258242726325989,0.6471062302589417,0.7142857313156128,0.7599999904632568
35,4,71,0.6185274124145508,0.6461942195892334,0.6236255168914795,0.6461942195892334,0.7142857313156128,0.7599999904632568
35,4,72,0.6164572238922119,0.6453151702880859,0.6213457584381104,0.6453151702880859,0.7071428298950195,0.7599999904632568
35,4,73,0.6143597364425659,0.6444898843765259,0.6190277934074402,0.6444898843765259,0.7142857313156128,0.7599999904632568
35,4,74,0.6122626662254333,0.6436549425125122,0.6167210340499878,0.6436549425125122,0.7142857313156128,0.7599999904632568
35,4,75,0.6101483702659607,0.6428350210189819,0.614456295967102,0.6428350210189819,0.7142857313156128,0.7599999904632568
35,4,76,0.6080288290977478,0.6420329213142395,0.6122274994850159,0.6420329213142395,0.7214285731315613,0.7599999904632568
35,4,77,0.6059176921844482,0.6412566900253296,0.6100441217422485,0.6412566900253296,0.7214285731315613,0.7599999904632568
35,4,78,0.6037778854370117,0.6404089331626892,0.6077783107757568,0.6404089331626892,0.7142857313156128,0.7599999904632568
35,4,79,0.6016160845756531,0.6395848393440247,0.6054501533508301,0.6395848393440247,0.7142857313156128,0.7599999904632568
35,4,80,0.5994564890861511,0.6388437747955322,0.6031156182289124,0.6388437747955322,0.7142857313156128,0.7200000286102295
35,4,81,0.5973051190376282,0.6382412314414978,0.6008313298225403,0.6382412314414978,0.7142857313156128,0.7200000286102295
35,4,82,0.5951665639877319,0.6377612948417664,0.5987033843994141,0.6377612948417664,0.7214285731315613,0.7200000286102295
35,4,83,0.5930129289627075,0.6372324228286743,0.5966104865074158,0.6372324228286743,0.7214285731315613,0.7200000286102295
35,4,84,0.5908262133598328,0.6366007328033447,0.5943567156791687,0.6366007328033447,0.7214285731315613,0.7200000286102295
35,4,85,0.5886133909225464,0.6359798312187195,0.5919726490974426,0.6359798312187195,0.7214285731315613,0.7200000286102295
35,4,86,0.5863890051841736,0.6354114413261414,0.5895721316337585,0.6354114413261414,0.7214285731315613,0.7200000286102295
35,4,87,0.5841741561889648,0.6349465250968933,0.5872554183006287,0.6349465250968933,0.7214285731315613,0.7200000286102295
35,4,88,0.5819901823997498,0.6345101594924927,0.5850898623466492,0.6345101594924927,0.7214285731315613,0.7200000286102295
35,4,89,0.5797891020774841,0.6340209245681763,0.5828251242637634,0.6340209245681763,0.7214285731315613,0.7200000286102295
35,4,90,0.5776065587997437,0.633597731590271,0.5805510878562927,0.633597731590271,0.7285714149475098,0.7200000286102295
35,4,91,0.5754467844963074,0.6332736015319824,0.578359842300415,0.6332736015319824,0.7285714149475098,0.7200000286102295
35,4,92,0.5732808709144592,0.6330302953720093,0.576220691204071,0.6330302953720093,0.7285714149475098,0.7200000286102295
35,4,93,0.5711104273796082,0.632846474647522,0.5741745829582214,0.632846474647522,0.7285714149475098,0.7200000286102295
35,4,94,0.5689269304275513,0.6325680613517761,0.5721204876899719,0.6325680613517761,0.7285714149475098,0.7200000286102295
35,4,95,0.5667331218719482,0.6322337985038757,0.5698675513267517,0.6322337985038757,0.7285714149475098,0.7200000286102295
35,4,96,0.5645454525947571,0.6320421695709229,0.567570149898529,0.6320421695709229,0.7357142567634583,0.7200000286102295
35,4,97,0.5623624920845032,0.6319425702095032,0.5653762221336365,0.6319425702095032,0.7428571581840515,0.7200000286102295
35,4,98,0.5601643323898315,0.6318592429161072,0.5631653666496277,0.6318592429161072,0.75,0.7200000286102295
35,4,99,0.5579769015312195,0.6317863464355469,0.5609331727027893,0.6317863464355469,0.75,0.7200000286102295
35,4,100,0.5557807683944702,0.6317410469055176,0.5586822628974915,0.6317410469055176,0.75,0.7200000286102295
35,4,101,0.553568959236145,0.6317899823188782,0.556443989276886,0.6317899823188782,0.75,0.7200000286102295
35,4,102,0.5513378977775574,0.6319266557693481,0.5542187690734863,0.6319266557693481,0.75,0.7200000286102295
35,4,103,0.5491024851799011,0.632058322429657,0.5519731640815735,0.632058322429657,0.75,0.7200000286102295
35,4,104,0.546864926815033,0.6322265267372131,0.5496750473976135,0.6322265267372131,0.7642857432365417,0.7200000286102295
35,4,105,0.544619619846344,0.6324105262756348,0.547327995300293,0.6324105262756348,0.7642857432365417,0.7200000286102295
35,4,106,0.542381227016449,0.6326479911804199,0.5450062155723572,0.6326479911804199,0.7642857432365417,0.7200000286102295
35,4,107,0.5401539206504822,0.632968008518219,0.5427902936935425,0.632968008518219,0.7642857432365417,0.6800000071525574
35,4,108,0.537912130355835,0.6333200335502625,0.5405667424201965,0.6333200335502625,0.7714285850524902,0.6800000071525574
35,4,109,0.5356634259223938,0.6336516737937927,0.5382413268089294,0.6336516737937927,0.7714285850524902,0.6800000071525574
35,4,110,0.5334360599517822,0.6340501308441162,0.5359436869621277,0.6340501308441162,0.7714285850524902,0.6800000071525574
35,4,111,0.5311949849128723,0.6344385743141174,0.5336454510688782,0.6344385743141174,0.7714285850524902,0.6800000071525574
35,4,112,0.5289576649665833,0.6349254250526428,0.5313481092453003,0.6349254250526428,0.7714285850524902,0.6800000071525574
35,4,113,0.5267235636711121,0.6354542970657349,0.529231071472168,0.6354542970657349,0.7714285850524902,0.6399999856948853
35,4,114,0.5244516134262085,0.6359612345695496,0.5270058512687683,0.6359612345695496,0.7785714268684387,0.6399999856948853
35,4,115,0.5221995711326599,0.6365231275558472,0.5247759819030762,0.6365231275558472,0.7785714268684387,0.6399999856948853
35,4,116,0.519936740398407,0.6370934247970581,0.5225389003753662,0.6370934247970581,0.7857142686843872,0.6399999856948853
35,4,117,0.5176727771759033,0.6376644968986511,0.5202087163925171,0.6376644968986511,0.7928571701049805,0.6399999856948853
35,4,118,0.5154404640197754,0.6382570266723633,0.5179098844528198,0.6382570266723633,0.7928571701049805,0.6399999856948853
35,4,119,0.5132021307945251,0.63883376121521,0.5155623555183411,0.63883376121521,0.7928571701049805,0.6399999856948853
35,4,120,0.510962724685669,0.6394647359848022,0.5131548047065735,0.6394647359848022,0.7928571701049805,0.6399999856948853
35,4,121,0.5087474584579468,0.6401396989822388,0.5109084248542786,0.6401396989822388,0.7928571701049805,0.6399999856948853
35,4,122,0.5065029859542847,0.6408006548881531,0.5086008310317993,0.6408006548881531,0.7928571701049805,0.6399999856948853
35,4,123,0.5042830109596252,0.6415072083473206,0.5063214898109436,0.6415072083473206,0.7928571701049805,0.6399999856948853
35,4,124,0.5020444989204407,0.6422299742698669,0.5040861368179321,0.6422299742698669,0.7928571701049805,0.6399999856948853
35,4,125,0.49981242418289185,0.6429735422134399,0.5018328428268433,0.6429735422134399,0.800000011920929,0.6399999856948853
36,4,1,0.6889235973358154,0.6852754950523376,0.6911517381668091,0.6852754950523376,0.5285714268684387,0.5600000023841858
36,4,2,0.6878823637962341,0.6853392124176025,0.6905883550643921,0.6853392124176025,0.5357142686843872,0.5199999809265137
36,4,3,0.6870726346969604,0.6853942275047302,0.6904399991035461,0.6853942275047302,0.5071428418159485,0.4399999976158142
36,4,4,0.6862856149673462,0.6854691505432129,0.6903168559074402,0.6854691505432129,0.5,0.4399999976158142
36,4,5,0.6855573654174805,0.685585618019104,0.6902482509613037,0.685585618019104,0.5071428418159485,0.4399999976158142
36,4,6,0.6848518252372742,0.6855815649032593,0.690169095993042,0.6855815649032593,0.5142857432365417,0.47999998927116394
36,4,7,0.6841710209846497,0.6855144500732422,0.6900599598884583,0.6855144500732422,0.5071428418159485,0.47999998927116394
36,4,8,0.6834874749183655,0.6853569149971008,0.6898694634437561,0.6853569149971008,0.5071428418159485,0.47999998927116394
36,4,9,0.6827951669692993,0.6851274967193604,0.6895842552185059,0.6851274967193604,0.5,0.47999998927116394
36,4,10,0.6820769309997559,0.6848496794700623,0.6891776919364929,0.6848496794700623,0.5071428418159485,0.47999998927116394
36,4,11,0.6813300848007202,0.6844323873519897,0.688665509223938,0.6844323873519897,0.5071428418159485,0.47999998927116394
36,4,12,0.6805492043495178,0.6839330792427063,0.6880385279655457,0.6839330792427063,0.5071428418159485,0.47999998927116394
36,4,13,0.6797473430633545,0.6833966970443726,0.6873463988304138,0.6833966970443726,0.5142857432365417,0.47999998927116394
36,4,14,0.6789088845252991,0.6827541589736938,0.6865940093994141,0.6827541589736938,0.5285714268684387,0.47999998927116394
36,4,15,0.6780508160591125,0.6820133924484253,0.6857827305793762,0.6820133924484253,0.5428571701049805,0.5199999809265137
36,4,16,0.6771796345710754,0.6812341213226318,0.6849209666252136,0.6812341213226318,0.5642856955528259,0.5199999809265137
36,4,17,0.6763022541999817,0.6803886294364929,0.6840218305587769,0.6803886294364929,0.5642856955528259,0.5199999809265137
36,4,18,0.6754044890403748,0.6794422268867493,0.6830747127532959,0.6794422268867493,0.5928571224212646,0.5600000023841858
36,4,19,0.6744769215583801,0.6784800887107849,0.6820866465568542,0.6784800887107849,0.6142857074737549,0.5600000023841858
36,4,20,0.6735079884529114,0.6774327158927917,0.6810471415519714,0.6774327158927917,0.6142857074737549,0.6000000238418579
36,4,21,0.6725007891654968,0.6761981248855591,0.6799314618110657,0.6761981248855591,0.6285714507102966,0.6000000238418579
36,4,22,0.671454668045044,0.6748018860816956,0.6787201166152954,0.6748018860816956,0.6357142925262451,0.6000000238418579
36,4,23,0.6703633666038513,0.6734132170677185,0.677419900894165,0.6734132170677185,0.6428571343421936,0.6000000238418579
36,4,24,0.6692922711372375,0.6720876097679138,0.6761617660522461,0.6720876097679138,0.6428571343421936,0.6000000238418579
36,4,25,0.6682308912277222,0.6708211302757263,0.6749623417854309,0.6708211302757263,0.6357142925262451,0.6000000238418579
36,4,26,0.6671537756919861,0.6696189641952515,0.6737977266311646,0.6696189641952515,0.6357142925262451,0.6000000238418579
36,4,27,0.6660935878753662,0.6684681177139282,0.6726954579353333,0.6684681177139282,0.6357142925262451,0.6000000238418579
36,4,28,0.6650424599647522,0.6674336194992065,0.6716510653495789,0.6674336194992065,0.6428571343421936,0.6000000238418579
36,4,29,0.6639767289161682,0.666525661945343,0.6706641912460327,0.666525661945343,0.6428571343421936,0.6000000238418579
36,4,30,0.6628955602645874,0.6656752228736877,0.6697412133216858,0.6656752228736877,0.6357142925262451,0.6000000238418579
36,4,31,0.6618183851242065,0.6648458242416382,0.6688840389251709,0.6648458242416382,0.6357142925262451,0.6000000238418579
36,4,32,0.6607540845870972,0.6639978885650635,0.6680507659912109,0.6639978885650635,0.6428571343421936,0.6000000238418579
36,4,33,0.6596882939338684,0.6631097197532654,0.667160153388977,0.6631097197532654,0.6428571343421936,0.6000000238418579
36,4,34,0.6586109399795532,0.6621542572975159,0.6662177443504333,0.6621542572975159,0.6499999761581421,0.6000000238418579
36,4,35,0.6575124263763428,0.661142110824585,0.6652066111564636,0.661142110824585,0.6571428775787354,0.6000000238418579
36,4,36,0.6563946008682251,0.6600858569145203,0.66412353515625,0.6600858569145203,0.6571428775787354,0.6000000238418579
36,4,37,0.6552606225013733,0.6589723825454712,0.662992537021637,0.6589723825454712,0.6571428775787354,0.6000000238418579
36,4,38,0.6541204452514648,0.6578381061553955,0.6618434190750122,0.6578381061553955,0.6642857193946838,0.6000000238418579
36,4,39,0.6529684066772461,0.6566977500915527,0.6606763601303101,0.6566977500915527,0.6571428775787354,0.6000000238418579
36,4,40,0.6518082618713379,0.6555123925209045,0.6594893336296082,0.6555123925209045,0.6571428775787354,0.6000000238418579
36,4,41,0.6506217122077942,0.6542346477508545,0.658237099647522,0.6542346477508545,0.6571428775787354,0.6000000238418579
36,4,42,0.6494132280349731,0.6528581976890564,0.6569125056266785,0.6528581976890564,0.6642857193946838,0.6000000238418579
36,4,43,0.6481813192367554,0.6514634490013123,0.6555467844009399,0.6514634490013123,0.6642857193946838,0.5600000023841858
36,4,44,0.6469345092773438,0.6501479148864746,0.6541814804077148,0.6501479148864746,0.6714285612106323,0.5600000023841858
36,4,45,0.6456789374351501,0.6489257216453552,0.6528739333152771,0.6489257216453552,0.6714285612106323,0.5600000023841858
36,4,46,0.6444291472434998,0.6478440165519714,0.651665985584259,0.6478440165519714,0.6785714030265808,0.5600000023841858
36,4,47,0.6431851983070374,0.6467868089675903,0.6505047082901001,0.6467868089675903,0.6785714030265808,0.5600000023841858
36,4,48,0.6419256329536438,0.645733118057251,0.649314284324646,0.645733118057251,0.6785714030265808,0.5600000023841858
36,4,49,0.6406564712524414,0.6447330713272095,0.6481320261955261,0.6447330713272095,0.6785714030265808,0.5600000023841858
36,4,50,0.6393734812736511,0.6437039971351624,0.6469334959983826,0.6437039971351624,0.6785714030265808,0.5600000023841858
36,4,51,0.6380700469017029,0.6426114439964294,0.6456598043441772,0.6426114439964294,0.6857143044471741,0.5600000023841858
36,4,52,0.636744499206543,0.6414555311203003,0.6443291902542114,0.6414555311203003,0.6857143044471741,0.6000000238418579
36,4,53,0.6354029774665833,0.6402734518051147,0.6429650783538818,0.6402734518051147,0.6928571462631226,0.5600000023841858
36,4,54,0.6340514421463013,0.6390919089317322,0.6415969133377075,0.6390919089317322,0.6928571462631226,0.5600000023841858
36,4,55,0.6326868534088135,0.637886106967926,0.6402056813240051,0.637886106967926,0.6928571462631226,0.5600000023841858
36,4,56,0.6313103437423706,0.636690616607666,0.6387787461280823,0.636690616607666,0.6928571462631226,0.5600000023841858
36,4,57,0.6299220323562622,0.6355563998222351,0.6373382806777954,0.6355563998222351,0.6857143044471741,0.5600000023841858
36,4,58,0.6285096406936646,0.6343498826026917,0.6358701586723328,0.6343498826026917,0.6857143044471741,0.5600000023841858
36,4,59,0.6270716786384583,0.6330093145370483,0.6343041658401489,0.6330093145370483,0.6857143044471741,0.6399999856948853
36,4,60,0.6256006956100464,0.631635844707489,0.6326441764831543,0.631635844707489,0.6857143044471741,0.6399999856948853
36,4,61,0.6241298317909241,0.6303625702857971,0.6310323476791382,0.6303625702857971,0.6857143044471741,0.6399999856948853
36,4,62,0.6226375699043274,0.6291500329971313,0.6294577717781067,0.6291500329971313,0.6857143044471741,0.6399999856948853
36,4,63,0.6211099624633789,0.6279354691505432,0.627865195274353,0.6279354691505432,0.6857143044471741,0.6399999856948853
36,4,64,0.6195576190948486,0.6265597343444824,0.6262118220329285,0.6265597343444824,0.6928571462631226,0.6399999856948853
36,4,65,0.617987871170044,0.6252845525741577,0.6245409250259399,0.6252845525741577,0.6928571462631226,0.6399999856948853
36,4,66,0.6164140701293945,0.6241582036018372,0.6229420900344849,0.6241582036018372,0.699999988079071,0.6399999856948853
36,4,67,0.61480313539505,0.622928261756897,0.621275782585144,0.622928261756897,0.7071428298950195,0.6399999856948853
36,4,68,0.6131695508956909,0.6216403841972351,0.6195655465126038,0.6216403841972351,0.7071428298950195,0.6399999856948853
36,4,69,0.6115115880966187,0.6203325390815735,0.6178016662597656,0.6203325390815735,0.699999988079071,0.6399999856948853
36,4,70,0.6098224520683289,0.6191434264183044,0.6159950494766235,0.6191434264183044,0.699999988079071,0.6399999856948853
36,4,71,0.6081084609031677,0.6178942322731018,0.6141957640647888,0.6178942322731018,0.7071428298950195,0.6399999856948853
36,4,72,0.606374979019165,0.6166177988052368,0.6123796701431274,0.6166177988052368,0.7071428298950195,0.6399999856948853
36,4,73,0.604637861251831,0.6153416633605957,0.6105858087539673,0.6153416633605957,0.7071428298950195,0.6399999856948853
36,4,74,0.6028755307197571,0.613993227481842,0.6087630391120911,0.613993227481842,0.7142857313156128,0.6399999856948853
36,4,75,0.6011030673980713,0.6126787066459656,0.6068597435951233,0.6126787066459656,0.7142857313156128,0.6399999856948853
36,4,76,0.5993210077285767,0.6116117238998413,0.6050612926483154,0.6116117238998413,0.7214285731315613,0.6399999856948853
36,4,77,0.5975144505500793,0.6105157732963562,0.6033041477203369,0.6105157732963562,0.7214285731315613,0.6399999856948853
36,4,78,0.5956630110740662,0.6093258261680603,0.6014623641967773,0.6093258261680603,0.7214285731315613,0.6399999856948853
36,4,79,0.5937902331352234,0.6081343293190002,0.59951251745224,0.6081343293190002,0.7214285731315613,0.6399999856948853
36,4,80,0.5918842554092407,0.6071784496307373,0.5975898504257202,0.6071784496307373,0.7214285731315613,0.6399999856948853
36,4,81,0.589962899684906,0.6061950922012329,0.5957657098770142,0.6061950922012329,0.7214285731315613,0.6399999856948853
36,4,82,0.5880361199378967,0.6050233244895935,0.5938453078269958,0.6050233244895935,0.7285714149475098,0.6399999856948853
36,4,83,0.5860729217529297,0.6039109230041504,0.5918344259262085,0.6039109230041504,0.7285714149475098,0.6399999856948853
36,4,84,0.5840945243835449,0.6028827428817749,0.5898489356040955,0.6028827428817749,0.7285714149475098,0.6399999856948853
36,4,85,0.5820895433425903,0.6018176078796387,0.5878491997718811,0.6018176078796387,0.7285714149475098,0.6399999856948853
36,4,86,0.5800662636756897,0.6008026003837585,0.5858461260795593,0.6008026003837585,0.7285714149475098,0.6399999856948853
36,4,87,0.5780280232429504,0.5998554825782776,0.583892822265625,0.5998554825782776,0.7285714149475098,0.6399999856948853
36,4,88,0.5759785175323486,0.5987665057182312,0.5818674564361572,0.5987665057182312,0.7357142567634583,0.6399999856948853
36,4,89,0.5739040970802307,0.5977004170417786,0.5797502994537354,0.5977004170417786,0.7357142567634583,0.6399999856948853
36,4,90,0.5718279480934143,0.59659743309021,0.5776025056838989,0.59659743309021,0.7357142567634583,0.6399999856948853
36,4,91,0.569743812084198,0.595684289932251,0.575502336025238,0.595684289932251,0.7357142567634583,0.6399999856948853
36,4,92,0.5676571726799011,0.5948292016983032,0.5734910368919373,0.5948292016983032,0.7357142567634583,0.6399999856948853
36,4,93,0.5655766129493713,0.5938812494277954,0.5714772939682007,0.5938812494277954,0.7357142567634583,0.6399999856948853
36,4,94,0.5634793639183044,0.5927848219871521,0.5693264007568359,0.5927848219871521,0.7357142567634583,0.6399999856948853
36,4,95,0.5613647699356079,0.5918072462081909,0.5670884251594543,0.5918072462081909,0.7428571581840515,0.6399999856948853
36,4,96,0.5592621564865112,0.5909416675567627,0.5649400949478149,0.5909416675567627,0.7428571581840515,0.6399999856948853
36,4,97,0.557174801826477,0.5901340246200562,0.5628652572631836,0.5901340246200562,0.7428571581840515,0.6399999856948853
36,4,98,0.5551013946533203,0.5891992449760437,0.5607684850692749,0.5891992449760437,0.7428571581840515,0.6399999856948853
36,4,99,0.5530080795288086,0.5882461667060852,0.5585576891899109,0.5882461667060852,0.7285714149475098,0.6399999856948853
36,4,100,0.5509073734283447,0.5874495506286621,0.5563725233078003,0.5874495506286621,0.7285714149475098,0.6399999856948853
36,4,101,0.5488026738166809,0.5866938829421997,0.5542274713516235,0.5866938829421997,0.7285714149475098,0.6399999856948853
36,4,102,0.5467014312744141,0.5859684944152832,0.5521027445793152,0.5859684944152832,0.7285714149475098,0.6399999856948853
36,4,103,0.5445858836174011,0.585252583026886,0.5499494075775146,0.585252583026886,0.7285714149475098,0.6399999856948853
36,4,104,0.5424496531486511,0.5844917893409729,0.5477305054664612,0.5844917893409729,0.7285714149475098,0.6399999856948853
36,4,105,0.5403026342391968,0.5837032794952393,0.5454390048980713,0.5837032794952393,0.7357142567634583,0.6399999856948853
36,4,106,0.5381597280502319,0.5832056999206543,0.5432097911834717,0.5832056999206543,0.7428571581840515,0.6399999856948853
36,4,107,0.5360188484191895,0.5827615261077881,0.5411152839660645,0.5827615261077881,0.75,0.6399999856948853
36,4,108,0.53388512134552,0.5822643041610718,0.5390254855155945,0.5822643041610718,0.75,0.6399999856948853
36,4,109,0.5317487120628357,0.5817838907241821,0.5368995070457458,0.5817838907241821,0.75,0.6399999856948853
36,4,110,0.52960604429245,0.5812783241271973,0.5347158312797546,0.5812783241271973,0.75,0.6399999856948853
36,4,111,0.5274632573127747,0.5808301568031311,0.5325266122817993,0.5808301568031311,0.75,0.6399999856948853
36,4,112,0.5253137350082397,0.5805995464324951,0.5304059982299805,0.5805995464324951,0.75,0.6399999856948853
36,4,113,0.5231503248214722,0.5803245306015015,0.5283108353614807,0.5803245306015015,0.75,0.6399999856948853
36,4,114,0.5209286212921143,0.5799506902694702,0.5260913968086243,0.5799506902694702,0.7571428418159485,0.6399999856948853
36,4,115,0.5186195969581604,0.5792529582977295,0.5236342549324036,0.5792529582977295,0.7571428418159485,0.6399999856948853
36,4,116,0.5161480903625488,0.578978419303894,0.5209581851959229,0.578978419303894,0.7571428418159485,0.6399999856948853
36,4,117,0.5135908126831055,0.5789350271224976,0.5182536244392395,0.5789350271224976,0.7642857432365417,0.6399999856948853
36,4,118,0.5110880136489868,0.5790390968322754,0.5157157778739929,0.5790390968322754,0.7642857432365417,0.6399999856948853
36,4,119,0.5086376070976257,0.5791480541229248,0.5132678747177124,0.5791480541229248,0.7642857432365417,0.6399999856948853
36,4,120,0.5062399506568909,0.5792642831802368,0.5108460783958435,0.5792642831802368,0.7642857432365417,0.6399999856948853
36,4,121,0.5038321614265442,0.5794021487236023,0.5084262490272522,0.5794021487236023,0.7642857432365417,0.6399999856948853
36,4,122,0.5013802647590637,0.5794792771339417,0.5059272646903992,0.5794792771339417,0.7571428418159485,0.6399999856948853
36,4,123,0.49894168972969055,0.5796878337860107,0.5034273862838745,0.5796878337860107,0.7642857432365417,0.6399999856948853
36,4,124,0.4965151250362396,0.5799235701560974,0.5009864568710327,0.5799235701560974,0.7642857432365417,0.6399999856948853
36,4,125,0.4940715730190277,0.5801268815994263,0.4984925389289856,0.5801268815994263,0.7642857432365417,0.6399999856948853
36,4,126,0.4916137754917145,0.5804455280303955,0.49598807096481323,0.5804455280303955,0.7642857432365417,0.6399999856948853
36,4,127,0.48914626240730286,0.5809144377708435,0.4935548007488251,0.5809144377708435,0.7642857432365417,0.6399999856948853
36,4,128,0.4866575598716736,0.5813957452774048,0.49114543199539185,0.5813957452774048,0.7642857432365417,0.6399999856948853
36,4,129,0.48413482308387756,0.5817704796791077,0.48864495754241943,0.5817704796791077,0.7642857432365417,0.6399999856948853
36,4,130,0.48158758878707886,0.5822004675865173,0.48605188727378845,0.5822004675865173,0.7642857432365417,0.6399999856948853
36,4,131,0.4790096879005432,0.5828569531440735,0.4833861291408539,0.5828569531440735,0.7642857432365417,0.6399999856948853
36,4,132,0.47638675570487976,0.5836285948753357,0.48072826862335205,0.5836285948753357,0.7642857432365417,0.6399999856948853
36,4,133,0.47379210591316223,0.5844423174858093,0.47816702723503113,0.5844423174858093,0.7642857432365417,0.6399999856948853
36,4,134,0.4712550640106201,0.585289716720581,0.4756580889225006,0.585289716720581,0.7642857432365417,0.6399999856948853
36,4,135,0.46870243549346924,0.5860297083854675,0.4731122553348541,0.5860297083854675,0.7642857432365417,0.6399999856948853
36,4,136,0.4661308825016022,0.5868858098983765,0.47052982449531555,0.5868858098983765,0.7642857432365417,0.6399999856948853
36,4,137,0.46356484293937683,0.5878661870956421,0.4680459201335907,0.5878661870956421,0.7714285850524902,0.6399999856948853
36,4,138,0.4609910547733307,0.5885923504829407,0.46548548340797424,0.5885923504829407,0.7714285850524902,0.6399999856948853
36,4,139,0.4584110379219055,0.5892756581306458,0.46274954080581665,0.5892756581306458,0.7714285850524902,0.6399999856948853
36,4,140,0.45583197474479675,0.590185284614563,0.4600226879119873,0.590185284614563,0.7785714268684387,0.6399999856948853
36,4,141,0.45326533913612366,0.5913584232330322,0.45745331048965454,0.5913584232330322,0.7785714268684387,0.6399999856948853
36,4,142,0.4506973624229431,0.5924027562141418,0.4548868238925934,0.5924027562141418,0.7785714268684387,0.6399999856948853
37,4,1,0.6927928328514099,0.6849403977394104,0.6844163537025452,0.6849403977394104,0.6000000238418579,0.6000000238418579
37,4,2,0.6915545463562012,0.6859089732170105,0.6843819618225098,0.6859089732170105,0.6071428656578064,0.6000000238418579
37,4,3,0.6905778050422668,0.6867707967758179,0.6845310926437378,0.6867707967758179,0.6142857074737549,0.5600000023841858
37,4,4,0.6896728873252869,0.6875429749488831,0.6846684217453003,0.6875429749488831,0.6285714507102966,0.6000000238418579
37,4,5,0.6887901425361633,0.6882651448249817,0.684742271900177,0.6882651448249817,0.6428571343421936,0.6000000238418579
37,4,6,0.6879199147224426,0.688896894454956,0.684737503528595,0.688896894454956,0.6499999761581421,0.5600000023841858
37,4,7,0.6870673298835754,0.6895125508308411,0.6846786737442017,0.6895125508308411,0.6642857193946838,0.5600000023841858
37,4,8,0.6862713694572449,0.6900286674499512,0.6845933794975281,0.6900286674499512,0.6571428775787354,0.5600000023841858
37,4,9,0.6855120062828064,0.6904602646827698,0.6844344139099121,0.6904602646827698,0.6642857193946838,0.5600000023841858
37,4,10,0.68478924036026,0.6908288598060608,0.6842209100723267,0.6908288598060608,0.6857143044471741,0.6000000238418579
37,4,11,0.6840720176696777,0.6911453008651733,0.6839567422866821,0.6911453008651733,0.6642857193946838,0.6000000238418579
37,4,12,0.6833493113517761,0.6914135813713074,0.6836417317390442,0.6914135813713074,0.6428571343421936,0.6399999856948853
37,4,13,0.6826112866401672,0.6916031837463379,0.6832526326179504,0.6916031837463379,0.6357142925262451,0.6000000238418579
37,4,14,0.6818676590919495,0.6917262077331543,0.6828109622001648,0.6917262077331543,0.6357142925262451,0.6000000238418579
37,4,15,0.6811168789863586,0.6917869448661804,0.6823415160179138,0.6917869448661804,0.6357142925262451,0.6000000238418579
37,4,16,0.6803359985351562,0.6917962431907654,0.6818267703056335,0.6917962431907654,0.6357142925262451,0.6000000238418579
37,4,17,0.679530143737793,0.6917312741279602,0.6812483072280884,0.6917312741279602,0.6499999761581421,0.6000000238418579
37,4,18,0.6787062287330627,0.6916812658309937,0.6806384921073914,0.6916812658309937,0.6571428775787354,0.6000000238418579
37,4,19,0.6778455376625061,0.6916152238845825,0.6799895167350769,0.6916152238845825,0.6499999761581421,0.5600000023841858
37,4,20,0.6769342422485352,0.6915184259414673,0.6792779564857483,0.6915184259414673,0.6499999761581421,0.5600000023841858
37,4,21,0.6759684681892395,0.6914370656013489,0.6784999370574951,0.6914370656013489,0.6499999761581421,0.5600000023841858
37,4,22,0.6749591827392578,0.6913430094718933,0.6776575446128845,0.6913430094718933,0.6499999761581421,0.5600000023841858
37,4,23,0.6738783121109009,0.6912120580673218,0.6767284274101257,0.6912120580673218,0.6571428775787354,0.5600000023841858
37,4,24,0.6727590560913086,0.6910167932510376,0.6757424473762512,0.6910167932510376,0.6571428775787354,0.6000000238418579
37,4,25,0.6716026067733765,0.6908751130104065,0.6747162938117981,0.6908751130104065,0.6499999761581421,0.6000000238418579
37,4,26,0.6704156994819641,0.6907864212989807,0.6736643314361572,0.6907864212989807,0.6499999761581421,0.6000000238418579
38,4,1,0.6918951272964478,0.6913508772850037,0.6914221048355103,0.6913508772850037,0.5571428537368774,0.6000000238418579
38,4,2,0.6905664801597595,0.6909198760986328,0.6903867721557617,0.6909198760986328,0.5571428537368774,0.6399999856948853
38,4,3,0.6896780133247375,0.6904076337814331,0.6893238425254822,0.6904076337814331,0.5714285969734192,0.6399999856948853
38,4,4,0.6888793110847473,0.6898699402809143,0.6882843971252441,0.6898699402809143,0.5857142806053162,0.6399999856948853
38,4,5,0.6881078481674194,0.6892977356910706,0.6872659921646118,0.6892977356910706,0.6071428656578064,0.6000000238418579
38,4,6,0.6873356103897095,0.6887226700782776,0.6862605214118958,0.6887226700782776,0.6285714507102966,0.5600000023841858
38,4,7,0.6865682601928711,0.6881733536720276,0.6852756142616272,0.6881733536720276,0.6499999761581421,0.5600000023841858
38,4,8,0.6858072280883789,0.6875796318054199,0.6842983365058899,0.6875796318054199,0.6571428775787354,0.5600000023841858
38,4,9,0.6850624680519104,0.6869650483131409,0.683334469795227,0.6869650483131409,0.6571428775787354,0.5600000023841858
38,4,10,0.6843020915985107,0.6863517761230469,0.682372510433197,0.6863517761230469,0.6714285612106323,0.5199999809265137
38,4,11,0.6835289597511292,0.6857399940490723,0.6814212799072266,0.6857399940490723,0.6642857193946838,0.5600000023841858
38,4,12,0.6827582120895386,0.6851052045822144,0.6804953217506409,0.6851052045822144,0.6571428775787354,0.5600000023841858
38,4,13,0.6819819808006287,0.6844250559806824,0.6795753240585327,0.6844250559806824,0.6714285612106323,0.5600000023841858
38,4,14,0.6811888217926025,0.6837438344955444,0.6786375045776367,0.6837438344955444,0.6785714030265808,0.5600000023841858
38,4,15,0.6803916692733765,0.6830630302429199,0.677688717842102,0.6830630302429199,0.6857143044471741,0.5600000023841858
38,4,16,0.6795911192893982,0.6823729872703552,0.6767300963401794,0.6823729872703552,0.6928571462631226,0.5600000023841858
38,4,17,0.6787786483764648,0.6816777586936951,0.6757611632347107,0.6816777586936951,0.6857143044471741,0.5600000023841858
38,4,18,0.6779529452323914,0.6809793710708618,0.6747873425483704,0.6809793710708618,0.6785714030265808,0.5600000023841858
38,4,19,0.6771210432052612,0.6802842617034912,0.6738251447677612,0.6802842617034912,0.6857143044471741,0.5600000023841858
38,4,20,0.6762661933898926,0.6795790195465088,0.6728538870811462,0.6795790195465088,0.6857143044471741,0.5600000023841858
38,4,21,0.6753819584846497,0.67887282371521,0.6718583703041077,0.67887282371521,0.6785714030265808,0.5600000023841858
38,4,22,0.6744844317436218,0.6781463027000427,0.6708608269691467,0.6781463027000427,0.6785714030265808,0.5600000023841858
38,4,23,0.6735690236091614,0.6773739457130432,0.669863760471344,0.6773739457130432,0.6857143044471741,0.5600000023841858
38,4,24,0.6726127862930298,0.6765639781951904,0.6688389778137207,0.6765639781951904,0.6857143044471741,0.5600000023841858
38,4,25,0.6716229915618896,0.6757419109344482,0.6677874326705933,0.6757419109344482,0.6785714030265808,0.5600000023841858
38,4,26,0.6706012487411499,0.6749052405357361,0.6667223572731018,0.6749052405357361,0.6785714030265808,0.5600000023841858
38,4,27,0.6695443391799927,0.6740022301673889,0.665640115737915,0.6740022301673889,0.6857143044471741,0.5600000023841858
38,4,28,0.668428361415863,0.6730471253395081,0.6644991040229797,0.6730471253395081,0.6857143044471741,0.5600000023841858
38,4,29,0.6672466397285461,0.6719410419464111,0.6632732152938843,0.6719410419464111,0.6928571462631226,0.5600000023841858
38,4,30,0.6660045385360718,0.6705937385559082,0.661932647228241,0.6705937385559082,0.6928571462631226,0.5600000023841858
38,4,31,0.664686918258667,0.6691150665283203,0.6604386568069458,0.6691150665283203,0.699999988079071,0.5600000023841858
38,4,32,0.6633889079093933,0.667568564414978,0.6589532494544983,0.667568564414978,0.699999988079071,0.5600000023841858
38,4,33,0.6620385050773621,0.6659940481185913,0.6574012041091919,0.6659940481185913,0.6928571462631226,0.5600000023841858
38,4,34,0.6606607437133789,0.6644458174705505,0.6557981967926025,0.6644458174705505,0.699999988079071,0.5600000023841858
38,4,35,0.6592696309089661,0.6629664897918701,0.6541599035263062,0.6629664897918701,0.699999988079071,0.5600000023841858
38,4,36,0.6578153967857361,0.6614906787872314,0.6524505019187927,0.6614906787872314,0.699999988079071,0.5600000023841858
38,4,37,0.6563196778297424,0.6600425243377686,0.6506713628768921,0.6600425243377686,0.6857143044471741,0.5600000023841858
38,4,38,0.6548347473144531,0.6585730910301208,0.6489037275314331,0.6585730910301208,0.6857143044471741,0.5600000023841858
38,4,39,0.6533505320549011,0.6572055220603943,0.6471936106681824,0.6572055220603943,0.6857143044471741,0.5600000023841858
38,4,40,0.6518508195877075,0.6558570861816406,0.6455310583114624,0.6558570861816406,0.6928571462631226,0.6000000238418579
38,4,41,0.6503356099128723,0.6545509099960327,0.6439349055290222,0.6545509099960327,0.6928571462631226,0.6000000238418579
38,4,42,0.6487854719161987,0.6533573269844055,0.6423671841621399,0.6533573269844055,0.6857143044471741,0.6000000238418579
38,4,43,0.6472211480140686,0.6521711945533752,0.6408140063285828,0.6521711945533752,0.6857143044471741,0.6000000238418579
38,4,44,0.6456954479217529,0.6509609818458557,0.6393028497695923,0.6509609818458557,0.6857143044471741,0.6000000238418579
38,4,45,0.644168496131897,0.6497506499290466,0.6378093361854553,0.6497506499290466,0.6928571462631226,0.6000000238418579
38,4,46,0.642624020576477,0.6485481858253479,0.6363154649734497,0.6485481858253479,0.6928571462631226,0.6000000238418579
38,4,47,0.6410585641860962,0.6473091244697571,0.6348040699958801,0.6473091244697571,0.6928571462631226,0.6000000238418579
38,4,48,0.6394947171211243,0.6460636258125305,0.6332864165306091,0.6460636258125305,0.699999988079071,0.6000000238418579
38,4,49,0.6379150152206421,0.6448526978492737,0.6317777633666992,0.6448526978492737,0.699999988079071,0.6000000238418579
38,4,50,0.6363155841827393,0.6436100602149963,0.6302701234817505,0.6436100602149963,0.699999988079071,0.6000000238418579
38,4,51,0.6346856951713562,0.6423265337944031,0.6286826133728027,0.6423265337944031,0.7071428298950195,0.6399999856948853
38,4,52,0.633049488067627,0.6410313248634338,0.6270544528961182,0.6410313248634338,0.7071428298950195,0.6800000071525574
38,4,53,0.6314184069633484,0.6397721767425537,0.6254199147224426,0.6397721767425537,0.7071428298950195,0.6800000071525574
38,4,54,0.6297717690467834,0.6385276913642883,0.6237823963165283,0.6385276913642883,0.7071428298950195,0.6800000071525574
38,4,55,0.6280824542045593,0.6372577548027039,0.6221001744270325,0.6372577548027039,0.7071428298950195,0.6800000071525574
38,4,56,0.6263910531997681,0.6359901428222656,0.6204090714454651,0.6359901428222656,0.7071428298950195,0.6800000071525574
38,4,57,0.6247050166130066,0.6347361207008362,0.6187475919723511,0.6347361207008362,0.7071428298950195,0.6800000071525574
38,4,58,0.6229918599128723,0.6334821581840515,0.617076575756073,0.6334821581840515,0.7142857313156128,0.6800000071525574
38,4,59,0.6212604641914368,0.6322429180145264,0.6153941750526428,0.6322429180145264,0.7142857313156128,0.6800000071525574
38,4,60,0.6195125579833984,0.630986213684082,0.6136821508407593,0.630986213684082,0.7142857313156128,0.6800000071525574
38,4,61,0.6177599430084229,0.6297544240951538,0.6119592785835266,0.6297544240951538,0.7071428298950195,0.6800000071525574
38,4,62,0.6159913539886475,0.6285580992698669,0.6102414727210999,0.6285580992698669,0.7071428298950195,0.6800000071525574
38,4,63,0.6142022013664246,0.6273710131645203,0.6085099577903748,0.6273710131645203,0.7071428298950195,0.6800000071525574
38,4,64,0.6124130487442017,0.6261891722679138,0.6067894101142883,0.6261891722679138,0.7071428298950195,0.6800000071525574
38,4,65,0.6106024384498596,0.6249967813491821,0.6050161123275757,0.6249967813491821,0.699999988079071,0.6800000071525574
38,4,66,0.6087955832481384,0.6238163113594055,0.6032307147979736,0.6238163113594055,0.699999988079071,0.6800000071525574
38,4,67,0.6069687604904175,0.6226127743721008,0.6014292240142822,0.6226127743721008,0.7071428298950195,0.6800000071525574
38,4,68,0.6051270961761475,0.6214287877082825,0.5995911359786987,0.6214287877082825,0.7214285731315613,0.6800000071525574
38,4,69,0.6032953858375549,0.620288074016571,0.5977747440338135,0.620288074016571,0.7285714149475098,0.6800000071525574
38,4,70,0.6014666557312012,0.6191703081130981,0.5959895253181458,0.6191703081130981,0.7285714149475098,0.6800000071525574
38,4,71,0.5996283888816833,0.6180713772773743,0.5941964983940125,0.6180713772773743,0.7214285731315613,0.7200000286102295
38,4,72,0.5977920293807983,0.617017388343811,0.5923765301704407,0.617017388343811,0.7214285731315613,0.7200000286102295
38,4,73,0.5959596037864685,0.6159784197807312,0.5905930399894714,0.6159784197807312,0.7214285731315613,0.7200000286102295
38,4,74,0.5941098928451538,0.6149241924285889,0.5887644290924072,0.6149241924285889,0.7285714149475098,0.7200000286102295
38,4,75,0.5922700762748718,0.6138872504234314,0.5869190096855164,0.6138872504234314,0.7285714149475098,0.7200000286102295
38,4,76,0.5904105305671692,0.6128532886505127,0.5850687623023987,0.6128532886505127,0.7285714149475098,0.7200000286102295
38,4,77,0.5885465145111084,0.6118276119232178,0.5831800699234009,0.6118276119232178,0.7357142567634583,0.7200000286102295
38,4,78,0.5866848826408386,0.6108373403549194,0.5813149809837341,0.6108373403549194,0.7428571581840515,0.7200000286102295
38,4,79,0.5848156809806824,0.6098507046699524,0.5794992446899414,0.6098507046699524,0.7428571581840515,0.7200000286102295
38,4,80,0.5829184651374817,0.6088663339614868,0.5776879191398621,0.6088663339614868,0.7428571581840515,0.7200000286102295
38,4,81,0.581005871295929,0.6078481674194336,0.5758600234985352,0.6078481674194336,0.7428571581840515,0.7200000286102295
38,4,82,0.5790859460830688,0.606799840927124,0.5739333033561707,0.606799840927124,0.7428571581840515,0.7200000286102295
38,4,83,0.5771900415420532,0.605771005153656,0.5719605684280396,0.605771005153656,0.7428571581840515,0.7200000286102295
38,4,84,0.5752860903739929,0.6047710180282593,0.5699702501296997,0.6047710180282593,0.7428571581840515,0.7200000286102295
38,4,85,0.5733993053436279,0.6038044095039368,0.5680574774742126,0.6038044095039368,0.7428571581840515,0.7200000286102295
38,4,86,0.5714824795722961,0.6028182506561279,0.5661039352416992,0.6028182506561279,0.7428571581840515,0.7200000286102295
38,4,87,0.5695908665657043,0.6018725037574768,0.5641670227050781,0.6018725037574768,0.7428571581840515,0.7200000286102295
38,4,88,0.5677023530006409,0.6009675860404968,0.5623013377189636,0.6009675860404968,0.7428571581840515,0.7200000286102295
38,4,89,0.5657922029495239,0.6000676155090332,0.5604274272918701,0.6000676155090332,0.75,0.7200000286102295
38,4,90,0.5639098882675171,0.5992076396942139,0.5586036443710327,0.5992076396942139,0.75,0.7200000286102295
38,4,91,0.5620036721229553,0.5983394384384155,0.5567848682403564,0.5983394384384155,0.75,0.7200000286102295
38,4,92,0.5601075887680054,0.5975000858306885,0.5549637079238892,0.5975000858306885,0.75,0.7200000286102295
38,4,93,0.5582171082496643,0.5966809988021851,0.5531502366065979,0.5966809988021851,0.7428571581840515,0.7200000286102295
38,4,94,0.5563181042671204,0.5958669781684875,0.5512766242027283,0.5958669781684875,0.7428571581840515,0.7200000286102295
38,4,95,0.5544602870941162,0.5951218605041504,0.5494648814201355,0.5951218605041504,0.7428571581840515,0.7200000286102295
38,4,96,0.5525754690170288,0.594362199306488,0.5476385951042175,0.594362199306488,0.7428571581840515,0.7200000286102295
38,4,97,0.5507020950317383,0.5936188697814941,0.5458095669746399,0.5936188697814941,0.7428571581840515,0.7200000286102295
38,4,98,0.5488346815109253,0.5929123759269714,0.5439609885215759,0.5929123759269714,0.7428571581840515,0.7200000286102295
38,4,99,0.5469918847084045,0.5922480225563049,0.5421255826950073,0.5922480225563049,0.7428571581840515,0.7200000286102295
38,4,100,0.5451377034187317,0.59159255027771,0.5402606725692749,0.59159255027771,0.7357142567634583,0.7200000286102295
38,4,101,0.5432993769645691,0.5909749269485474,0.5383618474006653,0.5909749269485474,0.7357142567634583,0.7200000286102295
38,4,102,0.5414904952049255,0.5904088020324707,0.5365532040596008,0.5904088020324707,0.7357142567634583,0.7200000286102295
38,4,103,0.539648175239563,0.5898345708847046,0.5347461104393005,0.5898345708847046,0.7357142567634583,0.6800000071525574
38,4,104,0.5378117561340332,0.5892630219459534,0.5328929424285889,0.5892630219459534,0.7357142567634583,0.6800000071525574
38,4,105,0.5359975695610046,0.5887268781661987,0.531079113483429,0.5887268781661987,0.7357142567634583,0.6800000071525574
38,4,106,0.5341615676879883,0.5881931185722351,0.5292713642120361,0.5881931185722351,0.7357142567634583,0.6800000071525574
38,4,107,0.5323283672332764,0.5876665711402893,0.5274721384048462,0.5876665711402893,0.7357142567634583,0.6800000071525574
38,4,108,0.5304935574531555,0.5871655941009521,0.5257174968719482,0.5871655941009521,0.7357142567634583,0.6800000071525574
38,4,109,0.5286265015602112,0.5866602659225464,0.523947536945343,0.5866602659225464,0.7357142567634583,0.6800000071525574
38,4,110,0.5267603993415833,0.5861526131629944,0.5221577882766724,0.5861526131629944,0.7357142567634583,0.6800000071525574
38,4,111,0.5249056816101074,0.5856416821479797,0.5203668475151062,0.5856416821479797,0.7357142567634583,0.6800000071525574
38,4,112,0.5230292677879333,0.585120439529419,0.5184674263000488,0.585120439529419,0.7357142567634583,0.6800000071525574
38,4,113,0.5211886167526245,0.5846073627471924,0.5165109634399414,0.5846073627471924,0.7428571581840515,0.6800000071525574
38,4,114,0.5193670392036438,0.5841155648231506,0.5145835876464844,0.5841155648231506,0.7428571581840515,0.6399999856948853
38,4,115,0.5175369381904602,0.5836566686630249,0.5127316117286682,0.5836566686630249,0.75,0.6399999856948853
38,4,116,0.5156946778297424,0.5832423567771912,0.5109434127807617,0.5832423567771912,0.75,0.6399999856948853
38,4,117,0.5138455629348755,0.5828379988670349,0.5091759562492371,0.5828379988670349,0.75,0.6399999856948853
38,4,118,0.5120069980621338,0.5824641585350037,0.5074145197868347,0.5824641585350037,0.7571428418159485,0.6399999856948853
38,4,119,0.5101687908172607,0.5821126699447632,0.5056818127632141,0.5821126699447632,0.7571428418159485,0.6399999856948853
38,4,120,0.5083077549934387,0.5817636251449585,0.5039034485816956,0.5817636251449585,0.7714285850524902,0.6399999856948853
38,4,121,0.5064665675163269,0.5814332365989685,0.5021198391914368,0.5814332365989685,0.7714285850524902,0.6399999856948853
38,4,122,0.5046176314353943,0.5811219215393066,0.5003186464309692,0.5811219215393066,0.7785714268684387,0.6399999856948853
38,4,123,0.5027855038642883,0.58083176612854,0.4985007047653198,0.58083176612854,0.7785714268684387,0.6399999856948853
38,4,124,0.5009679794311523,0.5805586576461792,0.49674752354621887,0.5805586576461792,0.7785714268684387,0.6399999856948853
38,4,125,0.4991225600242615,0.5802987217903137,0.49497169256210327,0.5802987217903137,0.7785714268684387,0.6399999856948853
38,4,126,0.49729156494140625,0.5800564289093018,0.4932052493095398,0.5800564289093018,0.7785714268684387,0.6399999856948853
38,4,127,0.495452880859375,0.5798242688179016,0.4914279282093048,0.5798242688179016,0.7785714268684387,0.6399999856948853
38,4,128,0.49361690878868103,0.5796182751655579,0.4896652102470398,0.5796182751655579,0.7785714268684387,0.6399999856948853
38,4,129,0.4917677640914917,0.5794223546981812,0.4878666400909424,0.5794223546981812,0.7785714268684387,0.6399999856948853
38,4,130,0.4899311661720276,0.5792253613471985,0.4860589802265167,0.5792253613471985,0.7785714268684387,0.6399999856948853
38,4,131,0.4880997836589813,0.5790212154388428,0.48425620794296265,0.5790212154388428,0.7857142686843872,0.6399999856948853
38,4,132,0.4862734079360962,0.5788210034370422,0.48246487975120544,0.5788210034370422,0.7857142686843872,0.6399999856948853
38,4,133,0.48444801568984985,0.5786438584327698,0.4806705415248871,0.5786438584327698,0.7928571701049805,0.6399999856948853
38,4,134,0.4826337397098541,0.5784960985183716,0.4789033532142639,0.5784960985183716,0.800000011920929,0.6000000238418579
38,4,135,0.48080936074256897,0.5783620476722717,0.47712597250938416,0.5783620476722717,0.8071428537368774,0.6000000238418579
38,4,136,0.4789871871471405,0.5782433152198792,0.4753308892250061,0.5782433152198792,0.8071428537368774,0.6000000238418579
38,4,137,0.4771782457828522,0.5781572461128235,0.4735901355743408,0.5781572461128235,0.8071428537368774,0.6000000238418579
38,4,138,0.4753413498401642,0.5780819058418274,0.4717887341976166,0.5780819058418274,0.8071428537368774,0.6000000238418579
38,4,139,0.4735190272331238,0.5780197381973267,0.4699243903160095,0.5780197381973267,0.8071428537368774,0.6000000238418579
38,4,140,0.47171473503112793,0.5779858827590942,0.4680890142917633,0.5779858827590942,0.8142856955528259,0.6000000238418579
38,4,141,0.46989354491233826,0.5779845714569092,0.466278612613678,0.5779845714569092,0.8142856955528259,0.6000000238418579
38,4,142,0.4680703282356262,0.5780124068260193,0.4645146429538727,0.5780124068260193,0.8214285969734192,0.6000000238418579
38,4,143,0.46622875332832336,0.5780436992645264,0.4627183675765991,0.5780436992645264,0.8214285969734192,0.6000000238418579
38,4,144,0.4643843472003937,0.5780771374702454,0.4608491063117981,0.5780771374702454,0.8214285969734192,0.6000000238418579
38,4,145,0.4625697135925293,0.5781603455543518,0.45897620916366577,0.5781603455543518,0.8214285969734192,0.6000000238418579
38,4,146,0.46073636412620544,0.5782459378242493,0.45716431736946106,0.5782459378242493,0.8214285969734192,0.6000000238418579
38,4,147,0.458878755569458,0.5783297419548035,0.4553719162940979,0.5783297419548035,0.8285714387893677,0.6000000238418579
38,4,148,0.4570276439189911,0.5784243941307068,0.4535560607910156,0.5784243941307068,0.8285714387893677,0.6000000238418579
38,4,149,0.45518773794174194,0.5785633325576782,0.45168977975845337,0.5785633325576782,0.8285714387893677,0.6000000238418579
38,4,150,0.45337119698524475,0.5787182450294495,0.44982871413230896,0.5787182450294495,0.8285714387893677,0.6000000238418579
38,4,151,0.4515703618526459,0.5788800716400146,0.44803115725517273,0.5788800716400146,0.8285714387893677,0.6000000238418579
38,4,152,0.44976532459259033,0.5790597200393677,0.4462624490261078,0.5790597200393677,0.8285714387893677,0.6000000238418579
38,4,153,0.4479563236236572,0.5792555212974548,0.4445040822029114,0.5792555212974548,0.8285714387893677,0.6000000238418579
38,4,154,0.4461400508880615,0.5794673562049866,0.4426734447479248,0.5794673562049866,0.8285714387893677,0.6000000238418579
38,4,155,0.44435569643974304,0.5797226428985596,0.44090545177459717,0.5797226428985596,0.8285714387893677,0.6000000238418579
38,4,156,0.4425514340400696,0.5799968838691711,0.439181923866272,0.5799968838691711,0.8285714387893677,0.6000000238418579
38,4,157,0.44072622060775757,0.5802820324897766,0.43736398220062256,0.5802820324897766,0.8285714387893677,0.6000000238418579
38,4,158,0.43893757462501526,0.5805895328521729,0.4355136454105377,0.5805895328521729,0.8285714387893677,0.6000000238418579
38,4,159,0.4371718168258667,0.5809362530708313,0.4337761700153351,0.5809362530708313,0.8285714387893677,0.6000000238418579
38,4,160,0.4353618323802948,0.5812997221946716,0.4320858120918274,0.5812997221946716,0.8285714387893677,0.6000000238418579
38,4,161,0.43352723121643066,0.5817148685455322,0.430282324552536,0.5817148685455322,0.8357142806053162,0.6000000238418579
38,4,162,0.43172189593315125,0.5821511745452881,0.4284325838088989,0.5821511745452881,0.8357142806053162,0.6000000238418579
38,4,163,0.42990919947624207,0.5825561285018921,0.4266473352909088,0.5825561285018921,0.8357142806053162,0.6000000238418579
38,4,164,0.42808201909065247,0.5829712152481079,0.4248984456062317,0.5829712152481079,0.8357142806053162,0.6000000238418579
38,4,165,0.42624276876449585,0.5834292769432068,0.4231252670288086,0.5834292769432068,0.8500000238418579,0.6000000238418579
39,4,1,0.7012782692909241,0.6851847767829895,0.6928829550743103,0.6851847767829895,0.5142857432365417,0.7200000286102295
39,4,2,0.6993688941001892,0.6853817701339722,0.6928109526634216,0.6853817701339722,0.5,0.6800000071525574
39,4,3,0.6980991959571838,0.6853814721107483,0.6926378607749939,0.6853814721107483,0.4714285731315613,0.6399999856948853
39,4,4,0.6969619393348694,0.6853525638580322,0.6923630833625793,0.6853525638580322,0.4714285731315613,0.6000000238418579
39,4,5,0.6959271430969238,0.6852819919586182,0.6920244097709656,0.6852819919586182,0.47857141494750977,0.6000000238418579
39,4,6,0.6949745416641235,0.6851493716239929,0.6916605234146118,0.6851493716239929,0.5142857432365417,0.6000000238418579
39,4,7,0.6940920948982239,0.6850053668022156,0.6912789344787598,0.6850053668022156,0.5071428418159485,0.6000000238418579
39,4,8,0.6932586431503296,0.6848384141921997,0.6908404231071472,0.6848384141921997,0.5071428418159485,0.5600000023841858
39,4,9,0.6924694776535034,0.684598445892334,0.690354585647583,0.684598445892334,0.5142857432365417,0.5600000023841858
39,4,10,0.6916983127593994,0.6843026876449585,0.6898217797279358,0.6843026876449585,0.5,0.5600000023841858
39,4,11,0.6909534931182861,0.6840007305145264,0.6892474889755249,0.6840007305145264,0.5071428418159485,0.6399999856948853
39,4,12,0.6902322769165039,0.6837193965911865,0.6886284947395325,0.6837193965911865,0.5214285850524902,0.6000000238418579
39,4,13,0.6895109415054321,0.683429479598999,0.6879626512527466,0.683429479598999,0.5357142686843872,0.6000000238418579
39,4,14,0.6887766122817993,0.6831112504005432,0.6872416734695435,0.6831112504005432,0.5428571701049805,0.6000000238418579
39,4,15,0.6880394816398621,0.6828019022941589,0.6865069270133972,0.6828019022941589,0.5571428537368774,0.6000000238418579
39,4,16,0.6873021721839905,0.68248450756073,0.6857697367668152,0.68248450756073,0.5714285969734192,0.6000000238418579
39,4,17,0.6865745782852173,0.6821409463882446,0.6850450038909912,0.6821409463882446,0.5785714387893677,0.6000000238418579
39,4,18,0.685840368270874,0.6817500591278076,0.684337317943573,0.6817500591278076,0.5857142806053162,0.6800000071525574
39,4,19,0.6850872039794922,0.6813135743141174,0.683603823184967,0.6813135743141174,0.5857142806053162,0.6800000071525574
39,4,20,0.6843217015266418,0.6808745861053467,0.6828582286834717,0.6808745861053467,0.6000000238418579,0.6800000071525574
39,4,21,0.6835513710975647,0.6804521679878235,0.6821214556694031,0.6804521679878235,0.6142857074737549,0.7200000286102295
39,4,22,0.6827741861343384,0.6800487637519836,0.6813926696777344,0.6800487637519836,0.6214285492897034,0.6800000071525574
39,4,23,0.6819802522659302,0.6796642541885376,0.6806386113166809,0.6796642541885376,0.6285714507102966,0.6800000071525574
39,4,24,0.6811767816543579,0.6792580485343933,0.6798325181007385,0.6792580485343933,0.6285714507102966,0.6800000071525574
39,4,25,0.6803485751152039,0.6788413524627686,0.6789577603340149,0.6788413524627686,0.6357142925262451,0.6800000071525574
39,4,26,0.6794881820678711,0.6784253120422363,0.6780391335487366,0.6784253120422363,0.6357142925262451,0.6800000071525574
39,4,27,0.6786060929298401,0.6780490875244141,0.6770991683006287,0.6780490875244141,0.6499999761581421,0.7200000286102295
39,4,28,0.6776899695396423,0.6776571869850159,0.6761165261268616,0.6776571869850159,0.6214285492897034,0.7200000286102295
39,4,29,0.6767549514770508,0.6772395372390747,0.6751072406768799,0.6772395372390747,0.6357142925262451,0.7200000286102295
39,4,30,0.6757825016975403,0.6767727136611938,0.6740512847900391,0.6767727136611938,0.6499999761581421,0.7200000286102295
39,4,31,0.6747941970825195,0.6762439012527466,0.6729696989059448,0.6762439012527466,0.6642857193946838,0.7200000286102295
39,4,32,0.6737754344940186,0.6756749153137207,0.6718499064445496,0.6756749153137207,0.6714285612106323,0.7200000286102295
39,4,33,0.6726990938186646,0.6751477718353271,0.6706701517105103,0.6751477718353271,0.6642857193946838,0.7200000286102295
39,4,34,0.6715798377990723,0.674587070941925,0.669475793838501,0.674587070941925,0.6857143044471741,0.7200000286102295
39,4,35,0.6704235076904297,0.6740283370018005,0.6682424545288086,0.6740283370018005,0.6857143044471741,0.7200000286102295
39,4,36,0.6692390441894531,0.6735303401947021,0.6670010685920715,0.6735303401947021,0.6857143044471741,0.7200000286102295
39,4,37,0.6680312752723694,0.6730768084526062,0.665793240070343,0.6730768084526062,0.6928571462631226,0.7200000286102295
39,4,38,0.6668075919151306,0.6725427508354187,0.6646077036857605,0.6725427508354187,0.7071428298950195,0.7599999904632568
39,4,39,0.6655462980270386,0.6720346212387085,0.6633730530738831,0.6720346212387085,0.7071428298950195,0.7599999904632568
39,4,40,0.664269745349884,0.6715801358222961,0.6621566414833069,0.6715801358222961,0.7142857313156128,0.7599999904632568
39,4,41,0.6629568934440613,0.6712157726287842,0.6609328985214233,0.6712157726287842,0.7142857313156128,0.7200000286102295
39,4,42,0.6616219878196716,0.6709578037261963,0.6597222089767456,0.6709578037261963,0.7142857313156128,0.7200000286102295
39,4,43,0.6602489352226257,0.6707558631896973,0.6585298776626587,0.6707558631896973,0.7142857313156128,0.7200000286102295
39,4,44,0.6588311195373535,0.6705626845359802,0.6572806239128113,0.6705626845359802,0.7214285731315613,0.6800000071525574
39,4,45,0.6573634743690491,0.6703609228134155,0.6559568047523499,0.6703609228134155,0.7285714149475098,0.6399999856948853
39,4,46,0.6558701992034912,0.6700994968414307,0.654558002948761,0.6700994968414307,0.7285714149475098,0.6399999856948853
39,4,47,0.6543553471565247,0.6697714328765869,0.653075635433197,0.6697714328765869,0.7285714149475098,0.6399999856948853
39,4,48,0.652812659740448,0.6694191098213196,0.651520848274231,0.6694191098213196,0.7357142567634583,0.6399999856948853
39,4,49,0.651244044303894,0.6690401434898376,0.6499151587486267,0.6690401434898376,0.7357142567634583,0.6399999856948853
39,4,50,0.6496568918228149,0.6686926484107971,0.6483010053634644,0.6686926484107971,0.7357142567634583,0.6000000238418579
39,4,51,0.6480520963668823,0.6683734059333801,0.646706759929657,0.6683734059333801,0.7357142567634583,0.6000000238418579
39,4,52,0.6464179754257202,0.6681032776832581,0.6450943946838379,0.6681032776832581,0.7357142567634583,0.6000000238418579
39,4,53,0.6447450518608093,0.6678870320320129,0.6434410810470581,0.6678870320320129,0.7357142567634583,0.6000000238418579
39,4,54,0.6430392861366272,0.6676780581474304,0.6417540311813354,0.6676780581474304,0.7357142567634583,0.5600000023841858
39,4,55,0.6412876844406128,0.6674763560295105,0.640016496181488,0.6674763560295105,0.7357142567634583,0.5600000023841858
39,4,56,0.6395065784454346,0.6672829389572144,0.6382670402526855,0.6672829389572144,0.75,0.5600000023841858
39,4,57,0.6376960277557373,0.667064905166626,0.6364898681640625,0.667064905166626,0.75,0.5600000023841858
39,4,58,0.635853111743927,0.6668418645858765,0.6346644759178162,0.6668418645858765,0.7428571581840515,0.5600000023841858
39,4,59,0.6339795589447021,0.6666391491889954,0.6328009963035583,0.6666391491889954,0.7571428418159485,0.5199999809265137
39,4,60,0.6320587396621704,0.6664657592773438,0.6308667063713074,0.6664657592773438,0.75,0.5199999809265137
39,4,61,0.6300824880599976,0.6662708520889282,0.6288881897926331,0.6662708520889282,0.75,0.5199999809265137
39,4,62,0.6280512809753418,0.666059136390686,0.6268083453178406,0.666059136390686,0.75,0.5199999809265137
39,4,63,0.6259846687316895,0.6658509969711304,0.624643087387085,0.6658509969711304,0.7428571581840515,0.5199999809265137
39,4,64,0.6238905787467957,0.6657175421714783,0.6224564909934998,0.6657175421714783,0.7357142567634583,0.5600000023841858
39,4,65,0.6217818856239319,0.665683388710022,0.6202894449234009,0.665683388710022,0.7428571581840515,0.5600000023841858
39,4,66,0.6196433901786804,0.6656910181045532,0.618122398853302,0.6656910181045532,0.7428571581840515,0.5600000023841858
39,4,67,0.6174833178520203,0.6657597422599792,0.6159163117408752,0.6657597422599792,0.7428571581840515,0.5600000023841858
39,4,68,0.6152953505516052,0.6658551692962646,0.6136707067489624,0.6658551692962646,0.7428571581840515,0.5600000023841858
39,4,69,0.6130592226982117,0.6659309267997742,0.6113121509552002,0.6659309267997742,0.7428571581840515,0.5600000023841858
39,4,70,0.610785961151123,0.6660349369049072,0.6088439226150513,0.6660349369049072,0.7357142567634583,0.5600000023841858
39,4,71,0.6084649562835693,0.6662155985832214,0.6063166260719299,0.6662155985832214,0.7357142567634583,0.5600000023841858
39,4,72,0.6061028838157654,0.6664995551109314,0.6037641167640686,0.6664995551109314,0.7357142567634583,0.5600000023841858
39,4,73,0.6037333607673645,0.6669235229492188,0.6012375950813293,0.6669235229492188,0.7357142567634583,0.5600000023841858
39,4,74,0.6013555526733398,0.6674659848213196,0.5987821817398071,0.6674659848213196,0.7357142567634583,0.5600000023841858
39,4,75,0.5989499092102051,0.6681115627288818,0.5963613390922546,0.6681115627288818,0.7428571581840515,0.5600000023841858
39,4,76,0.5965002179145813,0.6688254475593567,0.59390789270401,0.6688254475593567,0.7428571581840515,0.5600000023841858
39,4,77,0.5940220355987549,0.6695334911346436,0.591378390789032,0.6695334911346436,0.7428571581840515,0.5600000023841858
39,4,78,0.5915446281433105,0.6703388690948486,0.5888054370880127,0.6703388690948486,0.7428571581840515,0.5600000023841858
39,4,79,0.5890567898750305,0.6712492108345032,0.5862569808959961,0.6712492108345032,0.75,0.5600000023841858
39,4,80,0.5865508913993835,0.6723312139511108,0.5837441086769104,0.6723312139511108,0.75,0.5600000023841858
39,4,81,0.5840420722961426,0.6735478043556213,0.5812678337097168,0.6735478043556213,0.7571428418159485,0.5600000023841858
39,4,82,0.5815391540527344,0.6748502254486084,0.5788887143135071,0.6748502254486084,0.7571428418159485,0.5600000023841858
39,4,83,0.5790091156959534,0.6761297583580017,0.5765345692634583,0.6761297583580017,0.7571428418159485,0.5600000023841858
39,4,84,0.5764651298522949,0.6773501038551331,0.574043333530426,0.6773501038551331,0.7714285850524902,0.5600000023841858
39,4,85,0.5739377737045288,0.6786354184150696,0.5714588761329651,0.6786354184150696,0.7714285850524902,0.5600000023841858
39,4,86,0.5713881254196167,0.6799785494804382,0.5688771605491638,0.6799785494804382,0.7785714268684387,0.5600000023841858
39,4,87,0.5688413381576538,0.6813281774520874,0.5663055181503296,0.6813281774520874,0.7785714268684387,0.5600000023841858
39,4,88,0.5663178563117981,0.6826345324516296,0.5637957453727722,0.6826345324516296,0.7785714268684387,0.5600000023841858
39,4,89,0.5637733340263367,0.6839340329170227,0.5611974596977234,0.6839340329170227,0.7785714268684387,0.5600000023841858
39,4,90,0.5612289309501648,0.6853168606758118,0.5585699677467346,0.6853168606758118,0.7785714268684387,0.5600000023841858
40,4,1,0.7019175291061401,0.6884729266166687,0.6838807463645935,0.6884729266166687,0.5928571224212646,0.6000000238418579
40,4,2,0.6992356777191162,0.6906841397285461,0.683757483959198,0.6906841397285461,0.5857142806053162,0.6000000238418579
40,4,3,0.697001039981842,0.6929407715797424,0.6840330362319946,0.6929407715797424,0.5928571224212646,0.6000000238418579
40,4,4,0.6950648427009583,0.6950988173484802,0.6845002770423889,0.6950988173484802,0.5857142806053162,0.6000000238418579
40,4,5,0.6933708190917969,0.6972271800041199,0.6850632429122925,0.6972271800041199,0.5785714387893677,0.4399999976158142
40,4,6,0.6919118762016296,0.6993140578269958,0.6856887936592102,0.6993140578269958,0.5785714387893677,0.36000001430511475
40,4,7,0.6906100511550903,0.7013523578643799,0.6863138675689697,0.7013523578643799,0.6000000238418579,0.4000000059604645
40,4,8,0.6894719004631042,0.7032844424247742,0.6869511008262634,0.7032844424247742,0.6428571343421936,0.4399999976158142
40,4,9,0.6884222030639648,0.7051525115966797,0.687524139881134,0.7051525115966797,0.6499999761581421,0.4399999976158142
40,4,10,0.6874615550041199,0.7069092392921448,0.6880409121513367,0.7069092392921448,0.6071428656578064,0.4000000059604645
40,4,11,0.6865841746330261,0.7085519433021545,0.6884973645210266,0.7085519433021545,0.5714285969734192,0.4000000059604645
40,4,12,0.6857842803001404,0.710086464881897,0.6888771057128906,0.710086464881897,0.5142857432365417,0.47999998927116394
40,4,13,0.6850277781486511,0.7115303874015808,0.6891571879386902,0.7115303874015808,0.4928571283817291,0.36000001430511475
40,4,14,0.6843123435974121,0.7128590941429138,0.6893379092216492,0.7128590941429138,0.48571428656578064,0.4000000059604645
40,4,15,0.6836219429969788,0.7140547037124634,0.689421534538269,0.7140547037124634,0.4928571283817291,0.4000000059604645
40,4,16,0.6829392910003662,0.7151230573654175,0.6894084811210632,0.7151230573654175,0.4714285731315613,0.36000001430511475
40,4,17,0.682255208492279,0.716044008731842,0.6892896294593811,0.716044008731842,0.48571428656578064,0.36000001430511475
40,4,18,0.68153977394104,0.7168141007423401,0.6890493631362915,0.7168141007423401,0.48571428656578064,0.36000001430511475
40,4,19,0.680797278881073,0.717468798160553,0.6886958479881287,0.717468798160553,0.4928571283817291,0.36000001430511475
40,4,20,0.6800646781921387,0.7180330157279968,0.6882680654525757,0.7180330157279968,0.5,0.36000001430511475
40,4,21,0.6793248653411865,0.7185282111167908,0.687775731086731,0.7185282111167908,0.5071428418159485,0.3199999928474426
40,4,22,0.6785586476325989,0.7189544439315796,0.6872166395187378,0.7189544439315796,0.5071428418159485,0.3199999928474426
40,4,23,0.6777791976928711,0.7193328142166138,0.6866050362586975,0.7193328142166138,0.5142857432365417,0.3199999928474426
40,4,24,0.6769745945930481,0.7196642160415649,0.6859250664710999,0.7196642160415649,0.5142857432365417,0.36000001430511475
40,4,25,0.6761471629142761,0.7199540734291077,0.6851956248283386,0.7199540734291077,0.5357142686843872,0.3199999928474426
40,4,26,0.6753143668174744,0.720212996006012,0.6844474077224731,0.720212996006012,0.5357142686843872,0.3199999928474426
41,5,1,0.6882402896881104,0.6983333826065063,0.6924169659614563,0.6983333826065063,0.5179855823516846,0.47999998927116394
41,5,2,0.6870414614677429,0.6984546184539795,0.69169020652771,0.6984546184539795,0.5251798629760742,0.47999998927116394
41,5,3,0.6862146854400635,0.6985763311386108,0.6913670897483826,0.6985763311386108,0.5323740839958191,0.4399999976158142
41,5,4,0.6854204535484314,0.6985459923744202,0.6910569071769714,0.6985459923744202,0.5323740839958191,0.4399999976158142
41,5,5,0.684616208076477,0.6983740329742432,0.6906822919845581,0.6983740329742432,0.5395683646202087,0.4399999976158142
41,5,6,0.6838443875312805,0.6981117129325867,0.6902907490730286,0.6981117129325867,0.5395683646202087,0.4399999976158142
41,5,7,0.6830930709838867,0.6978334784507751,0.6899017691612244,0.6978334784507751,0.5467625856399536,0.4399999976158142
41,5,8,0.682343065738678,0.6975054144859314,0.6895067691802979,0.6975054144859314,0.5611510872840881,0.4399999976158142
41,5,9,0.6816244721412659,0.6972007751464844,0.6891201734542847,0.6972007751464844,0.568345308303833,0.4399999976158142
41,5,10,0.6809444427490234,0.696946918964386,0.6887578368186951,0.696946918964386,0.5755395889282227,0.4399999976158142
41,5,11,0.6802744269371033,0.6966949701309204,0.6883915662765503,0.6966949701309204,0.568345308303833,0.4399999976158142
41,5,12,0.6795961260795593,0.6963915228843689,0.6880005598068237,0.6963915228843689,0.5827338099479675,0.4399999976158142
41,5,13,0.6789143681526184,0.695971667766571,0.6875565052032471,0.695971667766571,0.5755395889282227,0.4399999976158142
41,5,14,0.6782252788543701,0.6954624056816101,0.6870366334915161,0.6954624056816101,0.568345308303833,0.4399999976158142
41,5,15,0.6775224804878235,0.6949717998504639,0.6864464282989502,0.6949717998504639,0.568345308303833,0.47999998927116394
41,5,16,0.6768218278884888,0.6945664882659912,0.6858384013175964,0.6945664882659912,0.5827338099479675,0.47999998927116394
41,5,17,0.6761259436607361,0.6941580772399902,0.6852260231971741,0.6941580772399902,0.5827338099479675,0.5199999809265137
41,5,18,0.6754252314567566,0.6937453746795654,0.6845920085906982,0.6937453746795654,0.597122311592102,0.5199999809265137
41,5,19,0.6747190356254578,0.6933073401451111,0.6839384436607361,0.6933073401451111,0.6043165326118469,0.5600000023841858
41,5,20,0.6739969849586487,0.6928501129150391,0.6832427382469177,0.6928501129150391,0.6043165326118469,0.5600000023841858
41,5,21,0.6732569336891174,0.6923699975013733,0.6824970245361328,0.6923699975013733,0.6115108132362366,0.5600000023841858
41,5,22,0.6725108623504639,0.6918836236000061,0.6817131638526917,0.6918836236000061,0.6187050342559814,0.5600000023841858
41,5,23,0.6717659831047058,0.6913400292396545,0.6809112429618835,0.6913400292396545,0.6258992552757263,0.5600000023841858
41,5,24,0.6710183620452881,0.6908015608787537,0.6801043152809143,0.6908015608787537,0.6258992552757263,0.6000000238418579
41,5,25,0.6702760457992554,0.690285861492157,0.6793142557144165,0.690285861492157,0.6258992552757263,0.6000000238418579
41,5,26,0.669524610042572,0.6897382140159607,0.678528368473053,0.6897382140159607,0.6258992552757263,0.6399999856948853
41,5,27,0.6687664985656738,0.6891838312149048,0.6777417659759521,0.6891838312149048,0.633093535900116,0.6399999856948853
41,5,28,0.6679784655570984,0.6885664463043213,0.6769235730171204,0.6885664463043213,0.633093535900116,0.6399999856948853
41,5,29,0.667177140712738,0.6879419088363647,0.6760789155960083,0.6879419088363647,0.6402877569198608,0.6399999856948853
41,5,30,0.6663552522659302,0.6872683763504028,0.675211489200592,0.6872683763504028,0.633093535900116,0.6800000071525574
41,5,31,0.6654981970787048,0.6865414977073669,0.674274742603302,0.6865414977073669,0.6258992552757263,0.6800000071525574
41,5,32,0.6646337509155273,0.6858288645744324,0.6732986569404602,0.6858288645744324,0.6187050342559814,0.6800000071525574
41,5,33,0.6637932658195496,0.6851599216461182,0.6723602414131165,0.6851599216461182,0.6187050342559814,0.6800000071525574
41,5,34,0.6629669666290283,0.6845318675041199,0.6714608669281006,0.6845318675041199,0.6187050342559814,0.7200000286102295
41,5,35,0.6621556282043457,0.6839280724525452,0.670604944229126,0.6839280724525452,0.6187050342559814,0.7200000286102295
41,5,36,0.6613430976867676,0.6833342909812927,0.6697705984115601,0.6833342909812927,0.6258992552757263,0.6800000071525574
41,5,37,0.6605207920074463,0.682716429233551,0.6689422726631165,0.682716429233551,0.6258992552757263,0.6800000071525574
41,5,38,0.6597009301185608,0.6821660399436951,0.668103039264679,0.6821660399436951,0.6258992552757263,0.7200000286102295
41,5,39,0.6588630676269531,0.6816122531890869,0.6672249436378479,0.6816122531890869,0.633093535900116,0.7200000286102295
41,5,40,0.6580012440681458,0.6810332536697388,0.6663132905960083,0.6810332536697388,0.6258992552757263,0.7200000286102295
41,5,41,0.6571272015571594,0.6804403066635132,0.6653903722763062,0.6804403066635132,0.633093535900116,0.7200000286102295
41,5,42,0.6562315821647644,0.679817259311676,0.6644139289855957,0.679817259311676,0.633093535900116,0.7200000286102295
41,5,43,0.6553183197975159,0.6791757345199585,0.6633859872817993,0.6791757345199585,0.633093535900116,0.7200000286102295
41,5,44,0.6544044613838196,0.6785412430763245,0.6623534560203552,0.6785412430763245,0.633093535900116,0.7200000286102295
41,5,45,0.6534848213195801,0.6779965758323669,0.6613361835479736,0.6779965758323669,0.633093535900116,0.7200000286102295
41,5,46,0.6525463461875916,0.6774628162384033,0.6603308916091919,0.6774628162384033,0.6402877569198608,0.7200000286102295
41,5,47,0.6516128182411194,0.6769787669181824,0.6593526601791382,0.6769787669181824,0.6402877569198608,0.7200000286102295
41,5,48,0.6506927013397217,0.6765660047531128,0.6584398150444031,0.6765660047531128,0.6402877569198608,0.7200000286102295
41,5,49,0.6497761011123657,0.6761738657951355,0.657562792301178,0.6761738657951355,0.6402877569198608,0.7200000286102295
41,5,50,0.6488376259803772,0.6757224798202515,0.6566853523254395,0.6757224798202515,0.6402877569198608,0.7200000286102295
41,5,51,0.6478788256645203,0.6752495765686035,0.6557902097702026,0.6752495765686035,0.6402877569198608,0.7200000286102295
41,5,52,0.646906316280365,0.674781084060669,0.6548783183097839,0.674781084060669,0.6402877569198608,0.7200000286102295
41,5,53,0.6459141969680786,0.6742697954177856,0.6539310812950134,0.6742697954177856,0.6402877569198608,0.7200000286102295
41,5,54,0.6448967456817627,0.6736975908279419,0.652937650680542,0.6736975908279419,0.6402877569198608,0.7200000286102295
41,5,55,0.6438536047935486,0.6730847954750061,0.6518858671188354,0.6730847954750061,0.6474820375442505,0.7200000286102295
41,5,56,0.6427958011627197,0.672447681427002,0.6508026719093323,0.672447681427002,0.6474820375442505,0.7200000286102295
41,5,57,0.6417205333709717,0.6718523502349854,0.6497043371200562,0.6718523502349854,0.6474820375442505,0.7200000286102295
41,5,58,0.6406282782554626,0.6712613701820374,0.6486133337020874,0.6712613701820374,0.6474820375442505,0.7200000286102295
41,5,59,0.6394981741905212,0.6706956624984741,0.6474739909172058,0.6706956624984741,0.6474820375442505,0.7200000286102295
41,5,60,0.6383421421051025,0.6701431274414062,0.646287739276886,0.6701431274414062,0.6474820375442505,0.7200000286102295
41,5,61,0.63714200258255,0.6695354580879211,0.6449935436248779,0.6695354580879211,0.6546762585639954,0.7200000286102295
41,5,62,0.6358954906463623,0.6689190864562988,0.6436001658439636,0.6689190864562988,0.6546762585639954,0.7200000286102295
41,5,63,0.6346719861030579,0.6684079766273499,0.6422199010848999,0.6684079766273499,0.6618704795837402,0.7200000286102295
41,5,64,0.6334496736526489,0.6679749488830566,0.6409116983413696,0.6679749488830566,0.6618704795837402,0.7200000286102295
41,5,65,0.632219135761261,0.6676151156425476,0.6396262049674988,0.6676151156425476,0.6690647602081299,0.7200000286102295
41,5,66,0.630986750125885,0.667334794998169,0.638401985168457,0.667334794998169,0.6762589812278748,0.7200000286102295
41,5,67,0.6297488808631897,0.6670398116111755,0.6372343897819519,0.6670398116111755,0.6762589812278748,0.7200000286102295
41,5,68,0.6284723877906799,0.6666697859764099,0.636020302772522,0.6666697859764099,0.6762589812278748,0.7200000286102295
41,5,69,0.6271661520004272,0.6662027835845947,0.6347271203994751,0.6662027835845947,0.6834532618522644,0.7200000286102295
41,5,70,0.6258149743080139,0.665701150894165,0.6333414912223816,0.665701150894165,0.6834532618522644,0.7200000286102295
41,5,71,0.6244550347328186,0.6652303338050842,0.6319147348403931,0.6652303338050842,0.6834532618522644,0.7200000286102295
41,5,72,0.6230779886245728,0.6647748351097107,0.6304798722267151,0.6647748351097107,0.6906474828720093,0.7200000286102295
41,5,73,0.6217029094696045,0.6643430590629578,0.6290488839149475,0.6643430590629578,0.6906474828720093,0.7200000286102295
41,5,74,0.6203135848045349,0.6639624834060669,0.6275972723960876,0.6639624834060669,0.6978417038917542,0.7200000286102295
41,5,75,0.6188846826553345,0.6635388135910034,0.6260629296302795,0.6635388135910034,0.6978417038917542,0.7200000286102295
41,5,76,0.6174393892288208,0.6631864905357361,0.6245007514953613,0.6631864905357361,0.6978417038917542,0.7200000286102295
41,5,77,0.6159921288490295,0.6628278493881226,0.6229410767555237,0.6628278493881226,0.6978417038917542,0.7200000286102295
41,5,78,0.6145172715187073,0.6624434590339661,0.621342122554779,0.6624434590339661,0.7050359845161438,0.7200000286102295
41,5,79,0.6130267977714539,0.6620767712593079,0.6197476983070374,0.6620767712593079,0.7050359845161438,0.7200000286102295
41,5,80,0.6115019917488098,0.6616743206977844,0.6181238889694214,0.6616743206977844,0.7050359845161438,0.6800000071525574
41,5,81,0.6099406480789185,0.6612312197685242,0.616438090801239,0.6612312197685242,0.7050359845161438,0.6800000071525574
41,5,82,0.608342707157135,0.660746157169342,0.6146774888038635,0.660746157169342,0.7050359845161438,0.6800000071525574
41,5,83,0.6067243814468384,0.6602938175201416,0.6129088997840881,0.6602938175201416,0.7050359845161438,0.6800000071525574
41,5,84,0.6051252484321594,0.6599441766738892,0.6112183928489685,0.6599441766738892,0.7050359845161438,0.6800000071525574
41,5,85,0.6035456657409668,0.6596896648406982,0.6095986366271973,0.6596896648406982,0.7050359845161438,0.6800000071525574
41,5,86,0.6019794344902039,0.6595163941383362,0.6080207824707031,0.6595163941383362,0.7122302055358887,0.6800000071525574
41,5,87,0.6003997325897217,0.659349799156189,0.6064794063568115,0.659349799156189,0.7122302055358887,0.6800000071525574
41,5,88,0.5988128185272217,0.6592491865158081,0.6049680113792419,0.6592491865158081,0.7194244861602783,0.6800000071525574
41,5,89,0.5972124338150024,0.659121572971344,0.6034501194953918,0.659121572971344,0.7194244861602783,0.6800000071525574
41,5,90,0.5955929160118103,0.6590556502342224,0.6018754243850708,0.6590556502342224,0.7194244861602783,0.6800000071525574
41,5,91,0.5939503908157349,0.6589990854263306,0.6003022789955139,0.6589990854263306,0.7194244861602783,0.6800000071525574
41,5,92,0.5922778844833374,0.6588603258132935,0.5986795425415039,0.6588603258132935,0.7266187071800232,0.6800000071525574
41,5,93,0.5905811190605164,0.6586410403251648,0.5969563722610474,0.6586410403251648,0.7266187071800232,0.6800000071525574
41,5,94,0.5888609886169434,0.6584190130233765,0.5951660871505737,0.6584190130233765,0.7266187071800232,0.6800000071525574
41,5,95,0.5871163606643677,0.6582123637199402,0.5933800339698792,0.6582123637199402,0.7266187071800232,0.6800000071525574
41,5,96,0.5853370428085327,0.657977819442749,0.5915796160697937,0.657977819442749,0.7266187071800232,0.6800000071525574
41,5,97,0.5835249423980713,0.6575984954833984,0.5897117257118225,0.6575984954833984,0.7194244861602783,0.6399999856948853
41,5,98,0.581658661365509,0.6571034789085388,0.5877255201339722,0.6571034789085388,0.7050359845161438,0.6399999856948853
41,5,99,0.5797755718231201,0.6566638946533203,0.5857088565826416,0.6566638946533203,0.7050359845161438,0.6399999856948853
41,5,100,0.5779184699058533,0.6562827229499817,0.5837208032608032,0.6562827229499817,0.7050359845161438,0.6399999856948853
41,5,101,0.576035737991333,0.6559107303619385,0.5817232131958008,0.6559107303619385,0.7050359845161438,0.6399999856948853
41,5,102,0.5741487145423889,0.6555901169776917,0.5797247290611267,0.6555901169776917,0.7050359845161438,0.6399999856948853
41,5,103,0.5722777247428894,0.6554331183433533,0.5777574181556702,0.6554331183433533,0.7050359845161438,0.6399999856948853
41,5,104,0.5704240202903748,0.6554064154624939,0.5758877992630005,0.6554064154624939,0.7050359845161438,0.6399999856948853
41,5,105,0.5685629844665527,0.6553592681884766,0.5740344524383545,0.6553592681884766,0.7122302055358887,0.6399999856948853
41,5,106,0.5666620135307312,0.6552232503890991,0.5720655918121338,0.6552232503890991,0.7122302055358887,0.6399999856948853
41,5,107,0.5647339820861816,0.6550529599189758,0.5699924230575562,0.6550529599189758,0.7122302055358887,0.6399999856948853
41,5,108,0.5627933740615845,0.6550284028053284,0.5679400563240051,0.6550284028053284,0.7122302055358887,0.6399999856948853
41,5,109,0.5608711838722229,0.655097246170044,0.5659980773925781,0.655097246170044,0.7122302055358887,0.6399999856948853
41,5,110,0.558953046798706,0.6552494168281555,0.5641356110572815,0.6552494168281555,0.7194244861602783,0.6399999856948853
41,5,111,0.5569977164268494,0.6553339958190918,0.5622196197509766,0.6553339958190918,0.7194244861602783,0.6399999856948853
41,5,112,0.5549977421760559,0.6553879380226135,0.5601867437362671,0.6553879380226135,0.7194244861602783,0.6399999856948853
41,5,113,0.5529830455780029,0.6554766893386841,0.558098316192627,0.6554766893386841,0.7266187071800232,0.6399999856948853
41,5,114,0.5509543418884277,0.6555917263031006,0.5560277104377747,0.6555917263031006,0.7266187071800232,0.6399999856948853
41,5,115,0.5488776564598083,0.6556477546691895,0.5538715124130249,0.6556477546691895,0.7410072088241577,0.6399999856948853
41,5,116,0.5467791557312012,0.6557567119598389,0.5516543984413147,0.6557567119598389,0.7482014298439026,0.6399999856948853
41,5,117,0.5446850061416626,0.6559379696846008,0.5494829416275024,0.6559379696846008,0.7553957104682922,0.6399999856948853
41,5,118,0.5426000356674194,0.6561232805252075,0.54737788438797,0.6561232805252075,0.7553957104682922,0.7200000286102295
41,5,119,0.5405107736587524,0.6562964916229248,0.5452755689620972,0.6562964916229248,0.7553957104682922,0.7200000286102295
41,5,120,0.5384079813957214,0.6565068960189819,0.5431553721427917,0.6565068960189819,0.7553957104682922,0.7200000286102295
41,5,121,0.5362829566001892,0.656815767288208,0.5410611033439636,0.656815767288208,0.7553957104682922,0.6800000071525574
41,5,122,0.5341428518295288,0.6570782661437988,0.5389394760131836,0.6570782661437988,0.7553957104682922,0.6800000071525574
41,5,123,0.5319952368736267,0.65739905834198,0.5367857217788696,0.65739905834198,0.7553957104682922,0.6800000071525574
41,5,124,0.5298134684562683,0.6577985882759094,0.5346052646636963,0.6577985882759094,0.7553957104682922,0.6800000071525574
41,5,125,0.5276188254356384,0.6582987904548645,0.5324005484580994,0.6582987904548645,0.7625899314880371,0.6800000071525574
41,5,126,0.52542644739151,0.6590042114257812,0.5302057862281799,0.6590042114257812,0.7625899314880371,0.6800000071525574
41,5,127,0.5232297778129578,0.6597748398780823,0.5280265212059021,0.6597748398780823,0.769784152507782,0.6800000071525574
41,5,128,0.5210261344909668,0.6604015231132507,0.5257764458656311,0.6604015231132507,0.769784152507782,0.6800000071525574
41,5,129,0.5188455581665039,0.6609318256378174,0.5235005021095276,0.6609318256378174,0.769784152507782,0.6800000071525574
41,5,130,0.5166934728622437,0.661415696144104,0.5212849974632263,0.661415696144104,0.769784152507782,0.6800000071525574
41,5,131,0.5145465731620789,0.6618354320526123,0.5190834999084473,0.6618354320526123,0.7625899314880371,0.6800000071525574
41,5,132,0.5124243497848511,0.6621785759925842,0.5169166922569275,0.6621785759925842,0.7625899314880371,0.6800000071525574
41,5,133,0.5102973580360413,0.6624320149421692,0.514744758605957,0.6624320149421692,0.769784152507782,0.6800000071525574
42,5,1,0.6917499899864197,0.7009969353675842,0.697501003742218,0.7009969353675842,0.4460431635379791,0.4399999976158142
42,5,2,0.6904748678207397,0.7006675004959106,0.696425199508667,0.7006675004959106,0.4460431635379791,0.4399999976158142
42,5,3,0.689618706703186,0.7001228928565979,0.6949885487556458,0.7001228928565979,0.4460431635379791,0.4000000059604645
42,5,4,0.6888346672058105,0.6995415687561035,0.6935251951217651,0.6995415687561035,0.46043166518211365,0.4000000059604645
42,5,5,0.6880877017974854,0.6990162134170532,0.692101240158081,0.6990162134170532,0.5035971403121948,0.4000000059604645
42,5,6,0.687363862991333,0.6985132098197937,0.6907334327697754,0.6985132098197937,0.5323740839958191,0.4399999976158142
42,5,7,0.686651885509491,0.6980848908424377,0.6894140243530273,0.6980848908424377,0.5395683646202087,0.4399999976158142
42,5,8,0.6859508752822876,0.6977154016494751,0.6881585121154785,0.6977154016494751,0.5755395889282227,0.4399999976158142
42,5,9,0.6852511167526245,0.6974165439605713,0.6869683265686035,0.6974165439605713,0.5899280309677124,0.47999998927116394
42,5,10,0.6845477223396301,0.6970974206924438,0.6858327388763428,0.6970974206924438,0.5899280309677124,0.47999998927116394
42,5,11,0.6838487386703491,0.6967954039573669,0.6847427487373352,0.6967954039573669,0.5899280309677124,0.4000000059604645
42,5,12,0.6831390857696533,0.6965146064758301,0.6836721897125244,0.6965146064758301,0.597122311592102,0.4000000059604645
42,5,13,0.6824247241020203,0.6962666511535645,0.6826366186141968,0.6962666511535645,0.6115108132362366,0.4000000059604645
42,5,14,0.6817060708999634,0.6960569620132446,0.681638240814209,0.6960569620132446,0.6115108132362366,0.4000000059604645
42,5,15,0.6809728741645813,0.6958797574043274,0.6806709170341492,0.6958797574043274,0.6258992552757263,0.4399999976158142
42,5,16,0.6802048087120056,0.6957234144210815,0.6796968579292297,0.6957234144210815,0.633093535900116,0.47999998927116394
42,5,17,0.6794065237045288,0.6956214904785156,0.6787205934524536,0.6956214904785156,0.633093535900116,0.47999998927116394
42,5,18,0.6785926222801208,0.6955835223197937,0.6777703166007996,0.6955835223197937,0.6546762585639954,0.47999998927116394
42,5,19,0.6777587532997131,0.6956171989440918,0.6768453121185303,0.6956171989440918,0.6618704795837402,0.47999998927116394
42,5,20,0.6768954992294312,0.6956980228424072,0.6759294271469116,0.6956980228424072,0.6618704795837402,0.47999998927116394
42,5,21,0.6760165095329285,0.6957598924636841,0.6750206351280212,0.6957598924636841,0.6618704795837402,0.47999998927116394
42,5,22,0.675136923789978,0.6958080530166626,0.6741112470626831,0.6958080530166626,0.6546762585639954,0.4399999976158142
42,5,23,0.6742451786994934,0.6958493590354919,0.6731813549995422,0.6958493590354919,0.6618704795837402,0.4399999976158142
42,5,24,0.6733377575874329,0.6958813667297363,0.6722332835197449,0.6958813667297363,0.6690647602081299,0.4399999976158142
42,5,25,0.6724008917808533,0.6958909630775452,0.6712492108345032,0.6958909630775452,0.6690647602081299,0.4399999976158142
42,5,26,0.6714476346969604,0.6959190964698792,0.6702432632446289,0.6959190964698792,0.6690647602081299,0.4399999976158142
42,5,27,0.6704691648483276,0.6959695219993591,0.6692199110984802,0.6959695219993591,0.6690647602081299,0.4399999976158142
42,5,28,0.6694698929786682,0.6960493326187134,0.6681677103042603,0.6960493326187134,0.6690647602081299,0.4399999976158142
42,5,29,0.6684367060661316,0.6961191296577454,0.6670892834663391,0.6961191296577454,0.6762589812278748,0.4399999976158142
42,5,30,0.6673588156700134,0.6962019205093384,0.6659787893295288,0.6962019205093384,0.6762589812278748,0.4399999976158142
42,5,31,0.6662442684173584,0.6963050961494446,0.6648542881011963,0.6963050961494446,0.6834532618522644,0.4399999976158142
42,5,32,0.6650952100753784,0.696402370929718,0.663712203502655,0.696402370929718,0.6834532618522644,0.4399999976158142
42,5,33,0.6639107465744019,0.6964762210845947,0.6625156998634338,0.6964762210845947,0.6834532618522644,0.4399999976158142
42,5,34,0.6626803278923035,0.696526288986206,0.661215603351593,0.696526288986206,0.6906474828720093,0.4399999976158142
42,5,35,0.6614126563072205,0.6965882778167725,0.6598347425460815,0.6965882778167725,0.6978417038917542,0.5199999809265137
42,5,36,0.6601046919822693,0.6967261433601379,0.6584200263023376,0.6967261433601379,0.7050359845161438,0.5199999809265137
42,5,37,0.6587536334991455,0.69685959815979,0.6569721698760986,0.69685959815979,0.7050359845161438,0.5199999809265137
42,5,38,0.6573682427406311,0.6969996690750122,0.6554892063140869,0.6969996690750122,0.7050359845161438,0.5199999809265137
42,5,39,0.655958354473114,0.6971647143363953,0.6539942026138306,0.6971647143363953,0.7050359845161438,0.5199999809265137
42,5,40,0.6545212268829346,0.6973536014556885,0.652527928352356,0.6973536014556885,0.7122302055358887,0.5199999809265137
42,5,41,0.653032660484314,0.6975104808807373,0.6510311365127563,0.6975104808807373,0.7122302055358887,0.5199999809265137
42,5,42,0.6514989137649536,0.6976075768470764,0.6494542956352234,0.6976075768470764,0.7122302055358887,0.5199999809265137
42,5,43,0.6499262452125549,0.6976974010467529,0.6477985382080078,0.6976974010467529,0.7194244861602783,0.5199999809265137
43,5,1,0.6973939538002014,0.6841180324554443,0.6849167943000793,0.6841180324554443,0.5899280309677124,0.6000000238418579
43,5,2,0.6956729888916016,0.684927225112915,0.6844112873077393,0.684927225112915,0.597122311592102,0.5600000023841858
43,5,3,0.6943270564079285,0.6856951117515564,0.6846023797988892,0.6856951117515564,0.5899280309677124,0.5600000023841858
43,5,4,0.6930584907531738,0.6864277124404907,0.6848447322845459,0.6864277124404907,0.5899280309677124,0.5600000023841858
43,5,5,0.6919019222259521,0.6872171759605408,0.6851245760917664,0.6872171759605408,0.5899280309677124,0.5199999809265137
43,5,6,0.6908172965049744,0.6880144476890564,0.6853806972503662,0.6880144476890564,0.5827338099479675,0.5600000023841858
43,5,7,0.6898377537727356,0.68883216381073,0.6856448650360107,0.68883216381073,0.5827338099479675,0.5600000023841858
43,5,8,0.6889064311981201,0.6896029710769653,0.6858842372894287,0.6896029710769653,0.5755395889282227,0.5600000023841858
43,5,9,0.6880375146865845,0.690337598323822,0.6861144304275513,0.690337598323822,0.6187050342559814,0.6000000238418579
43,5,10,0.6872110962867737,0.6910694241523743,0.6863074898719788,0.6910694241523743,0.597122311592102,0.6399999856948853
43,5,11,0.686427116394043,0.6917487978935242,0.686467170715332,0.6917487978935242,0.5827338099479675,0.6399999856948853
43,5,12,0.685670018196106,0.6924329996109009,0.6866001486778259,0.6924329996109009,0.5899280309677124,0.5199999809265137
43,5,13,0.684953510761261,0.6931672096252441,0.6867207884788513,0.6931672096252441,0.6115108132362366,0.5199999809265137
43,5,14,0.6842696666717529,0.6938678622245789,0.6868293881416321,0.6938678622245789,0.6115108132362366,0.47999998927116394
43,5,15,0.6835861802101135,0.6945286393165588,0.6868907809257507,0.6945286393165588,0.597122311592102,0.47999998927116394
43,5,16,0.6828950643539429,0.6951308250427246,0.6869085431098938,0.6951308250427246,0.5827338099479675,0.47999998927116394
43,5,17,0.6822137832641602,0.6956881880760193,0.6868865489959717,0.6956881880760193,0.5755395889282227,0.47999998927116394
43,5,18,0.681533694267273,0.696250319480896,0.6868268847465515,0.696250319480896,0.5467625856399536,0.47999998927116394
43,5,19,0.6808851957321167,0.6968491077423096,0.6867707967758179,0.6968491077423096,0.5467625856399536,0.47999998927116394
43,5,20,0.6802315711975098,0.6974206566810608,0.6866744160652161,0.6974206566810608,0.5467625856399536,0.47999998927116394
43,5,21,0.6795721054077148,0.6979509592056274,0.6865305304527283,0.6979509592056274,0.5539568066596985,0.47999998927116394
43,5,22,0.6789081692695618,0.6984341144561768,0.6863446235656738,0.6984341144561768,0.5539568066596985,0.47999998927116394
43,5,23,0.6782159209251404,0.6989179849624634,0.6861087083816528,0.6989179849624634,0.5539568066596985,0.47999998927116394
43,5,24,0.6775407791137695,0.6993715167045593,0.6858797073364258,0.6993715167045593,0.5539568066596985,0.47999998927116394
43,5,25,0.6768637299537659,0.6997876167297363,0.6856223940849304,0.6997876167297363,0.5539568066596985,0.47999998927116394
43,5,26,0.6761549115180969,0.7001389861106873,0.6852970123291016,0.7001389861106873,0.5539568066596985,0.47999998927116394
44,5,1,0.69508957862854,0.6996345520019531,0.6972822546958923,0.6996345520019531,0.40714284777641296,0.36000001430511475
44,5,2,0.6932317614555359,0.6988129615783691,0.6962007880210876,0.6988129615783691,0.44285714626312256,0.4000000059604645
44,5,3,0.6920539140701294,0.6977924108505249,0.6945444345474243,0.6977924108505249,0.44999998807907104,0.4000000059604645
44,5,4,0.691020667552948,0.6966185569763184,0.6928021907806396,0.6966185569763184,0.4714285731315613,0.47999998927116394
44,5,5,0.6900555491447449,0.6954988837242126,0.6910936236381531,0.6954988837242126,0.4928571283817291,0.47999998927116394
44,5,6,0.6891186237335205,0.6944215297698975,0.6894597411155701,0.6944215297698975,0.5214285850524902,0.47999998927116394
44,5,7,0.6881626844406128,0.693454384803772,0.6878643035888672,0.693454384803772,0.5428571701049805,0.47999998927116394
44,5,8,0.6872127056121826,0.6925544142723083,0.6863422989845276,0.6925544142723083,0.5785714387893677,0.5199999809265137
44,5,9,0.6862839460372925,0.6917219758033752,0.6849088668823242,0.6917219758033752,0.6000000238418579,0.5600000023841858
44,5,10,0.685366153717041,0.6909543871879578,0.6835368275642395,0.6909543871879578,0.6357142925262451,0.6000000238418579
44,5,11,0.6844720244407654,0.6902254223823547,0.682228684425354,0.6902254223823547,0.6285714507102966,0.6000000238418579
44,5,12,0.6835916638374329,0.6895124912261963,0.6809994578361511,0.6895124912261963,0.6357142925262451,0.6000000238418579
44,5,13,0.6826913952827454,0.6888482570648193,0.6798112988471985,0.6888482570648193,0.6428571343421936,0.6000000238418579
44,5,14,0.6817948818206787,0.6882224082946777,0.6787033081054688,0.6882224082946777,0.6428571343421936,0.6399999856948853
44,5,15,0.6809026002883911,0.6876074075698853,0.6776490807533264,0.6876074075698853,0.6428571343421936,0.6000000238418579
44,5,16,0.6800126433372498,0.6869921088218689,0.6766096949577332,0.6869921088218689,0.6571428775787354,0.6399999856948853
44,5,17,0.6791290640830994,0.6863850355148315,0.675571620464325,0.6863850355148315,0.6714285612106323,0.6800000071525574
44,5,18,0.6782214641571045,0.6857901215553284,0.6744722723960876,0.6857901215553284,0.6642857193946838,0.6800000071525574
44,5,19,0.6773023009300232,0.6851946115493774,0.6733171939849854,0.6851946115493774,0.6571428775787354,0.6800000071525574
44,5,20,0.6763526797294617,0.6846718788146973,0.6721128821372986,0.6846718788146973,0.6571428775787354,0.6800000071525574
44,5,21,0.6753847002983093,0.6841866970062256,0.6708893775939941,0.6841866970062256,0.6571428775787354,0.6000000238418579
44,5,22,0.6743967533111572,0.683688759803772,0.6696746945381165,0.683688759803772,0.6499999761581421,0.6000000238418579
44,5,23,0.673388659954071,0.68328458070755,0.6684382557868958,0.68328458070755,0.6499999761581421,0.6000000238418579
44,5,24,0.6723756790161133,0.6828539371490479,0.667222797870636,0.6828539371490479,0.6499999761581421,0.6000000238418579
44,5,25,0.6713622212409973,0.6823520064353943,0.6660401225090027,0.6823520064353943,0.6571428775787354,0.5600000023841858
44,5,26,0.670313835144043,0.6817989349365234,0.6648555397987366,0.6817989349365234,0.6571428775787354,0.5600000023841858
44,5,27,0.6692415475845337,0.6812615990638733,0.6636696457862854,0.6812615990638733,0.6499999761581421,0.6000000238418579
44,5,28,0.6681492924690247,0.680745005607605,0.6624751091003418,0.680745005607605,0.6428571343421936,0.6000000238418579
44,5,29,0.6670564413070679,0.6802616715431213,0.6612851619720459,0.6802616715431213,0.6357142925262451,0.6000000238418579
44,5,30,0.6659308671951294,0.6798343062400818,0.6600790023803711,0.6798343062400818,0.6357142925262451,0.6000000238418579
44,5,31,0.6647927165031433,0.6794313192367554,0.6588841676712036,0.6794313192367554,0.6571428775787354,0.6000000238418579
44,5,32,0.6636373400688171,0.679047167301178,0.6576982140541077,0.679047167301178,0.6642857193946838,0.5600000023841858
44,5,33,0.6624638438224792,0.6786714792251587,0.6565069556236267,0.6786714792251587,0.6714285612106323,0.5600000023841858
44,5,34,0.661279022693634,0.6783103346824646,0.6553412079811096,0.6783103346824646,0.6785714030265808,0.5600000023841858
44,5,35,0.6600843071937561,0.6779706478118896,0.6542015671730042,0.6779706478118896,0.6785714030265808,0.5600000023841858
44,5,36,0.6588461399078369,0.6776750087738037,0.6530396342277527,0.6776750087738037,0.6785714030265808,0.6000000238418579
44,5,37,0.657589852809906,0.6773831844329834,0.651851236820221,0.6773831844329834,0.6714285612106323,0.6000000238418579
44,5,38,0.6563181281089783,0.6770977973937988,0.6506043076515198,0.6770977973937988,0.6714285612106323,0.6000000238418579
44,5,39,0.6550471186637878,0.6768485307693481,0.6493521928787231,0.6768485307693481,0.6714285612106323,0.6000000238418579
44,5,40,0.6537522673606873,0.6765807271003723,0.6480599045753479,0.6765807271003723,0.6714285612106323,0.6000000238418579
44,5,41,0.6524457931518555,0.6763150691986084,0.6467653512954712,0.6763150691986084,0.6714285612106323,0.6000000238418579
44,5,42,0.6511045098304749,0.676105260848999,0.6455066800117493,0.676105260848999,0.6714285612106323,0.6000000238418579
44,5,43,0.6497070789337158,0.6759589910507202,0.6442143321037292,0.6759589910507202,0.6714285612106323,0.6000000238418579
44,5,44,0.6482771635055542,0.675850510597229,0.6428831815719604,0.675850510597229,0.6714285612106323,0.6000000238418579
44,5,45,0.6468440890312195,0.675788164138794,0.6415680050849915,0.675788164138794,0.6785714030265808,0.5600000023841858
44,5,46,0.645343005657196,0.675706684589386,0.6401914358139038,0.675706684589386,0.6857143044471741,0.5600000023841858
44,5,47,0.6438068747520447,0.6756188869476318,0.638773500919342,0.6756188869476318,0.6857143044471741,0.5199999809265137
44,5,48,0.642210066318512,0.6755185127258301,0.6373024582862854,0.6755185127258301,0.6857143044471741,0.5199999809265137
44,5,49,0.6406038999557495,0.675467848777771,0.6357793807983398,0.675467848777771,0.6857143044471741,0.5199999809265137
44,5,50,0.6390079855918884,0.6753772497177124,0.6342524886131287,0.6753772497177124,0.6928571462631226,0.5199999809265137
44,5,51,0.6374258995056152,0.6753088235855103,0.6327014565467834,0.6753088235855103,0.6928571462631226,0.5199999809265137
44,5,52,0.6358868479728699,0.6752505302429199,0.6311725974082947,0.6752505302429199,0.6928571462631226,0.5199999809265137
44,5,53,0.6343207359313965,0.6752066612243652,0.629622757434845,0.6752066612243652,0.6928571462631226,0.5199999809265137
44,5,54,0.6327715516090393,0.6752799153327942,0.628108024597168,0.6752799153327942,0.699999988079071,0.5199999809265137
44,5,55,0.6311702728271484,0.6754997372627258,0.626596212387085,0.6754997372627258,0.699999988079071,0.5199999809265137
44,5,56,0.6294997334480286,0.6757752895355225,0.6250506043434143,0.6757752895355225,0.699999988079071,0.5199999809265137
44,5,57,0.6278062462806702,0.6760889291763306,0.6234813928604126,0.6760889291763306,0.7142857313156128,0.5199999809265137
44,5,58,0.6261266469955444,0.676426112651825,0.6218945980072021,0.676426112651825,0.7142857313156128,0.5199999809265137
44,5,59,0.6244574189186096,0.6766316890716553,0.6202244758605957,0.6766316890716553,0.7142857313156128,0.5199999809265137
44,5,60,0.6227981448173523,0.676815390586853,0.6184478998184204,0.676815390586853,0.7142857313156128,0.5199999809265137
44,5,61,0.6211252212524414,0.6770515441894531,0.6167027354240417,0.6770515441894531,0.7142857313156128,0.5199999809265137
44,5,62,0.619459867477417,0.6772897243499756,0.6150402426719666,0.6772897243499756,0.7142857313156128,0.5199999809265137
44,5,63,0.6177918314933777,0.6774929761886597,0.6134040355682373,0.6774929761886597,0.7142857313156128,0.5199999809265137
44,5,64,0.6161512732505798,0.6776752471923828,0.611734926700592,0.6776752471923828,0.7214285731315613,0.5199999809265137
44,5,65,0.6145490407943726,0.6778649091720581,0.6100748181343079,0.6778649091720581,0.7214285731315613,0.5199999809265137
44,5,66,0.6129534840583801,0.678019106388092,0.6084475517272949,0.678019106388092,0.7214285731315613,0.5199999809265137
44,5,67,0.6113748550415039,0.6781591773033142,0.606822669506073,0.6781591773033142,0.7142857313156128,0.5199999809265137
44,5,68,0.6097986698150635,0.6783572435379028,0.6052199602127075,0.6783572435379028,0.7142857313156128,0.5199999809265137
44,5,69,0.6082112193107605,0.6786099076271057,0.6036685109138489,0.6786099076271057,0.7142857313156128,0.5199999809265137
44,5,70,0.606604278087616,0.6788367629051208,0.6021456718444824,0.6788367629051208,0.7071428298950195,0.5199999809265137
44,5,71,0.6049924492835999,0.6790140271186829,0.6005576848983765,0.6790140271186829,0.7142857313156128,0.5199999809265137
44,5,72,0.6033955812454224,0.6792526841163635,0.598973274230957,0.6792526841163635,0.7142857313156128,0.5199999809265137
44,5,73,0.601794421672821,0.6795352101325989,0.5974158644676208,0.6795352101325989,0.7142857313156128,0.5199999809265137
44,5,74,0.6001774072647095,0.6797857880592346,0.5958506464958191,0.6797857880592346,0.7142857313156128,0.5199999809265137
44,5,75,0.5985726714134216,0.6800426244735718,0.5942785143852234,0.6800426244735718,0.7214285731315613,0.5199999809265137
44,5,76,0.5969569683074951,0.6803389191627502,0.5927281975746155,0.6803389191627502,0.7214285731315613,0.5199999809265137
44,5,77,0.5953381657600403,0.6806746125221252,0.5912011861801147,0.6806746125221252,0.7214285731315613,0.5199999809265137
44,5,78,0.593721330165863,0.680996835231781,0.5896881222724915,0.680996835231781,0.7214285731315613,0.5199999809265137
45,5,1,0.6956992745399475,0.7032652497291565,0.7080073952674866,0.7032652497291565,0.40714284777641296,0.4000000059604645
45,5,2,0.6943439841270447,0.7015408277511597,0.7053778767585754,0.7015408277511597,0.40714284777641296,0.4000000059604645
45,5,3,0.6933115720748901,0.7000476121902466,0.7032943964004517,0.7000476121902466,0.40714284777641296,0.4000000059604645
45,5,4,0.6923715472221375,0.6987344622612,0.701417088508606,0.6987344622612,0.40714284777641296,0.4000000059604645
45,5,5,0.6914679408073425,0.6976190209388733,0.6996877193450928,0.6976190209388733,0.40714284777641296,0.4399999976158142
45,5,6,0.6905910968780518,0.696666419506073,0.6980841159820557,0.696666419506073,0.41428571939468384,0.4399999976158142
45,5,7,0.6897438764572144,0.6958450078964233,0.6966091394424438,0.6958450078964233,0.4214285612106323,0.4399999976158142
45,5,8,0.6889163255691528,0.6951448321342468,0.6952435374259949,0.6951448321342468,0.4642857015132904,0.4399999976158142
45,5,9,0.6880958676338196,0.6945895552635193,0.6939702033996582,0.6945895552635193,0.47857141494750977,0.47999998927116394
45,5,10,0.6872702240943909,0.6941583752632141,0.6927520036697388,0.6941583752632141,0.5,0.4399999976158142
45,5,11,0.6864455938339233,0.693779706954956,0.6915777325630188,0.693779706954956,0.5142857432365417,0.4399999976158142
45,5,12,0.6855842471122742,0.6934394240379333,0.6904110312461853,0.6934394240379333,0.550000011920929,0.4399999976158142
45,5,13,0.6847043633460999,0.693187415599823,0.6892571449279785,0.693187415599823,0.5857142806053162,0.5199999809265137
45,5,14,0.6838256120681763,0.6929678320884705,0.6881271004676819,0.6929678320884705,0.5928571224212646,0.5199999809265137
45,5,15,0.682945966720581,0.6927498579025269,0.6870165467262268,0.6927498579025269,0.5857142806053162,0.47999998927116394
45,5,16,0.6820353269577026,0.6925248503684998,0.6859173774719238,0.6925248503684998,0.6071428656578064,0.47999998927116394
45,5,17,0.6811150908470154,0.6923741102218628,0.6848785281181335,0.6923741102218628,0.6000000238418579,0.5199999809265137
45,5,18,0.6801812052726746,0.6922439336776733,0.6838992238044739,0.6922439336776733,0.6142857074737549,0.5600000023841858
45,5,19,0.6792384386062622,0.6921334266662598,0.6829397678375244,0.6921334266662598,0.6357142925262451,0.5600000023841858
45,5,20,0.6782649159431458,0.6920595765113831,0.6819789409637451,0.6920595765113831,0.6357142925262451,0.5600000023841858
45,5,21,0.6772631406784058,0.692044198513031,0.6810340285301208,0.692044198513031,0.6142857074737549,0.5600000023841858
45,5,22,0.6762449741363525,0.6920157670974731,0.680120587348938,0.6920157670974731,0.6142857074737549,0.6000000238418579
45,5,23,0.6752007603645325,0.6919423937797546,0.6791961193084717,0.6919423937797546,0.6214285492897034,0.5600000023841858
45,5,24,0.6741447448730469,0.6918320655822754,0.6782633066177368,0.6918320655822754,0.6071428656578064,0.5600000023841858
45,5,25,0.6730825901031494,0.6916674971580505,0.6773065328598022,0.6916674971580505,0.6142857074737549,0.5600000023841858
45,5,26,0.672017514705658,0.6915127635002136,0.6763175129890442,0.6915127635002136,0.6142857074737549,0.5600000023841858
45,5,27,0.6709384322166443,0.6913280487060547,0.6753022074699402,0.6913280487060547,0.6071428656578064,0.5600000023841858
45,5,28,0.6698421835899353,0.6911152601242065,0.6742522716522217,0.6911152601242065,0.6142857074737549,0.5600000023841858
45,5,29,0.6687211990356445,0.6908619403839111,0.6731472015380859,0.6908619403839111,0.6214285492897034,0.5600000023841858
45,5,30,0.6675826907157898,0.6905816793441772,0.6719955205917358,0.6905816793441772,0.6285714507102966,0.5600000023841858
45,5,31,0.6664131879806519,0.6903010606765747,0.6708261966705322,0.6903010606765747,0.6285714507102966,0.5600000023841858
45,5,32,0.6652135848999023,0.6899842619895935,0.6696435809135437,0.6899842619895935,0.6285714507102966,0.5600000023841858
45,5,33,0.663977861404419,0.6895990967750549,0.6684389114379883,0.6895990967750549,0.6285714507102966,0.5600000023841858
45,5,34,0.6627046465873718,0.6891212463378906,0.6672080159187317,0.6891212463378906,0.6214285492897034,0.5600000023841858
45,5,35,0.6613675355911255,0.6885828375816345,0.665898859500885,0.6885828375816345,0.6214285492897034,0.5600000023841858
45,5,36,0.6599759459495544,0.688069760799408,0.6645583510398865,0.688069760799408,0.6214285492897034,0.5600000023841858
45,5,37,0.6585739254951477,0.6874758005142212,0.663235604763031,0.6874758005142212,0.6285714507102966,0.5600000023841858
45,5,38,0.6571415662765503,0.6867634654045105,0.6618483662605286,0.6867634654045105,0.6357142925262451,0.5600000023841858
45,5,39,0.65565025806427,0.6859635710716248,0.6603485941886902,0.6859635710716248,0.6357142925262451,0.5600000023841858
45,5,40,0.654089629650116,0.6852009296417236,0.658804714679718,0.6852009296417236,0.6499999761581421,0.5600000023841858
45,5,41,0.6524964570999146,0.6845163106918335,0.657255232334137,0.6845163106918335,0.6499999761581421,0.5600000023841858
45,5,42,0.6509107947349548,0.6838746666908264,0.6557302474975586,0.6838746666908264,0.6571428775787354,0.5600000023841858
45,5,43,0.6493011713027954,0.6831874847412109,0.6541740298271179,0.6831874847412109,0.6499999761581421,0.5600000023841858
45,5,44,0.6476908922195435,0.6824951171875,0.652572751045227,0.6824951171875,0.6571428775787354,0.5600000023841858
45,5,45,0.6460515260696411,0.6818400025367737,0.6509717106819153,0.6818400025367737,0.6642857193946838,0.5600000023841858
45,5,46,0.6443870663642883,0.6811683177947998,0.6493158340454102,0.6811683177947998,0.6642857193946838,0.5600000023841858
45,5,47,0.642712414264679,0.6803482174873352,0.647568941116333,0.6803482174873352,0.6642857193946838,0.5600000023841858
45,5,48,0.6410225033760071,0.6794920563697815,0.6457565426826477,0.6794920563697815,0.6642857193946838,0.5600000023841858
45,5,49,0.6393265724182129,0.6786627769470215,0.6439568996429443,0.6786627769470215,0.6642857193946838,0.5600000023841858
45,5,50,0.6376290917396545,0.6778479218482971,0.6421899199485779,0.6778479218482971,0.6642857193946838,0.5600000023841858
45,5,51,0.6359571814537048,0.6770773530006409,0.6404743194580078,0.6770773530006409,0.6642857193946838,0.5600000023841858
45,5,52,0.6342810988426208,0.6762532591819763,0.6387503147125244,0.6762532591819763,0.6571428775787354,0.5600000023841858
45,5,53,0.6325801014900208,0.6754124164581299,0.6369485855102539,0.6754124164581299,0.6642857193946838,0.5600000023841858
45,5,54,0.6308462023735046,0.6746340990066528,0.6351180672645569,0.6746340990066528,0.6714285612106323,0.5600000023841858
45,5,55,0.6290771961212158,0.674041211605072,0.633362889289856,0.674041211605072,0.6785714030265808,0.5600000023841858
45,5,56,0.6272891163825989,0.6734912395477295,0.6317567229270935,0.6734912395477295,0.6785714030265808,0.6000000238418579
45,5,57,0.6254805326461792,0.6728308200836182,0.630131721496582,0.6728308200836182,0.6785714030265808,0.6000000238418579
45,5,58,0.623630702495575,0.6721007823944092,0.6284045577049255,0.6721007823944092,0.6857143044471741,0.6000000238418579
45,5,59,0.6217541694641113,0.6712967157363892,0.6266152858734131,0.6712967157363892,0.6928571462631226,0.6000000238418579
45,5,60,0.6198331117630005,0.6704566478729248,0.6247153282165527,0.6704566478729248,0.6928571462631226,0.6000000238418579
45,5,61,0.6178951859474182,0.6697471141815186,0.6228089928627014,0.6697471141815186,0.6928571462631226,0.6000000238418579
45,5,62,0.6159257888793945,0.6690272688865662,0.6209412813186646,0.6690272688865662,0.699999988079071,0.6399999856948853
45,5,63,0.6139307022094727,0.6682278513908386,0.6190366744995117,0.6682278513908386,0.699999988079071,0.6399999856948853
45,5,64,0.6118875741958618,0.6672089099884033,0.6169483661651611,0.6672089099884033,0.699999988079071,0.6399999856948853
45,5,65,0.609811007976532,0.6661234498023987,0.614736795425415,0.6661234498023987,0.699999988079071,0.6399999856948853
45,5,66,0.6076828837394714,0.6649741530418396,0.6124958992004395,0.6649741530418396,0.699999988079071,0.6399999856948853
45,5,67,0.6055111289024353,0.6637963652610779,0.6102237701416016,0.6637963652610779,0.699999988079071,0.6399999856948853
45,5,68,0.603286623954773,0.662661612033844,0.6078996658325195,0.662661612033844,0.699999988079071,0.6399999856948853
45,5,69,0.6010536551475525,0.6614987254142761,0.6055492758750916,0.6614987254142761,0.7071428298950195,0.6399999856948853
45,5,70,0.5987919569015503,0.6604398488998413,0.603211522102356,0.6604398488998413,0.7071428298950195,0.6399999856948853
45,5,71,0.5965281128883362,0.6595327258110046,0.6009786128997803,0.6595327258110046,0.7142857313156128,0.6399999856948853
45,5,72,0.5942816138267517,0.6587143540382385,0.598816990852356,0.6587143540382385,0.7142857313156128,0.6399999856948853
45,5,73,0.5920373201370239,0.6579009294509888,0.596636950969696,0.6579009294509888,0.7142857313156128,0.6399999856948853
45,5,74,0.5898019671440125,0.6570505499839783,0.5944433212280273,0.6570505499839783,0.7142857313156128,0.6399999856948853
45,5,75,0.5875459909439087,0.6561270356178284,0.5921698808670044,0.6561270356178284,0.7285714149475098,0.6399999856948853
45,5,76,0.5852662920951843,0.6552050709724426,0.5897687077522278,0.6552050709724426,0.7285714149475098,0.6399999856948853
45,5,77,0.5829669237136841,0.6544721126556396,0.5873600244522095,0.6544721126556396,0.7357142567634583,0.6399999856948853
45,5,78,0.5806525349617004,0.6538754105567932,0.5850902795791626,0.6538754105567932,0.7357142567634583,0.6399999856948853
45,5,79,0.5783345699310303,0.6532140374183655,0.5828118324279785,0.6532140374183655,0.7357142567634583,0.6399999856948853
45,5,80,0.5760247707366943,0.6524561047554016,0.5803954601287842,0.6524561047554016,0.7428571581840515,0.6000000238418579
45,5,81,0.5737225413322449,0.6516201496124268,0.5779199600219727,0.6516201496124268,0.7428571581840515,0.6000000238418579
45,5,82,0.5714226961135864,0.6507476568222046,0.5754157304763794,0.6507476568222046,0.7428571581840515,0.6000000238418579
45,5,83,0.569122850894928,0.6499196887016296,0.5729064345359802,0.6499196887016296,0.75,0.6000000238418579
45,5,84,0.5668036341667175,0.6491320133209229,0.5704336166381836,0.6491320133209229,0.75,0.6000000238418579
45,5,85,0.5644712448120117,0.6483542919158936,0.5679997801780701,0.6483542919158936,0.7571428418159485,0.6000000238418579
45,5,86,0.5621417164802551,0.6475590467453003,0.56561279296875,0.6475590467453003,0.7571428418159485,0.6000000238418579
45,5,87,0.5598117709159851,0.6467422246932983,0.5632193684577942,0.6467422246932983,0.7642857432365417,0.6000000238418579
45,5,88,0.5574804544448853,0.6460512280464172,0.5608767867088318,0.6460512280464172,0.7642857432365417,0.6000000238418579
45,5,89,0.5551436543464661,0.6453402638435364,0.5585410594940186,0.6453402638435364,0.7642857432365417,0.6000000238418579
45,5,90,0.5527932643890381,0.644636869430542,0.5561036467552185,0.644636869430542,0.7571428418159485,0.6000000238418579
45,5,91,0.5504428148269653,0.6440396308898926,0.5537545680999756,0.6440396308898926,0.7571428418159485,0.6000000238418579
45,5,92,0.548092782497406,0.6433846950531006,0.5514193773269653,0.6433846950531006,0.7428571581840515,0.6000000238418579
45,5,93,0.5457614660263062,0.6427310705184937,0.5490692853927612,0.6427310705184937,0.7428571581840515,0.6000000238418579
45,5,94,0.5434483289718628,0.6421077847480774,0.5468301177024841,0.6421077847480774,0.7571428418159485,0.6000000238418579
45,5,95,0.541140079498291,0.641381025314331,0.5446503162384033,0.641381025314331,0.7571428418159485,0.6000000238418579
45,5,96,0.5388422608375549,0.6404372453689575,0.5423505306243896,0.6404372453689575,0.7571428418159485,0.6000000238418579
45,5,97,0.5365307331085205,0.6393400430679321,0.5399355888366699,0.6393400430679321,0.7714285850524902,0.6000000238418579
45,5,98,0.5341934561729431,0.6383073925971985,0.537465512752533,0.6383073925971985,0.7714285850524902,0.6000000238418579
45,5,99,0.5318549275398254,0.6374117732048035,0.5350878834724426,0.6374117732048035,0.7714285850524902,0.6000000238418579
45,5,100,0.5295316576957703,0.6365116834640503,0.5327479839324951,0.6365116834640503,0.7714285850524902,0.6000000238418579
45,5,101,0.5272122025489807,0.635612428188324,0.5304199457168579,0.635612428188324,0.7714285850524902,0.6000000238418579
45,5,102,0.5248935222625732,0.6346848011016846,0.5280853509902954,0.6346848011016846,0.7714285850524902,0.6000000238418579
45,5,103,0.5225756764411926,0.6337164044380188,0.5256773829460144,0.6337164044380188,0.7714285850524902,0.6000000238418579
45,5,104,0.520263671875,0.6327722072601318,0.5232576131820679,0.6327722072601318,0.7714285850524902,0.6000000238418579
45,5,105,0.5179710388183594,0.6318823099136353,0.5209372639656067,0.6318823099136353,0.7785714268684387,0.6000000238418579
45,5,106,0.5157044529914856,0.6309725046157837,0.5187680125236511,0.6309725046157837,0.7785714268684387,0.6000000238418579
45,5,107,0.5134667158126831,0.6299659609794617,0.5165471434593201,0.6299659609794617,0.7785714268684387,0.6000000238418579
45,5,108,0.511222779750824,0.62897789478302,0.5141940116882324,0.62897789478302,0.7785714268684387,0.6000000238418579
45,5,109,0.5089948773384094,0.6280489563941956,0.5119009017944336,0.6280489563941956,0.7785714268684387,0.6000000238418579
45,5,110,0.5067834854125977,0.6271601915359497,0.5096835494041443,0.6271601915359497,0.7928571701049805,0.6000000238418579
45,5,111,0.5046000480651855,0.6262897253036499,0.5075306296348572,0.6262897253036499,0.7928571701049805,0.6000000238418579
45,5,112,0.502428412437439,0.6254764795303345,0.5053882598876953,0.6254764795303345,0.7928571701049805,0.6000000238418579
45,5,113,0.5002850890159607,0.6246656775474548,0.5032771825790405,0.6246656775474548,0.7928571701049805,0.6000000238418579
45,5,114,0.4981495440006256,0.6239041090011597,0.5012083053588867,0.6239041090011597,0.7928571701049805,0.6000000238418579
45,5,115,0.49603816866874695,0.623121440410614,0.4991382658481598,0.623121440410614,0.7928571701049805,0.6000000238418579
45,5,116,0.49394023418426514,0.622317910194397,0.4969668686389923,0.622317910194397,0.8071428537368774,0.6000000238418579
45,5,117,0.49184319376945496,0.6215535998344421,0.49482253193855286,0.6215535998344421,0.8214285969734192,0.6000000238418579
45,5,118,0.4897505044937134,0.6208412647247314,0.4927274286746979,0.6208412647247314,0.8214285969734192,0.6000000238418579
45,5,119,0.4876767694950104,0.6201481819152832,0.4906472861766815,0.6201481819152832,0.8214285969734192,0.6000000238418579
45,5,120,0.4856118857860565,0.6194537878036499,0.48860621452331543,0.6194537878036499,0.8214285969734192,0.6000000238418579
45,5,121,0.48356062173843384,0.6186792254447937,0.4865606129169464,0.6186792254447937,0.8214285969734192,0.6000000238418579
45,5,122,0.4815158247947693,0.6179414987564087,0.48447975516319275,0.6179414987564087,0.8214285969734192,0.6000000238418579
45,5,123,0.47946029901504517,0.6173155903816223,0.48243141174316406,0.6173155903816223,0.8214285969734192,0.6000000238418579
45,5,124,0.4774271249771118,0.6166909337043762,0.4804319143295288,0.6166909337043762,0.8214285969734192,0.6000000238418579
45,5,125,0.47540876269340515,0.6160213947296143,0.4784538149833679,0.6160213947296143,0.8214285969734192,0.6000000238418579
45,5,126,0.47339189052581787,0.6153106689453125,0.47644370794296265,0.6153106689453125,0.8285714387893677,0.6000000238418579
45,5,127,0.47137436270713806,0.6145885586738586,0.47435662150382996,0.6145885586738586,0.8285714387893677,0.6000000238418579
45,5,128,0.46935510635375977,0.6138120889663696,0.47223222255706787,0.6138120889663696,0.8285714387893677,0.6000000238418579
45,5,129,0.46734100580215454,0.6130326986312866,0.4701801836490631,0.6130326986312866,0.8357142806053162,0.6000000238418579
45,5,130,0.46533840894699097,0.6122707724571228,0.4681241810321808,0.6122707724571228,0.8357142806053162,0.6000000238418579
45,5,131,0.46334120631217957,0.6115633249282837,0.4660637378692627,0.6115633249282837,0.8357142806053162,0.6000000238418579
45,5,132,0.46135127544403076,0.6109121441841125,0.46408331394195557,0.6109121441841125,0.8357142806053162,0.6000000238418579
45,5,133,0.4593856930732727,0.6102506518363953,0.4621545076370239,0.6102506518363953,0.8357142806053162,0.6000000238418579
45,5,134,0.4574217200279236,0.6095630526542664,0.46023130416870117,0.6095630526542664,0.8357142806053162,0.6399999856948853
45,5,135,0.45546290278434753,0.608866274356842,0.4582802355289459,0.608866274356842,0.8357142806053162,0.6399999856948853
45,5,136,0.45351383090019226,0.6082192659378052,0.4562891721725464,0.6082192659378052,0.8357142806053162,0.6399999856948853
45,5,137,0.45156583189964294,0.607606828212738,0.45425453782081604,0.607606828212738,0.8357142806053162,0.6000000238418579
45,5,138,0.4496239125728607,0.6070250272750854,0.452287882566452,0.6070250272750854,0.8428571224212646,0.6399999856948853
45,5,139,0.44770288467407227,0.6064950823783875,0.45032453536987305,0.6064950823783875,0.8428571224212646,0.6399999856948853
45,5,140,0.44578537344932556,0.6060388684272766,0.44836875796318054,0.6060388684272766,0.8428571224212646,0.6399999856948853
45,5,141,0.4438762664794922,0.6056206226348877,0.44647079706192017,0.6056206226348877,0.8428571224212646,0.6399999856948853
45,5,142,0.4419909119606018,0.605154275894165,0.44453391432762146,0.605154275894165,0.8428571224212646,0.6399999856948853
45,5,143,0.4400818347930908,0.6047413349151611,0.4425490200519562,0.6047413349151611,0.8428571224212646,0.6399999856948853
45,5,144,0.43818262219429016,0.6043504476547241,0.4406186640262604,0.6043504476547241,0.8428571224212646,0.6399999856948853
45,5,145,0.4362918734550476,0.6039438843727112,0.43872740864753723,0.6039438843727112,0.8428571224212646,0.6399999856948853
45,5,146,0.434406578540802,0.6035833954811096,0.4367849826812744,0.6035833954811096,0.8428571224212646,0.6399999856948853
45,5,147,0.43252500891685486,0.6031965017318726,0.4348384439945221,0.6031965017318726,0.8428571224212646,0.6399999856948853
45,5,148,0.43064531683921814,0.6027936339378357,0.43290185928344727,0.6027936339378357,0.8428571224212646,0.6399999856948853
45,5,149,0.4287596344947815,0.6024362444877625,0.4310094118118286,0.6024362444877625,0.8428571224212646,0.6399999856948853
45,5,150,0.42689403891563416,0.6020650267601013,0.42916780710220337,0.6020650267601013,0.8428571224212646,0.6399999856948853
45,5,151,0.425027072429657,0.601677417755127,0.4272730052471161,0.601677417755127,0.8428571224212646,0.6399999856948853
45,5,152,0.4231509864330292,0.6013431549072266,0.4253844916820526,0.6013431549072266,0.8428571224212646,0.6399999856948853
45,5,153,0.42129606008529663,0.6010598540306091,0.4235106408596039,0.6010598540306091,0.8428571224212646,0.6399999856948853
45,5,154,0.41942310333251953,0.6007694005966187,0.4216485917568207,0.6007694005966187,0.8428571224212646,0.6399999856948853
45,5,155,0.4175618886947632,0.6004492044448853,0.4197886288166046,0.6004492044448853,0.8428571224212646,0.6399999856948853
45,5,156,0.415707528591156,0.6000851392745972,0.41793981194496155,0.6000851392745972,0.8428571224212646,0.6399999856948853
45,5,157,0.41386187076568604,0.5997028350830078,0.416032075881958,0.5997028350830078,0.8428571224212646,0.6399999856948853
45,5,158,0.4119873046875,0.5993776321411133,0.41408541798591614,0.5993776321411133,0.8428571224212646,0.6399999856948853
45,5,159,0.4101163446903229,0.5991142392158508,0.4122135043144226,0.5991142392158508,0.8428571224212646,0.6399999856948853
45,5,160,0.40826135873794556,0.5988372564315796,0.4103592336177826,0.5988372564315796,0.8428571224212646,0.6399999856948853
45,5,161,0.40639716386795044,0.5985426902770996,0.4084824025630951,0.5985426902770996,0.8428571224212646,0.6399999856948853
45,5,162,0.4045342803001404,0.5982263684272766,0.406532347202301,0.5982263684272766,0.8428571224212646,0.6399999856948853
45,5,163,0.4026489853858948,0.5979165434837341,0.40456274151802063,0.5979165434837341,0.8428571224212646,0.6399999856948853
45,5,164,0.40078186988830566,0.5976282358169556,0.4026147425174713,0.5976282358169556,0.8428571224212646,0.6399999856948853
45,5,165,0.398923397064209,0.5973219275474548,0.4007189869880676,0.5973219275474548,0.8428571224212646,0.6399999856948853
45,5,166,0.397066593170166,0.5969817638397217,0.39888012409210205,0.5969817638397217,0.8428571224212646,0.6399999856948853
45,5,167,0.3952179253101349,0.5966199636459351,0.3970452845096588,0.5966199636459351,0.8428571224212646,0.6399999856948853
45,5,168,0.39336714148521423,0.5962824821472168,0.39517703652381897,0.5962824821472168,0.8428571224212646,0.6399999856948853
45,5,169,0.3915133476257324,0.5959979891777039,0.3932836949825287,0.5959979891777039,0.8500000238418579,0.6399999856948853
45,5,170,0.38965845108032227,0.5956590175628662,0.3913731276988983,0.5956590175628662,0.8500000238418579,0.6399999856948853
45,5,171,0.38778793811798096,0.5953149199485779,0.3894878923892975,0.5953149199485779,0.8571428656578064,0.6399999856948853
45,5,172,0.3859315514564514,0.5949707627296448,0.3876364231109619,0.5949707627296448,0.8571428656578064,0.6399999856948853
45,5,173,0.384078711271286,0.5946827530860901,0.3857392966747284,0.5946827530860901,0.8571428656578064,0.6399999856948853
45,5,174,0.38221848011016846,0.5944327712059021,0.3838149309158325,0.5944327712059021,0.8571428656578064,0.6399999856948853
45,5,175,0.3803577721118927,0.5942423939704895,0.3819066882133484,0.5942423939704895,0.8571428656578064,0.6399999856948853
45,5,176,0.37849029898643494,0.5940834879875183,0.38003411889076233,0.5940834879875183,0.8571428656578064,0.6399999856948853
45,5,177,0.37662550806999207,0.5938953161239624,0.3781954050064087,0.5938953161239624,0.8571428656578064,0.6399999856948853
45,5,178,0.3747653067111969,0.593669593334198,0.3762894570827484,0.593669593334198,0.8571428656578064,0.6399999856948853
45,5,179,0.3729100227355957,0.5934391617774963,0.3743561804294586,0.5934391617774963,0.8642857074737549,0.6399999856948853
45,5,180,0.37103796005249023,0.5932483077049255,0.37241601943969727,0.5932483077049255,0.8714285492897034,0.6399999856948853
45,5,181,0.3691738545894623,0.5931207537651062,0.37051716446876526,0.5931207537651062,0.8714285492897034,0.6399999856948853
45,5,182,0.3673285245895386,0.5929549932479858,0.36861947178840637,0.5929549932479858,0.8714285492897034,0.6399999856948853
45,5,183,0.3654499351978302,0.5927711725234985,0.36666038632392883,0.5927711725234985,0.8857142925262451,0.6399999856948853
45,5,184,0.3635690212249756,0.592546820640564,0.3647368550300598,0.592546820640564,0.8857142925262451,0.6399999856948853
45,5,185,0.3616824150085449,0.5922934412956238,0.36284032464027405,0.5922934412956238,0.8785714507102966,0.6399999856948853
45,5,186,0.35980501770973206,0.591997504234314,0.3609718382358551,0.591997504234314,0.8785714507102966,0.6399999856948853
45,5,187,0.35792896151542664,0.5917205214500427,0.35912376642227173,0.5917205214500427,0.8857142925262451,0.6399999856948853
45,5,188,0.3560574948787689,0.5914701819419861,0.3572564125061035,0.5914701819419861,0.8857142925262451,0.6399999856948853
45,5,189,0.3541971743106842,0.5912555456161499,0.35537484288215637,0.5912555456161499,0.8857142925262451,0.6399999856948853
45,5,190,0.3523464500904083,0.5910964012145996,0.3534778952598572,0.5910964012145996,0.8857142925262451,0.6399999856948853
45,5,191,0.3504827320575714,0.5909476280212402,0.35152480006217957,0.5909476280212402,0.8857142925262451,0.6399999856948853
45,5,192,0.34860724210739136,0.5907552242279053,0.34959957003593445,0.5907552242279053,0.8857142925262451,0.6399999856948853
45,5,193,0.3467293083667755,0.5905991196632385,0.3477528989315033,0.5905991196632385,0.8785714507102966,0.6399999856948853
45,5,194,0.34486228227615356,0.5904572010040283,0.34594452381134033,0.5904572010040283,0.8857142925262451,0.6399999856948853
45,5,195,0.3429983854293823,0.5902664065361023,0.3440599739551544,0.5902664065361023,0.8857142925262451,0.6399999856948853
45,5,196,0.34110698103904724,0.5900683999061584,0.34211504459381104,0.5900683999061584,0.8928571343421936,0.6399999856948853
45,5,197,0.3392146825790405,0.5899316668510437,0.3401792049407959,0.5899316668510437,0.8928571343421936,0.6399999856948853
45,5,198,0.3373265266418457,0.5898250937461853,0.3382686376571655,0.5898250937461853,0.8928571343421936,0.6399999856948853
45,5,199,0.33544838428497314,0.5897254347801208,0.33637017011642456,0.5897254347801208,0.8928571343421936,0.6399999856948853
45,5,200,0.33356258273124695,0.5896304845809937,0.334475040435791,0.5896304845809937,0.8928571343421936,0.6399999856948853
45,5,201,0.3316745460033417,0.589515209197998,0.33256658911705017,0.589515209197998,0.8928571343421936,0.6399999856948853
45,5,202,0.32976916432380676,0.5893536806106567,0.3306737542152405,0.5893536806106567,0.8928571343421936,0.6399999856948853
45,5,203,0.3278675973415375,0.5891788601875305,0.32877594232559204,0.5891788601875305,0.8928571343421936,0.6399999856948853
45,5,204,0.3259621262550354,0.5889739394187927,0.3268517851829529,0.5889739394187927,0.8928571343421936,0.6399999856948853
45,5,205,0.3240470886230469,0.5887907147407532,0.3248872756958008,0.5887907147407532,0.8928571343421936,0.6399999856948853
45,5,206,0.3221255838871002,0.5886117815971375,0.32290878891944885,0.5886117815971375,0.8857142925262451,0.6399999856948853
45,5,207,0.32020482420921326,0.5884314179420471,0.3209976255893707,0.5884314179420471,0.8857142925262451,0.6399999856948853
45,5,208,0.3183089792728424,0.5882481336593628,0.3191449046134949,0.5882481336593628,0.8928571343421936,0.6399999856948853
45,5,209,0.31642699241638184,0.5880736708641052,0.31722602248191833,0.5880736708641052,0.8928571343421936,0.6399999856948853
45,5,210,0.314510703086853,0.587912380695343,0.3152186870574951,0.587912380695343,0.8928571343421936,0.6399999856948853
45,5,211,0.31258702278137207,0.5877800583839417,0.3132669925689697,0.5877800583839417,0.8999999761581421,0.6399999856948853
45,5,212,0.31067895889282227,0.5876882076263428,0.31138119101524353,0.5876882076263428,0.8999999761581421,0.6399999856948853
45,5,213,0.3087869882583618,0.5876258611679077,0.30952489376068115,0.5876258611679077,0.9071428775787354,0.6399999856948853
45,5,214,0.3069078028202057,0.5875421762466431,0.30761900544166565,0.5875421762466431,0.9071428775787354,0.6800000071525574
45,5,215,0.30501589179039,0.5874305963516235,0.3056567311286926,0.5874305963516235,0.9071428775787354,0.6800000071525574
45,5,216,0.30311352014541626,0.5872993469238281,0.3037835657596588,0.5872993469238281,0.9071428775787354,0.6800000071525574
45,5,217,0.3012290596961975,0.5872025489807129,0.30189308524131775,0.5872025489807129,0.9142857193946838,0.6800000071525574
45,5,218,0.29932862520217896,0.5871427059173584,0.299981951713562,0.5871427059173584,0.9142857193946838,0.6800000071525574
45,5,219,0.29743099212646484,0.5871250629425049,0.2980678975582123,0.5871250629425049,0.9142857193946838,0.6800000071525574
45,5,220,0.29553937911987305,0.5871427059173584,0.2961341440677643,0.5871427059173584,0.9142857193946838,0.6800000071525574
45,5,221,0.2936375141143799,0.5871738195419312,0.2941684424877167,0.5871738195419312,0.9142857193946838,0.6800000071525574
45,5,222,0.2917362153530121,0.587226927280426,0.29224079847335815,0.587226927280426,0.9142857193946838,0.6800000071525574
45,5,223,0.2898389399051666,0.5873033404350281,0.2903628349304199,0.5873033404350281,0.9142857193946838,0.6800000071525574
45,5,224,0.28794875741004944,0.5873423218727112,0.2884822189807892,0.5873423218727112,0.9142857193946838,0.6800000071525574
45,5,225,0.2860267758369446,0.5873390436172485,0.2866143584251404,0.5873390436172485,0.9142857193946838,0.6800000071525574
45,5,226,0.28411003947257996,0.5873298048973083,0.2847464084625244,0.5873298048973083,0.9142857193946838,0.6800000071525574
45,5,227,0.28218013048171997,0.5873568058013916,0.2828267514705658,0.5873568058013916,0.9142857193946838,0.6800000071525574
45,5,228,0.2802468240261078,0.5873913764953613,0.28088846802711487,0.5873913764953613,0.9214285612106323,0.6800000071525574
45,5,229,0.27829310297966003,0.5874348282814026,0.27889877557754517,0.5874348282814026,0.9214285612106323,0.6800000071525574
45,5,230,0.2763347625732422,0.5874786972999573,0.27691641449928284,0.5874786972999573,0.9214285612106323,0.6800000071525574
45,5,231,0.274374783039093,0.5874821543693542,0.2749333083629608,0.5874821543693542,0.9214285612106323,0.6800000071525574
45,5,232,0.272402286529541,0.5874817967414856,0.2729509472846985,0.5874817967414856,0.9214285612106323,0.6800000071525574
45,5,233,0.27043357491493225,0.587512195110321,0.2709886133670807,0.587512195110321,0.9214285612106323,0.6800000071525574
45,5,234,0.26847219467163086,0.5875642895698547,0.2690417170524597,0.5875642895698547,0.9214285612106323,0.6800000071525574
45,5,235,0.26650846004486084,0.5876004695892334,0.26706403493881226,0.5876004695892334,0.9285714030265808,0.6800000071525574
45,5,236,0.2645418047904968,0.5876561999320984,0.2650679349899292,0.5876561999320984,0.9285714030265808,0.6800000071525574
45,5,237,0.2625879943370819,0.5877426862716675,0.26306387782096863,0.5877426862716675,0.9285714030265808,0.6800000071525574
45,5,238,0.2606249451637268,0.5878456234931946,0.2610425055027008,0.5878456234931946,0.9285714030265808,0.6800000071525574
45,5,239,0.2586723566055298,0.5879327654838562,0.25912532210350037,0.5879327654838562,0.9285714030265808,0.6800000071525574
45,5,240,0.2567365765571594,0.5880064964294434,0.2572464048862457,0.5880064964294434,0.9285714030265808,0.6800000071525574
45,5,241,0.25481143593788147,0.5880433320999146,0.2553199529647827,0.5880433320999146,0.9285714030265808,0.6800000071525574
45,5,242,0.2528842091560364,0.5880606174468994,0.25335514545440674,0.5880606174468994,0.9357143044471741,0.6800000071525574
45,5,243,0.2509535849094391,0.5880439281463623,0.2514244019985199,0.5880439281463623,0.9357143044471741,0.6399999856948853
45,5,244,0.24904994666576385,0.5879881978034973,0.2495313137769699,0.5879881978034973,0.9357143044471741,0.6399999856948853
46,5,1,0.690906286239624,0.6953718662261963,0.6917428970336914,0.6953718662261963,0.5142857432365417,0.47999998927116394
46,5,2,0.6897571086883545,0.6942211389541626,0.6904454231262207,0.6942211389541626,0.550000011920929,0.5199999809265137
46,5,3,0.6890261173248291,0.6929852366447449,0.6888461112976074,0.6929852366447449,0.5642856955528259,0.4399999976158142
46,5,4,0.6883772611618042,0.6918177008628845,0.6872994303703308,0.6918177008628845,0.5857142806053162,0.4399999976158142
46,5,5,0.6877826452255249,0.6907466053962708,0.6858546733856201,0.6907466053962708,0.6071428656578064,0.47999998927116394
46,5,6,0.6872053146362305,0.6898066997528076,0.6844903826713562,0.6898066997528076,0.6214285492897034,0.5199999809265137
46,5,7,0.6866286993026733,0.6889436841011047,0.6831827163696289,0.6889436841011047,0.6428571343421936,0.5199999809265137
46,5,8,0.6860511898994446,0.6881167888641357,0.681928277015686,0.6881167888641357,0.6285714507102966,0.5199999809265137
46,5,9,0.6854722499847412,0.6873403787612915,0.6807235479354858,0.6873403787612915,0.6285714507102966,0.5199999809265137
46,5,10,0.6848925948143005,0.6866010427474976,0.6795579195022583,0.6866010427474976,0.6428571343421936,0.5199999809265137
46,5,11,0.6843016743659973,0.6859186291694641,0.6784321665763855,0.6859186291694641,0.6499999761581421,0.5199999809265137
46,5,12,0.6836982369422913,0.6852974891662598,0.6773366928100586,0.6852974891662598,0.6499999761581421,0.5199999809265137
46,5,13,0.6830902695655823,0.6847461462020874,0.676288902759552,0.6847461462020874,0.6357142925262451,0.5600000023841858
46,5,14,0.6824764609336853,0.6842825412750244,0.6752845048904419,0.6842825412750244,0.6357142925262451,0.5600000023841858
46,5,15,0.6818490028381348,0.6839175224304199,0.6743177771568298,0.6839175224304199,0.6214285492897034,0.5600000023841858
46,5,16,0.6812110543251038,0.6835675835609436,0.6733848452568054,0.6835675835609436,0.6214285492897034,0.5600000023841858
46,5,17,0.6805636882781982,0.6832407116889954,0.6724607348442078,0.6832407116889954,0.6285714507102966,0.5600000023841858
46,5,18,0.6798914074897766,0.6829235553741455,0.6715357899665833,0.6829235553741455,0.6214285492897034,0.5600000023841858
46,5,19,0.6791963577270508,0.6826218962669373,0.6706154942512512,0.6826218962669373,0.6142857074737549,0.5600000023841858
46,5,20,0.6784811019897461,0.6823307871818542,0.6697071194648743,0.6823307871818542,0.6285714507102966,0.6000000238418579
46,5,21,0.6777434349060059,0.6820777654647827,0.6688070893287659,0.6820777654647827,0.6357142925262451,0.6000000238418579
46,5,22,0.6769737601280212,0.6818482279777527,0.6679150462150574,0.6818482279777527,0.6499999761581421,0.6000000238418579
46,5,23,0.6761825084686279,0.6815945506095886,0.6670241951942444,0.6815945506095886,0.6499999761581421,0.6000000238418579
46,5,24,0.6753884553909302,0.6812717318534851,0.6661123633384705,0.6812717318534851,0.6571428775787354,0.6000000238418579
46,5,25,0.6745966076850891,0.6809532642364502,0.6651743650436401,0.6809532642364502,0.6571428775787354,0.6000000238418579
46,5,26,0.6738172173500061,0.6806118488311768,0.6642343997955322,0.6806118488311768,0.6642857193946838,0.6399999856948853
46,5,27,0.6730319261550903,0.6802423596382141,0.663276731967926,0.6802423596382141,0.6642857193946838,0.6399999856948853
46,5,28,0.6722294688224792,0.6799024939537048,0.6623124480247498,0.6799024939537048,0.6571428775787354,0.6399999856948853
46,5,29,0.6714158058166504,0.6795924305915833,0.6613537073135376,0.6795924305915833,0.6642857193946838,0.6000000238418579
46,5,30,0.6705946922302246,0.6792959570884705,0.6603927612304688,0.6792959570884705,0.6642857193946838,0.6000000238418579
46,5,31,0.6697523593902588,0.6790251135826111,0.6594244837760925,0.6790251135826111,0.6714285612106323,0.6000000238418579
46,5,32,0.6688847541809082,0.6787760257720947,0.6584543585777283,0.6787760257720947,0.6714285612106323,0.6000000238418579
46,5,33,0.6680037975311279,0.6785526275634766,0.6574909687042236,0.6785526275634766,0.6714285612106323,0.6000000238418579
46,5,34,0.6671032905578613,0.6783387064933777,0.6565017700195312,0.6783387064933777,0.6785714030265808,0.6000000238418579
46,5,35,0.6661911606788635,0.6781439781188965,0.6554880142211914,0.6781439781188965,0.6928571462631226,0.6000000238418579
46,5,36,0.6652596592903137,0.6779908537864685,0.6544536352157593,0.6779908537864685,0.699999988079071,0.6000000238418579
46,5,37,0.6642857193946838,0.6779090166091919,0.6533960103988647,0.6779090166091919,0.7071428298950195,0.6000000238418579
46,5,38,0.6632910370826721,0.6779248714447021,0.6523336172103882,0.6779248714447021,0.7071428298950195,0.6000000238418579
46,5,39,0.6622713804244995,0.6779977679252625,0.6512802243232727,0.6779977679252625,0.7071428298950195,0.6000000238418579
46,5,40,0.6612071394920349,0.6780981421470642,0.6502192616462708,0.6780981421470642,0.7142857313156128,0.6000000238418579
46,5,41,0.6601042747497559,0.6781901717185974,0.6491096019744873,0.6781901717185974,0.699999988079071,0.6000000238418579
46,5,42,0.6589717268943787,0.6782832145690918,0.6479663252830505,0.6782832145690918,0.699999988079071,0.6000000238418579
46,5,43,0.6578340530395508,0.678455650806427,0.6468426585197449,0.678455650806427,0.6928571462631226,0.6000000238418579
46,5,44,0.6566839218139648,0.6786108613014221,0.6457133293151855,0.6786108613014221,0.7071428298950195,0.5600000023841858
46,5,45,0.6555150747299194,0.6788114905357361,0.6445756554603577,0.6788114905357361,0.7071428298950195,0.5600000023841858
46,5,46,0.6543347835540771,0.6790145635604858,0.6434301733970642,0.6790145635604858,0.7142857313156128,0.5600000023841858
46,5,47,0.6531699895858765,0.6792115569114685,0.6422924995422363,0.6792115569114685,0.7142857313156128,0.5600000023841858
46,5,48,0.6519923210144043,0.6794286966323853,0.641147792339325,0.6794286966323853,0.7142857313156128,0.5600000023841858
46,5,49,0.650793194770813,0.679655134677887,0.6399865746498108,0.679655134677887,0.7285714149475098,0.6000000238418579
46,5,50,0.6495911478996277,0.6798722743988037,0.6388165950775146,0.6798722743988037,0.7285714149475098,0.6399999856948853
46,5,51,0.6483984589576721,0.6800628900527954,0.6376100182533264,0.6800628900527954,0.7214285731315613,0.6399999856948853
46,5,52,0.6472139358520508,0.6802579760551453,0.6363887190818787,0.6802579760551453,0.7214285731315613,0.6399999856948853
46,5,53,0.6460176706314087,0.6804891228675842,0.635175347328186,0.6804891228675842,0.7214285731315613,0.6399999856948853
46,5,54,0.6447848677635193,0.6807199716567993,0.6339451670646667,0.6807199716567993,0.7142857313156128,0.6399999856948853
46,5,55,0.64352947473526,0.6810117363929749,0.632671594619751,0.6810117363929749,0.7142857313156128,0.6399999856948853
46,5,56,0.642234742641449,0.681376039981842,0.6314062476158142,0.681376039981842,0.7142857313156128,0.6399999856948853
46,5,57,0.6408706307411194,0.6817941069602966,0.6301450729370117,0.6817941069602966,0.7071428298950195,0.6399999856948853
46,5,58,0.6394607424736023,0.6822448968887329,0.6288400888442993,0.6822448968887329,0.699999988079071,0.6399999856948853
46,5,59,0.6380406022071838,0.6826714277267456,0.6274792551994324,0.6826714277267456,0.699999988079071,0.6399999856948853
46,5,60,0.6366313099861145,0.6831375360488892,0.6261261701583862,0.6831375360488892,0.6928571462631226,0.6399999856948853
46,5,61,0.6351897716522217,0.6836351752281189,0.6247864365577698,0.6836351752281189,0.699999988079071,0.6399999856948853
46,5,62,0.6337661743164062,0.6841392517089844,0.6234883666038513,0.6841392517089844,0.699999988079071,0.6399999856948853
47,5,1,0.6911904215812683,0.6992364525794983,0.693274736404419,0.6992364525794983,0.4928571283817291,0.4000000059604645
47,5,2,0.6899298429489136,0.6991678476333618,0.6921538710594177,0.6991678476333618,0.5285714268684387,0.4000000059604645
47,5,3,0.6889888048171997,0.6991928815841675,0.6915655136108398,0.6991928815841675,0.5357142686843872,0.4000000059604645
47,5,4,0.6880943775177002,0.6992372870445251,0.6910668611526489,0.6992372870445251,0.5285714268684387,0.4000000059604645
47,5,5,0.6872459650039673,0.6992613077163696,0.6906061172485352,0.6992613077163696,0.5428571701049805,0.4000000059604645
47,5,6,0.6864137649536133,0.6992691159248352,0.6901174783706665,0.6992691159248352,0.550000011920929,0.4000000059604645
47,5,7,0.6855782270431519,0.6992806792259216,0.6895896196365356,0.6992806792259216,0.5571428537368774,0.4000000059604645
47,5,8,0.684733510017395,0.6991961598396301,0.6890130639076233,0.6991961598396301,0.550000011920929,0.4000000059604645
47,5,9,0.6838991045951843,0.6990675926208496,0.6884053349494934,0.6990675926208496,0.550000011920929,0.4000000059604645
47,5,10,0.6830721497535706,0.6989114880561829,0.6877686381340027,0.6989114880561829,0.5642856955528259,0.4000000059604645
47,5,11,0.682237446308136,0.698719322681427,0.6870889663696289,0.698719322681427,0.5571428537368774,0.4399999976158142
47,5,12,0.6813841462135315,0.6985046863555908,0.6863650679588318,0.6985046863555908,0.5428571701049805,0.4399999976158142
47,5,13,0.6805149912834167,0.6983257532119751,0.6856171488761902,0.6983257532119751,0.550000011920929,0.4399999976158142
47,5,14,0.6796445846557617,0.6981860399246216,0.6848804950714111,0.6981860399246216,0.5642856955528259,0.4399999976158142
47,5,15,0.6787659525871277,0.698041558265686,0.6841531991958618,0.698041558265686,0.5857142806053162,0.4399999976158142
47,5,16,0.6778925061225891,0.6979408264160156,0.6834375262260437,0.6979408264160156,0.5928571224212646,0.4399999976158142
47,5,17,0.6770365834236145,0.6978750824928284,0.6827610731124878,0.6978750824928284,0.6071428656578064,0.4399999976158142
47,5,18,0.6761883497238159,0.6978232860565186,0.6821123957633972,0.6978232860565186,0.6071428656578064,0.47999998927116394
47,5,19,0.6753376722335815,0.6977611780166626,0.6814729571342468,0.6977611780166626,0.6000000238418579,0.47999998927116394
47,5,20,0.6744802594184875,0.6976884603500366,0.6808266639709473,0.6976884603500366,0.5928571224212646,0.47999998927116394
47,5,21,0.673614501953125,0.6975851655006409,0.6801549792289734,0.6975851655006409,0.5785714387893677,0.47999998927116394
47,5,22,0.6727408170700073,0.6974376440048218,0.6794368028640747,0.6974376440048218,0.5857142806053162,0.47999998927116394
47,5,23,0.6718519926071167,0.6972708106040955,0.6786591410636902,0.6972708106040955,0.6071428656578064,0.47999998927116394
47,5,24,0.6709526777267456,0.6971082091331482,0.6778492331504822,0.6971082091331482,0.6000000238418579,0.5600000023841858
47,5,25,0.6700482368469238,0.6969276666641235,0.677021324634552,0.6969276666641235,0.6071428656578064,0.5600000023841858
47,5,26,0.6691333055496216,0.6967083215713501,0.6761499643325806,0.6967083215713501,0.6142857074737549,0.5600000023841858
47,5,27,0.6682063341140747,0.6965136528015137,0.6752574443817139,0.6965136528015137,0.6285714507102966,0.5600000023841858
47,5,28,0.6672621965408325,0.6963683366775513,0.6743646860122681,0.6963683366775513,0.6357142925262451,0.5600000023841858
47,5,29,0.6663060784339905,0.6962011456489563,0.673468828201294,0.6962011456489563,0.6357142925262451,0.5600000023841858
47,5,30,0.6653359532356262,0.6960034966468811,0.6725419163703918,0.6960034966468811,0.6428571343421936,0.5600000023841858
47,5,31,0.6643418669700623,0.6958170533180237,0.671579122543335,0.6958170533180237,0.6499999761581421,0.5600000023841858
47,5,32,0.6633336544036865,0.6956391334533691,0.6705999374389648,0.6956391334533691,0.6571428775787354,0.5199999809265137
47,5,33,0.6623144149780273,0.6954734921455383,0.6696091890335083,0.6954734921455383,0.6571428775787354,0.5600000023841858
47,5,34,0.6612865924835205,0.6953176259994507,0.6686219573020935,0.6953176259994507,0.6571428775787354,0.5600000023841858
47,5,35,0.6602465510368347,0.6951396465301514,0.6676258444786072,0.6951396465301514,0.6499999761581421,0.5600000023841858
47,5,36,0.6591849327087402,0.6950092911720276,0.6666040420532227,0.6950092911720276,0.6499999761581421,0.5600000023841858
47,5,37,0.6581100225448608,0.6949285268783569,0.6655874252319336,0.6949285268783569,0.6499999761581421,0.5600000023841858
47,5,38,0.6570218205451965,0.694884181022644,0.6645875573158264,0.694884181022644,0.6571428775787354,0.5600000023841858
47,5,39,0.6559228301048279,0.6948395371437073,0.6635977625846863,0.6948395371437073,0.6571428775787354,0.5600000023841858
47,5,40,0.6548058390617371,0.6948072910308838,0.6625911593437195,0.6948072910308838,0.6571428775787354,0.5600000023841858
47,5,41,0.6536787152290344,0.6948245763778687,0.6615679264068604,0.6948245763778687,0.6499999761581421,0.5600000023841858
47,5,42,0.6525377631187439,0.6948217153549194,0.6605212688446045,0.6948217153549194,0.6499999761581421,0.5600000023841858
47,5,43,0.6513742804527283,0.6947596073150635,0.659415066242218,0.6947596073150635,0.6499999761581421,0.5199999809265137
47,5,44,0.6501876711845398,0.6946877837181091,0.6582557559013367,0.6946877837181091,0.6571428775787354,0.5199999809265137
47,5,45,0.6489852070808411,0.6945841312408447,0.6570548415184021,0.6945841312408447,0.6571428775787354,0.5199999809265137
47,5,46,0.6477584838867188,0.6944445967674255,0.6558024287223816,0.6944445967674255,0.6571428775787354,0.47999998927116394
47,5,47,0.6465064883232117,0.6942961812019348,0.6544974446296692,0.6942961812019348,0.6571428775787354,0.47999998927116394
47,5,48,0.6452277302742004,0.6941498517990112,0.6531540155410767,0.6941498517990112,0.6642857193946838,0.47999998927116394
47,5,49,0.6439377665519714,0.6939978003501892,0.6518014073371887,0.6939978003501892,0.6714285612106323,0.47999998927116394
47,5,50,0.6426327228546143,0.6938338279724121,0.6504282355308533,0.6938338279724121,0.6785714030265808,0.47999998927116394
47,5,51,0.6413183212280273,0.6936814188957214,0.6490370631217957,0.6936814188957214,0.6857143044471741,0.47999998927116394
47,5,52,0.6399800181388855,0.6935413479804993,0.6475985646247864,0.6935413479804993,0.6928571462631226,0.47999998927116394
47,5,53,0.6386073231697083,0.6933923363685608,0.6461095213890076,0.6933923363685608,0.6928571462631226,0.47999998927116394
47,5,54,0.6372056007385254,0.6932228207588196,0.6445696949958801,0.6932228207588196,0.6928571462631226,0.47999998927116394
47,5,55,0.6357558965682983,0.6930486559867859,0.6429653167724609,0.6930486559867859,0.6928571462631226,0.47999998927116394
47,5,56,0.6342762112617493,0.6928718090057373,0.6413256525993347,0.6928718090057373,0.7071428298950195,0.47999998927116394
47,5,57,0.6327763199806213,0.6927545070648193,0.6396848559379578,0.6927545070648193,0.7142857313156128,0.47999998927116394
47,5,58,0.631255567073822,0.6926510334014893,0.6380523443222046,0.6926510334014893,0.7142857313156128,0.47999998927116394
47,5,59,0.6297089457511902,0.6925285458564758,0.6363660097122192,0.6925285458564758,0.7214285731315613,0.47999998927116394
47,5,60,0.6281233429908752,0.6923817992210388,0.6346189379692078,0.6923817992210388,0.7214285731315613,0.47999998927116394
47,5,61,0.6264848709106445,0.6922258138656616,0.6328182220458984,0.6922258138656616,0.7214285731315613,0.47999998927116394
47,5,62,0.6248074173927307,0.692028820514679,0.6309841275215149,0.692028820514679,0.7285714149475098,0.47999998927116394
47,5,63,0.623135507106781,0.6918575167655945,0.6291655898094177,0.6918575167655945,0.7285714149475098,0.47999998927116394
47,5,64,0.6214631199836731,0.6916621923446655,0.6273683905601501,0.6916621923446655,0.7285714149475098,0.5199999809265137
47,5,65,0.6197758913040161,0.691426694393158,0.6255275011062622,0.691426694393158,0.7285714149475098,0.5199999809265137
47,5,66,0.6180591583251953,0.6912190914154053,0.6236467957496643,0.6912190914154053,0.7285714149475098,0.5199999809265137
47,5,67,0.6163376569747925,0.6910700798034668,0.6217548251152039,0.6910700798034668,0.7285714149475098,0.5199999809265137
47,5,68,0.6145932078361511,0.6909837126731873,0.6198396682739258,0.6909837126731873,0.7285714149475098,0.5199999809265137
47,5,69,0.6128336191177368,0.6909781098365784,0.6179170608520508,0.6909781098365784,0.7428571581840515,0.5199999809265137
47,5,70,0.6110541820526123,0.6910625696182251,0.6160024404525757,0.6910625696182251,0.7357142567634583,0.5199999809265137
47,5,71,0.609257698059082,0.6912218332290649,0.6141073703765869,0.6912218332290649,0.7357142567634583,0.5199999809265137
47,5,72,0.6074572205543518,0.6914260983467102,0.6122305989265442,0.6914260983467102,0.7357142567634583,0.5199999809265137
47,5,73,0.6056529879570007,0.6916435956954956,0.6103887557983398,0.6916435956954956,0.7357142567634583,0.5199999809265137
47,5,74,0.603853702545166,0.6918808221817017,0.6085529923439026,0.6918808221817017,0.7357142567634583,0.5199999809265137
47,5,75,0.6020498275756836,0.6921426653862,0.6066967248916626,0.6921426653862,0.7357142567634583,0.5600000023841858
47,5,76,0.6002527475357056,0.6924370527267456,0.6048400402069092,0.6924370527267456,0.7357142567634583,0.6000000238418579
47,5,77,0.5984731912612915,0.6927649974822998,0.603028416633606,0.6927649974822998,0.7357142567634583,0.6000000238418579
47,5,78,0.5967146754264832,0.6930831670761108,0.6012740135192871,0.6930831670761108,0.7357142567634583,0.6000000238418579
47,5,79,0.5949752330780029,0.6933629512786865,0.599548876285553,0.6933629512786865,0.7357142567634583,0.6000000238418579
47,5,80,0.5932419896125793,0.6935508847236633,0.5977469682693481,0.6935508847236633,0.7357142567634583,0.6000000238418579
47,5,81,0.5914956331253052,0.6937073469161987,0.5958454012870789,0.6937073469161987,0.7357142567634583,0.6000000238418579
47,5,82,0.589751660823822,0.693880558013916,0.5939258933067322,0.693880558013916,0.7357142567634583,0.6000000238418579
47,5,83,0.587996780872345,0.6940386295318604,0.5920474529266357,0.6940386295318604,0.7428571581840515,0.6000000238418579
47,5,84,0.5862360000610352,0.6941580772399902,0.590175211429596,0.6941580772399902,0.75,0.6000000238418579
47,5,85,0.5844637751579285,0.6943345069885254,0.5883212685585022,0.6943345069885254,0.75,0.6000000238418579
47,5,86,0.5826921463012695,0.6944803595542908,0.5864651203155518,0.6944803595542908,0.75,0.6000000238418579
47,5,87,0.5809052586555481,0.6945776343345642,0.5845269560813904,0.6945776343345642,0.7571428418159485,0.6000000238418579
47,5,88,0.5791141986846924,0.6947212219238281,0.5825878977775574,0.6947212219238281,0.7571428418159485,0.6000000238418579
47,5,89,0.5773375034332275,0.6948941946029663,0.5806976556777954,0.6948941946029663,0.7571428418159485,0.6000000238418579
47,5,90,0.5755614638328552,0.6951479911804199,0.5788583755493164,0.6951479911804199,0.7642857432365417,0.6000000238418579
47,5,91,0.5738013386726379,0.6953418850898743,0.5770636796951294,0.6953418850898743,0.7642857432365417,0.6000000238418579
47,5,92,0.5720195770263672,0.6954394578933716,0.5751959085464478,0.6954394578933716,0.7642857432365417,0.6000000238418579
47,5,93,0.5702220797538757,0.6955323815345764,0.5733014941215515,0.6955323815345764,0.7571428418159485,0.6000000238418579
48,5,1,0.7065083384513855,0.6763050556182861,0.6809470653533936,0.6763050556182861,0.5928571224212646,0.6000000238418579
48,5,2,0.7034594416618347,0.6764485239982605,0.6798034906387329,0.6764485239982605,0.5928571224212646,0.6000000238418579
48,5,3,0.7009990215301514,0.6767337918281555,0.6796788573265076,0.6767337918281555,0.5928571224212646,0.6000000238418579
48,5,4,0.698899507522583,0.6771146655082703,0.6798050403594971,0.6771146655082703,0.5928571224212646,0.6000000238418579
48,5,5,0.6971034407615662,0.677442193031311,0.6800459623336792,0.677442193031311,0.5928571224212646,0.6000000238418579
48,5,6,0.6955235004425049,0.6777610182762146,0.6803064346313477,0.6777610182762146,0.5928571224212646,0.6000000238418579
48,5,7,0.6941287517547607,0.6780350208282471,0.680573046207428,0.6780350208282471,0.5928571224212646,0.6000000238418579
48,5,8,0.6928709149360657,0.6782806515693665,0.6808035969734192,0.6782806515693665,0.6000000238418579,0.6000000238418579
48,5,9,0.6917223334312439,0.6784937977790833,0.6809872388839722,0.6784937977790833,0.6142857074737549,0.6000000238418579
48,5,10,0.6906848549842834,0.6785751581192017,0.6811274290084839,0.6785751581192017,0.6357142925262451,0.5600000023841858
48,5,11,0.6896823644638062,0.6785744428634644,0.6811771988868713,0.6785744428634644,0.6285714507102966,0.5600000023841858
48,5,12,0.688752293586731,0.6784647107124329,0.681190550327301,0.6784647107124329,0.6214285492897034,0.6000000238418579
48,5,13,0.687920093536377,0.6782578229904175,0.6811639070510864,0.6782578229904175,0.6214285492897034,0.5600000023841858
48,5,14,0.6871282458305359,0.6779981851577759,0.6810605525970459,0.6779981851577759,0.6357142925262451,0.5600000023841858
48,5,15,0.6863557696342468,0.677665114402771,0.680889368057251,0.677665114402771,0.6428571343421936,0.5600000023841858
48,5,16,0.6855935454368591,0.6772956252098083,0.6806567907333374,0.6772956252098083,0.6357142925262451,0.6000000238418579
48,5,17,0.6848540306091309,0.6769000291824341,0.680384635925293,0.6769000291824341,0.6285714507102966,0.6399999856948853
48,5,18,0.6841294765472412,0.676465630531311,0.6800705194473267,0.676465630531311,0.6357142925262451,0.6399999856948853
48,5,19,0.6834044456481934,0.6760188937187195,0.6797019243240356,0.6760188937187195,0.6499999761581421,0.6399999856948853
48,5,20,0.6826798319816589,0.6755692362785339,0.6793075203895569,0.6755692362785339,0.6142857074737549,0.6399999856948853
48,5,21,0.681978166103363,0.6751270890235901,0.6789193153381348,0.6751270890235901,0.6142857074737549,0.6800000071525574
48,5,22,0.6812877058982849,0.6747056841850281,0.6785256266593933,0.6747056841850281,0.6071428656578064,0.6399999856948853
48,5,23,0.6806133389472961,0.6742761731147766,0.6781237721443176,0.6742761731147766,0.6285714507102966,0.6399999856948853
48,5,24,0.6799436807632446,0.6738193035125732,0.6776904463768005,0.6738193035125732,0.6428571343421936,0.6399999856948853
48,5,25,0.6792806386947632,0.6733185648918152,0.6772161722183228,0.6733185648918152,0.6357142925262451,0.6399999856948853
48,5,26,0.6786211729049683,0.6727918386459351,0.6766977310180664,0.6727918386459351,0.6285714507102966,0.6399999856948853
48,5,27,0.6779438853263855,0.6722639203071594,0.6761332750320435,0.6722639203071594,0.6285714507102966,0.6399999856948853
48,5,28,0.677265465259552,0.6716994643211365,0.6755446791648865,0.6716994643211365,0.6357142925262451,0.6399999856948853
48,5,29,0.6765822172164917,0.6710924506187439,0.6749057173728943,0.6710924506187439,0.6357142925262451,0.6399999856948853
48,5,30,0.675869345664978,0.6704510450363159,0.6742163896560669,0.6704510450363159,0.6428571343421936,0.6399999856948853
48,5,31,0.6751438975334167,0.6697774529457092,0.6735195517539978,0.6697774529457092,0.6499999761581421,0.6399999856948853
48,5,32,0.6744110584259033,0.6691046357154846,0.6728059649467468,0.6691046357154846,0.6499999761581421,0.6399999856948853
48,5,33,0.6736677289009094,0.6684243679046631,0.6720733046531677,0.6684243679046631,0.6428571343421936,0.6399999856948853
48,5,34,0.6729149222373962,0.6677137017250061,0.67131507396698,0.6677137017250061,0.6428571343421936,0.6399999856948853
48,5,35,0.6721466183662415,0.6669712066650391,0.6705427169799805,0.6669712066650391,0.6357142925262451,0.6399999856948853
48,5,36,0.6713730692863464,0.6662355065345764,0.6697667241096497,0.6662355065345764,0.6428571343421936,0.6399999856948853
48,5,37,0.6705784797668457,0.6655202507972717,0.6689837574958801,0.6655202507972717,0.6428571343421936,0.6399999856948853
48,5,38,0.6697759628295898,0.6647878885269165,0.6681820750236511,0.6647878885269165,0.6285714507102966,0.6399999856948853
48,5,39,0.668959379196167,0.6640466451644897,0.6673520803451538,0.6640466451644897,0.6285714507102966,0.6399999856948853
48,5,40,0.6681300401687622,0.6633123755455017,0.6665058135986328,0.6633123755455017,0.6428571343421936,0.6399999856948853
48,5,41,0.6672957539558411,0.6625611782073975,0.6656600832939148,0.6625611782073975,0.6428571343421936,0.6399999856948853
48,5,42,0.6664438247680664,0.6618001461029053,0.6647747755050659,0.6618001461029053,0.6428571343421936,0.6399999856948853
48,5,43,0.6655804514884949,0.6610420346260071,0.6638604402542114,0.6610420346260071,0.6428571343421936,0.6399999856948853
48,5,44,0.6647186875343323,0.6602930426597595,0.6629248261451721,0.6602930426597595,0.6357142925262451,0.6399999856948853
48,5,45,0.6638255715370178,0.6595699191093445,0.6619748473167419,0.6595699191093445,0.6428571343421936,0.6399999856948853
48,5,46,0.6629303693771362,0.6588336229324341,0.661036491394043,0.6588336229324341,0.6428571343421936,0.6399999856948853
48,5,47,0.6620143055915833,0.6581336259841919,0.6600853204727173,0.6581336259841919,0.6499999761581421,0.6800000071525574
48,5,48,0.6610908508300781,0.657448947429657,0.6591317057609558,0.657448947429657,0.6499999761581421,0.6800000071525574
48,5,49,0.6601675748825073,0.6567786931991577,0.6581670045852661,0.6567786931991577,0.6499999761581421,0.6800000071525574
48,5,50,0.6592238545417786,0.6561493873596191,0.6571881771087646,0.6561493873596191,0.6571428775787354,0.6800000071525574
48,5,51,0.6582595109939575,0.6555169820785522,0.6562432646751404,0.6555169820785522,0.6571428775787354,0.6800000071525574
48,5,52,0.6572876572608948,0.6548784375190735,0.6553179025650024,0.6548784375190735,0.6571428775787354,0.6800000071525574
48,5,53,0.6562808752059937,0.6542508006095886,0.6543843746185303,0.6542508006095886,0.6571428775787354,0.6800000071525574
48,5,54,0.6552882194519043,0.6535428762435913,0.6534444093704224,0.6535428762435913,0.6571428775787354,0.6800000071525574
48,5,55,0.654292643070221,0.6527484059333801,0.6524328589439392,0.6527484059333801,0.6642857193946838,0.6800000071525574
48,5,56,0.6532822847366333,0.6518754363059998,0.6513592004776001,0.6518754363059998,0.6642857193946838,0.6800000071525574
48,5,57,0.6522620916366577,0.6509687304496765,0.6502336263656616,0.6509687304496765,0.6642857193946838,0.6800000071525574
48,5,58,0.6512163877487183,0.6500512957572937,0.6490514278411865,0.6500512957572937,0.6571428775787354,0.6800000071525574
48,5,59,0.6501624584197998,0.6490979790687561,0.6478418707847595,0.6490979790687561,0.6571428775787354,0.6800000071525574
48,5,60,0.6490901112556458,0.6481289863586426,0.6465812921524048,0.6481289863586426,0.6714285612106323,0.6800000071525574
48,5,61,0.6480071544647217,0.6471682190895081,0.6452845931053162,0.6471682190895081,0.6785714030265808,0.6800000071525574
48,5,62,0.6468820571899414,0.6462323069572449,0.6439903378486633,0.6462323069572449,0.6785714030265808,0.6800000071525574
48,5,63,0.6457405686378479,0.6453282237052917,0.6427239179611206,0.6453282237052917,0.6785714030265808,0.6800000071525574
48,5,64,0.644588053226471,0.644473135471344,0.6414573788642883,0.644473135471344,0.6785714030265808,0.6800000071525574
48,5,65,0.6434252262115479,0.6436452269554138,0.6401940584182739,0.6436452269554138,0.6785714030265808,0.6800000071525574
48,5,66,0.6422362327575684,0.6428547501564026,0.6389233469963074,0.6428547501564026,0.6714285612106323,0.6800000071525574
48,5,67,0.6410220265388489,0.6420653462409973,0.6376444101333618,0.6420653462409973,0.6714285612106323,0.6800000071525574
48,5,68,0.63978111743927,0.6413078904151917,0.6363327503204346,0.6413078904151917,0.6714285612106323,0.6800000071525574
48,5,69,0.6385098695755005,0.6404897570610046,0.6349703669548035,0.6404897570610046,0.6714285612106323,0.6800000071525574
48,5,70,0.637211263179779,0.6396347284317017,0.6335485577583313,0.6396347284317017,0.6714285612106323,0.6399999856948853
48,5,71,0.6359096169471741,0.63880854845047,0.6320902705192566,0.63880854845047,0.6785714030265808,0.6399999856948853
48,5,72,0.6345755457878113,0.6380107402801514,0.6306089162826538,0.6380107402801514,0.6785714030265808,0.6399999856948853
48,5,73,0.6332171559333801,0.6372024416923523,0.6291351318359375,0.6372024416923523,0.6857143044471741,0.6399999856948853
48,5,74,0.6318492889404297,0.6363683342933655,0.627659797668457,0.6363683342933655,0.6785714030265808,0.6399999856948853
48,5,75,0.6304463148117065,0.6356023550033569,0.6261906027793884,0.6356023550033569,0.6785714030265808,0.6399999856948853
48,5,76,0.6290210485458374,0.6349122524261475,0.624765932559967,0.6349122524261475,0.6785714030265808,0.6399999856948853
48,5,77,0.6275888085365295,0.6342577934265137,0.6233609914779663,0.6342577934265137,0.6785714030265808,0.6399999856948853
48,5,78,0.6261614561080933,0.633578360080719,0.6219296455383301,0.633578360080719,0.6785714030265808,0.6399999856948853
48,5,79,0.6247420310974121,0.6329143643379211,0.6204291582107544,0.6329143643379211,0.6857143044471741,0.6399999856948853
48,5,80,0.6232938170433044,0.632269561290741,0.6188562512397766,0.632269561290741,0.6857143044471741,0.6399999856948853
48,5,81,0.6218410730361938,0.6316182017326355,0.6172571182250977,0.6316182017326355,0.699999988079071,0.6800000071525574
48,5,82,0.6203662753105164,0.6309965252876282,0.615654468536377,0.6309965252876282,0.6928571462631226,0.6800000071525574
48,5,83,0.6188654899597168,0.6304243803024292,0.6140977144241333,0.6304243803024292,0.6928571462631226,0.6800000071525574
48,5,84,0.6173598170280457,0.6298537254333496,0.6125710606575012,0.6298537254333496,0.6928571462631226,0.6800000071525574
48,5,85,0.6158404350280762,0.6292876601219177,0.6110137104988098,0.6292876601219177,0.6857143044471741,0.6800000071525574
48,5,86,0.6143187284469604,0.6287543773651123,0.6094415187835693,0.6287543773651123,0.6928571462631226,0.6800000071525574
48,5,87,0.6127867698669434,0.6282392144203186,0.60788893699646,0.6282392144203186,0.699999988079071,0.6800000071525574
48,5,88,0.6112522482872009,0.627665638923645,0.6063080430030823,0.627665638923645,0.7071428298950195,0.6800000071525574
48,5,89,0.6096921563148499,0.6270976662635803,0.6046361923217773,0.6270976662635803,0.7071428298950195,0.6800000071525574
48,5,90,0.6081152558326721,0.6265698075294495,0.6029050350189209,0.6265698075294495,0.7071428298950195,0.7200000286102295
48,5,91,0.6065136194229126,0.6260420680046082,0.6011657118797302,0.6260420680046082,0.7071428298950195,0.6800000071525574
48,5,92,0.6049232482910156,0.6255133152008057,0.5994453430175781,0.6255133152008057,0.7071428298950195,0.6800000071525574
48,5,93,0.6033181548118591,0.6250555515289307,0.5977312326431274,0.6250555515289307,0.7071428298950195,0.6800000071525574
48,5,94,0.6017242074012756,0.6246431469917297,0.5960183143615723,0.6246431469917297,0.7071428298950195,0.6800000071525574
48,5,95,0.6001138687133789,0.6242915987968445,0.5943161249160767,0.6242915987968445,0.7071428298950195,0.6800000071525574
48,5,96,0.5984869599342346,0.6239967942237854,0.5926668047904968,0.6239967942237854,0.7071428298950195,0.6800000071525574
48,5,97,0.5968603491783142,0.6237589120864868,0.5910852551460266,0.6237589120864868,0.699999988079071,0.6800000071525574
48,5,98,0.5952678322792053,0.6235105395317078,0.5895652174949646,0.6235105395317078,0.699999988079071,0.6800000071525574
48,5,99,0.593684732913971,0.6233545541763306,0.5880073308944702,0.6233545541763306,0.699999988079071,0.6800000071525574
48,5,100,0.5920726656913757,0.6232967972755432,0.5864734053611755,0.6232967972755432,0.699999988079071,0.6800000071525574
48,5,101,0.5904699563980103,0.6232399940490723,0.5849618911743164,0.6232399940490723,0.7071428298950195,0.6800000071525574
48,5,102,0.588871419429779,0.6231727600097656,0.5834015011787415,0.6231727600097656,0.7071428298950195,0.6800000071525574
48,5,103,0.5872929096221924,0.6230680346488953,0.5818126201629639,0.6230680346488953,0.7214285731315613,0.6800000071525574
48,5,104,0.5857135057449341,0.6229261159896851,0.5801923871040344,0.6229261159896851,0.7285714149475098,0.6800000071525574
48,5,105,0.5841283202171326,0.6228217482566833,0.5785959959030151,0.6228217482566833,0.7285714149475098,0.6399999856948853
48,5,106,0.5825415849685669,0.6227663159370422,0.577049970626831,0.6227663159370422,0.7285714149475098,0.6399999856948853
48,5,107,0.5809675455093384,0.6227487921714783,0.5755158066749573,0.6227487921714783,0.7357142567634583,0.6399999856948853
48,5,108,0.5793789029121399,0.6228253841400146,0.5739874839782715,0.6228253841400146,0.7357142567634583,0.6399999856948853
48,5,109,0.577802836894989,0.6229699850082397,0.5725062489509583,0.6229699850082397,0.7428571581840515,0.6399999856948853
48,5,110,0.576217532157898,0.6231128573417664,0.5710335969924927,0.6231128573417664,0.7428571581840515,0.6399999856948853
48,5,111,0.5746560096740723,0.623175859451294,0.5695209503173828,0.623175859451294,0.7428571581840515,0.6399999856948853
48,5,112,0.573100745677948,0.6232394576072693,0.5679271817207336,0.6232394576072693,0.7428571581840515,0.6399999856948853
48,5,113,0.5715067386627197,0.623369574546814,0.5663561224937439,0.623369574546814,0.7428571581840515,0.6399999856948853
48,5,114,0.5699300765991211,0.6234654784202576,0.5648238658905029,0.6234654784202576,0.75,0.6399999856948853
48,5,115,0.5683552026748657,0.6235462427139282,0.5632509589195251,0.6235462427139282,0.7428571581840515,0.6399999856948853
48,5,116,0.566770613193512,0.6236652135848999,0.56165611743927,0.6236652135848999,0.7428571581840515,0.6399999856948853
48,5,117,0.5651707053184509,0.6237948536872864,0.5600807666778564,0.6237948536872864,0.7428571581840515,0.6399999856948853
48,5,118,0.5635774731636047,0.6239320635795593,0.5585141777992249,0.6239320635795593,0.7428571581840515,0.6399999856948853
48,5,119,0.5619654655456543,0.6240934729576111,0.5569347739219666,0.6240934729576111,0.7428571581840515,0.6399999856948853
48,5,120,0.56034255027771,0.6242730617523193,0.5553708672523499,0.6242730617523193,0.7428571581840515,0.6399999856948853
48,5,121,0.5587382912635803,0.6244927048683167,0.5538034439086914,0.6244927048683167,0.7428571581840515,0.6000000238418579
48,5,122,0.5571215748786926,0.624768078327179,0.5522115230560303,0.624768078327179,0.75,0.6000000238418579
48,5,123,0.5555118918418884,0.6250148415565491,0.5506120920181274,0.6250148415565491,0.75,0.6000000238418579
48,5,124,0.5539054870605469,0.6252195239067078,0.548983097076416,0.6252195239067078,0.75,0.6000000238418579
48,5,125,0.5522996783256531,0.6253981590270996,0.5473518371582031,0.6253981590270996,0.7571428418159485,0.6000000238418579
48,5,126,0.550685465335846,0.6256067156791687,0.5457025766372681,0.6256067156791687,0.7571428418159485,0.6000000238418579
48,5,127,0.5490598678588867,0.6258186101913452,0.544079065322876,0.6258186101913452,0.7571428418159485,0.6399999856948853
48,5,128,0.5474280714988708,0.6260695457458496,0.5424551963806152,0.6260695457458496,0.7571428418159485,0.6399999856948853
48,5,129,0.5457825660705566,0.6263323426246643,0.5408129692077637,0.6263323426246643,0.7571428418159485,0.6399999856948853
48,5,130,0.5441318154335022,0.6266285181045532,0.539161741733551,0.6266285181045532,0.7571428418159485,0.6399999856948853
48,5,131,0.5424711108207703,0.6269304156303406,0.5374912023544312,0.6269304156303406,0.7571428418159485,0.6399999856948853
48,5,132,0.5408015251159668,0.6272739171981812,0.5358318090438843,0.6272739171981812,0.7571428418159485,0.6399999856948853
49,5,1,0.6932274103164673,0.6906898617744446,0.6925032138824463,0.6906898617744446,0.5214285850524902,0.47999998927116394
49,5,2,0.6922997236251831,0.6903177499771118,0.6918738484382629,0.6903177499771118,0.5428571701049805,0.4399999976158142
49,5,3,0.6917832493782043,0.6898404955863953,0.6911789178848267,0.6898404955863953,0.5857142806053162,0.4399999976158142
49,5,4,0.6913313269615173,0.6893733143806458,0.6904876828193665,0.6893733143806458,0.5857142806053162,0.6000000238418579
49,5,5,0.6909074783325195,0.688901960849762,0.6898288130760193,0.688901960849762,0.5928571224212646,0.6000000238418579
49,5,6,0.6905006170272827,0.6884610652923584,0.6892012357711792,0.6884610652923584,0.6071428656578064,0.6000000238418579
49,5,7,0.6901063919067383,0.6880702376365662,0.688606321811676,0.6880702376365662,0.6214285492897034,0.6000000238418579
49,5,8,0.6897087693214417,0.6876738667488098,0.6880254745483398,0.6876738667488098,0.6357142925262451,0.6399999856948853
49,5,9,0.6893103718757629,0.6872923970222473,0.6874653697013855,0.6872923970222473,0.6499999761581421,0.6000000238418579
49,5,10,0.6889197826385498,0.6869365572929382,0.6869327425956726,0.6869365572929382,0.6357142925262451,0.6000000238418579
49,5,11,0.6885576248168945,0.6866326332092285,0.6864324808120728,0.6866326332092285,0.6428571343421936,0.6000000238418579
49,5,12,0.6881900429725647,0.6863512396812439,0.6859387159347534,0.6863512396812439,0.6714285612106323,0.6000000238418579
49,5,13,0.6878132224082947,0.6860785484313965,0.6854525208473206,0.6860785484313965,0.6642857193946838,0.6399999856948853
49,5,14,0.6874374151229858,0.685805082321167,0.6849791407585144,0.685805082321167,0.6642857193946838,0.6399999856948853
49,5,15,0.6870608925819397,0.6855406165122986,0.6845098733901978,0.6855406165122986,0.6642857193946838,0.6399999856948853
49,5,16,0.6866881251335144,0.6852692365646362,0.6840441823005676,0.6852692365646362,0.6642857193946838,0.6399999856948853
49,5,17,0.6863177418708801,0.684985876083374,0.6835799813270569,0.684985876083374,0.6642857193946838,0.6399999856948853
49,5,18,0.6859489679336548,0.6846996545791626,0.6831147074699402,0.6846996545791626,0.6714285612106323,0.6800000071525574
49,5,19,0.6855764985084534,0.6843892931938171,0.6826351881027222,0.6843892931938171,0.6785714030265808,0.6800000071525574
49,5,20,0.6851945519447327,0.6840785145759583,0.6821373105049133,0.6840785145759583,0.6928571462631226,0.6399999856948853
49,5,21,0.6847973465919495,0.6837841272354126,0.6816341280937195,0.6837841272354126,0.7071428298950195,0.6399999856948853
49,5,22,0.6843859553337097,0.6835344433784485,0.6811354160308838,0.6835344433784485,0.7071428298950195,0.6399999856948853
49,5,23,0.6839626431465149,0.6833052039146423,0.6806495785713196,0.6833052039146423,0.7071428298950195,0.6399999856948853
49,5,24,0.6835335493087769,0.6830670833587646,0.6801738142967224,0.6830670833587646,0.7142857313156128,0.6399999856948853
49,5,25,0.6831002235412598,0.6828126311302185,0.6796960830688477,0.6828126311302185,0.7142857313156128,0.6399999856948853
49,5,26,0.682659387588501,0.682574450969696,0.6792214512825012,0.682574450969696,0.7142857313156128,0.6800000071525574
49,5,27,0.6822106838226318,0.6823216080665588,0.6787399053573608,0.6823216080665588,0.7142857313156128,0.6800000071525574
49,5,28,0.6817535758018494,0.6820417046546936,0.6782445907592773,0.6820417046546936,0.7214285731315613,0.6800000071525574
49,5,29,0.6812727451324463,0.6817776560783386,0.6777418851852417,0.6817776560783386,0.7214285731315613,0.6800000071525574
49,5,30,0.6807631850242615,0.681529700756073,0.6772418022155762,0.681529700756073,0.7071428298950195,0.6800000071525574
49,5,31,0.6802382469177246,0.6812664866447449,0.676734983921051,0.6812664866447449,0.7071428298950195,0.6399999856948853
49,5,32,0.6797100901603699,0.6809799075126648,0.6762074828147888,0.6809799075126648,0.7071428298950195,0.6399999856948853
49,5,33,0.6791713237762451,0.6806632280349731,0.675649881362915,0.6806632280349731,0.699999988079071,0.6399999856948853
49,5,34,0.6786230802536011,0.6803341507911682,0.6750767827033997,0.6803341507911682,0.6928571462631226,0.6399999856948853
49,5,35,0.6780498027801514,0.6800130605697632,0.6744931936264038,0.6800130605697632,0.6928571462631226,0.6399999856948853
49,5,36,0.6774433255195618,0.6796671152114868,0.673884391784668,0.6796671152114868,0.7071428298950195,0.6399999856948853
49,5,37,0.6768262386322021,0.6793094873428345,0.6732485890388489,0.6793094873428345,0.7071428298950195,0.6000000238418579
49,5,38,0.6762043833732605,0.6789443492889404,0.6726047992706299,0.6789443492889404,0.699999988079071,0.6399999856948853
49,5,39,0.6755648255348206,0.6785765290260315,0.6719393134117126,0.6785765290260315,0.699999988079071,0.6399999856948853
49,5,40,0.6749048233032227,0.6782052516937256,0.6712536215782166,0.6782052516937256,0.6857143044471741,0.6399999856948853
49,5,41,0.6742246747016907,0.6778131723403931,0.670545756816864,0.6778131723403931,0.6857143044471741,0.6399999856948853
49,5,42,0.6735111474990845,0.6774128079414368,0.6698177456855774,0.6774128079414368,0.6857143044471741,0.6399999856948853
49,5,43,0.6727597117424011,0.6770257353782654,0.6690720915794373,0.6770257353782654,0.6857143044471741,0.6399999856948853
49,5,44,0.6719793081283569,0.6766453385353088,0.6682984828948975,0.6766453385353088,0.6928571462631226,0.6399999856948853
49,5,45,0.6711785197257996,0.6763138771057129,0.6674966216087341,0.6763138771057129,0.6928571462631226,0.6399999856948853
49,5,46,0.6703481674194336,0.6760023236274719,0.6666918992996216,0.6760023236274719,0.6857143044471741,0.6399999856948853
49,5,47,0.6694863438606262,0.6756365299224854,0.6658684611320496,0.6756365299224854,0.6857143044471741,0.6399999856948853
49,5,48,0.6685961484909058,0.6751936078071594,0.6649840474128723,0.6751936078071594,0.6785714030265808,0.6399999856948853
49,5,49,0.6676920056343079,0.674683690071106,0.664019763469696,0.674683690071106,0.6785714030265808,0.6399999856948853
49,5,50,0.6667670011520386,0.6741275787353516,0.663006603717804,0.6741275787353516,0.6785714030265808,0.6399999856948853
49,5,51,0.6658164858818054,0.6736030578613281,0.6619754433631897,0.6736030578613281,0.6857143044471741,0.6399999856948853
49,5,52,0.6648241281509399,0.6731442213058472,0.6609594225883484,0.6731442213058472,0.6857143044471741,0.6399999856948853
49,5,53,0.6637811660766602,0.6727336645126343,0.659975528717041,0.6727336645126343,0.6857143044471741,0.6399999856948853
49,5,54,0.6626893281936646,0.6722625494003296,0.658970296382904,0.6722625494003296,0.6928571462631226,0.6800000071525574
49,5,55,0.6615562438964844,0.6716970801353455,0.6578836441040039,0.6716970801353455,0.6928571462631226,0.6800000071525574
49,5,56,0.6604055762290955,0.6710970997810364,0.6567310094833374,0.6710970997810364,0.6928571462631226,0.7200000286102295
49,5,57,0.659231424331665,0.6704553365707397,0.6555193066596985,0.6704553365707397,0.699999988079071,0.6800000071525574
49,5,58,0.6580291986465454,0.6698671579360962,0.6542465090751648,0.6698671579360962,0.699999988079071,0.6800000071525574
49,5,59,0.6567886471748352,0.6693068742752075,0.6529963612556458,0.6693068742752075,0.699999988079071,0.6399999856948853
49,5,60,0.6554901599884033,0.6687050461769104,0.6517128944396973,0.6687050461769104,0.699999988079071,0.6800000071525574
49,5,61,0.6541616916656494,0.6680764555931091,0.6503967642784119,0.6680764555931091,0.699999988079071,0.6800000071525574
49,5,62,0.652799665927887,0.6674621105194092,0.6490601897239685,0.6674621105194092,0.7071428298950195,0.6800000071525574
49,5,63,0.6513980031013489,0.6668451428413391,0.6477303504943848,0.6668451428413391,0.7071428298950195,0.6800000071525574
49,5,64,0.6499626040458679,0.6661431789398193,0.6463425755500793,0.6661431789398193,0.7071428298950195,0.6800000071525574
49,5,65,0.648524284362793,0.6653901934623718,0.6448761820793152,0.6653901934623718,0.7071428298950195,0.6800000071525574
49,5,66,0.6470733284950256,0.6646339893341064,0.6433658003807068,0.6646339893341064,0.7142857313156128,0.6800000071525574
49,5,67,0.645582377910614,0.663880467414856,0.6418173909187317,0.663880467414856,0.7214285731315613,0.6399999856948853
49,5,68,0.6440712213516235,0.6631841063499451,0.6402353644371033,0.6631841063499451,0.7214285731315613,0.6399999856948853
49,5,69,0.6425095796585083,0.6625891923904419,0.6386896967887878,0.6625891923904419,0.7214285731315613,0.6399999856948853
49,5,70,0.640867292881012,0.6619929671287537,0.6371679902076721,0.6619929671287537,0.7285714149475098,0.6399999856948853
49,5,71,0.6391629576683044,0.6613134145736694,0.6356199979782104,0.6613134145736694,0.7214285731315613,0.6399999856948853
49,5,72,0.6374387741088867,0.6605224013328552,0.6339426040649414,0.6605224013328552,0.7214285731315613,0.6399999856948853
49,5,73,0.6357305645942688,0.6596508622169495,0.6321083903312683,0.6596508622169495,0.7214285731315613,0.6399999856948853
49,5,74,0.6340402364730835,0.6588320732116699,0.630188524723053,0.6588320732116699,0.7357142567634583,0.6399999856948853
49,5,75,0.6323454976081848,0.6581023335456848,0.6283148527145386,0.6581023335456848,0.7357142567634583,0.6399999856948853
49,5,76,0.630588710308075,0.657453179359436,0.6264996528625488,0.657453179359436,0.7357142567634583,0.6399999856948853
49,5,77,0.6287667155265808,0.6568477749824524,0.6247393488883972,0.6568477749824524,0.7357142567634583,0.6000000238418579
49,5,78,0.6269043684005737,0.6562069058418274,0.6229711771011353,0.6562069058418274,0.7357142567634583,0.6000000238418579
49,5,79,0.6250066757202148,0.6555473208427429,0.6211380958557129,0.6555473208427429,0.7285714149475098,0.6000000238418579
49,5,80,0.6230953335762024,0.6548360586166382,0.6192388534545898,0.6548360586166382,0.7285714149475098,0.6000000238418579
49,5,81,0.6211729049682617,0.6541003584861755,0.617296040058136,0.6541003584861755,0.7357142567634583,0.6000000238418579
49,5,82,0.6192158460617065,0.6533571481704712,0.6153294444084167,0.6533571481704712,0.7428571581840515,0.6000000238418579
49,5,83,0.6171916127204895,0.6525808572769165,0.6132929921150208,0.6525808572769165,0.7428571581840515,0.6000000238418579
49,5,84,0.6151255965232849,0.6517956256866455,0.6111934185028076,0.6517956256866455,0.7428571581840515,0.6399999856948853
49,5,85,0.6130058169364929,0.6509754061698914,0.6090453267097473,0.6509754061698914,0.7428571581840515,0.6399999856948853
49,5,86,0.6108247637748718,0.6501108407974243,0.6068351864814758,0.6501108407974243,0.7428571581840515,0.6399999856948853
49,5,87,0.6085934042930603,0.6491979956626892,0.6045361757278442,0.6491979956626892,0.7428571581840515,0.6399999856948853
49,5,88,0.6063013672828674,0.6481954455375671,0.6021324992179871,0.6481954455375671,0.7428571581840515,0.6399999856948853
49,5,89,0.6039335131645203,0.6472655534744263,0.5996835827827454,0.6472655534744263,0.7357142567634583,0.6399999856948853
49,5,90,0.6014590859413147,0.6464285254478455,0.5971527695655823,0.6464285254478455,0.7285714149475098,0.6399999856948853
49,5,91,0.5989245772361755,0.6455826759338379,0.594559371471405,0.6455826759338379,0.7285714149475098,0.6399999856948853
49,5,92,0.5962996482849121,0.6444528102874756,0.5918138027191162,0.6444528102874756,0.7357142567634583,0.6399999856948853
49,5,93,0.5935649871826172,0.6433732509613037,0.5888674259185791,0.6433732509613037,0.7428571581840515,0.6399999856948853
49,5,94,0.5908451080322266,0.6424784660339355,0.5860228538513184,0.6424784660339355,0.7428571581840515,0.6399999856948853
49,5,95,0.5882371664047241,0.6418560147285461,0.5835482478141785,0.6418560147285461,0.7428571581840515,0.6399999856948853
49,5,96,0.5856640338897705,0.6411727666854858,0.5813544392585754,0.6411727666854858,0.7428571581840515,0.6399999856948853
49,5,97,0.583078920841217,0.6404138803482056,0.5791041254997253,0.6404138803482056,0.75,0.6399999856948853
49,5,98,0.5805312395095825,0.6396702527999878,0.5767901539802551,0.6396702527999878,0.7571428418159485,0.6399999856948853
49,5,99,0.5779908895492554,0.6389524936676025,0.5744416117668152,0.6389524936676025,0.7571428418159485,0.6399999856948853
49,5,100,0.5754290819168091,0.6382181644439697,0.5720328688621521,0.6382181644439697,0.7571428418159485,0.6000000238418579
49,5,101,0.5728853940963745,0.6373761892318726,0.5695816278457642,0.6373761892318726,0.7571428418159485,0.6000000238418579
49,5,102,0.570356011390686,0.6365711688995361,0.5670557022094727,0.6365711688995361,0.7571428418159485,0.6000000238418579
49,5,103,0.5678116679191589,0.6360012888908386,0.5645847320556641,0.6360012888908386,0.7642857432365417,0.6000000238418579
49,5,104,0.5652171969413757,0.6354003548622131,0.562160074710846,0.6354003548622131,0.7714285850524902,0.6000000238418579
49,5,105,0.5625864267349243,0.6348494291305542,0.559718906879425,0.6348494291305542,0.7714285850524902,0.6000000238418579
49,5,106,0.559922993183136,0.634165346622467,0.5571873188018799,0.634165346622467,0.7785714268684387,0.6000000238418579
49,5,107,0.5573025941848755,0.6334591507911682,0.5545752644538879,0.6334591507911682,0.7785714268684387,0.6000000238418579
49,5,108,0.5546948313713074,0.6327932476997375,0.5519578456878662,0.6327932476997375,0.7785714268684387,0.6000000238418579
49,5,109,0.5520751476287842,0.6322271823883057,0.5493254065513611,0.6322271823883057,0.7642857432365417,0.6399999856948853
49,5,110,0.549470067024231,0.631778359413147,0.5467738509178162,0.631778359413147,0.7642857432365417,0.6399999856948853
49,5,111,0.5468264222145081,0.6313751339912415,0.5442830920219421,0.6313751339912415,0.7785714268684387,0.6399999856948853
49,5,112,0.5441606640815735,0.6309483051300049,0.541736900806427,0.6309483051300049,0.7857142686843872,0.6800000071525574
49,5,113,0.5415183901786804,0.6305448412895203,0.5391942262649536,0.6305448412895203,0.7857142686843872,0.6800000071525574
49,5,114,0.5388799905776978,0.6300673484802246,0.5366125106811523,0.6300673484802246,0.7857142686843872,0.6800000071525574
49,5,115,0.5362841486930847,0.629708468914032,0.5340776443481445,0.629708468914032,0.7857142686843872,0.6800000071525574
49,5,116,0.5336380004882812,0.6291589736938477,0.531454861164093,0.6291589736938477,0.7928571701049805,0.7200000286102295
49,5,117,0.5310273170471191,0.6287094950675964,0.5287929773330688,0.6287094950675964,0.7928571701049805,0.7200000286102295
49,5,118,0.5284239053726196,0.6284986734390259,0.5262394547462463,0.6284986734390259,0.800000011920929,0.7200000286102295
49,5,119,0.5257919430732727,0.6283371448516846,0.5237510204315186,0.6283371448516846,0.800000011920929,0.7200000286102295
49,5,120,0.5231486558914185,0.6281450986862183,0.5212914347648621,0.6281450986862183,0.800000011920929,0.7200000286102295
49,5,121,0.5204935073852539,0.6278547048568726,0.5187517404556274,0.6278547048568726,0.800000011920929,0.7200000286102295
49,5,122,0.5178700089454651,0.627605676651001,0.5161601305007935,0.627605676651001,0.800000011920929,0.7200000286102295
49,5,123,0.5152444839477539,0.6273331642150879,0.5135899186134338,0.6273331642150879,0.800000011920929,0.7200000286102295
49,5,124,0.5126119256019592,0.627053439617157,0.5109818577766418,0.627053439617157,0.800000011920929,0.7200000286102295
49,5,125,0.5100024938583374,0.6269407868385315,0.5083721876144409,0.6269407868385315,0.8071428537368774,0.7200000286102295
49,5,126,0.5073927640914917,0.6269298195838928,0.5058716535568237,0.6269298195838928,0.8071428537368774,0.7200000286102295
49,5,127,0.5047573447227478,0.6268628835678101,0.5033553838729858,0.6268628835678101,0.8071428537368774,0.7200000286102295
49,5,128,0.5021240711212158,0.626792311668396,0.5007809400558472,0.626792311668396,0.8071428537368774,0.7200000286102295
49,5,129,0.4994794428348541,0.6267344355583191,0.4981297552585602,0.6267344355583191,0.8071428537368774,0.7200000286102295
49,5,130,0.49685582518577576,0.6267481446266174,0.49553826451301575,0.6267481446266174,0.8071428537368774,0.7200000286102295
49,5,131,0.49420416355133057,0.6266177892684937,0.4928852617740631,0.6266177892684937,0.8071428537368774,0.7200000286102295
49,5,132,0.491590291261673,0.6265811324119568,0.4902196526527405,0.6265811324119568,0.8071428537368774,0.7200000286102295
49,5,133,0.48896244168281555,0.6268778443336487,0.48765984177589417,0.6268778443336487,0.8071428537368774,0.6800000071525574
49,5,134,0.48629140853881836,0.6272221207618713,0.48523253202438354,0.6272221207618713,0.8071428537368774,0.6800000071525574
49,5,135,0.4835951626300812,0.6273694634437561,0.482717901468277,0.6273694634437561,0.8071428537368774,0.6800000071525574
49,5,136,0.4809272885322571,0.6275106072425842,0.48010674118995667,0.6275106072425842,0.8071428537368774,0.6800000071525574
49,5,137,0.4782657027244568,0.6276150345802307,0.4774906039237976,0.6276150345802307,0.8071428537368774,0.6800000071525574
49,5,138,0.4755890965461731,0.627642035484314,0.47477445006370544,0.627642035484314,0.8071428537368774,0.6800000071525574
49,5,139,0.47294703125953674,0.6279249787330627,0.47210562229156494,0.6279249787330627,0.8071428537368774,0.6800000071525574
49,5,140,0.4703032374382019,0.62845778465271,0.46953898668289185,0.62845778465271,0.8071428537368774,0.6800000071525574
49,5,141,0.4676361083984375,0.6288167238235474,0.4669956862926483,0.6288167238235474,0.8071428537368774,0.6800000071525574
49,5,142,0.464951753616333,0.6290628910064697,0.4642924666404724,0.6290628910064697,0.8071428537368774,0.7200000286102295
49,5,143,0.46227219700813293,0.6297323703765869,0.4616158604621887,0.6297323703765869,0.8071428537368774,0.7200000286102295
49,5,144,0.4595242738723755,0.6305536031723022,0.45899254083633423,0.6305536031723022,0.8071428537368774,0.7200000286102295
49,5,145,0.4567381739616394,0.6315287351608276,0.45627713203430176,0.6315287351608276,0.8071428537368774,0.7200000286102295
49,5,146,0.4538883864879608,0.6325986385345459,0.4535931348800659,0.6325986385345459,0.8071428537368774,0.7200000286102295
49,5,147,0.45098114013671875,0.6336592435836792,0.4508816599845886,0.6336592435836792,0.8142856955528259,0.7200000286102295
49,5,148,0.44809234142303467,0.6347219944000244,0.44814807176589966,0.6347219944000244,0.8142856955528259,0.7200000286102295
49,5,149,0.4451650381088257,0.6355993747711182,0.4452955424785614,0.6355993747711182,0.8142856955528259,0.7200000286102295
49,5,150,0.44220831990242004,0.6364467144012451,0.44237905740737915,0.6364467144012451,0.8214285969734192,0.7200000286102295
49,5,151,0.43919679522514343,0.6374839544296265,0.43951284885406494,0.6374839544296265,0.8285714387893677,0.7200000286102295
49,5,152,0.4362579584121704,0.6381838321685791,0.4367520213127136,0.6381838321685791,0.8214285969734192,0.7200000286102295
49,5,153,0.43335843086242676,0.6385868191719055,0.433859258890152,0.6385868191719055,0.8214285969734192,0.7200000286102295
49,5,154,0.4305342733860016,0.6391895413398743,0.4309718608856201,0.6391895413398743,0.8214285969734192,0.7200000286102295
49,5,155,0.4277409017086029,0.6398977637290955,0.42817485332489014,0.6398977637290955,0.8285714387893677,0.7200000286102295
49,5,156,0.4249308407306671,0.6407317519187927,0.4254343807697296,0.6407317519187927,0.8285714387893677,0.7200000286102295
49,5,157,0.42208701372146606,0.641460657119751,0.4226997494697571,0.641460657119751,0.8285714387893677,0.7200000286102295
50,5,1,0.6928976774215698,0.7056837677955627,0.7041695713996887,0.7056837677955627,0.4000000059604645,0.4000000059604645
50,5,2,0.6915231347084045,0.7039033770561218,0.7012255787849426,0.7039033770561218,0.4000000059604645,0.4000000059604645
50,5,3,0.6905937790870667,0.7024350166320801,0.6992018222808838,0.7024350166320801,0.4285714328289032,0.4000000059604645
50,5,4,0.6897779107093811,0.7012061476707458,0.6974767446517944,0.7012061476707458,0.4357142746448517,0.4000000059604645
50,5,5,0.6890060901641846,0.7002347707748413,0.6959505081176758,0.7002347707748413,0.44999998807907104,0.4399999976158142
50,5,6,0.6882816553115845,0.6993653178215027,0.6945934891700745,0.6993653178215027,0.4571428596973419,0.4399999976158142
50,5,7,0.6875976920127869,0.6985746622085571,0.6933706998825073,0.6985746622085571,0.47857141494750977,0.4399999976158142
50,5,8,0.6869395971298218,0.6978625655174255,0.6922415494918823,0.6978625655174255,0.4642857015132904,0.4399999976158142
50,5,9,0.6862962245941162,0.6971577405929565,0.6911895871162415,0.6971577405929565,0.47857141494750977,0.4000000059604645
50,5,10,0.6856541633605957,0.6964337229728699,0.6901978850364685,0.6964337229728699,0.5071428418159485,0.4000000059604645
50,5,11,0.6850314736366272,0.6957520842552185,0.689254105091095,0.6957520842552185,0.5142857432365417,0.4399999976158142
50,5,12,0.684412956237793,0.6951819062232971,0.688356876373291,0.6951819062232971,0.5357142686843872,0.4399999976158142
50,5,13,0.683820366859436,0.6947152614593506,0.6875408291816711,0.6947152614593506,0.5357142686843872,0.4399999976158142
50,5,14,0.6832504272460938,0.6943280696868896,0.6867919564247131,0.6943280696868896,0.5571428537368774,0.4399999976158142
50,5,15,0.6826809048652649,0.694007158279419,0.6860786080360413,0.694007158279419,0.5714285969734192,0.47999998927116394
50,5,16,0.6821207404136658,0.6937432885169983,0.685408353805542,0.6937432885169983,0.5785714387893677,0.47999998927116394
50,5,17,0.6815634965896606,0.6935122013092041,0.6847649812698364,0.6935122013092041,0.5928571224212646,0.47999998927116394
50,5,18,0.6809943318367004,0.6933007836341858,0.6841501593589783,0.6933007836341858,0.5928571224212646,0.47999998927116394
50,5,19,0.6804057359695435,0.6931182742118835,0.6835349202156067,0.6931182742118835,0.6000000238418579,0.47999998927116394
50,5,20,0.6797974705696106,0.6929275989532471,0.6828885078430176,0.6929275989532471,0.6071428656578064,0.47999998927116394
50,5,21,0.6791929602622986,0.6927146911621094,0.6822237372398376,0.6927146911621094,0.6142857074737549,0.5199999809265137
50,5,22,0.6785826683044434,0.6924049854278564,0.6815527677536011,0.6924049854278564,0.6142857074737549,0.5199999809265137
50,5,23,0.6779571771621704,0.6919741630554199,0.6808363795280457,0.6919741630554199,0.6071428656578064,0.5199999809265137
50,5,24,0.6772985458374023,0.6914663910865784,0.6800550818443298,0.6914663910865784,0.6285714507102966,0.5199999809265137
50,5,25,0.6766169667243958,0.690915048122406,0.6792395710945129,0.690915048122406,0.6214285492897034,0.5600000023841858
50,5,26,0.6759104132652283,0.6903509497642517,0.6783849000930786,0.6903509497642517,0.6285714507102966,0.6000000238418579
50,5,27,0.675217866897583,0.6897716522216797,0.6775350570678711,0.6897716522216797,0.6285714507102966,0.6000000238418579
50,5,28,0.6745104789733887,0.6891862750053406,0.6766786575317383,0.6891862750053406,0.6214285492897034,0.6399999856948853
50,5,29,0.6738100647926331,0.6885731220245361,0.6758295297622681,0.6885731220245361,0.6357142925262451,0.6399999856948853
50,5,30,0.6731067299842834,0.6879318952560425,0.6749781966209412,0.6879318952560425,0.6499999761581421,0.6399999856948853
50,5,31,0.6723865270614624,0.6873724460601807,0.6741257905960083,0.6873724460601807,0.6428571343421936,0.6399999856948853
50,5,32,0.6716516017913818,0.6867359280586243,0.6732837557792664,0.6867359280586243,0.6428571343421936,0.6399999856948853
50,5,33,0.670902669429779,0.6860656142234802,0.6724233627319336,0.6860656142234802,0.6428571343421936,0.6399999856948853
50,5,34,0.6701370477676392,0.6853667497634888,0.6715468168258667,0.6853667497634888,0.6499999761581421,0.6399999856948853
50,5,35,0.6693664193153381,0.684745728969574,0.6706567406654358,0.684745728969574,0.6499999761581421,0.6399999856948853
50,5,36,0.6685965061187744,0.6842056512832642,0.6698060035705566,0.6842056512832642,0.6499999761581421,0.6399999856948853
50,5,37,0.6678152084350586,0.683692216873169,0.6689813733100891,0.683692216873169,0.6499999761581421,0.6399999856948853
50,5,38,0.6670082211494446,0.6832250952720642,0.6681547164916992,0.6832250952720642,0.6499999761581421,0.6399999856948853
50,5,39,0.6661785244941711,0.6826983094215393,0.6672961115837097,0.6826983094215393,0.6499999761581421,0.6399999856948853
50,5,40,0.6653180122375488,0.6821125149726868,0.6663883924484253,0.6821125149726868,0.6571428775787354,0.6399999856948853
50,5,41,0.6644308567047119,0.6815216541290283,0.6654614210128784,0.6815216541290283,0.6571428775787354,0.6399999856948853
50,5,42,0.6635311841964722,0.6809360384941101,0.6645216941833496,0.6809360384941101,0.6571428775787354,0.6399999856948853
50,5,43,0.6626107096672058,0.6803817749023438,0.6635660529136658,0.6803817749023438,0.6571428775787354,0.6399999856948853
50,5,44,0.6616845726966858,0.6798921227455139,0.6626349687576294,0.6798921227455139,0.6571428775787354,0.6399999856948853
50,5,45,0.6607522964477539,0.6795817613601685,0.6617401242256165,0.6795817613601685,0.6571428775787354,0.6399999856948853
50,5,46,0.6598179936408997,0.6793713569641113,0.6608821153640747,0.6793713569641113,0.6642857193946838,0.6399999856948853
50,5,47,0.658862829208374,0.6790992617607117,0.6599932312965393,0.6790992617607117,0.6642857193946838,0.6399999856948853
50,5,48,0.6578940749168396,0.6788091063499451,0.6590461730957031,0.6788091063499451,0.6642857193946838,0.6399999856948853
50,5,49,0.6568896770477295,0.678536057472229,0.6580594778060913,0.678536057472229,0.6642857193946838,0.6000000238418579
50,5,50,0.6558530330657959,0.6781942844390869,0.6570332646369934,0.6781942844390869,0.6714285612106323,0.6000000238418579
50,5,51,0.6547871828079224,0.677786648273468,0.6559314131736755,0.677786648273468,0.6714285612106323,0.6399999856948853
50,5,52,0.6536941528320312,0.6773605346679688,0.6547889113426208,0.6773605346679688,0.6785714030265808,0.6399999856948853
50,5,53,0.6525838375091553,0.6769044399261475,0.6536125540733337,0.6769044399261475,0.6785714030265808,0.6399999856948853
50,5,54,0.6514500975608826,0.6764108538627625,0.6523745059967041,0.6764108538627625,0.6785714030265808,0.6399999856948853
50,5,55,0.6502982974052429,0.6759961843490601,0.6511014699935913,0.6759961843490601,0.6785714030265808,0.6399999856948853
50,5,56,0.6491106748580933,0.6756187677383423,0.6497927904129028,0.6756187677383423,0.6714285612106323,0.6399999856948853
50,5,57,0.6478770971298218,0.6753250360488892,0.6484405398368835,0.6753250360488892,0.6714285612106323,0.6399999856948853
50,5,58,0.6466093063354492,0.6751395463943481,0.6471220254898071,0.6751395463943481,0.6714285612106323,0.6399999856948853
50,5,59,0.6453167200088501,0.6750673651695251,0.6458660960197449,0.6750673651695251,0.6714285612106323,0.6399999856948853
50,5,60,0.6440069079399109,0.6749131679534912,0.644590437412262,0.6749131679534912,0.6714285612106323,0.6399999856948853
50,5,61,0.6426808834075928,0.6747678518295288,0.6432363986968994,0.6747678518295288,0.6642857193946838,0.6800000071525574
50,5,62,0.6413138508796692,0.6746681928634644,0.6418724060058594,0.6746681928634644,0.6785714030265808,0.6399999856948853
50,5,63,0.6398928165435791,0.6746641397476196,0.6405180096626282,0.6746641397476196,0.6785714030265808,0.6399999856948853
50,5,64,0.6384672522544861,0.6745902299880981,0.6391670107841492,0.6745902299880981,0.6785714030265808,0.6399999856948853
50,5,65,0.6370227932929993,0.6744371652603149,0.6377423405647278,0.6744371652603149,0.6785714030265808,0.6399999856948853
50,5,66,0.6355753540992737,0.674170732498169,0.6362645030021667,0.674170732498169,0.6785714030265808,0.6399999856948853
50,5,67,0.6341098546981812,0.6738556027412415,0.6346650719642639,0.6738556027412415,0.6785714030265808,0.6399999856948853
50,5,68,0.6326279044151306,0.6736229658126831,0.6330275535583496,0.6736229658126831,0.6785714030265808,0.6399999856948853
50,5,69,0.631131112575531,0.6734740734100342,0.6314070820808411,0.6734740734100342,0.6785714030265808,0.6399999856948853
50,5,70,0.6296162605285645,0.6734088063240051,0.6297999024391174,0.6734088063240051,0.6785714030265808,0.6399999856948853
50,5,71,0.628076434135437,0.6734699010848999,0.6282244920730591,0.6734699010848999,0.6857143044471741,0.6399999856948853
50,5,72,0.6265146732330322,0.6736056804656982,0.6266813278198242,0.6736056804656982,0.6857143044471741,0.6399999856948853
50,5,73,0.6249425411224365,0.6737368702888489,0.6251329779624939,0.6737368702888489,0.6857143044471741,0.6399999856948853
50,5,74,0.623340904712677,0.6738506555557251,0.6235522627830505,0.6738506555557251,0.6928571462631226,0.6399999856948853
50,5,75,0.6217098832130432,0.6738534569740295,0.6219134330749512,0.6738534569740295,0.6928571462631226,0.6399999856948853
50,5,76,0.6200499534606934,0.673798680305481,0.6201624870300293,0.673798680305481,0.6928571462631226,0.6000000238418579
50,5,77,0.6183781027793884,0.6737722158432007,0.6183907389640808,0.6737722158432007,0.6928571462631226,0.6000000238418579
50,5,78,0.6167003512382507,0.673755407333374,0.6166220903396606,0.673755407333374,0.6928571462631226,0.6000000238418579
50,5,79,0.6150076389312744,0.6739106774330139,0.6148532629013062,0.6739106774330139,0.699999988079071,0.6000000238418579
50,5,80,0.6133083701133728,0.6741907596588135,0.6131263971328735,0.6741907596588135,0.699999988079071,0.6000000238418579
50,5,81,0.6116068959236145,0.6744991540908813,0.6114435195922852,0.6744991540908813,0.699999988079071,0.6000000238418579
50,5,82,0.6098878979682922,0.674828052520752,0.6097383499145508,0.674828052520752,0.699999988079071,0.6000000238418579
50,5,83,0.6081414818763733,0.6752711534500122,0.6080148220062256,0.6752711534500122,0.699999988079071,0.6000000238418579
50,5,84,0.6063822507858276,0.6757681965827942,0.6062865257263184,0.6757681965827942,0.7071428298950195,0.6000000238418579
50,5,85,0.604594886302948,0.6764376163482666,0.6045567393302917,0.6764376163482666,0.7071428298950195,0.6000000238418579
50,5,86,0.6027960777282715,0.6770359873771667,0.6028429865837097,0.6770359873771667,0.7071428298950195,0.6000000238418579
50,5,87,0.6009771227836609,0.6774160265922546,0.6010411381721497,0.6774160265922546,0.7142857313156128,0.6000000238418579
50,5,88,0.5991384983062744,0.6776668429374695,0.5991012454032898,0.6776668429374695,0.7142857313156128,0.6000000238418579
50,5,89,0.5972644686698914,0.6780354380607605,0.5970990061759949,0.6780354380607605,0.7142857313156128,0.6000000238418579
50,5,90,0.5953741073608398,0.6785466074943542,0.5951614379882812,0.6785466074943542,0.7142857313156128,0.6399999856948853
50,5,91,0.5934839248657227,0.6790348291397095,0.5932508111000061,0.6790348291397095,0.7214285731315613,0.6399999856948853
50,5,92,0.5915719270706177,0.6796406507492065,0.5913102030754089,0.6796406507492065,0.7214285731315613,0.6399999856948853
50,5,93,0.5896506905555725,0.6803542375564575,0.5894197821617126,0.6803542375564575,0.7214285731315613,0.6399999856948853
50,5,94,0.587762176990509,0.6810412406921387,0.5876172780990601,0.6810412406921387,0.7214285731315613,0.6399999856948853
50,5,95,0.5858556032180786,0.6816492676734924,0.5857666730880737,0.6816492676734924,0.7214285731315613,0.6399999856948853
