fold,repeat,epoch,loss,inner_val_loss,bce,inner_val_bce,accuracy,inner_val_accuracy
1,1,1,0.688444972038269,0.692844033241272,0.688444972038269,0.692844033241272,0.5827338099479675,0.6399999856948853
1,1,2,0.6808225512504578,0.6907880902290344,0.6808225512504578,0.6907880902290344,0.568345308303833,0.6000000238418579
1,1,3,0.6755372285842896,0.690224826335907,0.6755372285842896,0.690224826335907,0.5899280309677124,0.6000000238418579
1,1,4,0.6712478995323181,0.6906291246414185,0.6712478995323181,0.6906291246414185,0.597122311592102,0.6000000238418579
1,1,5,0.6674745678901672,0.6915943026542664,0.6674745678901672,0.6915943026542664,0.597122311592102,0.6000000238418579
1,1,6,0.66392582654953,0.6928537487983704,0.66392582654953,0.6928537487983704,0.597122311592102,0.6000000238418579
1,1,7,0.6604594588279724,0.694256067276001,0.6604594588279724,0.694256067276001,0.597122311592102,0.6000000238418579
1,1,8,0.6570305228233337,0.6957259178161621,0.6570305228233337,0.6957259178161621,0.597122311592102,0.6000000238418579
1,1,9,0.6536412239074707,0.6972297430038452,0.6536412239074707,0.6972297430038452,0.597122311592102,0.6000000238418579
1,1,10,0.6503056883811951,0.6987536549568176,0.6503056883811951,0.6987536549568176,0.6043165326118469,0.6000000238418579
1,1,11,0.6470329761505127,0.7002922296524048,0.6470329761505127,0.7002922296524048,0.6043165326118469,0.6000000238418579
1,1,12,0.6438227295875549,0.7018440961837769,0.6438227295875549,0.7018440961837769,0.6115108132362366,0.6000000238418579
1,1,13,0.640666663646698,0.7034111022949219,0.640666663646698,0.7034111022949219,0.6043165326118469,0.6000000238418579
1,1,14,0.6375523805618286,0.704997181892395,0.6375523805618286,0.704997181892395,0.6115108132362366,0.6000000238418579
1,1,15,0.634466290473938,0.7066071033477783,0.634466290473938,0.7066071033477783,0.6115108132362366,0.6000000238418579
1,1,16,0.6313942670822144,0.7082459926605225,0.6313942670822144,0.7082459926605225,0.6187050342559814,0.6000000238418579
1,1,17,0.6283233165740967,0.7099184393882751,0.6283233165740967,0.7099184393882751,0.6258992552757263,0.6000000238418579
1,1,18,0.6252410411834717,0.7116280198097229,0.6252409815788269,0.7116280198097229,0.6258992552757263,0.6399999856948853
1,1,19,0.6221354603767395,0.713378369808197,0.6221354603767395,0.713378369808197,0.6187050342559814,0.6399999856948853
1,1,20,0.6189956068992615,0.7151721715927124,0.6189956068992615,0.7151721715927124,0.6187050342559814,0.6399999856948853
1,1,21,0.6158110499382019,0.7170131802558899,0.6158110499382019,0.7170131802558899,0.6258992552757263,0.6399999856948853
1,1,22,0.6125715374946594,0.7189053893089294,0.6125715374946594,0.7189053893089294,0.633093535900116,0.6399999856948853
1,1,23,0.6092677116394043,0.7208541035652161,0.6092677116394043,0.7208541035652161,0.633093535900116,0.6399999856948853
1,1,24,0.6058900952339172,0.7228654623031616,0.6058900952339172,0.7228654623031616,0.6258992552757263,0.6399999856948853
1,1,25,0.6024292707443237,0.7249467372894287,0.6024292707443237,0.7249467372894287,0.6402877569198608,0.6399999856948853
1,1,26,0.5988757610321045,0.7271068692207336,0.5988757610321045,0.7271068692207336,0.6402877569198608,0.5600000023841858
1,1,27,0.5952202677726746,0.729356050491333,0.5952202677726746,0.729356050491333,0.6402877569198608,0.5600000023841858
1,1,28,0.5914536714553833,0.7317062616348267,0.5914536714553833,0.7317062616348267,0.6402877569198608,0.5600000023841858
2,1,1,0.7242941856384277,0.7440040707588196,0.7242941856384277,0.7440040707588196,0.36690646409988403,0.23999999463558197
2,1,2,0.705365777015686,0.7297823429107666,0.705365777015686,0.7297823429107666,0.46043166518211365,0.2800000011920929
2,1,3,0.6941033005714417,0.720858097076416,0.6941033005714417,0.720858097076416,0.5251798629760742,0.47999998927116394
2,1,4,0.6873221397399902,0.7152369618415833,0.6873221397399902,0.7152369618415833,0.5755395889282227,0.5600000023841858
2,1,5,0.6832472681999207,0.7113190293312073,0.6832472681999207,0.7113190293312073,0.5899280309677124,0.5600000023841858
2,1,6,0.6805588603019714,0.7080796957015991,0.6805588603019714,0.7080796957015991,0.5899280309677124,0.6000000238418579
2,1,7,0.6784719228744507,0.7050474286079407,0.6784719228744507,0.7050474286079407,0.597122311592102,0.6000000238418579
2,1,8,0.6766451597213745,0.7020984888076782,0.6766451597213745,0.7020984888076782,0.597122311592102,0.6000000238418579
2,1,9,0.6749823689460754,0.6992397904396057,0.6749823689460754,0.6992397904396057,0.597122311592102,0.6000000238418579
2,1,10,0.6734629273414612,0.6964806914329529,0.6734629273414612,0.6964806914329529,0.5899280309677124,0.6000000238418579
2,1,11,0.6720573306083679,0.6937974691390991,0.6720573306083679,0.6937974691390991,0.5899280309677124,0.6000000238418579
2,1,12,0.6707149147987366,0.6911473870277405,0.6707149147987366,0.6911473870277405,0.5899280309677124,0.6000000238418579
2,1,13,0.6693809628486633,0.6884926557540894,0.6693809628486633,0.6884926557540894,0.5899280309677124,0.6000000238418579
2,1,14,0.6680164337158203,0.685814380645752,0.6680164337158203,0.685814380645752,0.5899280309677124,0.6000000238418579
2,1,15,0.6666044592857361,0.6831116676330566,0.6666044592857361,0.6831116676330566,0.5899280309677124,0.6000000238418579
2,1,16,0.6651454567909241,0.6803947687149048,0.6651454567909241,0.6803947687149048,0.5899280309677124,0.6000000238418579
2,1,17,0.6636494994163513,0.67767733335495,0.6636494994163513,0.67767733335495,0.5899280309677124,0.6000000238418579
2,1,18,0.6621290445327759,0.6749703288078308,0.6621290445327759,0.6749703288078308,0.5899280309677124,0.6000000238418579
2,1,19,0.6605938673019409,0.6722804307937622,0.6605938673019409,0.6722804307937622,0.5899280309677124,0.6000000238418579
2,1,20,0.6590501070022583,0.6696094274520874,0.6590501070022583,0.6696094274520874,0.5899280309677124,0.6000000238418579
2,1,21,0.6574994921684265,0.6669556498527527,0.6574994921684265,0.6669556498527527,0.5899280309677124,0.6000000238418579
2,1,22,0.6559407711029053,0.6643144488334656,0.6559407711029053,0.6643144488334656,0.5899280309677124,0.6800000071525574
2,1,23,0.6543704271316528,0.6616799831390381,0.6543704271316528,0.6616799831390381,0.5827338099479675,0.6800000071525574
2,1,24,0.6527835130691528,0.6590456366539001,0.6527835130691528,0.6590456366539001,0.5899280309677124,0.6800000071525574
2,1,25,0.651174008846283,0.656404972076416,0.651174008846283,0.656404972076416,0.597122311592102,0.7200000286102295
2,1,26,0.6495363712310791,0.6537522077560425,0.6495363712310791,0.6537522077560425,0.597122311592102,0.7200000286102295
2,1,27,0.6478649377822876,0.6510822772979736,0.6478649377822876,0.6510822772979736,0.597122311592102,0.7200000286102295
2,1,28,0.6461546421051025,0.6483909487724304,0.6461546421051025,0.6483909487724304,0.597122311592102,0.6800000071525574
2,1,29,0.6444006562232971,0.6456747651100159,0.6444006562232971,0.6456747651100159,0.597122311592102,0.6800000071525574
2,1,30,0.642598569393158,0.642930269241333,0.642598569393158,0.642930269241333,0.6043165326118469,0.7200000286102295
2,1,31,0.640744149684906,0.6401543617248535,0.640744149684906,0.6401543617248535,0.6115108132362366,0.7200000286102295
2,1,32,0.6388328075408936,0.6373440027236938,0.6388328075408936,0.6373440027236938,0.6115108132362366,0.7200000286102295
2,1,33,0.6368597745895386,0.6344956755638123,0.6368597745895386,0.6344956755638123,0.6115108132362366,0.7200000286102295
2,1,34,0.634819746017456,0.631605863571167,0.634819746017456,0.631605863571167,0.6187050342559814,0.7200000286102295
2,1,35,0.6327071189880371,0.6286710500717163,0.6327071189880371,0.6286710500717163,0.6258992552757263,0.7200000286102295
2,1,36,0.6305157542228699,0.6256878972053528,0.6305157542228699,0.6256878972053528,0.6402877569198608,0.6800000071525574
2,1,37,0.6282393336296082,0.6226537227630615,0.6282393336296082,0.6226537227630615,0.6402877569198608,0.7200000286102295
2,1,38,0.6258708238601685,0.6195663213729858,0.6258708238601685,0.6195663213729858,0.633093535900116,0.7200000286102295
2,1,39,0.6234033107757568,0.6164249777793884,0.6234033107757568,0.6164249777793884,0.6618704795837402,0.7200000286102295
2,1,40,0.6208296418190002,0.6132303476333618,0.6208296418190002,0.6132303476333618,0.6618704795837402,0.7200000286102295
2,1,41,0.6181426644325256,0.6099851727485657,0.6181426644325256,0.6099851727485657,0.6690647602081299,0.7200000286102295
2,1,42,0.6153351664543152,0.6066949963569641,0.6153351664543152,0.6066949963569641,0.6762589812278748,0.7200000286102295
2,1,43,0.6124002933502197,0.6033686995506287,0.6124002933502197,0.6033686995506287,0.6834532618522644,0.7200000286102295
2,1,44,0.6093317270278931,0.6000198125839233,0.6093317270278931,0.6000198125839233,0.6834532618522644,0.7200000286102295
2,1,45,0.6061234474182129,0.5966669321060181,0.6061234474182129,0.5966669321060181,0.6906474828720093,0.7200000286102295
2,1,46,0.6027701497077942,0.5933353900909424,0.6027701497077942,0.5933353900909424,0.6906474828720093,0.7200000286102295
2,1,47,0.599267840385437,0.5900585055351257,0.599267840385437,0.5900585055351257,0.6978417038917542,0.7200000286102295
2,1,48,0.5956133604049683,0.5868775844573975,0.5956133604049683,0.5868775844573975,0.7050359845161438,0.7200000286102295
2,1,49,0.5918048024177551,0.5838431715965271,0.5918048024177551,0.5838431715965271,0.6978417038917542,0.7200000286102295
2,1,50,0.5878412127494812,0.5810133814811707,0.5878412127494812,0.5810133814811707,0.7122302055358887,0.7200000286102295
2,1,51,0.5837224125862122,0.57845139503479,0.5837224125862122,0.57845139503479,0.7122302055358887,0.7200000286102295
2,1,52,0.5794475078582764,0.5762218236923218,0.5794475078582764,0.5762218236923218,0.7194244861602783,0.7200000286102295
2,1,53,0.5750147700309753,0.5743837952613831,0.5750147700309753,0.5743837952613831,0.7122302055358887,0.7200000286102295
2,1,54,0.5704195499420166,0.5729848146438599,0.5704195499420166,0.5729848146438599,0.7194244861602783,0.7200000286102295
2,1,55,0.565653383731842,0.572053849697113,0.565653383731842,0.572053849697113,0.7266187071800232,0.7200000286102295
2,1,56,0.5607041716575623,0.5715978741645813,0.5607041716575623,0.5715978741645813,0.7482014298439026,0.7200000286102295
2,1,57,0.5555557012557983,0.5716016888618469,0.5555557012557983,0.5716016888618469,0.7553957104682922,0.7599999904632568
2,1,58,0.5501896739006042,0.5720322728157043,0.5501896739006042,0.5720322728157043,0.7553957104682922,0.800000011920929
2,1,59,0.5445871949195862,0.5728447437286377,0.5445871949195862,0.5728447437286377,0.7553957104682922,0.800000011920929
2,1,60,0.5387305021286011,0.5739880800247192,0.5387305021286011,0.5739880800247192,0.7553957104682922,0.800000011920929
2,1,61,0.5326038002967834,0.5754077434539795,0.5326038002967834,0.5754077434539795,0.7553957104682922,0.800000011920929
2,1,62,0.5261926651000977,0.5770460367202759,0.5261926651000977,0.5770460367202759,0.7553957104682922,0.800000011920929
2,1,63,0.5194814801216125,0.5788422226905823,0.5194814801216125,0.5788422226905823,0.7553957104682922,0.7599999904632568
2,1,64,0.5124523639678955,0.5807363390922546,0.5124523639678955,0.5807363390922546,0.7482014298439026,0.7599999904632568
2,1,65,0.5050836801528931,0.5826823115348816,0.5050836801528931,0.5826823115348816,0.7625899314880371,0.7599999904632568
2,1,66,0.49735206365585327,0.5846690535545349,0.49735206365585327,0.5846690535545349,0.769784152507782,0.7599999904632568
2,1,67,0.489237517118454,0.5867432951927185,0.489237517118454,0.5867432951927185,0.7841726541519165,0.7599999904632568
2,1,68,0.48073041439056396,0.5890239477157593,0.48073041439056396,0.5890239477157593,0.7841726541519165,0.7599999904632568
2,1,69,0.4718385934829712,0.5916998386383057,0.4718385934829712,0.5916998386383057,0.7913669347763062,0.7599999904632568
2,1,70,0.4625897705554962,0.5950069427490234,0.4625897705554962,0.5950069427490234,0.798561155796051,0.7599999904632568
2,1,71,0.45303019881248474,0.5991936922073364,0.45303019881248474,0.5991936922073364,0.7913669347763062,0.7599999904632568
2,1,72,0.44321998953819275,0.6044794321060181,0.44321998953819275,0.6044794321060181,0.7913669347763062,0.7599999904632568
2,1,73,0.43322470784187317,0.611015260219574,0.43322470784187317,0.611015260219574,0.798561155796051,0.7599999904632568
2,1,74,0.4231066107749939,0.6188433170318604,0.4231066107749939,0.6188433170318604,0.8129496574401855,0.7200000286102295
2,1,75,0.4129165709018707,0.6278544068336487,0.4129165709018707,0.6278544068336487,0.8273381590843201,0.7200000286102295
2,1,76,0.4026891887187958,0.6377503871917725,0.4026891887187958,0.6377503871917725,0.8417266011238098,0.7200000286102295
2,1,77,0.3924436569213867,0.6480401754379272,0.3924436569213867,0.6480401754379272,0.8417266011238098,0.6800000071525574
2,1,78,0.38219156861305237,0.658111035823822,0.38219156861305237,0.658111035823822,0.8417266011238098,0.6800000071525574
2,1,79,0.37194645404815674,0.6673885583877563,0.37194645404815674,0.6673885583877563,0.8417266011238098,0.6399999856948853
2,1,80,0.361726313829422,0.675523042678833,0.361726313829422,0.675523042678833,0.8561151027679443,0.6399999856948853
2,1,81,0.35154828429222107,0.6824997663497925,0.35154828429222107,0.6824997663497925,0.8561151027679443,0.6800000071525574
3,1,1,0.6860090494155884,0.6811179518699646,0.6860090494155884,0.6811179518699646,0.5467625856399536,0.6399999856948853
3,1,2,0.6781094670295715,0.6805551052093506,0.6781094670295715,0.6805551052093506,0.5899280309677124,0.6000000238418579
3,1,3,0.6731328368186951,0.6811880469322205,0.6731328368186951,0.6811880469322205,0.597122311592102,0.6000000238418579
3,1,4,0.6695393919944763,0.6825412511825562,0.6695393919944763,0.6825412511825562,0.597122311592102,0.6000000238418579
3,1,5,0.6666826605796814,0.6841047406196594,0.6666826009750366,0.6841047406196594,0.597122311592102,0.6000000238418579
3,1,6,0.6640693545341492,0.6855894327163696,0.6640693545341492,0.6855894327163696,0.597122311592102,0.6000000238418579
3,1,7,0.6614387631416321,0.6869180202484131,0.6614387631416321,0.6869180202484131,0.597122311592102,0.6000000238418579
3,1,8,0.6587130427360535,0.688132107257843,0.6587130427360535,0.688132107257843,0.597122311592102,0.6000000238418579
3,1,9,0.6559086441993713,0.6893060207366943,0.6559086441993713,0.6893060207366943,0.597122311592102,0.6000000238418579
3,1,10,0.6530668139457703,0.6905000805854797,0.6530668139457703,0.6905000805854797,0.597122311592102,0.6000000238418579
3,1,11,0.6502194404602051,0.6917468309402466,0.6502194404602051,0.6917468309402466,0.597122311592102,0.6000000238418579
3,1,12,0.6473817825317383,0.6930559277534485,0.6473817825317383,0.6930559277534485,0.597122311592102,0.6000000238418579
3,1,13,0.6445569396018982,0.6944252848625183,0.6445569396018982,0.6944252848625183,0.597122311592102,0.6000000238418579
3,1,14,0.6417416930198669,0.695847749710083,0.6417416930198669,0.695847749710083,0.6043165326118469,0.6000000238418579
3,1,15,0.6389302015304565,0.6973154544830322,0.6389302015304565,0.6973154544830322,0.6043165326118469,0.6000000238418579
3,1,16,0.6361150145530701,0.6988214254379272,0.6361150145530701,0.6988214254379272,0.6187050342559814,0.6399999856948853
3,1,17,0.6332870125770569,0.700360119342804,0.6332870125770569,0.700360119342804,0.6258992552757263,0.6000000238418579
3,1,18,0.6304362416267395,0.7019283771514893,0.6304362416267395,0.7019283771514893,0.6258992552757263,0.6000000238418579
3,1,19,0.6275519728660583,0.7035254836082458,0.6275519728660583,0.7035254836082458,0.6258992552757263,0.5600000023841858
3,1,20,0.6246234774589539,0.7051528692245483,0.6246234774589539,0.7051528692245483,0.633093535900116,0.5600000023841858
3,1,21,0.621640682220459,0.7068145871162415,0.621640682220459,0.7068145871162415,0.6474820375442505,0.5600000023841858
3,1,22,0.6185938715934753,0.7085163593292236,0.6185938715934753,0.7085163593292236,0.6762589812278748,0.5600000023841858
3,1,23,0.6154738664627075,0.7102651000022888,0.6154738664627075,0.7102651000022888,0.6762589812278748,0.5600000023841858
3,1,24,0.6122713685035706,0.7120689153671265,0.6122713685035706,0.7120689153671265,0.6762589812278748,0.5600000023841858
3,1,25,0.6089769005775452,0.7139368653297424,0.6089769005775452,0.7139368653297424,0.6978417038917542,0.5600000023841858
3,1,26,0.60558021068573,0.715879499912262,0.60558021068573,0.715879499912262,0.7050359845161438,0.5600000023841858
3,1,27,0.6020703315734863,0.7179089188575745,0.6020703315734863,0.7179089188575745,0.7122302055358887,0.5199999809265137
4,1,1,0.7060630321502686,0.7154991030693054,0.7060630321502686,0.7154991030693054,0.41428571939468384,0.20000000298023224
4,1,2,0.6909704804420471,0.7075356245040894,0.6909704804420471,0.7075356245040894,0.5285714268684387,0.5199999809265137
4,1,3,0.6821078658103943,0.7041791677474976,0.6821078658103943,0.7041791677474976,0.6000000238418579,0.6000000238418579
4,1,4,0.6771715879440308,0.7038686871528625,0.6771715879440308,0.7038686871528625,0.6071428656578064,0.6000000238418579
4,1,5,0.6747522354125977,0.7050751447677612,0.6747522354125977,0.7050751447677612,0.6000000238418579,0.6000000238418579
4,1,6,0.6736303567886353,0.7066611647605896,0.6736303567886353,0.7066611647605896,0.6000000238418579,0.6000000238418579
4,1,7,0.6729320883750916,0.7079656720161438,0.6729320883750916,0.7079656720161438,0.6000000238418579,0.6000000238418579
4,1,8,0.6721532344818115,0.7087304592132568,0.6721532344818115,0.7087304592132568,0.6000000238418579,0.6000000238418579
4,1,9,0.6710867881774902,0.7089601755142212,0.6710867881774902,0.7089601755142212,0.6000000238418579,0.6000000238418579
4,1,10,0.6697148084640503,0.7087864875793457,0.6697148084640503,0.7087864875793457,0.6000000238418579,0.6000000238418579
4,1,11,0.6681103706359863,0.7083718776702881,0.6681103706359863,0.7083718776702881,0.6000000238418579,0.6000000238418579
4,1,12,0.6663697361946106,0.7078566551208496,0.6663697361946106,0.7078566551208496,0.6000000238418579,0.6000000238418579
4,1,13,0.6645768284797668,0.7073391675949097,0.6645768284797668,0.7073391675949097,0.6000000238418579,0.6000000238418579
4,1,14,0.6627907156944275,0.706876814365387,0.6627907156944275,0.706876814365387,0.6000000238418579,0.6000000238418579
4,1,15,0.6610462069511414,0.7064949870109558,0.6610462069511414,0.7064949870109558,0.6000000238418579,0.6000000238418579
4,1,16,0.6593592762947083,0.7061980962753296,0.6593592762947083,0.7061980962753296,0.6000000238418579,0.6000000238418579
4,1,17,0.6577335000038147,0.7059781551361084,0.6577335000038147,0.7059781551361084,0.6000000238418579,0.6000000238418579
4,1,18,0.6561647653579712,0.70582115650177,0.6561647653579712,0.70582115650177,0.6071428656578064,0.6000000238418579
4,1,19,0.6546456217765808,0.7057111263275146,0.6546456217765808,0.7057111263275146,0.6071428656578064,0.6000000238418579
4,1,20,0.6531664133071899,0.7056328058242798,0.6531664133071899,0.7056328058242798,0.6142857074737549,0.6000000238418579
4,1,21,0.6517176628112793,0.7055728435516357,0.6517176628112793,0.7055728435516357,0.6214285492897034,0.6000000238418579
4,1,22,0.6502904295921326,0.7055197954177856,0.6502904295921326,0.7055197954177856,0.6214285492897034,0.6000000238418579
4,1,23,0.6488769054412842,0.7054651379585266,0.6488769054412842,0.7054651379585266,0.6214285492897034,0.6000000238418579
4,1,24,0.6474705338478088,0.7054024338722229,0.6474705338478088,0.7054024338722229,0.6214285492897034,0.6000000238418579
4,1,25,0.6460663080215454,0.7053272724151611,0.6460663080215454,0.7053272724151611,0.6214285492897034,0.6000000238418579
4,1,26,0.6446598768234253,0.7052366137504578,0.6446598768234253,0.7052366137504578,0.6357142925262451,0.6000000238418579
4,1,27,0.643248438835144,0.7051284313201904,0.643248438835144,0.7051284313201904,0.6499999761581421,0.6000000238418579
4,1,28,0.6418294310569763,0.7050016522407532,0.6418294310569763,0.7050016522407532,0.6571428775787354,0.6000000238418579
4,1,29,0.6404008269309998,0.70485520362854,0.6404008269309998,0.70485520362854,0.6571428775787354,0.6000000238418579
5,1,1,0.6894826889038086,0.6921470761299133,0.6894826889038086,0.6921470761299133,0.5428571701049805,0.6000000238418579
5,1,2,0.6819068789482117,0.6889594197273254,0.6819068789482117,0.6889594197273254,0.5714285969734192,0.6000000238418579
5,1,3,0.6776875257492065,0.6876692771911621,0.6776875257492065,0.6876692771911621,0.5857142806053162,0.6000000238418579
5,1,4,0.6745125651359558,0.6870191693305969,0.6745125651359558,0.6870191693305969,0.5857142806053162,0.6000000238418579
5,1,5,0.6715244054794312,0.6864457726478577,0.6715244054794312,0.6864457726478577,0.5857142806053162,0.6000000238418579
5,1,6,0.6684685349464417,0.6858185529708862,0.6684685349464417,0.6858185529708862,0.5928571224212646,0.6000000238418579
5,1,7,0.6653829216957092,0.6851683855056763,0.6653829216957092,0.6851683855056763,0.5928571224212646,0.6000000238418579
5,1,8,0.6623626947402954,0.6845313906669617,0.6623626947402954,0.6845313906669617,0.5928571224212646,0.6000000238418579
5,1,9,0.659456193447113,0.6839098930358887,0.659456193447113,0.6839098930358887,0.5928571224212646,0.6000000238418579
5,1,10,0.656658947467804,0.6832899451255798,0.656658947467804,0.6832899451255798,0.5928571224212646,0.6000000238418579
5,1,11,0.6539446711540222,0.6826615333557129,0.6539446711540222,0.6826615333557129,0.5928571224212646,0.6000000238418579
5,1,12,0.6512880325317383,0.6820226311683655,0.6512880325317383,0.6820226311683655,0.6000000238418579,0.6000000238418579
5,1,13,0.6486718058586121,0.6813738346099854,0.6486718058586121,0.6813738346099854,0.6142857074737549,0.6000000238418579
5,1,14,0.6460834741592407,0.6807120442390442,0.6460834741592407,0.6807120442390442,0.6142857074737549,0.6000000238418579
5,1,15,0.6435127258300781,0.680030345916748,0.6435127258300781,0.680030345916748,0.6214285492897034,0.6000000238418579
5,1,16,0.6409508585929871,0.679320752620697,0.6409508585929871,0.679320752620697,0.6214285492897034,0.6000000238418579
5,1,17,0.6383916735649109,0.6785762310028076,0.6383916735649109,0.6785762310028076,0.6214285492897034,0.6000000238418579
5,1,18,0.6358308792114258,0.6777921319007874,0.6358308792114258,0.6777921319007874,0.6214285492897034,0.6000000238418579
5,1,19,0.6332659125328064,0.6769651770591736,0.6332659125328064,0.6769651770591736,0.6142857074737549,0.6000000238418579
5,1,20,0.6306939721107483,0.6760930418968201,0.6306939721107483,0.6760930418968201,0.6285714507102966,0.6000000238418579
5,1,21,0.6281120181083679,0.6751728057861328,0.6281120181083679,0.6751728057861328,0.6428571343421936,0.6000000238418579
5,1,22,0.6255162358283997,0.6742004156112671,0.6255162358283997,0.6742004156112671,0.6571428775787354,0.6000000238418579
5,1,23,0.6229021549224854,0.6731709241867065,0.6229021549224854,0.6731709241867065,0.6642857193946838,0.6000000238418579
5,1,24,0.6202652454376221,0.672078013420105,0.6202652454376221,0.672078013420105,0.6642857193946838,0.6000000238418579
5,1,25,0.617601215839386,0.6709142923355103,0.617601215839386,0.6709142923355103,0.6714285612106323,0.6000000238418579
5,1,26,0.6149060130119324,0.6696727275848389,0.6149060130119324,0.6696727275848389,0.6714285612106323,0.6000000238418579
5,1,27,0.6121761202812195,0.6683458089828491,0.6121761202812195,0.6683458089828491,0.6857143044471741,0.6000000238418579
5,1,28,0.6094083189964294,0.6669265031814575,0.6094083189964294,0.6669265031814575,0.7071428298950195,0.6000000238418579
5,1,29,0.6066000461578369,0.6654083132743835,0.6066000461578369,0.6654083132743835,0.7142857313156128,0.6000000238418579
5,1,30,0.6037487983703613,0.6637845039367676,0.6037487983703613,0.6637845039367676,0.7214285731315613,0.5600000023841858
5,1,31,0.6008527874946594,0.6620482802391052,0.6008527874946594,0.6620482802391052,0.7071428298950195,0.5600000023841858
5,1,32,0.5979103446006775,0.6601929664611816,0.5979103446006775,0.6601929664611816,0.7071428298950195,0.5600000023841858
5,1,33,0.5949203968048096,0.658211886882782,0.5949203968048096,0.658211886882782,0.7214285731315613,0.5600000023841858
5,1,34,0.591882586479187,0.6560991406440735,0.591882586479187,0.6560991406440735,0.7285714149475098,0.5600000023841858
5,1,35,0.5887972712516785,0.6538500189781189,0.5887972712516785,0.6538500189781189,0.7285714149475098,0.5600000023841858
5,1,36,0.5856655836105347,0.6514620780944824,0.5856655836105347,0.6514620780944824,0.7357142567634583,0.5199999809265137
5,1,37,0.5824896097183228,0.6489354968070984,0.5824896097183228,0.6489354968070984,0.7285714149475098,0.5199999809265137
5,1,38,0.5792722702026367,0.6462740898132324,0.5792722702026367,0.6462740898132324,0.7285714149475098,0.5600000023841858
5,1,39,0.5760170817375183,0.6434855461120605,0.5760170817375183,0.6434855461120605,0.7285714149475098,0.6000000238418579
5,1,40,0.5727275013923645,0.6405824422836304,0.5727275013923645,0.6405824422836304,0.7142857313156128,0.6399999856948853
5,1,41,0.5694074630737305,0.6375820636749268,0.5694074630737305,0.6375820636749268,0.7142857313156128,0.6399999856948853
5,1,42,0.5660598278045654,0.6345078945159912,0.5660598278045654,0.6345078945159912,0.7214285731315613,0.6000000238418579
5,1,43,0.5626859664916992,0.6313889026641846,0.5626859664916992,0.6313889026641846,0.7285714149475098,0.6000000238418579
5,1,44,0.5592857003211975,0.628259003162384,0.5592857003211975,0.628259003162384,0.7285714149475098,0.6000000238418579
5,1,45,0.5558557510375977,0.6251561641693115,0.5558557510375977,0.6251561641693115,0.7285714149475098,0.6000000238418579
5,1,46,0.5523896217346191,0.6221198439598083,0.5523896217346191,0.6221198439598083,0.7285714149475098,0.6000000238418579
5,1,47,0.5488775372505188,0.619188666343689,0.5488775372505188,0.619188666343689,0.7214285731315613,0.6000000238418579
5,1,48,0.5453062057495117,0.6163987517356873,0.5453062057495117,0.6163987517356873,0.7285714149475098,0.6000000238418579
5,1,49,0.5416593551635742,0.6137803792953491,0.5416593551635742,0.6137803792953491,0.7285714149475098,0.6399999856948853
5,1,50,0.5379183292388916,0.6113569140434265,0.5379183292388916,0.6113569140434265,0.7428571581840515,0.6399999856948853
5,1,51,0.5340622663497925,0.609144389629364,0.5340622663497925,0.609144389629364,0.7428571581840515,0.6399999856948853
5,1,52,0.5300693511962891,0.6071508526802063,0.5300693511962891,0.6071508526802063,0.75,0.6399999856948853
5,1,53,0.5259164571762085,0.6053789258003235,0.5259164571762085,0.6053789258003235,0.7571428418159485,0.6399999856948853
5,1,54,0.5215793251991272,0.603826642036438,0.5215793251991272,0.603826642036438,0.75,0.6800000071525574
5,1,55,0.5170323252677917,0.6024901270866394,0.5170323252677917,0.6024901270866394,0.7642857432365417,0.7200000286102295
5,1,56,0.5122480988502502,0.6013646721839905,0.5122480988502502,0.6013646721839905,0.7642857432365417,0.7200000286102295
5,1,57,0.507197380065918,0.6004464030265808,0.507197380065918,0.6004464030265808,0.7714285850524902,0.7200000286102295
5,1,58,0.5018481612205505,0.5997322201728821,0.5018481612205505,0.5997322201728821,0.7714285850524902,0.7200000286102295
5,1,59,0.4961662292480469,0.5992204546928406,0.4961662292480469,0.5992204546928406,0.7785714268684387,0.7200000286102295
5,1,60,0.49011513590812683,0.598910391330719,0.49011513590812683,0.598910391330719,0.7785714268684387,0.7200000286102295
5,1,61,0.48365768790245056,0.5988034605979919,0.48365768790245056,0.5988034605979919,0.7928571701049805,0.7200000286102295
5,1,62,0.47675850987434387,0.5989053845405579,0.47675850987434387,0.5989053845405579,0.800000011920929,0.7200000286102295
5,1,63,0.46938836574554443,0.599231481552124,0.46938836574554443,0.599231481552124,0.7928571701049805,0.7200000286102295
5,1,64,0.4615309536457062,0.599814772605896,0.4615309536457062,0.599814772605896,0.7928571701049805,0.7200000286102295
5,1,65,0.4531925618648529,0.6007193922996521,0.4531925618648529,0.6007193922996521,0.8071428537368774,0.7200000286102295
5,1,66,0.4444129168987274,0.6020562648773193,0.4444129168987274,0.6020562648773193,0.8142856955528259,0.7200000286102295
5,1,67,0.43527379631996155,0.6039942502975464,0.43527379631996155,0.6039942502975464,0.8214285969734192,0.7200000286102295
5,1,68,0.4258979558944702,0.6067500114440918,0.4258979558944702,0.6067500114440918,0.8214285969734192,0.6800000071525574
5,1,69,0.4164295494556427,0.610530436038971,0.4164295494556427,0.610530436038971,0.8142856955528259,0.6800000071525574
5,1,70,0.4069943428039551,0.6154311299324036,0.4069943428039551,0.6154311299324036,0.8142856955528259,0.6399999856948853
5,1,71,0.39765188097953796,0.6213693618774414,0.39765188097953796,0.6213693618774414,0.8142856955528259,0.6399999856948853
5,1,72,0.38837364315986633,0.6281569004058838,0.38837364315986633,0.6281569004058838,0.8357142806053162,0.6399999856948853
5,1,73,0.37907832860946655,0.6356698274612427,0.37907832860946655,0.6356698274612427,0.8428571224212646,0.6399999856948853
5,1,74,0.3697023093700409,0.6439328789710999,0.3697023093700409,0.6439328789710999,0.8642857074737549,0.6399999856948853
5,1,75,0.36022472381591797,0.6530391573905945,0.36022472381591797,0.6530391573905945,0.8785714507102966,0.7599999904632568
5,1,76,0.35063818097114563,0.663047730922699,0.35063818097114563,0.663047730922699,0.8857142925262451,0.7599999904632568
5,1,77,0.3409266173839569,0.6740148663520813,0.3409266173839569,0.6740148663520813,0.8857142925262451,0.7599999904632568
5,1,78,0.3310714364051819,0.6860651969909668,0.3310714364051819,0.6860651969909668,0.8928571343421936,0.7599999904632568
5,1,79,0.32106462121009827,0.6993372440338135,0.32106462121009827,0.6993372440338135,0.8999999761581421,0.7599999904632568
5,1,80,0.31091102957725525,0.7138640880584717,0.31091102957725525,0.7138640880584717,0.8999999761581421,0.7599999904632568
5,1,81,0.3006264269351959,0.7295770049095154,0.3006264269351959,0.7295770049095154,0.8999999761581421,0.7599999904632568
5,1,82,0.29024359583854675,0.7463968396186829,0.29024359583854675,0.7463968396186829,0.9071428775787354,0.7200000286102295
5,1,83,0.2798305153846741,0.7642307281494141,0.2798305153846741,0.7642307281494141,0.9142857193946838,0.7200000286102295
5,1,84,0.26949015259742737,0.7829040288925171,0.26949015259742737,0.7829040288925171,0.9142857193946838,0.7599999904632568
5,1,85,0.25933507084846497,0.8022119998931885,0.25933507084846497,0.8022119998931885,0.9142857193946838,0.7599999904632568
5,1,86,0.2494763284921646,0.8219959735870361,0.2494763284921646,0.8219959735870361,0.9142857193946838,0.7599999904632568
6,1,1,0.7037544250488281,0.6743770837783813,0.7037544250488281,0.6743770837783813,0.4357142746448517,0.6800000071525574
6,1,2,0.6923930644989014,0.6686222553253174,0.6923930644989014,0.6686222553253174,0.5785714387893677,0.6399999856948853
6,1,3,0.6860226392745972,0.666404664516449,0.6860226392745972,0.666404664516449,0.5714285969734192,0.6000000238418579
6,1,4,0.6816855072975159,0.665803074836731,0.6816855072975159,0.665803074836731,0.5857142806053162,0.6000000238418579
6,1,5,0.6777657270431519,0.6657700538635254,0.6777657270431519,0.6657700538635254,0.6000000238418579,0.6000000238418579
6,1,6,0.6737399697303772,0.665999174118042,0.6737399697303772,0.665999174118042,0.6071428656578064,0.6000000238418579
6,1,7,0.669712483882904,0.6664276123046875,0.669712483882904,0.6664276123046875,0.6071428656578064,0.6000000238418579
6,1,8,0.6658506393432617,0.6669332385063171,0.6658506393432617,0.6669332385063171,0.6071428656578064,0.6000000238418579
6,1,9,0.6621549725532532,0.6673500537872314,0.6621549725532532,0.6673500537872314,0.6071428656578064,0.6000000238418579
6,1,10,0.6585293412208557,0.6675965785980225,0.6585293412208557,0.6675965785980225,0.6071428656578064,0.6000000238418579
6,1,11,0.6549063920974731,0.6677150130271912,0.6549063920974731,0.6677150130271912,0.6071428656578064,0.6000000238418579
6,1,12,0.651278555393219,0.6678061485290527,0.651278555393219,0.6678061485290527,0.6071428656578064,0.6000000238418579
6,1,13,0.6476557850837708,0.6679533123970032,0.6476557850837708,0.6679533123970032,0.6071428656578064,0.6000000238418579
6,1,14,0.644034206867218,0.6681934595108032,0.644034206867218,0.6681934595108032,0.6071428656578064,0.6000000238418579
6,1,15,0.6403990983963013,0.668526828289032,0.6403990983963013,0.668526828289032,0.6071428656578064,0.6000000238418579
6,1,16,0.6367368698120117,0.6689325571060181,0.6367368698120117,0.6689325571060181,0.6214285492897034,0.6000000238418579
6,1,17,0.6330358386039734,0.6693828701972961,0.6330358386039734,0.6693828701972961,0.6285714507102966,0.6399999856948853
6,1,18,0.6292822360992432,0.6698572635650635,0.6292822360992432,0.6698572635650635,0.6357142925262451,0.6800000071525574
6,1,19,0.6254589557647705,0.6703534722328186,0.6254589557647705,0.6703534722328186,0.6428571343421936,0.6800000071525574
6,1,20,0.6215494275093079,0.6708891987800598,0.6215494275093079,0.6708891987800598,0.6357142925262451,0.6800000071525574
6,1,21,0.61753910779953,0.6714916825294495,0.61753910779953,0.6714916825294495,0.6499999761581421,0.6399999856948853
6,1,22,0.613415002822876,0.6721880435943604,0.613415002822876,0.6721880435943604,0.6499999761581421,0.6399999856948853
6,1,23,0.609165608882904,0.6729975342750549,0.609165608882904,0.6729975342750549,0.6571428775787354,0.6399999856948853
6,1,24,0.6047804355621338,0.673933207988739,0.6047804355621338,0.673933207988739,0.6499999761581421,0.6399999856948853
6,1,25,0.6002500057220459,0.6750082969665527,0.6002500057220459,0.6750082969665527,0.6642857193946838,0.6399999856948853
6,1,26,0.5955667495727539,0.6762436032295227,0.5955667495727539,0.6762436032295227,0.6714285612106323,0.6000000238418579
6,1,27,0.5907264947891235,0.677669882774353,0.5907264947891235,0.677669882774353,0.6857143044471741,0.6000000238418579
6,1,28,0.5857322216033936,0.6793228387832642,0.5857322216033936,0.6793228387832642,0.6714285612106323,0.6399999856948853
6,1,29,0.5805961489677429,0.6812325119972229,0.5805961489677429,0.6812325119972229,0.6714285612106323,0.6000000238418579
6,1,30,0.5753418207168579,0.6834153532981873,0.5753418207168579,0.6834153532981873,0.6857143044471741,0.6000000238418579
7,1,1,0.6951268315315247,0.6997525095939636,0.6951268315315247,0.6997525095939636,0.4571428596973419,0.5199999809265137
7,1,2,0.6787570118904114,0.6918990612030029,0.6787570118904114,0.6918990612030029,0.5857142806053162,0.6000000238418579
7,1,3,0.6693692207336426,0.6897149085998535,0.6693692207336426,0.6897149085998535,0.6071428656578064,0.5600000023841858
7,1,4,0.6644296050071716,0.6903917193412781,0.6644296050071716,0.6903917193412781,0.6071428656578064,0.6000000238418579
7,1,5,0.6615250706672668,0.6916921138763428,0.6615250706672668,0.6916921138763428,0.6071428656578064,0.6000000238418579
7,1,6,0.6589667201042175,0.6925215125083923,0.6589667201042175,0.6925215125083923,0.6071428656578064,0.6000000238418579
7,1,7,0.6560528874397278,0.6927441954612732,0.6560528874397278,0.6927441954612732,0.6142857074737549,0.6000000238418579
7,1,8,0.6527745127677917,0.6926637291908264,0.6527745127677917,0.6926637291908264,0.6142857074737549,0.6399999856948853
7,1,9,0.6493672728538513,0.6926017999649048,0.6493672728538513,0.6926017999649048,0.6142857074737549,0.6399999856948853
7,1,10,0.6460181474685669,0.6927269697189331,0.6460181474685669,0.6927269697189331,0.6214285492897034,0.6399999856948853
7,1,11,0.6427831053733826,0.6930683255195618,0.6427831053733826,0.6930683255195618,0.6071428656578064,0.6399999856948853
7,1,12,0.6396307349205017,0.6935917139053345,0.6396307349205017,0.6935917139053345,0.6071428656578064,0.6399999856948853
7,1,13,0.6365086436271667,0.6942582130432129,0.6365086436271667,0.6942582130432129,0.6214285492897034,0.6399999856948853
7,1,14,0.6333779692649841,0.6950419545173645,0.6333779692649841,0.6950419545173645,0.6285714507102966,0.6399999856948853
7,1,15,0.6302144527435303,0.6959274411201477,0.6302144527435303,0.6959274411201477,0.6285714507102966,0.6399999856948853
7,1,16,0.6269984841346741,0.6969038248062134,0.6269984841346741,0.6969038248062134,0.6285714507102966,0.6399999856948853
7,1,17,0.623708963394165,0.697966992855072,0.623708963394165,0.697966992855072,0.6285714507102966,0.6399999856948853
7,1,18,0.6203252077102661,0.6991230845451355,0.6203252077102661,0.6991230845451355,0.6285714507102966,0.6399999856948853
7,1,19,0.6168307065963745,0.7003889679908752,0.6168307065963745,0.7003889679908752,0.6357142925262451,0.6399999856948853
7,1,20,0.6132138967514038,0.7017902135848999,0.6132138967514038,0.7017902135848999,0.6428571343421936,0.6399999856948853
7,1,21,0.6094658374786377,0.7033563256263733,0.6094658374786377,0.7033563256263733,0.6499999761581421,0.6399999856948853
7,1,22,0.605577826499939,0.7051180005073547,0.605577826499939,0.7051180005073547,0.6499999761581421,0.6399999856948853
7,1,23,0.601540207862854,0.7071077227592468,0.601540207862854,0.7071077227592468,0.6714285612106323,0.6000000238418579
7,1,24,0.5973420143127441,0.7093599438667297,0.5973420143127441,0.7093599438667297,0.6642857193946838,0.6000000238418579
7,1,25,0.5929730534553528,0.7119146585464478,0.5929730534553528,0.7119146585464478,0.6571428775787354,0.6000000238418579
7,1,26,0.5884252190589905,0.7148175835609436,0.5884252190589905,0.7148175835609436,0.6571428775787354,0.5600000023841858
7,1,27,0.5836936831474304,0.7181210517883301,0.5836936831474304,0.7181210517883301,0.6714285612106323,0.5600000023841858
7,1,28,0.5787796974182129,0.7218844890594482,0.5787796974182129,0.7218844890594482,0.6857143044471741,0.5600000023841858
8,1,1,0.6781836748123169,0.6505220532417297,0.6781836748123169,0.6505220532417297,0.5571428537368774,0.6399999856948853
8,1,2,0.6715894937515259,0.6486830711364746,0.6715894937515259,0.6486830711364746,0.6428571343421936,0.6399999856948853
8,1,3,0.6677865386009216,0.6478867530822754,0.6677865386009216,0.6478867530822754,0.6214285492897034,0.6800000071525574
8,1,4,0.6646556854248047,0.647564709186554,0.6646556854248047,0.647564709186554,0.6285714507102966,0.6800000071525574
8,1,5,0.661854088306427,0.6474878191947937,0.661854088306427,0.6474878191947937,0.6357142925262451,0.6800000071525574
8,1,6,0.659249484539032,0.6475411057472229,0.659249484539032,0.6475411057472229,0.6357142925262451,0.6800000071525574
8,1,7,0.656777560710907,0.6476553082466125,0.656777560710907,0.6476553082466125,0.6357142925262451,0.6800000071525574
8,1,8,0.6543968319892883,0.647783100605011,0.6543968319892883,0.647783100605011,0.6357142925262451,0.6800000071525574
8,1,9,0.6520744562149048,0.6478933691978455,0.6520744562149048,0.6478933691978455,0.6357142925262451,0.6800000071525574
8,1,10,0.649785041809082,0.6479702591896057,0.649785041809082,0.6479702591896057,0.6285714507102966,0.6800000071525574
8,1,11,0.6475121378898621,0.6480108499526978,0.6475121378898621,0.6480108499526978,0.6142857074737549,0.7200000286102295
8,1,12,0.6452471017837524,0.6480213403701782,0.6452471017837524,0.6480213403701782,0.6214285492897034,0.7200000286102295
8,1,13,0.6429867148399353,0.6480123996734619,0.6429867148399353,0.6480123996734619,0.6214285492897034,0.7200000286102295
8,1,14,0.6407303810119629,0.6479950547218323,0.6407303810119629,0.6479950547218323,0.6357142925262451,0.7200000286102295
8,1,15,0.6384775638580322,0.6479790210723877,0.6384775638580322,0.6479790210723877,0.6428571343421936,0.6399999856948853
8,1,16,0.6362267136573792,0.6479707956314087,0.6362267136573792,0.6479707956314087,0.6428571343421936,0.6399999856948853
8,1,17,0.6339742541313171,0.6479744911193848,0.6339742541313171,0.6479744911193848,0.6642857193946838,0.6399999856948853
8,1,18,0.631715714931488,0.6479920744895935,0.631715714931488,0.6479920744895935,0.6499999761581421,0.7200000286102295
8,1,19,0.6294455528259277,0.6480244398117065,0.6294455528259277,0.6480244398117065,0.6499999761581421,0.7200000286102295
8,1,20,0.6271578073501587,0.6480724215507507,0.6271578073501587,0.6480724215507507,0.6499999761581421,0.7200000286102295
8,1,21,0.6248467564582825,0.6481372117996216,0.6248467564582825,0.6481372117996216,0.6357142925262451,0.7200000286102295
8,1,22,0.6225069761276245,0.6482205390930176,0.6225069761276245,0.6482205390930176,0.6428571343421936,0.7200000286102295
8,1,23,0.6201339960098267,0.6483254432678223,0.6201339960098267,0.6483254432678223,0.6428571343421936,0.7200000286102295
8,1,24,0.617723822593689,0.6484557390213013,0.617723822593689,0.6484557390213013,0.6428571343421936,0.7200000286102295
8,1,25,0.6152737736701965,0.6486164331436157,0.6152737736701965,0.6486164331436157,0.6499999761581421,0.7200000286102295
8,1,26,0.6127815842628479,0.6488128900527954,0.6127815842628479,0.6488128900527954,0.6642857193946838,0.7200000286102295
8,1,27,0.6102460622787476,0.6490511298179626,0.6102460622787476,0.6490511298179626,0.6714285612106323,0.7200000286102295
8,1,28,0.6076666712760925,0.6493374109268188,0.6076666712760925,0.6493374109268188,0.6642857193946838,0.7200000286102295
8,1,29,0.6050440073013306,0.6496779918670654,0.6050440073013306,0.6496779918670654,0.6571428775787354,0.7200000286102295
8,1,30,0.6023792624473572,0.6500794291496277,0.6023792624473572,0.6500794291496277,0.6571428775787354,0.7200000286102295
9,1,1,0.7327279448509216,0.7162414789199829,0.7327279448509216,0.7162414789199829,0.4357142746448517,0.4000000059604645
9,1,2,0.7097327709197998,0.700080156326294,0.7097327709197998,0.700080156326294,0.4214285612106323,0.5199999809265137
9,1,3,0.6944221258163452,0.6899293661117554,0.6944221258163452,0.6899293661117554,0.4571428596973419,0.5199999809265137
9,1,4,0.6844582557678223,0.6839741468429565,0.6844582557678223,0.6839741468429565,0.550000011920929,0.5199999809265137
9,1,5,0.6782022714614868,0.6805635690689087,0.6782022714614868,0.6805635690689087,0.6000000238418579,0.6000000238418579
9,1,6,0.6742274761199951,0.6784436702728271,0.6742274761199951,0.6784436702728271,0.6000000238418579,0.6399999856948853
9,1,7,0.6714749932289124,0.6768362522125244,0.6714749932289124,0.6768362522125244,0.6142857074737549,0.6000000238418579
9,1,8,0.6692878603935242,0.6753640174865723,0.6692878603935242,0.6753640174865723,0.6071428656578064,0.6000000238418579
9,1,9,0.6673310399055481,0.6739051938056946,0.6673310399055481,0.6739051938056946,0.6071428656578064,0.6000000238418579
9,1,10,0.6654688119888306,0.6724573373794556,0.6654688119888306,0.6724573373794556,0.6071428656578064,0.6000000238418579
9,1,11,0.6636597514152527,0.6710483431816101,0.6636597514152527,0.6710483431816101,0.6000000238418579,0.6000000238418579
9,1,12,0.661890983581543,0.669695258140564,0.661890983581543,0.669695258140564,0.6071428656578064,0.5600000023841858
9,1,13,0.6601510047912598,0.6683968305587769,0.6601510047912598,0.6683968305587769,0.6071428656578064,0.5600000023841858
9,1,14,0.6584249138832092,0.6671404838562012,0.6584249138832092,0.6671404838562012,0.6071428656578064,0.5600000023841858
9,1,15,0.6566975116729736,0.6659109592437744,0.6566975116729736,0.6659109592437744,0.6142857074737549,0.5600000023841858
9,1,16,0.6549578905105591,0.664696455001831,0.6549578905105591,0.664696455001831,0.6214285492897034,0.5600000023841858
9,1,17,0.653201162815094,0.6634902954101562,0.653201162815094,0.6634902954101562,0.6214285492897034,0.5600000023841858
9,1,18,0.6514267921447754,0.6622902750968933,0.6514267921447754,0.6622902750968933,0.6357142925262451,0.5600000023841858
9,1,19,0.6496372818946838,0.6610963344573975,0.6496372818946838,0.6610963344573975,0.6357142925262451,0.5600000023841858
9,1,20,0.6478353142738342,0.6599094271659851,0.6478353142738342,0.6599094271659851,0.6357142925262451,0.5600000023841858
9,1,21,0.6460227966308594,0.6587297916412354,0.6460227966308594,0.6587297916412354,0.6357142925262451,0.5600000023841858
9,1,22,0.644200325012207,0.6575572490692139,0.644200325012207,0.6575572490692139,0.6428571343421936,0.6000000238418579
9,1,23,0.642366886138916,0.656390368938446,0.642366886138916,0.656390368938446,0.6428571343421936,0.6000000238418579
9,1,24,0.6405203938484192,0.6552273035049438,0.6405203938484192,0.6552273035049438,0.6499999761581421,0.6000000238418579
9,1,25,0.6386581063270569,0.6540653705596924,0.6386581063270569,0.6540653705596924,0.6499999761581421,0.6000000238418579
9,1,26,0.6367763876914978,0.652901828289032,0.6367763876914978,0.652901828289032,0.6642857193946838,0.6000000238418579
9,1,27,0.6348720788955688,0.6517333984375,0.6348720788955688,0.6517333984375,0.6642857193946838,0.6000000238418579
9,1,28,0.6329411864280701,0.6505568027496338,0.6329411864280701,0.6505568027496338,0.6714285612106323,0.6000000238418579
9,1,29,0.6309801936149597,0.6493688225746155,0.6309801936149597,0.6493688225746155,0.6714285612106323,0.6000000238418579
9,1,30,0.6289856433868408,0.6481661200523376,0.6289856433868408,0.6481661200523376,0.6714285612106323,0.6000000238418579
9,1,31,0.6269540786743164,0.6469456553459167,0.6269540786743164,0.6469456553459167,0.6785714030265808,0.5600000023841858
9,1,32,0.624882161617279,0.6457042098045349,0.624882161617279,0.6457042098045349,0.6785714030265808,0.5600000023841858
9,1,33,0.6227666139602661,0.6444388628005981,0.6227666139602661,0.6444388628005981,0.6785714030265808,0.5600000023841858
9,1,34,0.6206039786338806,0.6431465148925781,0.6206039786338806,0.6431465148925781,0.6714285612106323,0.5600000023841858
9,1,35,0.6183911561965942,0.6418240070343018,0.6183911561965942,0.6418240070343018,0.6714285612106323,0.5600000023841858
9,1,36,0.6161248087882996,0.6404686570167542,0.6161248087882996,0.6404686570167542,0.6714285612106323,0.5600000023841858
9,1,37,0.6138014793395996,0.6390772461891174,0.6138014793395996,0.6390772461891174,0.6785714030265808,0.5600000023841858
9,1,38,0.6114180684089661,0.6376472115516663,0.6114180684089661,0.6376472115516663,0.6785714030265808,0.5600000023841858
9,1,39,0.6089716553688049,0.6361759305000305,0.6089716553688049,0.6361759305000305,0.6857143044471741,0.6000000238418579
9,1,40,0.6064593195915222,0.6346616148948669,0.6064593195915222,0.6346616148948669,0.6785714030265808,0.6000000238418579
9,1,41,0.6038785576820374,0.6331030130386353,0.6038785576820374,0.6331030130386353,0.6642857193946838,0.6000000238418579
9,1,42,0.6012275218963623,0.6314998865127563,0.6012275218963623,0.6314998865127563,0.6714285612106323,0.6000000238418579
9,1,43,0.5985047221183777,0.6298533082008362,0.5985047221183777,0.6298533082008362,0.6714285612106323,0.6399999856948853
9,1,44,0.5957098007202148,0.6281660199165344,0.5957098007202148,0.6281660199165344,0.6642857193946838,0.6399999856948853
9,1,45,0.5928429961204529,0.6264429688453674,0.5928429961204529,0.6264429688453674,0.6642857193946838,0.6399999856948853
9,1,46,0.589905858039856,0.6246914267539978,0.589905858039856,0.6246914267539978,0.6714285612106323,0.6399999856948853
9,1,47,0.5869008302688599,0.6229215264320374,0.5869008302688599,0.6229215264320374,0.6642857193946838,0.6399999856948853
9,1,48,0.5838313698768616,0.6211464405059814,0.5838313698768616,0.6211464405059814,0.6642857193946838,0.6399999856948853
9,1,49,0.5807017683982849,0.6193825006484985,0.5807017683982849,0.6193825006484985,0.6714285612106323,0.6399999856948853
9,1,50,0.5775166153907776,0.6176488399505615,0.5775166153907776,0.6176488399505615,0.6714285612106323,0.6399999856948853
9,1,51,0.5742805600166321,0.6159670948982239,0.5742805600166321,0.6159670948982239,0.6785714030265808,0.6399999856948853
9,1,52,0.5709970593452454,0.6143601536750793,0.5709970593452454,0.6143601536750793,0.6857143044471741,0.6000000238418579
9,1,53,0.5676679611206055,0.6128508448600769,0.5676679611206055,0.6128508448600769,0.6857143044471741,0.6000000238418579
9,1,54,0.5642925500869751,0.6114606857299805,0.5642925500869751,0.6114606857299805,0.6857143044471741,0.6000000238418579
9,1,55,0.5608665943145752,0.61020827293396,0.5608665943145752,0.61020827293396,0.6928571462631226,0.6000000238418579
9,1,56,0.5573828220367432,0.6091086864471436,0.5573828220367432,0.6091086864471436,0.7071428298950195,0.6000000238418579
9,1,57,0.5538306832313538,0.6081728935241699,0.5538306832313538,0.6081728935241699,0.7071428298950195,0.6000000238418579
9,1,58,0.550197422504425,0.6074087023735046,0.550197422504425,0.6074087023735046,0.6928571462631226,0.6000000238418579
9,1,59,0.5464692711830139,0.6068220734596252,0.5464692711830139,0.6068220734596252,0.699999988079071,0.6000000238418579
9,1,60,0.5426327586174011,0.6064192056655884,0.5426327586174011,0.6064192056655884,0.7071428298950195,0.6000000238418579
9,1,61,0.5386756658554077,0.6062087416648865,0.5386756658554077,0.6062087416648865,0.7214285731315613,0.6000000238418579
9,1,62,0.5345880389213562,0.6062039732933044,0.5345880389213562,0.6062039732933044,0.7285714149475098,0.6000000238418579
9,1,63,0.5303624272346497,0.6064249277114868,0.5303624272346497,0.6064249277114868,0.7285714149475098,0.6000000238418579
9,1,64,0.5259936451911926,0.6068995594978333,0.5259936451911926,0.6068995594978333,0.7285714149475098,0.6000000238418579
9,1,65,0.5214792490005493,0.6076642870903015,0.5214792490005493,0.6076642870903015,0.7357142567634583,0.6000000238418579
9,1,66,0.5168187618255615,0.6087637543678284,0.5168187618255615,0.6087637543678284,0.7357142567634583,0.6399999856948853
9,1,67,0.5120142698287964,0.6102499961853027,0.5120142698287964,0.6102499961853027,0.7285714149475098,0.6000000238418579
9,1,68,0.5070707201957703,0.6121801733970642,0.5070707201957703,0.6121801733970642,0.75,0.6000000238418579
9,1,69,0.5019965171813965,0.6146137714385986,0.5019965171813965,0.6146137714385986,0.75,0.6000000238418579
9,1,70,0.49680420756340027,0.6176068782806396,0.49680420756340027,0.6176068782806396,0.7785714268684387,0.6000000238418579
9,1,71,0.49151065945625305,0.6212064623832703,0.49151065945625305,0.6212064623832703,0.7785714268684387,0.6399999856948853
9,1,72,0.4861374497413635,0.6254432201385498,0.4861374497413635,0.6254432201385498,0.7785714268684387,0.6399999856948853
9,1,73,0.4807092249393463,0.6303237676620483,0.4807092249393463,0.6303237676620483,0.7785714268684387,0.6800000071525574
9,1,74,0.47525325417518616,0.6358261108398438,0.47525325417518616,0.6358261108398438,0.7785714268684387,0.6399999856948853
9,1,75,0.46979647874832153,0.6418982744216919,0.46979647874832153,0.6418982744216919,0.7785714268684387,0.6399999856948853
9,1,76,0.4643639028072357,0.6484636068344116,0.4643639028072357,0.6484636068344116,0.7857142686843872,0.6399999856948853
9,1,77,0.458976686000824,0.6554293036460876,0.458976686000824,0.6554293036460876,0.7785714268684387,0.6399999856948853
9,1,78,0.45365095138549805,0.6627002954483032,0.45365095138549805,0.6627002954483032,0.7928571701049805,0.6399999856948853
9,1,79,0.4483974575996399,0.6701897382736206,0.4483974575996399,0.6701897382736206,0.7857142686843872,0.6399999856948853
9,1,80,0.44322144985198975,0.6778284311294556,0.44322147965431213,0.6778284311294556,0.7928571701049805,0.6399999856948853
9,1,81,0.4381228983402252,0.6855683326721191,0.4381228983402252,0.6855683326721191,0.800000011920929,0.6399999856948853
9,1,82,0.43309715390205383,0.6933795809745789,0.43309715390205383,0.6933795809745789,0.7928571701049805,0.6399999856948853
9,1,83,0.42813539505004883,0.7012487053871155,0.42813539505004883,0.7012487053871155,0.7928571701049805,0.6399999856948853
9,1,84,0.42322543263435364,0.7091720700263977,0.42322543263435364,0.7091720700263977,0.800000011920929,0.6399999856948853
9,1,85,0.4183526933193207,0.7171518802642822,0.4183526933193207,0.7171518802642822,0.8142856955528259,0.6000000238418579
9,1,86,0.4135012626647949,0.7251939177513123,0.4135012626647949,0.7251939177513123,0.8142856955528259,0.6000000238418579
10,1,1,0.700219988822937,0.6979026794433594,0.700219988822937,0.6979026794433594,0.4714285731315613,0.47999998927116394
10,1,2,0.6893817186355591,0.6923040747642517,0.6893817186355591,0.6923040747642517,0.5571428537368774,0.6000000238418579
10,1,3,0.683282732963562,0.6901882886886597,0.683282732963562,0.6901882886886597,0.5857142806053162,0.6000000238418579
10,1,4,0.6798518896102905,0.6898127794265747,0.6798518896102905,0.6898127794265747,0.5928571224212646,0.6000000238418579
10,1,5,0.67782062292099,0.6897924542427063,0.67782062292099,0.6897924542427063,0.5928571224212646,0.6000000238418579
10,1,6,0.6762320399284363,0.6893203258514404,0.6762320399284363,0.6893203258514404,0.5928571224212646,0.6000000238418579
10,1,7,0.6745421886444092,0.6881363391876221,0.6745421886444092,0.6881363391876221,0.5928571224212646,0.6000000238418579
10,1,8,0.6725676655769348,0.6863354444503784,0.6725676655769348,0.6863354444503784,0.5928571224212646,0.6000000238418579
10,1,9,0.6703429222106934,0.6841552257537842,0.6703429222106934,0.6841552257537842,0.5928571224212646,0.6000000238418579
10,1,10,0.6679818034172058,0.6818289756774902,0.6679818034172058,0.6818289756774902,0.5928571224212646,0.6000000238418579
10,1,11,0.6655912399291992,0.6795213222503662,0.6655912399291992,0.6795213222503662,0.5928571224212646,0.6000000238418579
10,1,12,0.6632383465766907,0.6773199439048767,0.6632383465766907,0.6773199439048767,0.5928571224212646,0.6000000238418579
10,1,13,0.6609517335891724,0.6752540469169617,0.6609517335891724,0.6752540469169617,0.5928571224212646,0.6000000238418579
10,1,14,0.6587342619895935,0.6733181476593018,0.6587342619895935,0.6733181476593018,0.5928571224212646,0.6000000238418579
10,1,15,0.656575620174408,0.6714891195297241,0.656575620174408,0.6714891195297241,0.5928571224212646,0.6000000238418579
10,1,16,0.6544607281684875,0.669736921787262,0.6544607281684875,0.669736921787262,0.5928571224212646,0.6000000238418579
10,1,17,0.652373731136322,0.6680316925048828,0.652373731136322,0.6680316925048828,0.5928571224212646,0.6000000238418579
10,1,18,0.6502991318702698,0.6663461327552795,0.6502991318702698,0.6663461327552795,0.5928571224212646,0.6000000238418579
10,1,19,0.6482234597206116,0.6646580696105957,0.6482234597206116,0.6646580696105957,0.5928571224212646,0.6000000238418579
10,1,20,0.6461350321769714,0.6629508137702942,0.6461350321769714,0.6629508137702942,0.5928571224212646,0.6000000238418579
10,1,21,0.644024670124054,0.6612136960029602,0.644024670124054,0.6612136960029602,0.5928571224212646,0.6000000238418579
10,1,22,0.64188551902771,0.659440279006958,0.64188551902771,0.659440279006958,0.5928571224212646,0.6000000238418579
10,1,23,0.6397123336791992,0.6576273441314697,0.6397123336791992,0.6576273441314697,0.5928571224212646,0.6000000238418579
10,1,24,0.6375010013580322,0.6557733416557312,0.6375010013580322,0.6557733416557312,0.5928571224212646,0.6000000238418579
10,1,25,0.6352475881576538,0.6538770794868469,0.6352475881576538,0.6538770794868469,0.6071428656578064,0.6000000238418579
10,1,26,0.6329479813575745,0.6519366502761841,0.6329479813575745,0.6519366502761841,0.6071428656578064,0.6000000238418579
10,1,27,0.6305972933769226,0.6499491333961487,0.6305972933769226,0.6499491333961487,0.6071428656578064,0.6000000238418579
10,1,28,0.6281893849372864,0.647909939289093,0.6281893849372864,0.647909939289093,0.6285714507102966,0.6000000238418579
10,1,29,0.6257172226905823,0.6458137035369873,0.6257172226905823,0.6458137035369873,0.6285714507102966,0.6000000238418579
10,1,30,0.6231722831726074,0.6436536312103271,0.6231722831726074,0.6436536312103271,0.6357142925262451,0.6000000238418579
10,1,31,0.6205452084541321,0.6414229869842529,0.6205452084541321,0.6414229869842529,0.6357142925262451,0.6000000238418579
10,1,32,0.6178253889083862,0.6391142010688782,0.6178253889083862,0.6391142010688782,0.6357142925262451,0.6000000238418579
10,1,33,0.6150012612342834,0.6367202997207642,0.6150012612342834,0.6367202997207642,0.6499999761581421,0.6000000238418579
10,1,34,0.6120599508285522,0.6342345476150513,0.6120599508285522,0.6342345476150513,0.6714285612106323,0.6000000238418579
10,1,35,0.6089877486228943,0.6316513419151306,0.6089877486228943,0.6316513419151306,0.6714285612106323,0.6000000238418579
10,1,36,0.6057697534561157,0.6289661526679993,0.6057697534561157,0.6289661526679993,0.6714285612106323,0.6399999856948853
10,1,37,0.602389395236969,0.6261762976646423,0.602389395236969,0.6261762976646423,0.6785714030265808,0.6800000071525574
10,1,38,0.598829448223114,0.6232815980911255,0.598829448223114,0.6232815980911255,0.6857143044471741,0.6800000071525574
10,1,39,0.5950708389282227,0.6202852725982666,0.5950708389282227,0.6202852725982666,0.699999988079071,0.6800000071525574
10,1,40,0.591093897819519,0.617195188999176,0.591093897819519,0.617195188999176,0.7071428298950195,0.6800000071525574
10,1,41,0.5868780016899109,0.6140260100364685,0.5868780016899109,0.6140260100364685,0.7071428298950195,0.6800000071525574
10,1,42,0.5824028849601746,0.6108012795448303,0.5824028849601746,0.6108012795448303,0.7142857313156128,0.6800000071525574
10,1,43,0.5776498913764954,0.6075565218925476,0.5776498913764954,0.6075565218925476,0.7142857313156128,0.6399999856948853
10,1,44,0.572603702545166,0.6043424606323242,0.572603702545166,0.6043424606323242,0.7071428298950195,0.6399999856948853
10,1,45,0.5672551393508911,0.601228654384613,0.5672551393508911,0.601228654384613,0.699999988079071,0.6399999856948853
10,1,46,0.5616047382354736,0.5983059406280518,0.5616047382354736,0.5983059406280518,0.7071428298950195,0.6399999856948853
10,1,47,0.5556668639183044,0.5956873893737793,0.5556668639183044,0.5956873893737793,0.7071428298950195,0.6399999856948853
10,1,48,0.5494726896286011,0.5935043692588806,0.5494726896286011,0.5935043692588806,0.699999988079071,0.6000000238418579
10,1,49,0.5430726408958435,0.591896653175354,0.5430726408958435,0.591896653175354,0.7071428298950195,0.5600000023841858
10,1,50,0.5365346074104309,0.590995192527771,0.5365346074104309,0.590995192527771,0.7214285731315613,0.6800000071525574
10,1,51,0.5299388766288757,0.5908989906311035,0.5299388766288757,0.5908989906311035,0.7214285731315613,0.6800000071525574
10,1,52,0.5233687162399292,0.59165358543396,0.5233687162399292,0.59165358543396,0.7285714149475098,0.6399999856948853
10,1,53,0.5169009566307068,0.59324049949646,0.5169009566307068,0.59324049949646,0.7285714149475098,0.6800000071525574
10,1,54,0.5105984807014465,0.5955848097801208,0.5105984807014465,0.5955848097801208,0.7357142567634583,0.7200000286102295
10,1,55,0.5045068264007568,0.5985754132270813,0.5045068264007568,0.5985754132270813,0.75,0.7200000286102295
10,1,56,0.49865487217903137,0.6020871996879578,0.49865487217903137,0.6020871996879578,0.7642857432365417,0.7200000286102295
10,1,57,0.49305784702301025,0.6059948205947876,0.49305784702301025,0.6059948205947876,0.7714285850524902,0.6800000071525574
10,1,58,0.48772233724594116,0.6101757287979126,0.48772233724594116,0.6101757287979126,0.7714285850524902,0.6800000071525574
10,1,59,0.4826485216617584,0.6145024299621582,0.4826485216617584,0.6145024299621582,0.7857142686843872,0.6800000071525574
10,1,60,0.47783011198043823,0.6188317537307739,0.47783011198043823,0.6188317537307739,0.7857142686843872,0.6800000071525574
10,1,61,0.47325390577316284,0.6230021715164185,0.47325390577316284,0.6230021715164185,0.7857142686843872,0.7200000286102295
10,1,62,0.46889790892601013,0.6268438696861267,0.46889790892601013,0.6268438696861267,0.7857142686843872,0.7200000286102295
10,1,63,0.4647301733493805,0.630199134349823,0.4647301733493805,0.630199134349823,0.7928571701049805,0.7200000286102295
10,1,64,0.46070921421051025,0.6329476833343506,0.46070921421051025,0.6329476833343506,0.7928571701049805,0.7200000286102295
10,1,65,0.45678895711898804,0.6350312232971191,0.45678895711898804,0.6350312232971191,0.7928571701049805,0.7200000286102295
10,1,66,0.4529265761375427,0.636462390422821,0.4529265761375427,0.636462390422821,0.7928571701049805,0.7200000286102295
10,1,67,0.44908803701400757,0.6373127102851868,0.44908803701400757,0.6373127102851868,0.7928571701049805,0.7200000286102295
10,1,68,0.44524845480918884,0.6376897096633911,0.44524845480918884,0.6376897096633911,0.800000011920929,0.7200000286102295
10,1,69,0.4413906931877136,0.6377099752426147,0.4413906931877136,0.6377099752426147,0.8071428537368774,0.7200000286102295
10,1,70,0.437502384185791,0.6374796628952026,0.437502384185791,0.6374796628952026,0.8071428537368774,0.7200000286102295
10,1,71,0.4335730969905853,0.6370841860771179,0.4335730969905853,0.6370841860771179,0.8071428537368774,0.7200000286102295
10,1,72,0.42959290742874146,0.6365873217582703,0.42959290742874146,0.6365873217582703,0.8071428537368774,0.7599999904632568
10,1,73,0.4255516529083252,0.636035680770874,0.4255516529083252,0.636035680770874,0.8071428537368774,0.7599999904632568
10,1,74,0.421438992023468,0.6354653835296631,0.421438992023468,0.6354653835296631,0.8142856955528259,0.7599999904632568
10,1,75,0.4172441363334656,0.6349076628684998,0.4172441363334656,0.6349076628684998,0.8142856955528259,0.7599999904632568
10,1,76,0.4129564166069031,0.6343916058540344,0.4129564166069031,0.6343916058540344,0.8214285969734192,0.7599999904632568
11,2,1,0.7121124267578125,0.698347806930542,0.7121124267578125,0.698347806930542,0.42446044087409973,0.4399999976158142
11,2,2,0.6954070329666138,0.6865029335021973,0.6954070329666138,0.6865029335021973,0.4892086386680603,0.6399999856948853
11,2,3,0.6844812035560608,0.6798000335693359,0.6844812035560608,0.6798000335693359,0.5467625856399536,0.5199999809265137
11,2,4,0.6779044270515442,0.6767368316650391,0.6779044270515442,0.6767368316650391,0.5827338099479675,0.5600000023841858
11,2,5,0.6742346286773682,0.6757282018661499,0.6742346286773682,0.6757282018661499,0.597122311592102,0.5600000023841858
11,2,6,0.6721151471138,0.6755319833755493,0.6721151471138,0.6755319833755493,0.5899280309677124,0.6000000238418579
11,2,7,0.6705566048622131,0.6754047870635986,0.6705566048622131,0.6754047870635986,0.5899280309677124,0.6000000238418579
11,2,8,0.6690096259117126,0.6750425696372986,0.6690096259117126,0.6750425696372986,0.597122311592102,0.6000000238418579
11,2,9,0.6672757863998413,0.6744198799133301,0.6672757863998413,0.6744198799133301,0.597122311592102,0.6000000238418579
11,2,10,0.665358304977417,0.6736305356025696,0.665358304977417,0.6736305356025696,0.597122311592102,0.6000000238418579
11,2,11,0.6633330583572388,0.6727825999259949,0.6633330583572388,0.6727825999259949,0.597122311592102,0.6000000238418579
11,2,12,0.6612740755081177,0.6719539761543274,0.6612740755081177,0.6719539761543274,0.6043165326118469,0.6000000238418579
11,2,13,0.659226655960083,0.671184241771698,0.659226655960083,0.671184241771698,0.597122311592102,0.6000000238418579
11,2,14,0.6572083234786987,0.6704861521720886,0.6572083234786987,0.6704861521720886,0.597122311592102,0.6000000238418579
11,2,15,0.6552201509475708,0.6698570847511292,0.6552201509475708,0.6698570847511292,0.597122311592102,0.6000000238418579
11,2,16,0.653255820274353,0.669288694858551,0.653255820274353,0.669288694858551,0.597122311592102,0.6000000238418579
11,2,17,0.651308000087738,0.6687707304954529,0.651308000087738,0.6687707304954529,0.6043165326118469,0.6000000238418579
11,2,18,0.6493692398071289,0.668292760848999,0.6493692398071289,0.668292760848999,0.6115108132362366,0.6000000238418579
11,2,19,0.6474326252937317,0.667844831943512,0.6474326252937317,0.667844831943512,0.6115108132362366,0.6000000238418579
11,2,20,0.6454912424087524,0.6674185395240784,0.6454912424087524,0.6674185395240784,0.6187050342559814,0.6000000238418579
11,2,21,0.6435384154319763,0.6670071482658386,0.6435384154319763,0.6670071482658386,0.6115108132362366,0.6000000238418579
11,2,22,0.6415680050849915,0.666606068611145,0.6415680050849915,0.666606068611145,0.6115108132362366,0.6000000238418579
11,2,23,0.6395744681358337,0.6662132740020752,0.6395744681358337,0.6662132740020752,0.6115108132362366,0.6000000238418579
11,2,24,0.6375529170036316,0.6658291816711426,0.6375529170036316,0.6658291816711426,0.6187050342559814,0.6000000238418579
11,2,25,0.6354995965957642,0.6654551029205322,0.6354995965957642,0.6654551029205322,0.6258992552757263,0.6000000238418579
11,2,26,0.6334108114242554,0.6650938987731934,0.6334108114242554,0.6650938987731934,0.6258992552757263,0.6000000238418579
11,2,27,0.6312831044197083,0.6647486090660095,0.6312831044197083,0.6647486090660095,0.6258992552757263,0.6000000238418579
11,2,28,0.6291128396987915,0.6644226312637329,0.6291128396987915,0.6644226312637329,0.6258992552757263,0.6000000238418579
11,2,29,0.626896321773529,0.6641191840171814,0.626896321773529,0.6641191840171814,0.6258992552757263,0.6000000238418579
11,2,30,0.6246292591094971,0.6638416051864624,0.6246292591094971,0.6638416051864624,0.6258992552757263,0.6000000238418579
11,2,31,0.6223070621490479,0.6635935306549072,0.6223071217536926,0.6635935306549072,0.6258992552757263,0.6000000238418579
11,2,32,0.6199247241020203,0.6633785367012024,0.6199247241020203,0.6633785367012024,0.633093535900116,0.6000000238418579
11,2,33,0.6174769401550293,0.6632012128829956,0.6174769401550293,0.6632012128829956,0.6474820375442505,0.5600000023841858
11,2,34,0.6149580478668213,0.6630671620368958,0.6149580478668213,0.6630671620368958,0.6618704795837402,0.5600000023841858
11,2,35,0.6123625636100769,0.6629831194877625,0.6123625636100769,0.6629831194877625,0.6762589812278748,0.5600000023841858
11,2,36,0.6096845269203186,0.6629573106765747,0.6096845269203186,0.6629573106765747,0.6834532618522644,0.6399999856948853
11,2,37,0.6069182753562927,0.6630001068115234,0.6069182753562927,0.6630001068115234,0.6906474828720093,0.6399999856948853
11,2,38,0.6040585041046143,0.6631239056587219,0.6040585041046143,0.6631239056587219,0.6978417038917542,0.6399999856948853
11,2,39,0.6011002063751221,0.6633434891700745,0.6011002063751221,0.6633434891700745,0.7194244861602783,0.6399999856948853
11,2,40,0.5980390310287476,0.6636761426925659,0.5980390310287476,0.6636761426925659,0.7194244861602783,0.6399999856948853
11,2,41,0.5948716998100281,0.6641420125961304,0.5948716998100281,0.6641420125961304,0.7338129281997681,0.6399999856948853
11,2,42,0.5915963053703308,0.6647639274597168,0.5915963053703308,0.6647639274597168,0.7338129281997681,0.6399999856948853
11,2,43,0.588212788105011,0.6655678749084473,0.588212788105011,0.6655678749084473,0.7338129281997681,0.6399999856948853
11,2,44,0.5847234725952148,0.6665824055671692,0.5847234725952148,0.6665824055671692,0.7338129281997681,0.6399999856948853
11,2,45,0.5811334252357483,0.6678380370140076,0.5811334252357483,0.6678380370140076,0.7338129281997681,0.6399999856948853
11,2,46,0.5774509310722351,0.6693664789199829,0.5774509310722351,0.6693664789199829,0.7553957104682922,0.6399999856948853
11,2,47,0.5736877918243408,0.6711983680725098,0.5736877918243408,0.6711983680725098,0.7482014298439026,0.6399999856948853
11,2,48,0.569858968257904,0.6733613014221191,0.569858968257904,0.6733613014221191,0.7482014298439026,0.6399999856948853
11,2,49,0.5659814476966858,0.6758757829666138,0.5659814476966858,0.6758757829666138,0.7482014298439026,0.6800000071525574
11,2,50,0.5620729327201843,0.6787518858909607,0.5620729327201843,0.6787518858909607,0.7482014298439026,0.6800000071525574
11,2,51,0.5581484436988831,0.6819854974746704,0.5581484436988831,0.6819854974746704,0.7553957104682922,0.6800000071525574
11,2,52,0.5542181134223938,0.6855555772781372,0.5542181134223938,0.6855555772781372,0.7482014298439026,0.6800000071525574
11,2,53,0.5502832531929016,0.6894240379333496,0.5502832531929016,0.6894240379333496,0.7482014298439026,0.6800000071525574
11,2,54,0.5463356375694275,0.6935386061668396,0.5463356375694275,0.6935386061668396,0.7482014298439026,0.6800000071525574
11,2,55,0.5423571467399597,0.6978389024734497,0.5423571467399597,0.6978389024734497,0.7482014298439026,0.6800000071525574
11,2,56,0.538324236869812,0.7022661566734314,0.538324236869812,0.7022661566734314,0.7410072088241577,0.6800000071525574
11,2,57,0.5342122316360474,0.7067721486091614,0.5342122316360474,0.7067721486091614,0.7482014298439026,0.6800000071525574
11,2,58,0.5300004482269287,0.7113283276557922,0.5300004482269287,0.7113283276557922,0.7553957104682922,0.6399999856948853
11,2,59,0.5256754159927368,0.7159305810928345,0.5256754159927368,0.7159305810928345,0.7553957104682922,0.6399999856948853
11,2,60,0.5212311148643494,0.7206000685691833,0.5212311148643494,0.7206000685691833,0.7553957104682922,0.6000000238418579
11,2,61,0.5166661739349365,0.7253813743591309,0.5166661739349365,0.7253813743591309,0.7553957104682922,0.6000000238418579
12,2,1,0.7019105553627014,0.6957069635391235,0.7019105553627014,0.6957069635391235,0.4316546618938446,0.4000000059604645
12,2,2,0.6895108819007874,0.6920008659362793,0.6895108819007874,0.6920008659362793,0.5539568066596985,0.5199999809265137
12,2,3,0.6824279427528381,0.691387414932251,0.6824279427528381,0.691387414932251,0.597122311592102,0.6000000238418579
12,2,4,0.6785904169082642,0.6924285292625427,0.6785904169082642,0.6924285292625427,0.5899280309677124,0.6000000238418579
12,2,5,0.6765830516815186,0.6939199566841125,0.6765830516815186,0.6939199566841125,0.597122311592102,0.6000000238418579
12,2,6,0.6752854585647583,0.6951004862785339,0.6752854585647583,0.6951004862785339,0.597122311592102,0.6000000238418579
12,2,7,0.6739990711212158,0.6956402063369751,0.6739990711212158,0.6956402063369751,0.597122311592102,0.6000000238418579
12,2,8,0.6724061369895935,0.6955176591873169,0.6724061369895935,0.6955176591873169,0.597122311592102,0.6000000238418579
12,2,9,0.6704486608505249,0.6948752403259277,0.6704486608505249,0.6948752403259277,0.597122311592102,0.6000000238418579
12,2,10,0.6682012677192688,0.6939054727554321,0.6682012677192688,0.6939054727554321,0.597122311592102,0.6000000238418579
12,2,11,0.6657786965370178,0.692783534526825,0.6657786965370178,0.692783534526825,0.597122311592102,0.6000000238418579
12,2,12,0.6632846593856812,0.6916387677192688,0.6632846593856812,0.6916387677192688,0.597122311592102,0.6000000238418579
12,2,13,0.6607922315597534,0.6905520558357239,0.6607922315597534,0.6905520558357239,0.597122311592102,0.6000000238418579
12,2,14,0.6583434343338013,0.6895642876625061,0.6583434343338013,0.6895642876625061,0.597122311592102,0.6000000238418579
12,2,15,0.6559563875198364,0.6886885166168213,0.6559563875198364,0.6886885166168213,0.597122311592102,0.6000000238418579
12,2,16,0.6536335349082947,0.687920093536377,0.6536335349082947,0.687920093536377,0.597122311592102,0.6000000238418579
12,2,17,0.6513686776161194,0.6872456073760986,0.6513686776161194,0.6872456073760986,0.597122311592102,0.6000000238418579
12,2,18,0.6491507291793823,0.6866476535797119,0.6491507291793823,0.6866476535797119,0.597122311592102,0.6000000238418579
12,2,19,0.646967351436615,0.6861079931259155,0.646967351436615,0.6861079931259155,0.597122311592102,0.6000000238418579
12,2,20,0.6448061466217041,0.6856108903884888,0.6448061466217041,0.6856108903884888,0.597122311592102,0.6000000238418579
12,2,21,0.6426557898521423,0.6851427555084229,0.6426557898521423,0.6851427555084229,0.597122311592102,0.6000000238418579
12,2,22,0.6405067443847656,0.6846935749053955,0.6405067443847656,0.6846935749053955,0.597122311592102,0.6000000238418579
12,2,23,0.6383509039878845,0.6842566132545471,0.6383509039878845,0.6842566132545471,0.597122311592102,0.6000000238418579
12,2,24,0.6361819505691528,0.6838275194168091,0.6361819505691528,0.6838275194168091,0.6043165326118469,0.6000000238418579
12,2,25,0.633994996547699,0.6834043264389038,0.633994996547699,0.6834043264389038,0.6115108132362366,0.6000000238418579
12,2,26,0.6317861676216125,0.6829864382743835,0.6317861676216125,0.6829864382743835,0.6115108132362366,0.6000000238418579
12,2,27,0.6295522451400757,0.6825745105743408,0.6295522451400757,0.6825745105743408,0.6187050342559814,0.6000000238418579
12,2,28,0.6272902488708496,0.6821692585945129,0.6272902488708496,0.6821692585945129,0.6187050342559814,0.6000000238418579
12,2,29,0.6249973177909851,0.6817716956138611,0.6249973177909851,0.6817716956138611,0.633093535900116,0.6000000238418579
12,2,30,0.6226702928543091,0.6813825964927673,0.6226702928543091,0.6813825964927673,0.633093535900116,0.6000000238418579
12,2,31,0.620305597782135,0.6810027360916138,0.620305597782135,0.6810027360916138,0.633093535900116,0.6000000238418579
12,2,32,0.6178992986679077,0.6806325316429138,0.6178992986679077,0.6806325316429138,0.6402877569198608,0.6000000238418579
12,2,33,0.6154468655586243,0.6802723407745361,0.6154468655586243,0.6802723407745361,0.6618704795837402,0.6000000238418579
12,2,34,0.6129434108734131,0.6799228191375732,0.6129434108734131,0.6799228191375732,0.6618704795837402,0.6000000238418579
12,2,35,0.6103837490081787,0.6795843243598938,0.6103837490081787,0.6795843243598938,0.6690647602081299,0.6000000238418579
12,2,36,0.6077618598937988,0.6792581081390381,0.6077618598937988,0.6792581081390381,0.6834532618522644,0.6000000238418579
12,2,37,0.6050717234611511,0.678945779800415,0.6050717234611511,0.678945779800415,0.6762589812278748,0.6000000238418579
12,2,38,0.6023067831993103,0.6786497235298157,0.6023067831993103,0.6786497235298157,0.6834532618522644,0.6000000238418579
12,2,39,0.5994601845741272,0.6783736348152161,0.5994601845741272,0.6783736348152161,0.6834532618522644,0.6000000238418579
12,2,40,0.5965248942375183,0.6781219244003296,0.5965248942375183,0.6781219244003296,0.6834532618522644,0.6000000238418579
12,2,41,0.5934931635856628,0.6779012084007263,0.5934931635856628,0.6779012084007263,0.6906474828720093,0.6399999856948853
12,2,42,0.5903574824333191,0.6777198910713196,0.5903574824333191,0.6777198910713196,0.6978417038917542,0.6399999856948853
12,2,43,0.5871098041534424,0.6775885820388794,0.5871098041534424,0.6775885820388794,0.6978417038917542,0.6399999856948853
12,2,44,0.5837419033050537,0.677521288394928,0.5837419033050537,0.677521288394928,0.7050359845161438,0.6399999856948853
12,2,45,0.5802456736564636,0.6775360107421875,0.5802456736564636,0.6775360107421875,0.7122302055358887,0.6399999856948853
12,2,46,0.5766130685806274,0.6776552796363831,0.5766130685806274,0.6776552796363831,0.7122302055358887,0.6399999856948853
12,2,47,0.5728365182876587,0.6779081225395203,0.5728365182876587,0.6779081225395203,0.7122302055358887,0.6399999856948853
12,2,48,0.5689089298248291,0.6783313155174255,0.5689089298248291,0.6783313155174255,0.7122302055358887,0.6000000238418579
12,2,49,0.5648244023323059,0.678971529006958,0.5648244023323059,0.678971529006958,0.7266187071800232,0.6000000238418579
12,2,50,0.5605788826942444,0.6798877716064453,0.5605788826942444,0.6798877716064453,0.7266187071800232,0.6000000238418579
12,2,51,0.5561701059341431,0.6811538934707642,0.5561701059341431,0.6811538934707642,0.7266187071800232,0.6000000238418579
12,2,52,0.5515990257263184,0.6828621029853821,0.5515990257263184,0.6828621029853821,0.7266187071800232,0.6000000238418579
12,2,53,0.5468701720237732,0.6851258277893066,0.5468701720237732,0.6851258277893066,0.7338129281997681,0.6000000238418579
12,2,54,0.5419923067092896,0.6880819201469421,0.5419923067092896,0.6880819201469421,0.7338129281997681,0.6000000238418579
12,2,55,0.536979079246521,0.6918920278549194,0.536979079246521,0.6918920278549194,0.7338129281997681,0.6000000238418579
12,2,56,0.5318489670753479,0.6967397332191467,0.5318489670753479,0.6967397332191467,0.7410072088241577,0.6000000238418579
12,2,57,0.5266252160072327,0.7028229236602783,0.5266252160072327,0.7028229236602783,0.7410072088241577,0.6000000238418579
12,2,58,0.5213342308998108,0.710339367389679,0.5213342308998108,0.710339367389679,0.7553957104682922,0.5600000023841858
12,2,59,0.516003429889679,0.7194631695747375,0.516003429889679,0.7194631695747375,0.7625899314880371,0.5600000023841858
12,2,60,0.5106572508811951,0.7303150296211243,0.5106572508811951,0.7303150296211243,0.769784152507782,0.5600000023841858
12,2,61,0.5053133368492126,0.7429320812225342,0.5053133368492126,0.7429320812225342,0.7625899314880371,0.5600000023841858
12,2,62,0.4999781548976898,0.7572485208511353,0.4999781548976898,0.7572485208511353,0.7625899314880371,0.5600000023841858
12,2,63,0.49464574456214905,0.7730987668037415,0.49464574456214905,0.7730987668037415,0.7625899314880371,0.5600000023841858
12,2,64,0.48929882049560547,0.7902515530586243,0.48929882049560547,0.7902515530586243,0.7482014298439026,0.5199999809265137
12,2,65,0.48391392827033997,0.8084681034088135,0.48391392827033997,0.8084681034088135,0.7625899314880371,0.5199999809265137
12,2,66,0.4784679710865021,0.8275658488273621,0.4784679710865021,0.8275658488273621,0.7769784331321716,0.5199999809265137
12,2,67,0.47294336557388306,0.8474618792533875,0.47294336557388306,0.8474618792533875,0.7769784331321716,0.5199999809265137
12,2,68,0.4673301577568054,0.868181049823761,0.4673301577568054,0.868181049823761,0.7841726541519165,0.5199999809265137
12,2,69,0.46162545680999756,0.8898284435272217,0.46162545680999756,0.8898284435272217,0.7769784331321716,0.5199999809265137
13,2,1,0.684605062007904,0.6731207370758057,0.684605062007904,0.6731207370758057,0.5539568066596985,0.6000000238418579
13,2,2,0.6748006939888,0.669842004776001,0.6748006939888,0.669842004776001,0.5827338099479675,0.6000000238418579
13,2,3,0.669847309589386,0.6686658263206482,0.669847309589386,0.6686658263206482,0.597122311592102,0.6000000238418579
13,2,4,0.6667185425758362,0.6678820252418518,0.6667185425758362,0.6678820252418518,0.6043165326118469,0.6000000238418579
13,2,5,0.6640328764915466,0.6668057441711426,0.6640328764915466,0.6668057441711426,0.6043165326118469,0.6000000238418579
13,2,6,0.661340057849884,0.6654426455497742,0.661340057849884,0.6654426455497742,0.6043165326118469,0.6000000238418579
13,2,7,0.6586707234382629,0.6640055775642395,0.6586707234382629,0.6640055775642395,0.6043165326118469,0.6000000238418579
13,2,8,0.6561028361320496,0.6626394391059875,0.6561028361320496,0.6626394391059875,0.6043165326118469,0.6000000238418579
13,2,9,0.6536082625389099,0.6613850593566895,0.6536082625389099,0.6613850593566895,0.597122311592102,0.6000000238418579
13,2,10,0.6511073112487793,0.660237729549408,0.6511073112487793,0.660237729549408,0.6115108132362366,0.6000000238418579
13,2,11,0.6485504508018494,0.6591840386390686,0.6485504508018494,0.6591840386390686,0.6115108132362366,0.6000000238418579
13,2,12,0.6459370851516724,0.6582009196281433,0.6459370851516724,0.6582009196281433,0.633093535900116,0.6000000238418579
13,2,13,0.6432867050170898,0.6572510004043579,0.6432867050170898,0.6572510004043579,0.6258992552757263,0.6399999856948853
13,2,14,0.6406111717224121,0.6562936902046204,0.6406111717224121,0.6562936902046204,0.633093535900116,0.6399999856948853
13,2,15,0.6379072070121765,0.6553030610084534,0.6379072070121765,0.6553030610084534,0.6474820375442505,0.6399999856948853
13,2,16,0.6351622939109802,0.6542761325836182,0.6351622939109802,0.6542761325836182,0.6474820375442505,0.6399999856948853
13,2,17,0.6323602199554443,0.6532287001609802,0.6323602199554443,0.6532287001609802,0.6546762585639954,0.6399999856948853
13,2,18,0.6294833421707153,0.652183473110199,0.6294833421707153,0.652183473110199,0.6474820375442505,0.6800000071525574
13,2,19,0.6265143752098083,0.6511593461036682,0.6265143752098083,0.6511593461036682,0.6474820375442505,0.6800000071525574
13,2,20,0.6234385371208191,0.6501653790473938,0.6234385371208191,0.6501653790473938,0.6402877569198608,0.6800000071525574
13,2,21,0.6202460527420044,0.6492002010345459,0.6202460527420044,0.6492002010345459,0.6546762585639954,0.6800000071525574
13,2,22,0.616931140422821,0.648255467414856,0.616931140422821,0.648255467414856,0.6690647602081299,0.6800000071525574
13,2,23,0.6134915947914124,0.6473220586776733,0.6134915947914124,0.6473220586776733,0.6690647602081299,0.6800000071525574
13,2,24,0.609927237033844,0.6463963389396667,0.609927237033844,0.6463963389396667,0.6546762585639954,0.7200000286102295
13,2,25,0.6062405109405518,0.6454830765724182,0.6062405109405518,0.6454830765724182,0.6906474828720093,0.6800000071525574
13,2,26,0.6024389863014221,0.6445944905281067,0.6024389863014221,0.6445944905281067,0.6906474828720093,0.6800000071525574
13,2,27,0.5985373258590698,0.6437442302703857,0.5985373258590698,0.6437442302703857,0.6906474828720093,0.6800000071525574
13,2,28,0.5945606231689453,0.6429409980773926,0.5945606231689453,0.6429409980773926,0.6906474828720093,0.6800000071525574
13,2,29,0.5905463099479675,0.6421833038330078,0.5905463099479675,0.6421833038330078,0.6762589812278748,0.6800000071525574
13,2,30,0.5865427851676941,0.6414577960968018,0.5865427851676941,0.6414577960968018,0.6762589812278748,0.6800000071525574
13,2,31,0.5826044082641602,0.6407405138015747,0.5826044082641602,0.6407405138015747,0.6762589812278748,0.6800000071525574
13,2,32,0.5787813663482666,0.6399964690208435,0.5787813663482666,0.6399964690208435,0.6834532618522644,0.6800000071525574
13,2,33,0.575106680393219,0.6391779184341431,0.575106680393219,0.6391779184341431,0.6762589812278748,0.6800000071525574
13,2,34,0.5715828537940979,0.6382225155830383,0.5715828537940979,0.6382225155830383,0.6906474828720093,0.6800000071525574
13,2,35,0.5681741833686829,0.6370614171028137,0.5681741833686829,0.6370614171028137,0.6762589812278748,0.6800000071525574
13,2,36,0.5648119449615479,0.6356399655342102,0.5648119449615479,0.6356399655342102,0.6834532618522644,0.6800000071525574
13,2,37,0.5614148378372192,0.6339378952980042,0.5614148378372192,0.6339378952980042,0.6906474828720093,0.6800000071525574
13,2,38,0.5579164028167725,0.6319746971130371,0.5579164028167725,0.6319746971130371,0.6906474828720093,0.6800000071525574
13,2,39,0.5542847514152527,0.6297990679740906,0.5542847514152527,0.6297990679740906,0.7050359845161438,0.7200000286102295
13,2,40,0.5505263209342957,0.6274735331535339,0.5505263209342957,0.6274735331535339,0.7050359845161438,0.7200000286102295
13,2,41,0.5466736555099487,0.6250607967376709,0.5466736555099487,0.6250607967376709,0.7122302055358887,0.7200000286102295
13,2,42,0.5427681803703308,0.6226157546043396,0.5427681803703308,0.6226157546043396,0.7194244861602783,0.7200000286102295
13,2,43,0.5388469696044922,0.6201793551445007,0.5388469696044922,0.6201793551445007,0.7122302055358887,0.7200000286102295
13,2,44,0.5349358320236206,0.6177768111228943,0.5349358320236206,0.6177768111228943,0.7122302055358887,0.7200000286102295
13,2,45,0.5310496091842651,0.6154215335845947,0.5310496091842651,0.6154215335845947,0.7122302055358887,0.7200000286102295
13,2,46,0.5271928906440735,0.6131203174591064,0.5271928906440735,0.6131203174591064,0.7194244861602783,0.7200000286102295
13,2,47,0.5233635306358337,0.6108763813972473,0.5233635306358337,0.6108763813972473,0.7122302055358887,0.7200000286102295
13,2,48,0.5195544958114624,0.608692467212677,0.5195544958114624,0.608692467212677,0.7122302055358887,0.7200000286102295
13,2,49,0.5157561898231506,0.6065713763237,0.5157561898231506,0.6065713763237,0.7194244861602783,0.7200000286102295
13,2,50,0.5119583606719971,0.6045175194740295,0.5119583606719971,0.6045175194740295,0.7266187071800232,0.7200000286102295
13,2,51,0.5081511735916138,0.602537214756012,0.5081511735916138,0.602537214756012,0.7266187071800232,0.7200000286102295
13,2,52,0.504325807094574,0.6006380319595337,0.504325807094574,0.6006380319595337,0.7266187071800232,0.7200000286102295
13,2,53,0.5004748702049255,0.5988278388977051,0.5004748702049255,0.5988278388977051,0.7338129281997681,0.7200000286102295
13,2,54,0.496592253446579,0.5971144437789917,0.496592253446579,0.5971144437789917,0.7338129281997681,0.7200000286102295
13,2,55,0.4926725924015045,0.5955051779747009,0.4926725924015045,0.5955051779747009,0.7482014298439026,0.7200000286102295
13,2,56,0.48871085047721863,0.5940068960189819,0.48871085047721863,0.5940068960189819,0.7553957104682922,0.7200000286102295
13,2,57,0.4847017526626587,0.5926254391670227,0.4847017526626587,0.5926254391670227,0.7625899314880371,0.7200000286102295
13,2,58,0.4806394577026367,0.5913662910461426,0.4806394577026367,0.5913662910461426,0.769784152507782,0.7200000286102295
13,2,59,0.4765174984931946,0.5902348160743713,0.4765174984931946,0.5902348160743713,0.7625899314880371,0.7200000286102295
13,2,60,0.47232890129089355,0.5892367362976074,0.47232890129089355,0.5892367362976074,0.7625899314880371,0.7200000286102295
13,2,61,0.46806615591049194,0.5883780121803284,0.46806615591049194,0.5883780121803284,0.7625899314880371,0.7200000286102295
13,2,62,0.4637216329574585,0.5876654982566833,0.4637216329574585,0.5876654982566833,0.7625899314880371,0.7200000286102295
13,2,63,0.4592873454093933,0.5871073603630066,0.4592873454093933,0.5871073603630066,0.7625899314880371,0.7200000286102295
13,2,64,0.4547554552555084,0.5867128372192383,0.4547554552555084,0.5867128372192383,0.769784152507782,0.7200000286102295
13,2,65,0.4501180946826935,0.5864928960800171,0.4501180946826935,0.5864928960800171,0.769784152507782,0.7200000286102295
13,2,66,0.4453677237033844,0.5864604711532593,0.4453677237033844,0.5864604711532593,0.769784152507782,0.7200000286102295
13,2,67,0.440496563911438,0.5866303443908691,0.440496563911438,0.5866303443908691,0.769784152507782,0.7200000286102295
13,2,68,0.4354974925518036,0.5870197415351868,0.4354974925518036,0.5870197415351868,0.769784152507782,0.7200000286102295
13,2,69,0.43036332726478577,0.587648332118988,0.43036332726478577,0.587648332118988,0.769784152507782,0.7200000286102295
13,2,70,0.4250875413417816,0.5885382294654846,0.4250875413417816,0.5885382294654846,0.7841726541519165,0.7200000286102295
13,2,71,0.4196643829345703,0.589713990688324,0.4196643829345703,0.589713990688324,0.7913669347763062,0.7200000286102295
13,2,72,0.41408899426460266,0.5912026166915894,0.41408899426460266,0.5912026166915894,0.7913669347763062,0.7200000286102295
13,2,73,0.4083579182624817,0.5930331349372864,0.4083579182624817,0.5930331349372864,0.7913669347763062,0.7200000286102295
13,2,74,0.40246960520744324,0.59523606300354,0.40246960520744324,0.59523606300354,0.7913669347763062,0.7200000286102295
13,2,75,0.39642447233200073,0.597842812538147,0.39642447233200073,0.597842812538147,0.798561155796051,0.7599999904632568
13,2,76,0.3902254104614258,0.6008853316307068,0.3902254104614258,0.6008853316307068,0.8057553768157959,0.7599999904632568
13,2,77,0.38387763500213623,0.6043941974639893,0.38387763500213623,0.6043941974639893,0.8129496574401855,0.7599999904632568
13,2,78,0.3773888051509857,0.6083984375,0.3773888051509857,0.6083984375,0.8129496574401855,0.7599999904632568
13,2,79,0.37076836824417114,0.612923264503479,0.37076836824417114,0.612923264503479,0.8057553768157959,0.7599999904632568
13,2,80,0.3640267550945282,0.6179894804954529,0.3640267550945282,0.6179894804954529,0.8129496574401855,0.7599999904632568
13,2,81,0.3571738302707672,0.6236117482185364,0.3571738302707672,0.6236117482185364,0.8129496574401855,0.7599999904632568
13,2,82,0.35021746158599854,0.6297979354858398,0.35021746158599854,0.6297979354858398,0.8129496574401855,0.7599999904632568
13,2,83,0.34316152334213257,0.6365498900413513,0.34316152334213257,0.6365498900413513,0.8201438784599304,0.7599999904632568
13,2,84,0.33600378036499023,0.6438674926757812,0.33600378036499023,0.6438674926757812,0.8273381590843201,0.7599999904632568
13,2,85,0.32873520255088806,0.6517568826675415,0.32873520255088806,0.6517568826675415,0.8273381590843201,0.7599999904632568
13,2,86,0.3213402032852173,0.660244882106781,0.3213402032852173,0.660244882106781,0.8273381590843201,0.7599999904632568
13,2,87,0.3137982189655304,0.6693940758705139,0.3137982189655304,0.6693940758705139,0.8345323801040649,0.7200000286102295
13,2,88,0.3060881495475769,0.6793118119239807,0.3060881495475769,0.6793118119239807,0.8417266011238098,0.7200000286102295
13,2,89,0.2981911599636078,0.6901406645774841,0.2981911599636078,0.6901406645774841,0.8417266011238098,0.7200000286102295
13,2,90,0.2900923192501068,0.7020350098609924,0.2900923192501068,0.7020350098609924,0.8633093237876892,0.7200000286102295
13,2,91,0.2817799150943756,0.7151390314102173,0.2817799150943756,0.7151390314102173,0.8848921060562134,0.7200000286102295
14,2,1,0.7042287588119507,0.6804922223091125,0.7042287588119507,0.6804922223091125,0.4571428596973419,0.5199999809265137
14,2,2,0.6830933690071106,0.6723591089248657,0.6830933690071106,0.6723591089248657,0.5714285969734192,0.6000000238418579
14,2,3,0.6701222658157349,0.6689804196357727,0.6701222658157349,0.6689804196357727,0.5928571224212646,0.6399999856948853
14,2,4,0.6630330085754395,0.6686818599700928,0.6630330085754395,0.6686818599700928,0.6071428656578064,0.6000000238418579
14,2,5,0.6597678065299988,0.6697903275489807,0.6597678065299988,0.6697903275489807,0.6142857074737549,0.6000000238418579
14,2,6,0.6584100723266602,0.6710394024848938,0.6584100723266602,0.6710394024848938,0.6071428656578064,0.6000000238418579
14,2,7,0.657568097114563,0.6717206835746765,0.657568097114563,0.6717206835746765,0.6000000238418579,0.6000000238418579
14,2,8,0.6564773321151733,0.6716087460517883,0.6564773321151733,0.6716087460517883,0.6000000238418579,0.6000000238418579
14,2,9,0.6548770666122437,0.6707832217216492,0.6548770666122437,0.6707832217216492,0.6000000238418579,0.6000000238418579
14,2,10,0.652803361415863,0.6694543361663818,0.652803361415863,0.6694543361663818,0.6000000238418579,0.6000000238418579
14,2,11,0.6504086852073669,0.6678447723388672,0.6504086852073669,0.6678447723388672,0.6000000238418579,0.6000000238418579
14,2,12,0.6478509902954102,0.6661324501037598,0.6478509902954102,0.6661324501037598,0.6000000238418579,0.6000000238418579
14,2,13,0.6452468037605286,0.6644343733787537,0.6452468037605286,0.6644343733787537,0.6142857074737549,0.6000000238418579
14,2,14,0.6426629424095154,0.6628144979476929,0.6426629424095154,0.6628144979476929,0.6142857074737549,0.6000000238418579
14,2,15,0.640127956867218,0.661297082901001,0.640127956867218,0.661297082901001,0.6142857074737549,0.6000000238418579
14,2,16,0.6376458406448364,0.659881055355072,0.6376458406448364,0.659881055355072,0.6142857074737549,0.6000000238418579
14,2,17,0.6352078318595886,0.6585503220558167,0.6352078318595886,0.6585503220558167,0.6214285492897034,0.6000000238418579
14,2,18,0.6327985525131226,0.6572813987731934,0.6327985525131226,0.6572813987731934,0.6214285492897034,0.6000000238418579
14,2,19,0.6304009556770325,0.656048595905304,0.6304009556770325,0.656048595905304,0.6499999761581421,0.6000000238418579
14,2,20,0.6279973387718201,0.6548270583152771,0.6279973387718201,0.6548270583152771,0.6499999761581421,0.6000000238418579
14,2,21,0.625571072101593,0.6535961031913757,0.625571072101593,0.6535961031913757,0.6428571343421936,0.6000000238418579
14,2,22,0.6231076717376709,0.6523397564888,0.6231076717376709,0.6523397564888,0.6571428775787354,0.6000000238418579
14,2,23,0.6205950379371643,0.6510474681854248,0.6205950379371643,0.6510474681854248,0.6571428775787354,0.6000000238418579
14,2,24,0.6180236339569092,0.6497135162353516,0.6180236339569092,0.6497135162353516,0.6571428775787354,0.6000000238418579
14,2,25,0.6153862476348877,0.64833664894104,0.6153862476348877,0.64833664894104,0.6571428775787354,0.6000000238418579
14,2,26,0.6126775145530701,0.6469179391860962,0.6126775145530701,0.6469179391860962,0.6714285612106323,0.6000000238418579
14,2,27,0.609893262386322,0.6454606652259827,0.609893262386322,0.6454606652259827,0.6571428775787354,0.6000000238418579
14,2,28,0.6070299744606018,0.6439685225486755,0.6070299744606018,0.6439685225486755,0.6714285612106323,0.6000000238418579
14,2,29,0.6040844917297363,0.6424452066421509,0.6040844917297363,0.6424452066421509,0.6714285612106323,0.6000000238418579
14,2,30,0.6010537147521973,0.6408942341804504,0.6010537147521973,0.6408942341804504,0.6714285612106323,0.6399999856948853
14,2,31,0.5979344248771667,0.6393185257911682,0.5979344248771667,0.6393185257911682,0.6714285612106323,0.6399999856948853
14,2,32,0.594723641872406,0.6377208828926086,0.594723641872406,0.6377208828926086,0.6714285612106323,0.6800000071525574
14,2,33,0.591418981552124,0.6361048221588135,0.591418981552124,0.6361048221588135,0.6714285612106323,0.6800000071525574
14,2,34,0.5880193710327148,0.6344749331474304,0.5880193710327148,0.6344749331474304,0.6714285612106323,0.6800000071525574
14,2,35,0.5845255851745605,0.6328380107879639,0.5845255851745605,0.6328380107879639,0.699999988079071,0.6800000071525574
14,2,36,0.5809409022331238,0.6312035322189331,0.5809409022331238,0.6312035322189331,0.699999988079071,0.6800000071525574
14,2,37,0.577272355556488,0.629584789276123,0.577272355556488,0.629584789276123,0.6928571462631226,0.6800000071525574
14,2,38,0.5735309720039368,0.627998948097229,0.5735309720039368,0.627998948097229,0.6785714030265808,0.7200000286102295
14,2,39,0.5697330832481384,0.6264673471450806,0.5697330832481384,0.6264673471450806,0.6785714030265808,0.7200000286102295
14,2,40,0.5659003257751465,0.62501460313797,0.5659003257751465,0.62501460313797,0.6857143044471741,0.7200000286102295
14,2,41,0.5620597004890442,0.6236675977706909,0.5620597004890442,0.6236675977706909,0.6857143044471741,0.6800000071525574
14,2,42,0.5582422614097595,0.6224529147148132,0.5582422614097595,0.6224529147148132,0.6857143044471741,0.6800000071525574
14,2,43,0.5544817447662354,0.6213943958282471,0.5544816851615906,0.6213943958282471,0.6857143044471741,0.6800000071525574
14,2,44,0.5508105158805847,0.6205096244812012,0.5508105158805847,0.6205096244812012,0.699999988079071,0.6800000071525574
14,2,45,0.5472561120986938,0.6198077201843262,0.5472561120986938,0.6198077201843262,0.699999988079071,0.6800000071525574
14,2,46,0.5438368916511536,0.6192888021469116,0.5438368916511536,0.6192888021469116,0.7071428298950195,0.7200000286102295
14,2,47,0.5405594706535339,0.6189452409744263,0.5405594706535339,0.6189452409744263,0.7285714149475098,0.7200000286102295
14,2,48,0.5374186635017395,0.6187655925750732,0.5374186635017395,0.6187655925750732,0.7214285731315613,0.7200000286102295
14,2,49,0.5343998670578003,0.6187382340431213,0.5343998670578003,0.6187382340431213,0.7285714149475098,0.7200000286102295
14,2,50,0.5314825177192688,0.6188539862632751,0.5314825177192688,0.6188539862632751,0.7214285731315613,0.7200000286102295
14,2,51,0.528644859790802,0.6191070079803467,0.528644859790802,0.6191070079803467,0.7214285731315613,0.7200000286102295
14,2,52,0.5258657336235046,0.6194944381713867,0.5258657336235046,0.6194944381713867,0.7214285731315613,0.7200000286102295
14,2,53,0.5231256484985352,0.6200159788131714,0.5231256484985352,0.6200159788131714,0.7285714149475098,0.7200000286102295
14,2,54,0.5204073190689087,0.6206740736961365,0.5204073190689087,0.6206740736961365,0.7357142567634583,0.7200000286102295
14,2,55,0.5176950097084045,0.6214733719825745,0.5176950097084045,0.6214733719825745,0.7357142567634583,0.7200000286102295
14,2,56,0.5149744749069214,0.6224201917648315,0.5149744749069214,0.6224201917648315,0.7357142567634583,0.7200000286102295
14,2,57,0.5122330188751221,0.6235222816467285,0.5122330188751221,0.6235222816467285,0.7357142567634583,0.7200000286102295
14,2,58,0.5094590783119202,0.6247888803482056,0.5094590783119202,0.6247888803482056,0.7357142567634583,0.7200000286102295
14,2,59,0.5066422820091248,0.6262310743331909,0.5066422820091248,0.6262310743331909,0.7357142567634583,0.7200000286102295
14,2,60,0.5037725567817688,0.6278626918792725,0.5037725567817688,0.6278626918792725,0.7428571581840515,0.7200000286102295
14,2,61,0.500840961933136,0.6297008395195007,0.500840961933136,0.6297008395195007,0.7357142567634583,0.7200000286102295
14,2,62,0.4978383779525757,0.6317673325538635,0.4978383779525757,0.6317673325538635,0.7357142567634583,0.7200000286102295
14,2,63,0.4947555959224701,0.6340879797935486,0.4947555959224701,0.6340879797935486,0.7357142567634583,0.7200000286102295
14,2,64,0.49158307909965515,0.6366949081420898,0.49158307909965515,0.6366949081420898,0.7357142567634583,0.7200000286102295
14,2,65,0.48831066489219666,0.6396266222000122,0.48831066489219666,0.6396266222000122,0.7428571581840515,0.7200000286102295
14,2,66,0.4849272668361664,0.6429294347763062,0.4849272668361664,0.6429294347763062,0.75,0.7200000286102295
14,2,67,0.4814207851886749,0.6466586589813232,0.4814207851886749,0.6466586589813232,0.75,0.7200000286102295
14,2,68,0.4777779281139374,0.6508789658546448,0.4777779281139374,0.6508789658546448,0.75,0.7200000286102295
14,2,69,0.4739839732646942,0.6556668877601624,0.4739839732646942,0.6556668877601624,0.75,0.7200000286102295
14,2,70,0.47002267837524414,0.6611107587814331,0.47002267837524414,0.6611107587814331,0.75,0.7200000286102295
14,2,71,0.46587589383125305,0.6673134565353394,0.46587589383125305,0.6673134565353394,0.75,0.7200000286102295
14,2,72,0.4615233242511749,0.6743937134742737,0.4615233242511749,0.6743937134742737,0.7642857432365417,0.7200000286102295
14,2,73,0.45694249868392944,0.6824878454208374,0.45694249868392944,0.6824878454208374,0.7642857432365417,0.7200000286102295
14,2,74,0.4521082937717438,0.6917530298233032,0.4521082937717438,0.6917530298233032,0.7642857432365417,0.7200000286102295
15,2,1,0.6965569853782654,0.7210149168968201,0.6965569853782654,0.7210149168968201,0.4928571283817291,0.47999998927116394
15,2,2,0.6829867959022522,0.7146679162979126,0.6829867959022522,0.7146679162979126,0.6214285492897034,0.5199999809265137
15,2,3,0.6760854125022888,0.7129606604576111,0.6760854125022888,0.7129606604576111,0.5857142806053162,0.5600000023841858
15,2,4,0.6731364130973816,0.7131942510604858,0.6731364130973816,0.7131942510604858,0.6000000238418579,0.5600000023841858
15,2,5,0.6719421148300171,0.7133404612541199,0.6719421148300171,0.7133404612541199,0.6071428656578064,0.6000000238418579
15,2,6,0.6709356307983398,0.712472677230835,0.6709356307983398,0.712472677230835,0.6071428656578064,0.6000000238418579
15,2,7,0.6694332957267761,0.7105758786201477,0.6694332957267761,0.7105758786201477,0.6071428656578064,0.6000000238418579
15,2,8,0.6674054265022278,0.7080609202384949,0.6674054265022278,0.7080609202384949,0.6071428656578064,0.6000000238418579
15,2,9,0.6650915741920471,0.7053645253181458,0.6650915741920471,0.7053645253181458,0.6071428656578064,0.6000000238418579
15,2,10,0.6627271771430969,0.7027662396430969,0.6627271771430969,0.7027662396430969,0.6071428656578064,0.6000000238418579
15,2,11,0.6604422330856323,0.7003765106201172,0.6604422330856323,0.7003765106201172,0.6071428656578064,0.6000000238418579
15,2,12,0.6582722067832947,0.6981970071792603,0.6582722067832947,0.6981970071792603,0.6071428656578064,0.6000000238418579
15,2,13,0.6562045216560364,0.6961823105812073,0.6562045216560364,0.6961823105812073,0.6071428656578064,0.5600000023841858
15,2,14,0.6542132496833801,0.6942749619483948,0.6542132496833801,0.6942749619483948,0.6071428656578064,0.5600000023841858
15,2,15,0.6522729992866516,0.692420244216919,0.6522729992866516,0.692420244216919,0.6071428656578064,0.5600000023841858
15,2,16,0.6503602266311646,0.6905706524848938,0.6503602862358093,0.6905706524848938,0.6071428656578064,0.5600000023841858
15,2,17,0.648452639579773,0.6886892914772034,0.648452639579773,0.6886892914772034,0.6071428656578064,0.5600000023841858
15,2,18,0.6465306282043457,0.6867512464523315,0.6465306282043457,0.6867512464523315,0.6071428656578064,0.5600000023841858
15,2,19,0.6445795297622681,0.6847452521324158,0.6445795297622681,0.6847452521324158,0.6071428656578064,0.5600000023841858
15,2,20,0.6425907611846924,0.6826695799827576,0.6425907611846924,0.6826695799827576,0.6071428656578064,0.5600000023841858
15,2,21,0.6405609250068665,0.6805278062820435,0.6405609250068665,0.6805278062820435,0.6142857074737549,0.5600000023841858
15,2,22,0.6384892463684082,0.6783239841461182,0.6384892463684082,0.6783239841461182,0.6214285492897034,0.5600000023841858
15,2,23,0.6363755464553833,0.6760599613189697,0.6363755464553833,0.6760599613189697,0.6214285492897034,0.5600000023841858
15,2,24,0.6342179179191589,0.673733651638031,0.6342179179191589,0.673733651638031,0.6285714507102966,0.5600000023841858
15,2,25,0.6320121884346008,0.6713390946388245,0.6320121884346008,0.6713390946388245,0.6285714507102966,0.6000000238418579
15,2,26,0.6297519207000732,0.6688676476478577,0.6297519207000732,0.6688676476478577,0.6357142925262451,0.6000000238418579
15,2,27,0.6274288892745972,0.6663090586662292,0.6274288892745972,0.6663090586662292,0.6285714507102966,0.6000000238418579
15,2,28,0.6250329613685608,0.6636531352996826,0.6250329613685608,0.6636531352996826,0.6357142925262451,0.5600000023841858
15,2,29,0.6225531697273254,0.660889744758606,0.6225531697273254,0.660889744758606,0.6499999761581421,0.5600000023841858
15,2,30,0.6199777126312256,0.6580105423927307,0.6199777126312256,0.6580105423927307,0.6499999761581421,0.5600000023841858
15,2,31,0.6172943711280823,0.6550087928771973,0.6172943711280823,0.6550087928771973,0.6571428775787354,0.5600000023841858
15,2,32,0.6144898533821106,0.6518793702125549,0.6144898533821106,0.6518793702125549,0.6571428775787354,0.5600000023841858
15,2,33,0.6115500330924988,0.648619532585144,0.6115500330924988,0.648619532585144,0.6571428775787354,0.5199999809265137
15,2,34,0.6084591746330261,0.6452299356460571,0.6084591746330261,0.6452299356460571,0.6642857193946838,0.5600000023841858
15,2,35,0.6051999926567078,0.6417160630226135,0.6051999926567078,0.6417160630226135,0.6571428775787354,0.5600000023841858
15,2,36,0.6017531752586365,0.6380912661552429,0.6017531752586365,0.6380912661552429,0.6571428775787354,0.6000000238418579
15,2,37,0.5980981588363647,0.6343804001808167,0.5980981588363647,0.6343804001808167,0.6571428775787354,0.6000000238418579
15,2,38,0.5942133665084839,0.6306256651878357,0.5942133665084839,0.6306256651878357,0.6571428775787354,0.6399999856948853
15,2,39,0.5900779366493225,0.6268932819366455,0.5900779366493225,0.6268932819366455,0.6714285612106323,0.6399999856948853
15,2,40,0.5856736302375793,0.623283326625824,0.5856736302375793,0.623283326625824,0.6642857193946838,0.6399999856948853
15,2,41,0.5809892416000366,0.6199398636817932,0.5809892416000366,0.6199398636817932,0.6571428775787354,0.6399999856948853
15,2,42,0.5760257840156555,0.6170628666877747,0.5760257840156555,0.6170628666877747,0.6785714030265808,0.6399999856948853
15,2,43,0.5708048939704895,0.6149157881736755,0.5708048939704895,0.6149157881736755,0.6857143044471741,0.6000000238418579
15,2,44,0.56537926197052,0.6138231754302979,0.56537926197052,0.6138231754302979,0.7071428298950195,0.6000000238418579
15,2,45,0.5598404407501221,0.6141412854194641,0.5598404407501221,0.6141412854194641,0.7071428298950195,0.6000000238418579
15,2,46,0.5543160438537598,0.6161875128746033,0.5543160438537598,0.6161875128746033,0.7142857313156128,0.6000000238418579
15,2,47,0.5489389300346375,0.6201245784759521,0.5489389300346375,0.6201245784759521,0.699999988079071,0.6399999856948853
15,2,48,0.5437853932380676,0.6258469223976135,0.5437853932380676,0.6258469223976135,0.7071428298950195,0.6399999856948853
15,2,49,0.5388197302818298,0.6329613327980042,0.5388197302818298,0.6329613327980042,0.7214285731315613,0.6399999856948853
15,2,50,0.533918023109436,0.6409158110618591,0.533918023109436,0.6409158110618591,0.7142857313156128,0.6399999856948853
15,2,51,0.5289764404296875,0.6491956114768982,0.5289764404296875,0.6491956114768982,0.7214285731315613,0.6399999856948853
15,2,52,0.5239938497543335,0.6574540734291077,0.5239938497543335,0.6574540734291077,0.7071428298950195,0.6399999856948853
15,2,53,0.5190461277961731,0.6655275225639343,0.5190461277961731,0.6655275225639343,0.7142857313156128,0.6399999856948853
15,2,54,0.5142090320587158,0.673373281955719,0.5142090320587158,0.673373281955719,0.7214285731315613,0.6399999856948853
15,2,55,0.5095130801200867,0.6809924840927124,0.5095130801200867,0.6809924840927124,0.75,0.6399999856948853
15,2,56,0.5049481391906738,0.688376784324646,0.5049481391906738,0.688376784324646,0.7642857432365417,0.6800000071525574
15,2,57,0.5004837512969971,0.6954908967018127,0.5004837512969971,0.6954908967018127,0.7642857432365417,0.6399999856948853
15,2,58,0.4960838258266449,0.702281653881073,0.4960838258266449,0.702281653881073,0.7642857432365417,0.6399999856948853
15,2,59,0.49171191453933716,0.7087022662162781,0.49171191453933716,0.7087022662162781,0.7571428418159485,0.6399999856948853
15,2,60,0.4873334467411041,0.7147440910339355,0.4873334467411041,0.7147440910339355,0.7571428418159485,0.6399999856948853
15,2,61,0.4829181730747223,0.7204548120498657,0.4829181730747223,0.7204548120498657,0.7642857432365417,0.6399999856948853
15,2,62,0.4784420132637024,0.7259358763694763,0.4784420132637024,0.7259358763694763,0.7714285850524902,0.6399999856948853
15,2,63,0.47388577461242676,0.7313238382339478,0.47388577461242676,0.7313238382339478,0.7714285850524902,0.6399999856948853
15,2,64,0.46923360228538513,0.7367656230926514,0.46923360228538513,0.7367656230926514,0.7714285850524902,0.6399999856948853
15,2,65,0.4644705057144165,0.7423991560935974,0.4644705057144165,0.7423991560935974,0.7714285850524902,0.6399999856948853
15,2,66,0.4595811665058136,0.748342752456665,0.4595811665058136,0.748342752456665,0.7714285850524902,0.6000000238418579
15,2,67,0.45454880595207214,0.7546953558921814,0.45454880595207214,0.7546953558921814,0.7714285850524902,0.6000000238418579
15,2,68,0.44935551285743713,0.7615446448326111,0.44935551285743713,0.7615446448326111,0.7785714268684387,0.6000000238418579
15,2,69,0.4439818263053894,0.7689759731292725,0.4439818263053894,0.7689759731292725,0.7785714268684387,0.5600000023841858
16,2,1,0.7254860997200012,0.6847754716873169,0.7254860997200012,0.6847754716873169,0.40714284777641296,0.6399999856948853
16,2,2,0.7038499116897583,0.6751669049263,0.7038499116897583,0.6751669049263,0.44999998807907104,0.6000000238418579
16,2,3,0.6900784373283386,0.6703099608421326,0.6900784373283386,0.6703099608421326,0.5214285850524902,0.6399999856948853
16,2,4,0.6808944344520569,0.6682037115097046,0.6808944344520569,0.6682037115097046,0.5785714387893677,0.6000000238418579
16,2,5,0.6745730042457581,0.6673809289932251,0.6745730042457581,0.6673809289932251,0.5928571224212646,0.6000000238418579
16,2,6,0.6698430776596069,0.6669423580169678,0.6698430776596069,0.6669423580169678,0.6071428656578064,0.6000000238418579
16,2,7,0.6659002304077148,0.6664918661117554,0.6659002304077148,0.6664918661117554,0.6071428656578064,0.6000000238418579
16,2,8,0.6623322367668152,0.6659559607505798,0.6623322367668152,0.6659559607505798,0.6071428656578064,0.6000000238418579
16,2,9,0.6589696407318115,0.6653968691825867,0.6589696407318115,0.6653968691825867,0.6071428656578064,0.6000000238418579
16,2,10,0.6557474136352539,0.6648886203765869,0.6557474136352539,0.6648886203765869,0.6142857074737549,0.6000000238418579
16,2,11,0.6526219248771667,0.6644660830497742,0.6526219248771667,0.6644660830497742,0.6214285492897034,0.6000000238418579
16,2,12,0.6495436429977417,0.6641265153884888,0.6495436429977417,0.6641265153884888,0.6142857074737549,0.6399999856948853
16,2,13,0.6464607119560242,0.6638471484184265,0.6464607119560242,0.6638471484184265,0.6071428656578064,0.6399999856948853
16,2,14,0.6433315277099609,0.6636050343513489,0.6433315277099609,0.6636050343513489,0.6357142925262451,0.6399999856948853
16,2,15,0.6401301622390747,0.6633865237236023,0.6401301622390747,0.6633865237236023,0.6642857193946838,0.6000000238418579
16,2,16,0.636846661567688,0.6631883382797241,0.636846661567688,0.6631883382797241,0.6785714030265808,0.6000000238418579
16,2,17,0.6334800720214844,0.6630154252052307,0.6334800720214844,0.6630154252052307,0.6928571462631226,0.6000000238418579
16,2,18,0.6300324201583862,0.6628776788711548,0.6300324201583862,0.6628776788711548,0.699999988079071,0.6399999856948853
16,2,19,0.6265036463737488,0.6627876162528992,0.6265036463737488,0.6627876162528992,0.6928571462631226,0.6399999856948853
16,2,20,0.6228892803192139,0.6627596020698547,0.6228892803192139,0.6627596020698547,0.699999988079071,0.6399999856948853
16,2,21,0.6191800236701965,0.6628099679946899,0.6191800236701965,0.6628099679946899,0.7071428298950195,0.6000000238418579
16,2,22,0.6153623461723328,0.6629573106765747,0.6153623461723328,0.6629573106765747,0.7071428298950195,0.6000000238418579
16,2,23,0.6114193201065063,0.6632241606712341,0.6114193201065063,0.6632241606712341,0.6928571462631226,0.6399999856948853
16,2,24,0.6073319315910339,0.6636388301849365,0.6073319315910339,0.6636388301849365,0.699999988079071,0.6399999856948853
16,2,25,0.6030799150466919,0.6642380356788635,0.6030799150466919,0.6642380356788635,0.6928571462631226,0.6399999856948853
16,2,26,0.5986433029174805,0.665070652961731,0.5986433029174805,0.665070652961731,0.7071428298950195,0.6399999856948853
16,2,27,0.5940034985542297,0.6662022471427917,0.5940034985542297,0.6662022471427917,0.7357142567634583,0.5600000023841858
16,2,28,0.5891451239585876,0.6677204966545105,0.5891451239585876,0.6677204966545105,0.7214285731315613,0.5600000023841858
16,2,29,0.5840578079223633,0.6697409152984619,0.5840578079223633,0.6697409152984619,0.7214285731315613,0.5199999809265137
16,2,30,0.5787385702133179,0.6724134683609009,0.5787385702133179,0.6724134683609009,0.7285714149475098,0.5199999809265137
16,2,31,0.5731956958770752,0.6759277582168579,0.5731956958770752,0.6759277582168579,0.7285714149475098,0.5199999809265137
16,2,32,0.5674533247947693,0.6805168986320496,0.5674533247947693,0.6805168986320496,0.7428571581840515,0.5199999809265137
16,2,33,0.5615574717521667,0.6864545941352844,0.5615574717521667,0.6864545941352844,0.7357142567634583,0.5600000023841858
16,2,34,0.5555824041366577,0.6940373778343201,0.5555824041366577,0.6940373778343201,0.75,0.5600000023841858
16,2,35,0.5496352314949036,0.703540563583374,0.5496352314949036,0.703540563583374,0.7571428418159485,0.5600000023841858
16,2,36,0.5438529253005981,0.7151281833648682,0.5438529253005981,0.7151281833648682,0.75,0.47999998927116394
16,2,37,0.538384199142456,0.7287087440490723,0.538384199142456,0.7287087440490723,0.75,0.47999998927116394
16,2,38,0.5333479642868042,0.7437640428543091,0.5333479642868042,0.7437640428543091,0.75,0.4399999976158142
16,2,39,0.5287758708000183,0.7592688798904419,0.5287758708000183,0.7592688798904419,0.7571428418159485,0.4399999976158142
16,2,40,0.524569034576416,0.7738764882087708,0.524569034576416,0.7738764882087708,0.75,0.4399999976158142
16,2,41,0.5205245614051819,0.7864148616790771,0.5205245614051819,0.7864148616790771,0.7428571581840515,0.4399999976158142
16,2,42,0.5164377689361572,0.7964093089103699,0.5164377689361572,0.7964093089103699,0.75,0.4399999976158142
16,2,43,0.512205183506012,0.8042228817939758,0.512205183506012,0.8042228817939758,0.75,0.4399999976158142
16,2,44,0.5078412890434265,0.8107534050941467,0.5078412890434265,0.8107534050941467,0.75,0.47999998927116394
16,2,45,0.5034151673316956,0.8169844746589661,0.5034151673316956,0.8169844746589661,0.7428571581840515,0.47999998927116394
17,2,1,0.68697190284729,0.7237790822982788,0.68697190284729,0.7237790822982788,0.5642856955528259,0.3199999928474426
17,2,2,0.6785323619842529,0.7208924293518066,0.6785323619842529,0.7208924293518066,0.5714285969734192,0.4000000059604645
17,2,3,0.6755871772766113,0.719097912311554,0.6755871772766113,0.719097912311554,0.5785714387893677,0.4000000059604645
17,2,4,0.6733818054199219,0.7177545428276062,0.6733818054199219,0.7177545428276062,0.5785714387893677,0.4000000059604645
17,2,5,0.6714875102043152,0.7166266441345215,0.6714875102043152,0.7166266441345215,0.5785714387893677,0.4399999976158142
17,2,6,0.6697434782981873,0.7155889868736267,0.6697434782981873,0.7155889868736267,0.5857142806053162,0.4399999976158142
17,2,7,0.6680582761764526,0.7145693898200989,0.6680582761764526,0.7145693898200989,0.5928571224212646,0.4399999976158142
17,2,8,0.6663749814033508,0.7135304808616638,0.6663749814033508,0.7135304808616638,0.6000000238418579,0.47999998927116394
17,2,9,0.6646604537963867,0.7124605774879456,0.6646604537963867,0.7124605774879456,0.6214285492897034,0.47999998927116394
17,2,10,0.6629001498222351,0.7113638520240784,0.6629001498222351,0.7113638520240784,0.6357142925262451,0.47999998927116394
17,2,11,0.6610921025276184,0.7102549076080322,0.6610921025276184,0.7102549076080322,0.6571428775787354,0.47999998927116394
17,2,12,0.6592422723770142,0.7091516852378845,0.6592422723770142,0.7091516852378845,0.6499999761581421,0.47999998927116394
17,2,13,0.6573599576950073,0.708072304725647,0.6573599576950073,0.708072304725647,0.6571428775787354,0.47999998927116394
17,2,14,0.6554553508758545,0.7070320248603821,0.6554553508758545,0.7070320248603821,0.6714285612106323,0.47999998927116394
17,2,15,0.6535369157791138,0.7060426473617554,0.6535369157791138,0.7060426473617554,0.6714285612106323,0.47999998927116394
17,2,16,0.6516114473342896,0.7051116824150085,0.6516114473342896,0.7051116824150085,0.6785714030265808,0.5199999809265137
17,2,17,0.6496830582618713,0.7042432427406311,0.6496830582618713,0.7042432427406311,0.6928571462631226,0.5600000023841858
17,2,18,0.6477530598640442,0.7034385800361633,0.6477530598640442,0.7034385800361633,0.6928571462631226,0.5600000023841858
17,2,19,0.6458215713500977,0.7026963829994202,0.6458215713500977,0.7026963829994202,0.7071428298950195,0.5199999809265137
17,2,20,0.6438863277435303,0.7020140290260315,0.6438863277435303,0.7020140290260315,0.7071428298950195,0.5199999809265137
17,2,21,0.6419445872306824,0.7013881802558899,0.6419445872306824,0.7013881802558899,0.7071428298950195,0.5199999809265137
17,2,22,0.6399922370910645,0.7008146643638611,0.6399922370910645,0.7008146643638611,0.7214285731315613,0.47999998927116394
17,2,23,0.6380251049995422,0.7002895474433899,0.6380251049995422,0.7002895474433899,0.7214285731315613,0.47999998927116394
17,2,24,0.6360384225845337,0.699808657169342,0.6360384225845337,0.699808657169342,0.7285714149475098,0.47999998927116394
17,2,25,0.6340274214744568,0.6993687152862549,0.6340274214744568,0.6993687152862549,0.7428571581840515,0.47999998927116394
17,2,26,0.6319872736930847,0.6989662647247314,0.6319872736930847,0.6989662647247314,0.7428571581840515,0.47999998927116394
17,2,27,0.6299130320549011,0.6985988020896912,0.6299130320549011,0.6985988020896912,0.75,0.4399999976158142
17,2,28,0.6278000473976135,0.698263943195343,0.6278000473976135,0.698263943195343,0.7571428418159485,0.47999998927116394
17,2,29,0.6256433129310608,0.6979598999023438,0.6256433129310608,0.6979598999023438,0.7571428418159485,0.47999998927116394
17,2,30,0.6234381198883057,0.6976849436759949,0.6234381198883057,0.6976849436759949,0.7571428418159485,0.47999998927116394
17,2,31,0.6211792826652527,0.6974380612373352,0.6211792826652527,0.6974380612373352,0.7428571581840515,0.47999998927116394
17,2,32,0.6188619136810303,0.697218656539917,0.6188619136810303,0.697218656539917,0.7571428418159485,0.47999998927116394
17,2,33,0.6164806485176086,0.6970258355140686,0.6164806485176086,0.6970258355140686,0.75,0.47999998927116394
17,2,34,0.6140300631523132,0.69685959815979,0.6140300631523132,0.69685959815979,0.7428571581840515,0.47999998927116394
17,2,35,0.6115045547485352,0.69672030210495,0.6115045547485352,0.69672030210495,0.7357142567634583,0.47999998927116394
17,2,36,0.6088985204696655,0.696608304977417,0.6088985204696655,0.696608304977417,0.7285714149475098,0.47999998927116394
17,2,37,0.606205940246582,0.696524977684021,0.606205940246582,0.696524977684021,0.7285714149475098,0.47999998927116394
17,2,38,0.6034207344055176,0.6964719295501709,0.6034207344055176,0.6964719295501709,0.7285714149475098,0.47999998927116394
17,2,39,0.6005372405052185,0.696451723575592,0.6005372405052185,0.696451723575592,0.7285714149475098,0.47999998927116394
17,2,40,0.5975494980812073,0.6964675784111023,0.5975494980812073,0.6964675784111023,0.7214285731315613,0.5600000023841858
17,2,41,0.5944523215293884,0.6965238451957703,0.5944523215293884,0.6965238451957703,0.7142857313156128,0.5600000023841858
17,2,42,0.5912409424781799,0.6966257691383362,0.5912409424781799,0.6966257691383362,0.7214285731315613,0.6000000238418579
17,2,43,0.5879114270210266,0.6967800855636597,0.5879114270210266,0.6967800855636597,0.7214285731315613,0.6000000238418579
17,2,44,0.5844614505767822,0.6969947814941406,0.5844614505767822,0.6969947814941406,0.7285714149475098,0.6000000238418579
17,2,45,0.580889880657196,0.6972790360450745,0.580889880657196,0.6972790360450745,0.7285714149475098,0.6000000238418579
17,2,46,0.5771981477737427,0.6976433396339417,0.5771981477737427,0.6976433396339417,0.7357142567634583,0.6000000238418579
17,2,47,0.5733901262283325,0.6980991363525391,0.5733901262283325,0.6980991363525391,0.7285714149475098,0.6000000238418579
17,2,48,0.5694723129272461,0.6986575126647949,0.5694723129272461,0.6986575126647949,0.7214285731315613,0.6000000238418579
17,2,49,0.5654547810554504,0.6993299722671509,0.5654547810554504,0.6993299722671509,0.7357142567634583,0.6000000238418579
17,2,50,0.5613504648208618,0.7001257538795471,0.5613504648208618,0.7001257538795471,0.7357142567634583,0.6000000238418579
17,2,51,0.55717533826828,0.7010514140129089,0.55717533826828,0.7010514140129089,0.7285714149475098,0.6000000238418579
17,2,52,0.5529476404190063,0.7021093964576721,0.5529476404190063,0.7021093964576721,0.7285714149475098,0.6000000238418579
17,2,53,0.5486866235733032,0.7032968997955322,0.5486866235733032,0.7032968997955322,0.7285714149475098,0.6000000238418579
17,2,54,0.5444115996360779,0.7046048045158386,0.5444115996360779,0.7046048045158386,0.7357142567634583,0.6000000238418579
17,2,55,0.5401401519775391,0.7060199975967407,0.5401401519775391,0.7060199975967407,0.7357142567634583,0.6000000238418579
17,2,56,0.5358869433403015,0.7075243592262268,0.5358869433403015,0.7075243592262268,0.7357142567634583,0.6000000238418579
17,2,57,0.5316634178161621,0.7090998888015747,0.5316634178161621,0.7090998888015747,0.7285714149475098,0.6000000238418579
17,2,58,0.5274767279624939,0.7107306122779846,0.5274767279624939,0.7107306122779846,0.7357142567634583,0.6000000238418579
17,2,59,0.5233312845230103,0.712405800819397,0.5233312845230103,0.712405800819397,0.7428571581840515,0.6000000238418579
17,2,60,0.5192287564277649,0.714122474193573,0.5192287564277649,0.714122474193573,0.7428571581840515,0.6000000238418579
17,2,61,0.5151700973510742,0.7158861756324768,0.5151700973510742,0.7158861756324768,0.7428571581840515,0.6000000238418579
17,2,62,0.5111561417579651,0.7177107334136963,0.5111560821533203,0.7177107334136963,0.7357142567634583,0.6000000238418579
17,2,63,0.5071878433227539,0.7196154594421387,0.5071878433227539,0.7196154594421387,0.7428571581840515,0.6000000238418579
17,2,64,0.5032675862312317,0.7216238379478455,0.5032675862312317,0.7216238379478455,0.7285714149475098,0.6000000238418579
18,2,1,0.6762848496437073,0.688490629196167,0.6762848496437073,0.688490629196167,0.5857142806053162,0.6000000238418579
18,2,2,0.6712744832038879,0.6870258450508118,0.6712744832038879,0.6870258450508118,0.5928571224212646,0.6000000238418579
18,2,3,0.6684498190879822,0.6865946054458618,0.6684498190879822,0.6865946054458618,0.6071428656578064,0.6000000238418579
18,2,4,0.6663170456886292,0.6867010593414307,0.6663170456886292,0.6867010593414307,0.6071428656578064,0.6000000238418579
18,2,5,0.6645005345344543,0.6870653629302979,0.6645005345344543,0.6870653629302979,0.6000000238418579,0.6000000238418579
18,2,6,0.6627988815307617,0.6875338554382324,0.6627988815307617,0.6875338554382324,0.6000000238418579,0.6000000238418579
18,2,7,0.6611173748970032,0.6880354881286621,0.6611173748970032,0.6880354881286621,0.6000000238418579,0.6000000238418579
18,2,8,0.6594266295433044,0.6885470747947693,0.6594266295433044,0.6885470747947693,0.6000000238418579,0.6000000238418579
18,2,9,0.6577308773994446,0.6890673637390137,0.6577308773994446,0.6890673637390137,0.6000000238418579,0.6000000238418579
18,2,10,0.6560450792312622,0.689601719379425,0.6560450792312622,0.689601719379425,0.6000000238418579,0.6000000238418579
18,2,11,0.6543826460838318,0.6901542544364929,0.6543826460838318,0.6901542544364929,0.6000000238418579,0.6000000238418579
18,2,12,0.6527510285377502,0.6907266974449158,0.6527510285377502,0.6907266974449158,0.6071428656578064,0.6000000238418579
18,2,13,0.6511520743370056,0.6913187503814697,0.6511520743370056,0.6913187503814697,0.6071428656578064,0.6000000238418579
18,2,14,0.6495835185050964,0.6919293999671936,0.6495835185050964,0.6919293999671936,0.6071428656578064,0.6000000238418579
18,2,15,0.6480410695075989,0.6925581097602844,0.6480410695075989,0.6925581097602844,0.6071428656578064,0.6000000238418579
18,2,16,0.6465199589729309,0.6932046413421631,0.6465199589729309,0.6932046413421631,0.6142857074737549,0.6000000238418579
18,2,17,0.6450155973434448,0.6938700079917908,0.6450155973434448,0.6938700079917908,0.6071428656578064,0.6000000238418579
18,2,18,0.6435239315032959,0.6945546865463257,0.6435239315032959,0.6945546865463257,0.6214285492897034,0.6000000238418579
18,2,19,0.6420415043830872,0.6952606439590454,0.6420415043830872,0.6952606439590454,0.6285714507102966,0.6000000238418579
18,2,20,0.6405652165412903,0.6959890723228455,0.6405652165412903,0.6959890723228455,0.6285714507102966,0.6000000238418579
18,2,21,0.639092743396759,0.6967418193817139,0.639092743396759,0.6967418193817139,0.6285714507102966,0.6000000238418579
18,2,22,0.6376221179962158,0.6975201964378357,0.6376221179962158,0.6975201964378357,0.6285714507102966,0.5600000023841858
18,2,23,0.6361514925956726,0.6983259320259094,0.6361514925956726,0.6983259320259094,0.6428571343421936,0.5600000023841858
18,2,24,0.63467937707901,0.699160635471344,0.63467937707901,0.699160635471344,0.6499999761581421,0.5600000023841858
18,2,25,0.6332044005393982,0.700025737285614,0.6332044005393982,0.700025737285614,0.6571428775787354,0.5600000023841858
18,2,26,0.6317253112792969,0.7009228467941284,0.6317253112792969,0.7009228467941284,0.6571428775787354,0.5600000023841858
18,2,27,0.6302408576011658,0.7018536925315857,0.6302408576011658,0.7018536925315857,0.6642857193946838,0.5600000023841858
18,2,28,0.6287497878074646,0.7028198838233948,0.6287497878074646,0.7028198838233948,0.6499999761581421,0.5600000023841858
19,2,1,0.6770187020301819,0.6800346374511719,0.6770187020301819,0.6800346374511719,0.5928571224212646,0.6000000238418579
19,2,2,0.6713228821754456,0.6831574440002441,0.6713228821754456,0.6831574440002441,0.5928571224212646,0.6000000238418579
19,2,3,0.6676375865936279,0.6864033341407776,0.6676375865936279,0.6864033341407776,0.5928571224212646,0.6000000238418579
19,2,4,0.6643416285514832,0.6897076368331909,0.6643416285514832,0.6897076368331909,0.5928571224212646,0.6000000238418579
19,2,5,0.6612688302993774,0.6930178999900818,0.6612688302993774,0.6930178999900818,0.6000000238418579,0.5600000023841858
19,2,6,0.6583230495452881,0.6962923407554626,0.6583230495452881,0.6962923407554626,0.6214285492897034,0.5600000023841858
19,2,7,0.6554346680641174,0.6995121240615845,0.6554346680641174,0.6995121240615845,0.6214285492897034,0.5600000023841858
19,2,8,0.6525601744651794,0.7026810646057129,0.6525601744651794,0.7026810646057129,0.6285714507102966,0.5600000023841858
19,2,9,0.6496784090995789,0.7058190703392029,0.6496784090995789,0.7058190703392029,0.6357142925262451,0.5600000023841858
19,2,10,0.6467834711074829,0.7089519500732422,0.6467834711074829,0.7089519500732422,0.6142857074737549,0.5600000023841858
19,2,11,0.6438753604888916,0.7121052742004395,0.6438753604888916,0.7121052742004395,0.6357142925262451,0.5600000023841858
19,2,12,0.6409550905227661,0.7153007984161377,0.6409550905227661,0.7153007984161377,0.6357142925262451,0.5600000023841858
19,2,13,0.6380212306976318,0.718555748462677,0.6380212306976318,0.718555748462677,0.6499999761581421,0.5600000023841858
19,2,14,0.6350692510604858,0.7218837141990662,0.6350692510604858,0.7218837141990662,0.6499999761581421,0.5600000023841858
19,2,15,0.6320912837982178,0.7252952456474304,0.6320912837982178,0.7252952456474304,0.6499999761581421,0.5600000023841858
19,2,16,0.6290770769119263,0.7288000583648682,0.6290770769119263,0.7288000583648682,0.6642857193946838,0.6000000238418579
19,2,17,0.6260144114494324,0.7324077486991882,0.6260144114494324,0.7324077486991882,0.6642857193946838,0.5600000023841858
19,2,18,0.6228898763656616,0.7361283898353577,0.6228898763656616,0.7361283898353577,0.6642857193946838,0.5600000023841858
19,2,19,0.6196898221969604,0.7399733662605286,0.6196898221969604,0.7399733662605286,0.6642857193946838,0.6000000238418579
19,2,20,0.6164005994796753,0.7439559698104858,0.6164005994796753,0.7439559698104858,0.6571428775787354,0.6000000238418579
19,2,21,0.6130090355873108,0.7480912804603577,0.6130090355873108,0.7480912804603577,0.6571428775787354,0.5600000023841858
19,2,22,0.6095031499862671,0.7523959279060364,0.6095031499862671,0.7523959279060364,0.6642857193946838,0.5600000023841858
19,2,23,0.6058720946311951,0.7568877935409546,0.6058720946311951,0.7568877935409546,0.6642857193946838,0.5600000023841858
19,2,24,0.6021063327789307,0.7615858316421509,0.6021063327789307,0.7615858316421509,0.6642857193946838,0.5600000023841858
19,2,25,0.5981979966163635,0.7665083408355713,0.5981979966163635,0.7665083408355713,0.6714285612106323,0.6000000238418579
19,2,26,0.5941416621208191,0.7716732621192932,0.5941416621208191,0.7716732621192932,0.6714285612106323,0.6000000238418579
20,2,1,0.6818373799324036,0.6779823899269104,0.6818373799324036,0.6779823899269104,0.5857142806053162,0.5600000023841858
20,2,2,0.6757301688194275,0.6756511926651001,0.6757301688194275,0.6756511926651001,0.5928571224212646,0.5600000023841858
20,2,3,0.672206461429596,0.673777163028717,0.672206461429596,0.673777163028717,0.6000000238418579,0.6000000238418579
20,2,4,0.6694434881210327,0.6726194024085999,0.6694434881210327,0.6726194024085999,0.6000000238418579,0.6000000238418579
20,2,5,0.667172908782959,0.6720653772354126,0.667172908782959,0.6720653772354126,0.6000000238418579,0.6000000238418579
20,2,6,0.6651437282562256,0.6719365119934082,0.6651437282562256,0.6719365119934082,0.6000000238418579,0.6000000238418579
20,2,7,0.6631600856781006,0.6720736622810364,0.6631600856781006,0.6720736622810364,0.6000000238418579,0.6000000238418579
20,2,8,0.6610971689224243,0.6723628044128418,0.6610971689224243,0.6723628044128418,0.6000000238418579,0.6000000238418579
20,2,9,0.6588952541351318,0.6727338433265686,0.6588952541351318,0.6727338433265686,0.6000000238418579,0.6000000238418579
20,2,10,0.6565426588058472,0.6731504797935486,0.6565426588058472,0.6731504797935486,0.6000000238418579,0.6000000238418579
20,2,11,0.6540558934211731,0.6735986471176147,0.6540558934211731,0.6735986471176147,0.5928571224212646,0.6000000238418579
20,2,12,0.6514635682106018,0.6740765571594238,0.6514635682106018,0.6740765571594238,0.6071428656578064,0.6000000238418579
20,2,13,0.6487958431243896,0.6745885610580444,0.6487958431243896,0.6745885610580444,0.6071428656578064,0.6000000238418579
20,2,14,0.6460776925086975,0.6751406192779541,0.6460776925086975,0.6751406192779541,0.6071428656578064,0.6000000238418579
20,2,15,0.6433266401290894,0.6757397651672363,0.6433266401290894,0.6757397651672363,0.6071428656578064,0.6000000238418579
20,2,16,0.6405525803565979,0.6763924956321716,0.6405525803565979,0.6763924956321716,0.6142857074737549,0.6000000238418579
20,2,17,0.6377588510513306,0.6771053075790405,0.6377588510513306,0.6771053075790405,0.6142857074737549,0.6000000238418579
20,2,18,0.6349436640739441,0.6778845191001892,0.6349436640739441,0.6778845191001892,0.6142857074737549,0.6000000238418579
20,2,19,0.6321016550064087,0.6787367463111877,0.6321016550064087,0.6787367463111877,0.6142857074737549,0.6000000238418579
20,2,20,0.6292247176170349,0.6796691417694092,0.6292247176170349,0.6796691417694092,0.6214285492897034,0.6000000238418579
20,2,21,0.6263036131858826,0.6806893944740295,0.6263036131858826,0.6806893944740295,0.6142857074737549,0.6000000238418579
20,2,22,0.6233279705047607,0.6818060278892517,0.6233279705047607,0.6818060278892517,0.6142857074737549,0.6000000238418579
20,2,23,0.6202874779701233,0.6830285787582397,0.6202874779701233,0.6830285787582397,0.6142857074737549,0.6000000238418579
20,2,24,0.6171722412109375,0.6843681931495667,0.6171722412109375,0.6843681931495667,0.6214285492897034,0.6000000238418579
20,2,25,0.6139731407165527,0.6858375072479248,0.6139731407165527,0.6858375072479248,0.6285714507102966,0.6000000238418579
20,2,26,0.6106818914413452,0.6874514222145081,0.6106818914413452,0.6874514222145081,0.6428571343421936,0.6000000238418579
20,2,27,0.6072919964790344,0.6892266869544983,0.6072919964790344,0.6892266869544983,0.6357142925262451,0.6000000238418579
20,2,28,0.6037986278533936,0.6911833882331848,0.6037986278533936,0.6911833882331848,0.6357142925262451,0.6000000238418579
20,2,29,0.6001994013786316,0.6933434009552002,0.6001994013786316,0.6933434009552002,0.6357142925262451,0.5600000023841858
20,2,30,0.5964946150779724,0.6957321166992188,0.5964946150779724,0.6957321166992188,0.6499999761581421,0.5600000023841858
20,2,31,0.5926883220672607,0.6983760595321655,0.5926883220672607,0.6983760595321655,0.6499999761581421,0.5600000023841858
21,3,1,0.6809607148170471,0.6643707752227783,0.6809607148170471,0.6643707752227783,0.6115108132362366,0.6000000238418579
21,3,2,0.6743592619895935,0.6612481474876404,0.6743592619895935,0.6612481474876404,0.633093535900116,0.6000000238418579
21,3,3,0.6700464487075806,0.6592803001403809,0.6700464487075806,0.6592803001403809,0.6187050342559814,0.6000000238418579
21,3,4,0.6665887832641602,0.6579039692878723,0.6665887832641602,0.6579039692878723,0.6043165326118469,0.6000000238418579
21,3,5,0.6635366678237915,0.6568194031715393,0.6635366678237915,0.6568194031715393,0.6043165326118469,0.6000000238418579
21,3,6,0.6606971025466919,0.6558905839920044,0.6606971025466919,0.6558905839920044,0.6043165326118469,0.6000000238418579
21,3,7,0.658003568649292,0.6550560593605042,0.658003568649292,0.6550560593605042,0.6115108132362366,0.6000000238418579
21,3,8,0.6554291248321533,0.6542762517929077,0.6554291248321533,0.6542762517929077,0.6187050342559814,0.6000000238418579
21,3,9,0.6529461741447449,0.6535178422927856,0.6529461741447449,0.6535178422927856,0.6187050342559814,0.6000000238418579
21,3,10,0.6505215764045715,0.6527570486068726,0.6505215764045715,0.6527570486068726,0.6258992552757263,0.6000000238418579
21,3,11,0.6481254696846008,0.6519836187362671,0.6481254696846008,0.6519836187362671,0.6258992552757263,0.6000000238418579
21,3,12,0.645738422870636,0.6512009501457214,0.645738422870636,0.6512009501457214,0.6258992552757263,0.6399999856948853
21,3,13,0.6433506608009338,0.6504190564155579,0.6433506608009338,0.6504190564155579,0.6187050342559814,0.6399999856948853
21,3,14,0.6409575939178467,0.649649977684021,0.6409575939178467,0.649649977684021,0.6258992552757263,0.6399999856948853
21,3,15,0.6385552883148193,0.6489034295082092,0.6385552883148193,0.6489034295082092,0.633093535900116,0.6800000071525574
21,3,16,0.6361376643180847,0.6481865644454956,0.6361376643180847,0.6481865644454956,0.6474820375442505,0.6399999856948853
21,3,17,0.6336961984634399,0.647504448890686,0.6336961388587952,0.647504448890686,0.6546762585639954,0.6399999856948853
21,3,18,0.6312200427055359,0.64686119556427,0.6312200427055359,0.64686119556427,0.6546762585639954,0.6399999856948853
21,3,19,0.6286972761154175,0.6462612152099609,0.6286972761154175,0.6462612152099609,0.6474820375442505,0.6399999856948853
21,3,20,0.626115083694458,0.6457101702690125,0.626115083694458,0.6457101702690125,0.6690647602081299,0.6399999856948853
21,3,21,0.6234599351882935,0.6452157497406006,0.6234599351882935,0.6452157497406006,0.6690647602081299,0.6399999856948853
21,3,22,0.6207188367843628,0.644788920879364,0.6207188367843628,0.644788920879364,0.6762589812278748,0.6399999856948853
21,3,23,0.6178789734840393,0.6444438695907593,0.6178789734840393,0.6444438695907593,0.6762589812278748,0.6399999856948853
21,3,24,0.6149279475212097,0.6441988945007324,0.6149279475212097,0.6441988945007324,0.6762589812278748,0.6000000238418579
21,3,25,0.6118537783622742,0.6440755724906921,0.6118537783622742,0.6440755724906921,0.6834532618522644,0.6000000238418579
21,3,26,0.6086447834968567,0.6440999507904053,0.6086447834968567,0.6440999507904053,0.6906474828720093,0.5600000023841858
21,3,27,0.6052895784378052,0.6443021297454834,0.6052895784378052,0.6443021297454834,0.6906474828720093,0.5600000023841858
21,3,28,0.6017774939537048,0.6447160840034485,0.6017774939537048,0.6447160840034485,0.6906474828720093,0.5600000023841858
21,3,29,0.598099410533905,0.6453803777694702,0.598099410533905,0.6453803777694702,0.6906474828720093,0.6000000238418579
21,3,30,0.5942487716674805,0.6463372111320496,0.5942487716674805,0.6463372111320496,0.6906474828720093,0.6000000238418579
21,3,31,0.5902231335639954,0.647631049156189,0.5902231335639954,0.647631049156189,0.6906474828720093,0.6000000238418579
21,3,32,0.5860258340835571,0.6493066549301147,0.5860258340835571,0.6493066549301147,0.7122302055358887,0.6000000238418579
21,3,33,0.5816676020622253,0.6514034867286682,0.5816676020622253,0.6514034867286682,0.7050359845161438,0.6000000238418579
21,3,34,0.5771682262420654,0.6539492607116699,0.5771682262420654,0.6539492607116699,0.6978417038917542,0.6000000238418579
21,3,35,0.5725569128990173,0.6569492816925049,0.5725569128990173,0.6569492816925049,0.7050359845161438,0.5600000023841858
21,3,36,0.5678707361221313,0.6603763699531555,0.5678707361221313,0.6603763699531555,0.7122302055358887,0.5600000023841858
21,3,37,0.563152015209198,0.6641591787338257,0.563152015209198,0.6641591787338257,0.7050359845161438,0.5600000023841858
21,3,38,0.5584415197372437,0.6681771278381348,0.5584415197372437,0.6681771278381348,0.7050359845161438,0.5600000023841858
21,3,39,0.5537703037261963,0.6722623705863953,0.5537703037261963,0.6722623705863953,0.7266187071800232,0.5600000023841858
21,3,40,0.5491511225700378,0.6762153506278992,0.5491511225700378,0.6762153506278992,0.7410072088241577,0.5600000023841858
21,3,41,0.5445733666419983,0.6798356771469116,0.5445733666419983,0.6798356771469116,0.7410072088241577,0.5600000023841858
21,3,42,0.5400071144104004,0.682963490486145,0.5400071144104004,0.682963490486145,0.7482014298439026,0.6000000238418579
21,3,43,0.535414457321167,0.6855204701423645,0.535414457321167,0.6855204701423645,0.7482014298439026,0.6000000238418579
21,3,44,0.530764102935791,0.6875299215316772,0.530764102935791,0.6875299215316772,0.7482014298439026,0.6000000238418579
21,3,45,0.526040256023407,0.6891093254089355,0.526040256023407,0.6891093254089355,0.7410072088241577,0.6000000238418579
21,3,46,0.5212423801422119,0.6904370188713074,0.5212423801422119,0.6904370188713074,0.7338129281997681,0.5600000023841858
21,3,47,0.5163763165473938,0.691709578037262,0.5163763165473938,0.691709578037262,0.7553957104682922,0.5600000023841858
21,3,48,0.5114452838897705,0.6931052207946777,0.5114452838897705,0.6931052207946777,0.7625899314880371,0.5600000023841858
21,3,49,0.506443440914154,0.6947586536407471,0.506443440914154,0.6947586536407471,0.769784152507782,0.5600000023841858
21,3,50,0.5013546943664551,0.6967536807060242,0.5013546943664551,0.6967536807060242,0.7841726541519165,0.5600000023841858
22,3,1,0.7070152759552002,0.6888850331306458,0.7070152759552002,0.6888850331306458,0.40287768840789795,0.4399999976158142
22,3,2,0.6953859329223633,0.6844069957733154,0.6953859329223633,0.6844069957733154,0.5251798629760742,0.5199999809265137
22,3,3,0.6893624067306519,0.6822776794433594,0.6893624067306519,0.6822776794433594,0.5395683646202087,0.5600000023841858
22,3,4,0.6847079992294312,0.6813647747039795,0.6847079992294312,0.6813647747039795,0.5611510872840881,0.5600000023841858
22,3,5,0.6807401180267334,0.6811937689781189,0.6807401180267334,0.6811937689781189,0.5899280309677124,0.5600000023841858
22,3,6,0.6771831512451172,0.6814984083175659,0.6771831512451172,0.6814984083175659,0.6043165326118469,0.5600000023841858
22,3,7,0.6738934516906738,0.6821039319038391,0.6738934516906738,0.6821039319038391,0.6115108132362366,0.5600000023841858
22,3,8,0.6707829833030701,0.6828868985176086,0.6707829833030701,0.6828868985176086,0.6258992552757263,0.5600000023841858
22,3,9,0.6677900552749634,0.6837577819824219,0.6677900552749634,0.6837577819824219,0.6402877569198608,0.6000000238418579
22,3,10,0.6648681163787842,0.6846552491188049,0.6648681163787842,0.6846552491188049,0.6402877569198608,0.6000000238418579
22,3,11,0.6619823575019836,0.6855413317680359,0.6619823575019836,0.6855413317680359,0.6474820375442505,0.6000000238418579
22,3,12,0.6591072082519531,0.686397910118103,0.6591072082519531,0.686397910118103,0.6546762585639954,0.6000000238418579
22,3,13,0.6562253832817078,0.6872228384017944,0.6562253832817078,0.6872228384017944,0.6474820375442505,0.6000000238418579
22,3,14,0.6533266305923462,0.6880239248275757,0.6533266305923462,0.6880239248275757,0.6402877569198608,0.6000000238418579
22,3,15,0.6504045724868774,0.6888163089752197,0.6504045724868774,0.6888163089752197,0.6546762585639954,0.6000000238418579
22,3,16,0.6474558711051941,0.6896175146102905,0.6474558711051941,0.6896175146102905,0.6546762585639954,0.6399999856948853
22,3,17,0.644477903842926,0.6904457807540894,0.644477903842926,0.6904457807540894,0.6474820375442505,0.6399999856948853
22,3,18,0.6414680480957031,0.6913176774978638,0.6414680480957031,0.6913176774978638,0.6618704795837402,0.6399999856948853
22,3,19,0.6384232640266418,0.6922478675842285,0.6384232640266418,0.6922478675842285,0.6546762585639954,0.6399999856948853
22,3,20,0.6353392601013184,0.6932482719421387,0.6353392601013184,0.6932482719421387,0.6546762585639954,0.6399999856948853
22,3,21,0.6322107315063477,0.6943286657333374,0.6322107315063477,0.6943286657333374,0.6546762585639954,0.6399999856948853
22,3,22,0.6290319561958313,0.6954971551895142,0.6290319561958313,0.6954971551895142,0.6618704795837402,0.6000000238418579
22,3,23,0.6257965564727783,0.6967607140541077,0.6257965564727783,0.6967607140541077,0.6690647602081299,0.6000000238418579
22,3,24,0.6224979162216187,0.6981253623962402,0.6224979162216187,0.6981253623962402,0.6690647602081299,0.5600000023841858
22,3,25,0.6191299557685852,0.6995975375175476,0.6191299557685852,0.6995975375175476,0.6546762585639954,0.5600000023841858
22,3,26,0.6156870126724243,0.7011833190917969,0.6156870126724243,0.7011833190917969,0.6906474828720093,0.5199999809265137
22,3,27,0.6121645569801331,0.702889621257782,0.6121645569801331,0.702889621257782,0.7122302055358887,0.47999998927116394
22,3,28,0.6085590124130249,0.7047238349914551,0.6085590124130249,0.7047238349914551,0.6906474828720093,0.47999998927116394
22,3,29,0.6048685312271118,0.7066931128501892,0.6048685312271118,0.7066931128501892,0.7050359845161438,0.47999998927116394
22,3,30,0.6010932922363281,0.7088050842285156,0.6010932922363281,0.7088050842285156,0.7122302055358887,0.47999998927116394
23,3,1,0.6784554719924927,0.6658907532691956,0.6784554719924927,0.6658907532691956,0.6043165326118469,0.5199999809265137
23,3,2,0.66962069272995,0.6614437103271484,0.66962069272995,0.6614437103271484,0.6043165326118469,0.5199999809265137
23,3,3,0.6649065613746643,0.6586278676986694,0.6649065613746643,0.6586278676986694,0.6187050342559814,0.5600000023841858
23,3,4,0.6615152955055237,0.6564920544624329,0.6615152955055237,0.6564920544624329,0.597122311592102,0.6000000238418579
23,3,5,0.6587079167366028,0.6546276807785034,0.6587079167366028,0.6546276807785034,0.597122311592102,0.6000000238418579
23,3,6,0.6561728119850159,0.6528860330581665,0.6561728119850159,0.6528860330581665,0.597122311592102,0.6000000238418579
23,3,7,0.6537868976593018,0.6512259840965271,0.6537868976593018,0.6512259840965271,0.6043165326118469,0.6000000238418579
23,3,8,0.651494562625885,0.6496328115463257,0.651494562625885,0.6496328115463257,0.6115108132362366,0.6000000238418579
23,3,9,0.6492542028427124,0.6480914950370789,0.6492542028427124,0.6480914950370789,0.6187050342559814,0.6000000238418579
23,3,10,0.6470259428024292,0.6465868353843689,0.6470259428024292,0.6465868353843689,0.633093535900116,0.6000000238418579
23,3,11,0.6447783708572388,0.6451099514961243,0.6447783708572388,0.6451099514961243,0.633093535900116,0.6000000238418579
23,3,12,0.6424941420555115,0.643659770488739,0.6424941420555115,0.643659770488739,0.6258992552757263,0.6000000238418579
23,3,13,0.6401689052581787,0.642240047454834,0.6401689052581787,0.642240047454834,0.6258992552757263,0.6000000238418579
23,3,14,0.6378054618835449,0.6408545970916748,0.6378054618835449,0.6408545970916748,0.633093535900116,0.6000000238418579
23,3,15,0.6354082822799683,0.6395046710968018,0.6354082822799683,0.6395046710968018,0.633093535900116,0.6399999856948853
23,3,16,0.6329783201217651,0.6381891369819641,0.6329783201217651,0.6381891369819641,0.633093535900116,0.6800000071525574
23,3,17,0.6305122375488281,0.6369059085845947,0.6305122375488281,0.6369059085845947,0.633093535900116,0.6800000071525574
23,3,18,0.6280023455619812,0.635653555393219,0.6280023455619812,0.635653555393219,0.633093535900116,0.6800000071525574
23,3,19,0.6254374980926514,0.6344330906867981,0.6254374980926514,0.6344330906867981,0.6618704795837402,0.6800000071525574
23,3,20,0.6228048205375671,0.6332480311393738,0.6228048205375671,0.6332480311393738,0.6690647602081299,0.6800000071525574
23,3,21,0.6200897097587585,0.6321050524711609,0.6200897097587585,0.6321050524711609,0.6618704795837402,0.6800000071525574
23,3,22,0.6172770857810974,0.631013810634613,0.6172770857810974,0.631013810634613,0.6618704795837402,0.6800000071525574
23,3,23,0.6143518686294556,0.6299874782562256,0.6143518686294556,0.6299874782562256,0.6618704795837402,0.6800000071525574
23,3,24,0.6112987995147705,0.6290426254272461,0.6112987995147705,0.6290426254272461,0.6690647602081299,0.6800000071525574
23,3,25,0.6081022620201111,0.6282007694244385,0.6081022620201111,0.6282007694244385,0.6690647602081299,0.6800000071525574
23,3,26,0.6047461032867432,0.6274895668029785,0.6047461032867432,0.6274895668029785,0.6690647602081299,0.6800000071525574
23,3,27,0.6012135148048401,0.6269451379776001,0.6012135148048401,0.6269451379776001,0.6834532618522644,0.6800000071525574
23,3,28,0.5974861979484558,0.6266151666641235,0.5974861979484558,0.6266151666641235,0.6834532618522644,0.6800000071525574
23,3,29,0.5935457348823547,0.6265626549720764,0.5935457348823547,0.6265626549720764,0.6906474828720093,0.6800000071525574
23,3,30,0.5893738269805908,0.6268700361251831,0.5893738269805908,0.6268700361251831,0.6906474828720093,0.6800000071525574
23,3,31,0.5849539041519165,0.6276445984840393,0.5849539041519165,0.6276445984840393,0.7050359845161438,0.6800000071525574
23,3,32,0.5802735090255737,0.6290226578712463,0.5802735090255737,0.6290226578712463,0.7266187071800232,0.6399999856948853
23,3,33,0.5753278136253357,0.6311746835708618,0.5753278136253357,0.6311746835708618,0.7122302055358887,0.6399999856948853
23,3,34,0.5701223015785217,0.6343062520027161,0.5701223015785217,0.6343062520027161,0.7194244861602783,0.6399999856948853
23,3,35,0.5646779537200928,0.6386533975601196,0.5646779537200928,0.6386533975601196,0.7122302055358887,0.6399999856948853
23,3,36,0.5590324401855469,0.6444655656814575,0.5590324401855469,0.6444655656814575,0.7050359845161438,0.6800000071525574
23,3,37,0.5532407760620117,0.6519688367843628,0.5532407760620117,0.6519688367843628,0.7122302055358887,0.6800000071525574
23,3,38,0.5473664402961731,0.6613090634346008,0.5473664402961731,0.6613090634346008,0.7266187071800232,0.6800000071525574
23,3,39,0.541465699672699,0.6724833846092224,0.541465699672699,0.6724833846092224,0.7266187071800232,0.6800000071525574
23,3,40,0.5355639457702637,0.6852989196777344,0.5355639457702637,0.6852989196777344,0.7194244861602783,0.6800000071525574
23,3,41,0.529638946056366,0.6994017958641052,0.529638946056366,0.6994017958641052,0.7122302055358887,0.6800000071525574
23,3,42,0.523626446723938,0.7143943905830383,0.523626446723938,0.7143943905830383,0.7266187071800232,0.6800000071525574
23,3,43,0.5174515247344971,0.7299965023994446,0.5174515247344971,0.7299965023994446,0.7122302055358887,0.6800000071525574
23,3,44,0.5110641121864319,0.7461684346199036,0.5110641121864319,0.7461684346199036,0.7122302055358887,0.6800000071525574
23,3,45,0.5044503211975098,0.7631381154060364,0.5044503211975098,0.7631381154060364,0.7194244861602783,0.6800000071525574
23,3,46,0.4976184666156769,0.7813295722007751,0.4976184666156769,0.7813295722007751,0.7194244861602783,0.6399999856948853
23,3,47,0.4905816912651062,0.8012316226959229,0.4905816912651062,0.8012316226959229,0.7266187071800232,0.6399999856948853
23,3,48,0.4833533763885498,0.8232623934745789,0.4833533763885498,0.8232623934745789,0.7410072088241577,0.6399999856948853
23,3,49,0.4759528636932373,0.8476566076278687,0.4759528636932373,0.8476566076278687,0.7410072088241577,0.6800000071525574
23,3,50,0.46841326355934143,0.8743730783462524,0.46841326355934143,0.8743730783462524,0.7410072088241577,0.6800000071525574
23,3,51,0.4607819616794586,0.9030464291572571,0.4607819616794586,0.9030464291572571,0.7553957104682922,0.6800000071525574
23,3,52,0.45311155915260315,0.9330297708511353,0.45311155915260315,0.9330297708511353,0.7769784331321716,0.6800000071525574
23,3,53,0.44544732570648193,0.9635478854179382,0.44544732570648193,0.9635478854179382,0.7769784331321716,0.6800000071525574
23,3,54,0.43781888484954834,0.9939202666282654,0.43781888484954834,0.9939202666282654,0.7769784331321716,0.6800000071525574
24,3,1,0.7205973267555237,0.7219064831733704,0.7205973267555237,0.7219064831733704,0.37857142090797424,0.36000001430511475
24,3,2,0.7014983296394348,0.7129392027854919,0.7014983296394348,0.7129392027854919,0.5,0.4000000059604645
24,3,3,0.6897029280662537,0.7081649303436279,0.6897029280662537,0.7081649303436279,0.5785714387893677,0.5199999809265137
24,3,4,0.6818397045135498,0.7057991027832031,0.6818397045135498,0.7057991027832031,0.5928571224212646,0.5199999809265137
24,3,5,0.676214337348938,0.7046309113502502,0.676214337348938,0.7046309113502502,0.6071428656578064,0.5199999809265137
24,3,6,0.6717142462730408,0.7039830088615417,0.6717142462730408,0.7039830088615417,0.6142857074737549,0.5199999809265137
24,3,7,0.6677412390708923,0.7035797834396362,0.6677412390708923,0.7035797834396362,0.6142857074737549,0.5199999809265137
24,3,8,0.6640483736991882,0.7033543586730957,0.6640483736991882,0.7033543586730957,0.6142857074737549,0.5600000023841858
24,3,9,0.6605538725852966,0.7032991051673889,0.6605538725852966,0.7032991051673889,0.6214285492897034,0.5600000023841858
24,3,10,0.6572164297103882,0.7033965587615967,0.6572164297103882,0.7033965587615967,0.6214285492897034,0.5199999809265137
24,3,11,0.6539876461029053,0.7036102414131165,0.6539876461029053,0.7036102414131165,0.6214285492897034,0.5199999809265137
24,3,12,0.6508119106292725,0.7039012908935547,0.6508119106292725,0.7039012908935547,0.6214285492897034,0.5199999809265137
24,3,13,0.6476419568061829,0.704244077205658,0.6476419568061829,0.704244077205658,0.6357142925262451,0.47999998927116394
24,3,14,0.6444483995437622,0.7046310901641846,0.6444483995437622,0.7046310901641846,0.6357142925262451,0.47999998927116394
24,3,15,0.641219437122345,0.7050697803497314,0.641219437122345,0.7050697803497314,0.6428571343421936,0.4399999976158142
24,3,16,0.6379542350769043,0.7055751085281372,0.6379542350769043,0.7055751085281372,0.6499999761581421,0.4399999976158142
24,3,17,0.6346557140350342,0.7061637043952942,0.6346557140350342,0.7061637043952942,0.6571428775787354,0.4399999976158142
24,3,18,0.6313248872756958,0.7068502902984619,0.6313248872756958,0.7068502902984619,0.6571428775787354,0.4399999976158142
24,3,19,0.6279591917991638,0.7076470255851746,0.6279591917991638,0.7076470255851746,0.6642857193946838,0.4399999976158142
24,3,20,0.6245520710945129,0.7085633277893066,0.6245520710945129,0.7085633277893066,0.6714285612106323,0.4399999976158142
24,3,21,0.6210935711860657,0.7096073627471924,0.6210935711860657,0.7096073627471924,0.6714285612106323,0.4399999976158142
24,3,22,0.6175719499588013,0.7107873558998108,0.6175719499588013,0.7107873558998108,0.6642857193946838,0.4399999976158142
24,3,23,0.6139736771583557,0.7121129631996155,0.6139736771583557,0.7121129631996155,0.6785714030265808,0.4399999976158142
24,3,24,0.6102854609489441,0.7135967016220093,0.6102854609489441,0.7135967016220093,0.6785714030265808,0.4399999976158142
24,3,25,0.6064939498901367,0.7152556777000427,0.6064939498901367,0.7152556777000427,0.6714285612106323,0.4399999976158142
24,3,26,0.6025869846343994,0.7171114087104797,0.6025869846343994,0.7171114087104797,0.6857143044471741,0.4399999976158142
24,3,27,0.5985535383224487,0.7191916704177856,0.5985535383224487,0.7191916704177856,0.7071428298950195,0.4399999976158142
24,3,28,0.5943844318389893,0.7215300798416138,0.5943844318389893,0.7215300798416138,0.7357142567634583,0.4000000059604645
24,3,29,0.5900723338127136,0.7241669297218323,0.5900723338127136,0.7241669297218323,0.7357142567634583,0.4399999976158142
24,3,30,0.5856119394302368,0.7271491885185242,0.5856119394302368,0.7271491885185242,0.7357142567634583,0.47999998927116394
24,3,31,0.5810004472732544,0.7305303812026978,0.5810004472732544,0.7305303812026978,0.7428571581840515,0.47999998927116394
24,3,32,0.5762386918067932,0.7343717217445374,0.5762386918067932,0.7343717217445374,0.7357142567634583,0.47999998927116394
24,3,33,0.5713313221931458,0.7387412786483765,0.5713313221931458,0.7387412786483765,0.7428571581840515,0.47999998927116394
24,3,34,0.5662890672683716,0.7437130808830261,0.5662890672683716,0.7437130808830261,0.7357142567634583,0.4399999976158142
25,3,1,0.6875364184379578,0.6908999085426331,0.6875364184379578,0.6908999085426331,0.5571428537368774,0.5600000023841858
25,3,2,0.6772508025169373,0.6881343126296997,0.6772508025169373,0.6881343126296997,0.5857142806053162,0.6000000238418579
25,3,3,0.6718825697898865,0.6861351728439331,0.6718825697898865,0.6861351728439331,0.6000000238418579,0.6000000238418579
25,3,4,0.6678143739700317,0.6843217611312866,0.6678143739700317,0.6843217611312866,0.5928571224212646,0.6000000238418579
25,3,5,0.6643492579460144,0.6825235486030579,0.6643492579460144,0.6825235486030579,0.6000000238418579,0.6000000238418579
25,3,6,0.6612302660942078,0.6807299256324768,0.6612302660942078,0.6807299256324768,0.6000000238418579,0.6000000238418579
25,3,7,0.6583479642868042,0.6789750456809998,0.6583479642868042,0.6789750456809998,0.6000000238418579,0.6000000238418579
25,3,8,0.655639111995697,0.6772900223731995,0.655639111995697,0.6772900223731995,0.6000000238418579,0.6000000238418579
25,3,9,0.6530508995056152,0.675687849521637,0.6530508995056152,0.675687849521637,0.6071428656578064,0.6000000238418579
25,3,10,0.6505363583564758,0.6741685271263123,0.6505363583564758,0.6741685271263123,0.6071428656578064,0.6000000238418579
25,3,11,0.6480585336685181,0.6727266907691956,0.6480585336685181,0.6727266907691956,0.6142857074737549,0.6000000238418579
25,3,12,0.6455943584442139,0.671356201171875,0.6455943584442139,0.671356201171875,0.6285714507102966,0.6000000238418579
25,3,13,0.6431329846382141,0.6700519323348999,0.6431329846382141,0.6700519323348999,0.6428571343421936,0.6000000238418579
25,3,14,0.6406732201576233,0.6688095331192017,0.6406732201576233,0.6688095331192017,0.6499999761581421,0.6000000238418579
25,3,15,0.6382176280021667,0.6676247119903564,0.6382176280021667,0.6676247119903564,0.6571428775787354,0.6000000238418579
25,3,16,0.6357698440551758,0.66649329662323,0.6357698440551758,0.66649329662323,0.6571428775787354,0.6000000238418579
25,3,17,0.6333315968513489,0.6654115319252014,0.6333315968513489,0.6654115319252014,0.6571428775787354,0.5600000023841858
25,3,18,0.6309024095535278,0.664376437664032,0.6309024095535278,0.664376437664032,0.6857143044471741,0.5600000023841858
25,3,19,0.6284798383712769,0.6633865237236023,0.6284798383712769,0.6633865237236023,0.7071428298950195,0.5600000023841858
25,3,20,0.6260589361190796,0.6624412536621094,0.6260589361190796,0.6624412536621094,0.7285714149475098,0.5600000023841858
25,3,21,0.6236341595649719,0.661541223526001,0.6236341595649719,0.661541223526001,0.7285714149475098,0.5600000023841858
25,3,22,0.621198832988739,0.6606878042221069,0.621198832988739,0.6606878042221069,0.7214285731315613,0.5600000023841858
25,3,23,0.6187461018562317,0.6598830223083496,0.6187461018562317,0.6598830223083496,0.7142857313156128,0.5600000023841858
25,3,24,0.6162696480751038,0.6591293811798096,0.6162696480751038,0.6591293811798096,0.7285714149475098,0.5600000023841858
25,3,25,0.6137628555297852,0.6584300398826599,0.6137628555297852,0.6584300398826599,0.7357142567634583,0.5600000023841858
25,3,26,0.6112202405929565,0.6577883362770081,0.6112202405929565,0.6577883362770081,0.7357142567634583,0.5199999809265137
25,3,27,0.6086359620094299,0.6572086811065674,0.6086359620094299,0.6572086811065674,0.7357142567634583,0.5199999809265137
25,3,28,0.606005072593689,0.6566962599754333,0.606005072593689,0.6566962599754333,0.7357142567634583,0.5199999809265137
25,3,29,0.6033220291137695,0.6562573909759521,0.6033220291137695,0.6562573909759521,0.7357142567634583,0.5199999809265137
25,3,30,0.6005818247795105,0.6559000611305237,0.6005818247795105,0.6559000611305237,0.7285714149475098,0.5199999809265137
25,3,31,0.5977790355682373,0.6556338667869568,0.5977790355682373,0.6556338667869568,0.7357142567634583,0.5199999809265137
25,3,32,0.5949082374572754,0.6554707884788513,0.5949082374572754,0.6554707884788513,0.7357142567634583,0.5199999809265137
25,3,33,0.5919639468193054,0.6554252505302429,0.5919639468193054,0.6554252505302429,0.7357142567634583,0.5199999809265137
25,3,34,0.5889409780502319,0.655514657497406,0.5889409780502319,0.655514657497406,0.7357142567634583,0.5199999809265137
25,3,35,0.5858342051506042,0.6557598114013672,0.5858342051506042,0.6557598114013672,0.7428571581840515,0.5199999809265137
25,3,36,0.5826390981674194,0.6561853289604187,0.5826390981674194,0.6561853289604187,0.7428571581840515,0.5199999809265137
25,3,37,0.5793520212173462,0.6568199992179871,0.5793520212173462,0.6568199992179871,0.7428571581840515,0.5199999809265137
25,3,38,0.5759702324867249,0.657697856426239,0.5759702324867249,0.657697856426239,0.75,0.5199999809265137
25,3,39,0.5724924206733704,0.6588578820228577,0.5724924206733704,0.6588578820228577,0.7428571581840515,0.5199999809265137
25,3,40,0.5689193606376648,0.6603445410728455,0.5689193606376648,0.6603445410728455,0.7428571581840515,0.5600000023841858
25,3,41,0.5652534365653992,0.662207841873169,0.5652534365653992,0.662207841873169,0.7357142567634583,0.5600000023841858
25,3,42,0.5614997744560242,0.664501965045929,0.5614997744560242,0.664501965045929,0.7428571581840515,0.5600000023841858
25,3,43,0.5576663613319397,0.6672842502593994,0.5576663613319397,0.6672842502593994,0.75,0.5600000023841858
25,3,44,0.553763747215271,0.6706119775772095,0.553763747215271,0.6706119775772095,0.75,0.5600000023841858
25,3,45,0.549805760383606,0.6745381355285645,0.549805760383606,0.6745381355285645,0.7428571581840515,0.5600000023841858
25,3,46,0.5458086133003235,0.6791062951087952,0.5458086133003235,0.6791062951087952,0.75,0.5600000023841858
25,3,47,0.5417909622192383,0.6843438148498535,0.5417909622192383,0.6843438148498535,0.7428571581840515,0.5600000023841858
25,3,48,0.5377721190452576,0.6902549862861633,0.5377721190452576,0.6902549862861633,0.75,0.5600000023841858
25,3,49,0.533771812915802,0.6968156695365906,0.533771812915802,0.6968156695365906,0.7428571581840515,0.5600000023841858
25,3,50,0.5298087000846863,0.703969419002533,0.5298087000846863,0.703969419002533,0.7285714149475098,0.5600000023841858
25,3,51,0.5258988738059998,0.7116274833679199,0.5258988738059998,0.7116274833679199,0.7357142567634583,0.6000000238418579
25,3,52,0.5220549702644348,0.7196723818778992,0.5220549702644348,0.7196723818778992,0.7428571581840515,0.6000000238418579
25,3,53,0.5182862281799316,0.72796630859375,0.5182862281799316,0.72796630859375,0.75,0.6000000238418579
25,3,54,0.5145972371101379,0.7363609075546265,0.5145972371101379,0.7363609075546265,0.7428571581840515,0.5600000023841858
25,3,55,0.5109888315200806,0.744709312915802,0.5109888315200806,0.744709312915802,0.75,0.5600000023841858
25,3,56,0.5074578523635864,0.752875804901123,0.5074578523635864,0.752875804901123,0.7428571581840515,0.47999998927116394
25,3,57,0.5039977431297302,0.7607442736625671,0.5039977431297302,0.7607442736625671,0.7357142567634583,0.47999998927116394
25,3,58,0.5005984902381897,0.7682220935821533,0.5005984902381897,0.7682220935821533,0.7357142567634583,0.47999998927116394
26,3,1,0.6788423657417297,0.6844065189361572,0.6788423657417297,0.6844065189361572,0.6142857074737549,0.6000000238418579
26,3,2,0.67252516746521,0.6818323731422424,0.67252516746521,0.6818323731422424,0.6142857074737549,0.6000000238418579
26,3,3,0.6688007712364197,0.6804400086402893,0.6688007712364197,0.6804400086402893,0.6142857074737549,0.6000000238418579
26,3,4,0.6659752726554871,0.6794769167900085,0.6659752726554871,0.6794769167900085,0.6000000238418579,0.6000000238418579
26,3,5,0.6635297536849976,0.678619384765625,0.6635297536849976,0.678619384765625,0.6000000238418579,0.6000000238418579
26,3,6,0.6612454056739807,0.6777750253677368,0.6612454056739807,0.6777750253677368,0.6071428656578064,0.6000000238418579
26,3,7,0.6590486764907837,0.6769481897354126,0.6590486764907837,0.6769481897354126,0.6000000238418579,0.6000000238418579
26,3,8,0.6569183468818665,0.6761599183082581,0.6569183468818665,0.6761599183082581,0.6142857074737549,0.6000000238418579
26,3,9,0.6548393368721008,0.6754190325737,0.6548393368721008,0.6754190325737,0.6214285492897034,0.6000000238418579
26,3,10,0.6527917981147766,0.6747215986251831,0.6527917981147766,0.6747215986251831,0.6214285492897034,0.6000000238418579
26,3,11,0.6507551074028015,0.6740584373474121,0.6507551074028015,0.6740584373474121,0.6214285492897034,0.6000000238418579
26,3,12,0.6487137675285339,0.6734225749969482,0.6487137675285339,0.6734225749969482,0.6285714507102966,0.6000000238418579
26,3,13,0.646660566329956,0.6728100776672363,0.646660566329956,0.6728100776672363,0.6285714507102966,0.6000000238418579
26,3,14,0.6445940136909485,0.6722195148468018,0.6445940136909485,0.6722195148468018,0.6428571343421936,0.6399999856948853
26,3,15,0.6425158977508545,0.6716501116752625,0.6425158977508545,0.6716501116752625,0.6428571343421936,0.6399999856948853
26,3,16,0.6404281258583069,0.6711008548736572,0.6404281258583069,0.6711008548736572,0.6499999761581421,0.6399999856948853
26,3,17,0.6383313536643982,0.6705706119537354,0.6383313536643982,0.6705706119537354,0.6571428775787354,0.6399999856948853
26,3,18,0.6362247467041016,0.6700584888458252,0.6362247467041016,0.6700584888458252,0.6571428775787354,0.6399999856948853
26,3,19,0.6341056227684021,0.6695641875267029,0.6341056227684021,0.6695641875267029,0.6642857193946838,0.6399999856948853
26,3,20,0.6319705843925476,0.6690877676010132,0.6319705843925476,0.6690877676010132,0.6714285612106323,0.6399999856948853
26,3,21,0.629815399646759,0.6686295866966248,0.629815399646759,0.6686295866966248,0.6714285612106323,0.6399999856948853
26,3,22,0.6276353001594543,0.6681907176971436,0.6276353001594543,0.6681907176971436,0.6714285612106323,0.6399999856948853
26,3,23,0.6254259347915649,0.6677720546722412,0.6254259347915649,0.6677720546722412,0.6642857193946838,0.6399999856948853
26,3,24,0.6231827735900879,0.6673755049705505,0.6231827735900879,0.6673755049705505,0.6571428775787354,0.6000000238418579
26,3,25,0.6209017634391785,0.6670030951499939,0.6209017634391785,0.6670030951499939,0.6428571343421936,0.6399999856948853
26,3,26,0.6185789704322815,0.6666573882102966,0.6185789704322815,0.6666573882102966,0.6499999761581421,0.6399999856948853
26,3,27,0.6162107586860657,0.6663422584533691,0.6162107586860657,0.6663422584533691,0.6571428775787354,0.6399999856948853
26,3,28,0.6137937903404236,0.6660619378089905,0.6137937903404236,0.6660619378089905,0.6428571343421936,0.6399999856948853
26,3,29,0.6113243103027344,0.6658223867416382,0.6113243103027344,0.6658223867416382,0.6357142925262451,0.6399999856948853
26,3,30,0.608798623085022,0.6656308174133301,0.608798623085022,0.6656308174133301,0.6428571343421936,0.6399999856948853
26,3,31,0.6062129139900208,0.6654964685440063,0.6062129139900208,0.6654964685440063,0.6571428775787354,0.6000000238418579
26,3,32,0.603563129901886,0.6654309034347534,0.603563129901886,0.6654309034347534,0.6571428775787354,0.5600000023841858
26,3,33,0.6008450984954834,0.6654486656188965,0.6008450984954834,0.6654486656188965,0.6499999761581421,0.5600000023841858
26,3,34,0.5980545878410339,0.6655679941177368,0.5980545878410339,0.6655679941177368,0.6499999761581421,0.5600000023841858
26,3,35,0.5951868891716003,0.6658118963241577,0.5951868891716003,0.6658118963241577,0.6499999761581421,0.5600000023841858
26,3,36,0.5922374725341797,0.6662090420722961,0.5922374725341797,0.6662090420722961,0.6499999761581421,0.5600000023841858
26,3,37,0.5892014503479004,0.6667957305908203,0.5892014503479004,0.6667957305908203,0.6571428775787354,0.5600000023841858
26,3,38,0.5860735177993774,0.6676173210144043,0.5860735177993774,0.6676173210144043,0.6642857193946838,0.5600000023841858
26,3,39,0.5828481316566467,0.6687306761741638,0.5828481316566467,0.6687306761741638,0.6642857193946838,0.5600000023841858
26,3,40,0.5795189738273621,0.6702067852020264,0.5795189738273621,0.6702067852020264,0.6571428775787354,0.5600000023841858
26,3,41,0.5760793685913086,0.6721333861351013,0.5760793685913086,0.6721333861351013,0.6642857193946838,0.5600000023841858
26,3,42,0.5725218057632446,0.6746186017990112,0.5725218057632446,0.6746186017990112,0.6571428775787354,0.5199999809265137
26,3,43,0.5688390731811523,0.677793562412262,0.5688390731811523,0.677793562412262,0.6571428775787354,0.5199999809265137
26,3,44,0.5650243163108826,0.6818143725395203,0.5650243163108826,0.6818143725395203,0.6571428775787354,0.5199999809265137
26,3,45,0.5610723495483398,0.6868618130683899,0.5610723495483398,0.6868618130683899,0.6642857193946838,0.5199999809265137
26,3,46,0.5569812059402466,0.6931368112564087,0.5569812059402466,0.6931368112564087,0.6714285612106323,0.5199999809265137
26,3,47,0.552753746509552,0.7008494734764099,0.552753746509552,0.7008494734764099,0.6785714030265808,0.5199999809265137
26,3,48,0.5483991503715515,0.7101978063583374,0.5483991503715515,0.7101978063583374,0.6785714030265808,0.5600000023841858
26,3,49,0.5439337491989136,0.7213374376296997,0.5439337491989136,0.7213374376296997,0.6857143044471741,0.5600000023841858
26,3,50,0.539379894733429,0.7343425154685974,0.539379894733429,0.7343425154685974,0.699999988079071,0.6000000238418579
26,3,51,0.5347634553909302,0.7491683959960938,0.5347634553909302,0.7491683959960938,0.7071428298950195,0.5600000023841858
26,3,52,0.5301102995872498,0.7656271457672119,0.5301102995872498,0.7656271457672119,0.7214285731315613,0.5199999809265137
26,3,53,0.5254449844360352,0.7833870649337769,0.5254449844360352,0.7833870649337769,0.7285714149475098,0.47999998927116394
26,3,54,0.5207912921905518,0.8020003437995911,0.5207912921905518,0.8020003437995911,0.75,0.47999998927116394
26,3,55,0.5161763429641724,0.8209471106529236,0.5161763429641724,0.8209471106529236,0.7357142567634583,0.47999998927116394
26,3,56,0.511631429195404,0.8396873474121094,0.511631429195404,0.8396873474121094,0.75,0.4399999976158142
26,3,57,0.5071901679039001,0.8577110171318054,0.5071901679039001,0.8577110171318054,0.7714285850524902,0.4399999976158142
27,3,1,0.6969907283782959,0.6647709608078003,0.6969907283782959,0.6647709608078003,0.5,0.6800000071525574
27,3,2,0.6800232529640198,0.6532314419746399,0.6800232529640198,0.6532314419746399,0.6357142925262451,0.800000011920929
27,3,3,0.6699411869049072,0.6470575928688049,0.6699411869049072,0.6470575928688049,0.6214285492897034,0.6800000071525574
27,3,4,0.6646432876586914,0.6444186568260193,0.6646432876586914,0.6444186568260193,0.6000000238418579,0.6800000071525574
27,3,5,0.6620312333106995,0.6434696912765503,0.6620312333106995,0.6434696912765503,0.6000000238418579,0.6000000238418579
27,3,6,0.6603468656539917,0.6429675221443176,0.6603468656539917,0.6429675221443176,0.5928571224212646,0.6000000238418579
27,3,7,0.6585966348648071,0.642393171787262,0.6585966348648071,0.642393171787262,0.6071428656578064,0.6000000238418579
27,3,8,0.6564995050430298,0.6417018175125122,0.6564995050430298,0.6417018175125122,0.6071428656578064,0.6000000238418579
27,3,9,0.6541594862937927,0.6410050392150879,0.6541594862937927,0.6410050392150879,0.6142857074737549,0.6800000071525574
27,3,10,0.6517582535743713,0.6403809189796448,0.6517582535743713,0.6403809189796448,0.6142857074737549,0.6800000071525574
27,3,11,0.649402916431427,0.6398317217826843,0.649402916431427,0.6398317217826843,0.6142857074737549,0.6800000071525574
27,3,12,0.6471123695373535,0.6393186450004578,0.6471123695373535,0.6393186450004578,0.6285714507102966,0.6800000071525574
27,3,13,0.6448602080345154,0.6388061046600342,0.6448602080345154,0.6388061046600342,0.6285714507102966,0.7200000286102295
27,3,14,0.6426159739494324,0.6382813453674316,0.6426159739494324,0.6382813453674316,0.6285714507102966,0.7200000286102295
27,3,15,0.6403610706329346,0.6377514600753784,0.6403610706329346,0.6377514600753784,0.6357142925262451,0.7200000286102295
27,3,16,0.6380858421325684,0.6372314691543579,0.6380858421325684,0.6372314691543579,0.6357142925262451,0.7200000286102295
27,3,17,0.6357827186584473,0.6367350220680237,0.6357827186584473,0.6367350220680237,0.6428571343421936,0.7200000286102295
27,3,18,0.6334426999092102,0.6362714171409607,0.6334426999092102,0.6362714171409607,0.6499999761581421,0.7200000286102295
27,3,19,0.6310555338859558,0.6358462572097778,0.6310555338859558,0.6358462572097778,0.6571428775787354,0.7200000286102295
27,3,20,0.6286118626594543,0.6354634761810303,0.6286118626594543,0.6354634761810303,0.6642857193946838,0.7200000286102295
27,3,21,0.6261041760444641,0.635125994682312,0.6261041760444641,0.635125994682312,0.6714285612106323,0.7200000286102295
27,3,22,0.6235260367393494,0.6348372101783752,0.6235260367393494,0.6348372101783752,0.6642857193946838,0.7200000286102295
27,3,23,0.6208707690238953,0.634600818157196,0.6208707690238953,0.634600818157196,0.6571428775787354,0.7599999904632568
27,3,24,0.6181306838989258,0.634422242641449,0.6181306838989258,0.634422242641449,0.6499999761581421,0.7599999904632568
27,3,25,0.6152964234352112,0.6343093514442444,0.6152964234352112,0.6343093514442444,0.6642857193946838,0.7599999904632568
27,3,26,0.6123573780059814,0.6342728137969971,0.6123573780059814,0.6342728137969971,0.6714285612106323,0.7599999904632568
27,3,27,0.6093011498451233,0.6343265771865845,0.6093011498451233,0.6343265771865845,0.6714285612106323,0.800000011920929
27,3,28,0.6061140298843384,0.6344881057739258,0.6061140298843384,0.6344881057739258,0.6714285612106323,0.800000011920929
27,3,29,0.6027814149856567,0.6347779631614685,0.6027814149856567,0.6347779631614685,0.6785714030265808,0.800000011920929
27,3,30,0.5992874503135681,0.635221004486084,0.5992874503135681,0.635221004486084,0.6785714030265808,0.800000011920929
27,3,31,0.595615565776825,0.6358466744422913,0.595615565776825,0.6358466744422913,0.6714285612106323,0.800000011920929
27,3,32,0.5917482972145081,0.6366907358169556,0.5917482972145081,0.6366907358169556,0.6785714030265808,0.8399999737739563
27,3,33,0.5876678228378296,0.6377967596054077,0.5876678228378296,0.6377967596054077,0.6928571462631226,0.800000011920929
27,3,34,0.5833562612533569,0.6392189264297485,0.5833562612533569,0.6392189264297485,0.699999988079071,0.800000011920929
27,3,35,0.5787963271141052,0.641023576259613,0.5787963271141052,0.641023576259613,0.7142857313156128,0.800000011920929
27,3,36,0.5739724040031433,0.6432920694351196,0.5739724040031433,0.6432920694351196,0.7142857313156128,0.7599999904632568
27,3,37,0.5688721537590027,0.6461226940155029,0.5688721537590027,0.6461226940155029,0.699999988079071,0.7599999904632568
27,3,38,0.5634881854057312,0.6496303081512451,0.5634881854057312,0.6496303081512451,0.699999988079071,0.7200000286102295
27,3,39,0.5578203201293945,0.6539449095726013,0.5578203201293945,0.6539449095726013,0.699999988079071,0.7200000286102295
27,3,40,0.5518769025802612,0.6592049598693848,0.5518769025802612,0.6592049598693848,0.7071428298950195,0.7200000286102295
27,3,41,0.5456757545471191,0.6655442118644714,0.5456757545471191,0.6655442118644714,0.7071428298950195,0.6800000071525574
27,3,42,0.5392434597015381,0.6730705499649048,0.5392434597015381,0.6730705499649048,0.7071428298950195,0.6800000071525574
27,3,43,0.5326126217842102,0.681837260723114,0.5326126217842102,0.681837260723114,0.7071428298950195,0.6800000071525574
27,3,44,0.525817334651947,0.6918177604675293,0.525817334651947,0.6918177604675293,0.7214285731315613,0.7200000286102295
27,3,45,0.5188894271850586,0.7028963565826416,0.5188894271850586,0.7028963565826416,0.7142857313156128,0.7200000286102295
27,3,46,0.5118573307991028,0.7148934006690979,0.5118573307991028,0.7148934006690979,0.7214285731315613,0.7200000286102295
27,3,47,0.5047500133514404,0.7276222705841064,0.5047500133514404,0.7276222705841064,0.7071428298950195,0.6800000071525574
27,3,48,0.49760496616363525,0.7409485578536987,0.49760496616363525,0.7409485578536987,0.7142857313156128,0.6800000071525574
27,3,49,0.4904754161834717,0.7548113465309143,0.4904754161834717,0.7548113465309143,0.7428571581840515,0.6800000071525574
27,3,50,0.48343414068222046,0.7691832184791565,0.48343414068222046,0.7691832184791565,0.75,0.6399999856948853
27,3,51,0.47656887769699097,0.7839742302894592,0.47656887769699097,0.7839742302894592,0.75,0.6399999856948853
28,3,1,0.6848458051681519,0.6559328436851501,0.6848458051681519,0.6559328436851501,0.5428571701049805,0.6800000071525574
28,3,2,0.6764571070671082,0.6527220010757446,0.6764571070671082,0.6527220010757446,0.5857142806053162,0.6000000238418579
28,3,3,0.6706849932670593,0.6521914005279541,0.6706849932670593,0.6521914005279541,0.6000000238418579,0.6399999856948853
28,3,4,0.6658180356025696,0.6532308459281921,0.6658180356025696,0.6532308459281921,0.6000000238418579,0.6000000238418579
28,3,5,0.6611705422401428,0.655144214630127,0.6611705422401428,0.655144214630127,0.6000000238418579,0.6000000238418579
28,3,6,0.6564867496490479,0.6575716137886047,0.6564867496490479,0.6575716137886047,0.6071428656578064,0.6000000238418579
28,3,7,0.651776909828186,0.6603233218193054,0.651776909828186,0.6603233218193054,0.6071428656578064,0.6000000238418579
28,3,8,0.6471368074417114,0.6632605195045471,0.6471368074417114,0.6632605195045471,0.6071428656578064,0.6000000238418579
28,3,9,0.6426394581794739,0.6662609577178955,0.6426394581794739,0.6662609577178955,0.6142857074737549,0.6000000238418579
28,3,10,0.6383057236671448,0.6692358255386353,0.6383057236671448,0.6692358255386353,0.6214285492897034,0.6000000238418579
28,3,11,0.6341193318367004,0.672148585319519,0.6341193318367004,0.672148585319519,0.6499999761581421,0.6000000238418579
28,3,12,0.6300485134124756,0.6750131249427795,0.6300485134124756,0.6750131249427795,0.6642857193946838,0.5600000023841858
28,3,13,0.6260592341423035,0.6778728365898132,0.6260592341423035,0.6778728365898132,0.6642857193946838,0.5600000023841858
28,3,14,0.6221185922622681,0.6807783246040344,0.6221185922622681,0.6807783246040344,0.6642857193946838,0.5600000023841858
28,3,15,0.618196427822113,0.683769941329956,0.6181963682174683,0.683769941329956,0.6642857193946838,0.5600000023841858
28,3,16,0.6142672896385193,0.6868724226951599,0.6142672896385193,0.6868724226951599,0.6785714030265808,0.5600000023841858
28,3,17,0.6103125810623169,0.6900964379310608,0.6103125810623169,0.6900964379310608,0.6785714030265808,0.6000000238418579
28,3,18,0.6063202619552612,0.6934428215026855,0.6063202619552612,0.6934428215026855,0.6785714030265808,0.6000000238418579
28,3,19,0.6022835373878479,0.6969091296195984,0.6022835373878479,0.6969091296195984,0.6857143044471741,0.6000000238418579
28,3,20,0.5981977581977844,0.7004950642585754,0.5981977581977844,0.7004950642585754,0.6857143044471741,0.6000000238418579
28,3,21,0.5940588712692261,0.704206645488739,0.5940588712692261,0.704206645488739,0.6928571462631226,0.5600000023841858
28,3,22,0.5898622274398804,0.7080575823783875,0.5898622274398804,0.7080575823783875,0.6928571462631226,0.5600000023841858
28,3,23,0.5856024026870728,0.7120680809020996,0.5856024026870728,0.7120680809020996,0.6857143044471741,0.5600000023841858
28,3,24,0.5812750458717346,0.7162630558013916,0.5812750458717346,0.7162630558013916,0.6857143044471741,0.5600000023841858
28,3,25,0.5768768191337585,0.7206677198410034,0.5768768191337585,0.7206677198410034,0.6928571462631226,0.5600000023841858
28,3,26,0.5724078416824341,0.7253054976463318,0.5724078416824341,0.7253054976463318,0.699999988079071,0.5600000023841858
28,3,27,0.5678720474243164,0.7301955223083496,0.5678720474243164,0.7301955223083496,0.7142857313156128,0.5600000023841858
28,3,28,0.5632780194282532,0.7353513836860657,0.5632780194282532,0.7353513836860657,0.7214285731315613,0.5600000023841858
29,3,1,0.7038742899894714,0.6938991546630859,0.7038742899894714,0.6938991546630859,0.4642857015132904,0.5199999809265137
29,3,2,0.6894553899765015,0.6888857483863831,0.6894553899765015,0.6888857483863831,0.5642856955528259,0.5600000023841858
29,3,3,0.6808863878250122,0.6869702935218811,0.6808863878250122,0.6869702935218811,0.5714285969734192,0.6000000238418579
29,3,4,0.675739586353302,0.6862756609916687,0.675739586353302,0.6862756609916687,0.5857142806053162,0.6000000238418579
29,3,5,0.6723098158836365,0.6854978799819946,0.6723098158836365,0.6854978799819946,0.5857142806053162,0.6000000238418579
29,3,6,0.6694395542144775,0.6841065287590027,0.6694395542144775,0.6841065287590027,0.5857142806053162,0.6000000238418579
29,3,7,0.6665980219841003,0.6821542382240295,0.6665980219841003,0.6821542382240295,0.5857142806053162,0.6000000238418579
29,3,8,0.6636843085289001,0.6799401640892029,0.6636843085289001,0.6799401640892029,0.5857142806053162,0.6000000238418579
29,3,9,0.6607650518417358,0.6777510643005371,0.6607650518417358,0.6777510643005371,0.5928571224212646,0.6000000238418579
29,3,10,0.657903790473938,0.6757544875144958,0.657903790473938,0.6757544875144958,0.5928571224212646,0.6000000238418579
29,3,11,0.6551108360290527,0.6740038990974426,0.6551108360290527,0.6740038990974426,0.6000000238418579,0.5600000023841858
29,3,12,0.6523617506027222,0.6724860668182373,0.6523617506027222,0.6724860668182373,0.6071428656578064,0.5199999809265137
29,3,13,0.6496291756629944,0.6711626648902893,0.6496291756629944,0.6711626648902893,0.6071428656578064,0.5199999809265137
29,3,14,0.646898627281189,0.6699919104576111,0.646898627281189,0.6699919104576111,0.6071428656578064,0.47999998927116394
29,3,15,0.6441664695739746,0.6689357161521912,0.6441664695739746,0.6689357161521912,0.6071428656578064,0.47999998927116394
29,3,16,0.6414316892623901,0.6679618954658508,0.6414316892623901,0.6679618954658508,0.6000000238418579,0.47999998927116394
29,3,17,0.6386905312538147,0.6670475602149963,0.6386905312538147,0.6670475602149963,0.6071428656578064,0.47999998927116394
29,3,18,0.6359357833862305,0.6661815047264099,0.6359357833862305,0.6661815047264099,0.6285714507102966,0.47999998927116394
29,3,19,0.633158802986145,0.6653635501861572,0.633158802986145,0.6653635501861572,0.6285714507102966,0.47999998927116394
29,3,20,0.6303517818450928,0.6646022796630859,0.6303517818450928,0.6646022796630859,0.6214285492897034,0.47999998927116394
29,3,21,0.6275078654289246,0.6639111042022705,0.6275078654289246,0.6639111042022705,0.6428571343421936,0.5600000023841858
29,3,22,0.6246213912963867,0.6633049845695496,0.6246213912963867,0.6633049845695496,0.6499999761581421,0.6000000238418579
29,3,23,0.6216877698898315,0.6627981066703796,0.6216877698898315,0.6627981066703796,0.6428571343421936,0.6000000238418579
29,3,24,0.6187028884887695,0.6624034643173218,0.6187028884887695,0.6624034643173218,0.6571428775787354,0.6000000238418579
29,3,25,0.6156634092330933,0.6621344685554504,0.6156634092330933,0.6621344685554504,0.6714285612106323,0.6000000238418579
29,3,26,0.6125668883323669,0.6620054841041565,0.6125668883323669,0.6620054841041565,0.6714285612106323,0.6000000238418579
29,3,27,0.6094115376472473,0.6620335578918457,0.6094115376472473,0.6620335578918457,0.6785714030265808,0.6000000238418579
29,3,28,0.6061969995498657,0.662239670753479,0.6061969995498657,0.662239670753479,0.6714285612106323,0.6000000238418579
29,3,29,0.6029242277145386,0.662649929523468,0.6029242277145386,0.662649929523468,0.6714285612106323,0.6000000238418579
29,3,30,0.5995962023735046,0.6632940173149109,0.5995962023735046,0.6632940173149109,0.6857143044471741,0.6000000238418579
29,3,31,0.5962181687355042,0.6642048358917236,0.5962181687355042,0.6642048358917236,0.6857143044471741,0.6000000238418579
29,3,32,0.5927982330322266,0.6654165387153625,0.5927982330322266,0.6654165387153625,0.6857143044471741,0.6000000238418579
29,3,33,0.5893473625183105,0.6669605374336243,0.5893473625183105,0.6669605374336243,0.699999988079071,0.6000000238418579
29,3,34,0.5858787894248962,0.6688628196716309,0.5858787894248962,0.6688628196716309,0.6857143044471741,0.6399999856948853
29,3,35,0.5824076533317566,0.6711394786834717,0.5824076533317566,0.6711394786834717,0.6928571462631226,0.6399999856948853
29,3,36,0.5789489150047302,0.6737921237945557,0.5789489150047302,0.6737921237945557,0.6928571462631226,0.6399999856948853
29,3,37,0.5755165815353394,0.6768040657043457,0.5755165815353394,0.6768040657043457,0.7071428298950195,0.6399999856948853
29,3,38,0.5721204876899719,0.6801379919052124,0.5721204876899719,0.6801379919052124,0.7071428298950195,0.6399999856948853
29,3,39,0.5687649250030518,0.6837348341941833,0.5687649250030518,0.6837348341941833,0.699999988079071,0.6399999856948853
29,3,40,0.5654469132423401,0.687517523765564,0.5654469132423401,0.687517523765564,0.699999988079071,0.6399999856948853
29,3,41,0.5621559023857117,0.6913981437683105,0.5621559023857117,0.6913981437683105,0.7071428298950195,0.6399999856948853
29,3,42,0.5588752627372742,0.6952873468399048,0.5588752627372742,0.6952873468399048,0.699999988079071,0.6399999856948853
29,3,43,0.5555847883224487,0.6991060376167297,0.5555847883224487,0.6991060376167297,0.7071428298950195,0.6399999856948853
29,3,44,0.5522651076316833,0.7027945518493652,0.5522651076316833,0.7027945518493652,0.7071428298950195,0.6399999856948853
29,3,45,0.5489010810852051,0.7063159346580505,0.5489010810852051,0.7063159346580505,0.7071428298950195,0.6399999856948853
29,3,46,0.545484185218811,0.7096554040908813,0.545484185218811,0.7096554040908813,0.7071428298950195,0.6399999856948853
29,3,47,0.5420122742652893,0.7128167748451233,0.5420122742652893,0.7128167748451233,0.7285714149475098,0.6399999856948853
29,3,48,0.5384892821311951,0.7158154845237732,0.5384892821311951,0.7158154845237732,0.7285714149475098,0.6399999856948853
29,3,49,0.5349221229553223,0.7186734080314636,0.5349221229553223,0.7186734080314636,0.7285714149475098,0.6399999856948853
29,3,50,0.5313197374343872,0.7214137315750122,0.5313197374343872,0.7214137315750122,0.7214285731315613,0.6399999856948853
29,3,51,0.5276905298233032,0.7240567207336426,0.5276905298233032,0.7240567207336426,0.7142857313156128,0.6000000238418579
30,3,1,0.7146471738815308,0.6884539127349854,0.7146471738815308,0.6884539127349854,0.4214285612106323,0.6000000238418579
30,3,2,0.6966730356216431,0.6833412647247314,0.6966730356216431,0.6833412647247314,0.48571428656578064,0.5199999809265137
30,3,3,0.6857225894927979,0.6820469498634338,0.6857225894927979,0.6820469498634338,0.6000000238418579,0.47999998927116394
30,3,4,0.6791985034942627,0.6825068593025208,0.6791985034942627,0.6825068593025208,0.5857142806053162,0.5600000023841858
30,3,5,0.6753414273262024,0.6831302642822266,0.6753414273262024,0.6831302642822266,0.5785714387893677,0.6000000238418579
30,3,6,0.6727701425552368,0.6830441355705261,0.6727701425552368,0.6830441355705261,0.5857142806053162,0.6000000238418579
30,3,7,0.6706430315971375,0.682033360004425,0.6706430315971375,0.682033360004425,0.5928571224212646,0.6000000238418579
30,3,8,0.668594479560852,0.6802842020988464,0.668594479560852,0.6802842020988464,0.5928571224212646,0.6000000238418579
30,3,9,0.6665428876876831,0.6781200170516968,0.6665428876876831,0.6781200170516968,0.5928571224212646,0.6000000238418579
30,3,10,0.6645115613937378,0.6758316159248352,0.6645115613937378,0.6758316159248352,0.5857142806053162,0.6000000238418579
30,3,11,0.6625276803970337,0.6736119985580444,0.6625276803970337,0.6736119985580444,0.6071428656578064,0.6000000238418579
30,3,12,0.6605915427207947,0.6715567708015442,0.6605915427207947,0.6715567708015442,0.6142857074737549,0.6000000238418579
30,3,13,0.6586854457855225,0.6696926951408386,0.6586854457855225,0.6696926951408386,0.6214285492897034,0.6000000238418579
30,3,14,0.6567893624305725,0.6680057644844055,0.6567893624305725,0.6680057644844055,0.6214285492897034,0.6000000238418579
30,3,15,0.654890239238739,0.6664624810218811,0.654890239238739,0.6664624810218811,0.6357142925262451,0.6000000238418579
30,3,16,0.6529834866523743,0.6650218963623047,0.6529834866523743,0.6650218963623047,0.6357142925262451,0.6000000238418579
30,3,17,0.6510689854621887,0.6636437177658081,0.6510689854621887,0.6636437177658081,0.6428571343421936,0.6000000238418579
30,3,18,0.649147093296051,0.6622928380966187,0.649147093296051,0.6622928380966187,0.6499999761581421,0.6000000238418579
30,3,19,0.6472164392471313,0.6609429717063904,0.6472164392471313,0.6609429717063904,0.6499999761581421,0.6000000238418579
30,3,20,0.6452735066413879,0.6595774292945862,0.6452735066413879,0.6595774292945862,0.6499999761581421,0.6000000238418579
30,3,21,0.6433132886886597,0.6581892371177673,0.6433132886886597,0.6581892371177673,0.6499999761581421,0.6000000238418579
30,3,22,0.6413298845291138,0.6567785739898682,0.6413298845291138,0.6567785739898682,0.6428571343421936,0.6399999856948853
30,3,23,0.6393173336982727,0.6553504467010498,0.6393173336982727,0.6553504467010498,0.6428571343421936,0.6399999856948853
30,3,24,0.6372696757316589,0.653911828994751,0.6372696757316589,0.653911828994751,0.6571428775787354,0.6399999856948853
30,3,25,0.6351809501647949,0.6524696350097656,0.6351809501647949,0.6524696350097656,0.6571428775787354,0.6399999856948853
30,3,26,0.633045494556427,0.651029646396637,0.633045494556427,0.651029646396637,0.6642857193946838,0.6399999856948853
30,3,27,0.6308576464653015,0.6495955586433411,0.6308576464653015,0.6495955586433411,0.6642857193946838,0.6399999856948853
30,3,28,0.6286116242408752,0.6481701135635376,0.6286116242408752,0.6481701135635376,0.6714285612106323,0.6399999856948853
30,3,29,0.6263020038604736,0.6467549800872803,0.6263020038604736,0.6467549800872803,0.6714285612106323,0.6399999856948853
30,3,30,0.6239227056503296,0.6453527808189392,0.6239227056503296,0.6453527808189392,0.6714285612106323,0.6399999856948853
30,3,31,0.6214680075645447,0.6439675688743591,0.6214680075645447,0.6439675688743591,0.6785714030265808,0.6800000071525574
30,3,32,0.6189318299293518,0.642606258392334,0.6189318299293518,0.642606258392334,0.6857143044471741,0.6800000071525574
30,3,33,0.616308331489563,0.6412795186042786,0.616308331489563,0.6412795186042786,0.6857143044471741,0.6800000071525574
30,3,34,0.6135918498039246,0.6400027275085449,0.6135918498039246,0.6400027275085449,0.6785714030265808,0.6800000071525574
30,3,35,0.6107774376869202,0.6387965083122253,0.6107774376869202,0.6387965083122253,0.6857143044471741,0.6800000071525574
30,3,36,0.6078606247901917,0.6376873850822449,0.6078606247901917,0.6376873850822449,0.6928571462631226,0.6800000071525574
30,3,37,0.604838490486145,0.6367087960243225,0.604838490486145,0.6367087960243225,0.699999988079071,0.7200000286102295
30,3,38,0.6017097234725952,0.6359016299247742,0.6017097234725952,0.6359016299247742,0.7071428298950195,0.6800000071525574
30,3,39,0.5984748005867004,0.6353151202201843,0.5984748005867004,0.6353151202201843,0.7071428298950195,0.6800000071525574
30,3,40,0.5951369404792786,0.635007381439209,0.5951369404792786,0.635007381439209,0.699999988079071,0.6800000071525574
30,3,41,0.5917013883590698,0.6350453495979309,0.5917013883590698,0.6350453495979309,0.6642857193946838,0.6800000071525574
30,3,42,0.5881766080856323,0.6355031728744507,0.5881766080856323,0.6355031728744507,0.6714285612106323,0.7200000286102295
30,3,43,0.5845727920532227,0.6364586353302002,0.5845727920532227,0.6364586353302002,0.6714285612106323,0.6800000071525574
30,3,44,0.5809013843536377,0.6379860043525696,0.5809013843536377,0.6379860043525696,0.6785714030265808,0.6800000071525574
30,3,45,0.5771726369857788,0.640146791934967,0.5771726369857788,0.640146791934967,0.6642857193946838,0.6800000071525574
30,3,46,0.5733935236930847,0.6429767608642578,0.5733935236930847,0.6429767608642578,0.6714285612106323,0.6800000071525574
30,3,47,0.5695643424987793,0.6464751958847046,0.5695643424987793,0.6464751958847046,0.6857143044471741,0.7200000286102295
30,3,48,0.5656760931015015,0.6505967974662781,0.5656760931015015,0.6505967974662781,0.6928571462631226,0.6800000071525574
30,3,49,0.5617101192474365,0.6552530527114868,0.5617101192474365,0.6552530527114868,0.699999988079071,0.6800000071525574
30,3,50,0.5576390027999878,0.6603242754936218,0.5576390027999878,0.6603242754936218,0.6928571462631226,0.6800000071525574
30,3,51,0.553431510925293,0.6656823754310608,0.553431510925293,0.6656823754310608,0.7071428298950195,0.6800000071525574
30,3,52,0.5490577816963196,0.6712185740470886,0.5490577816963196,0.6712185740470886,0.7071428298950195,0.6800000071525574
30,3,53,0.5444955825805664,0.6768667697906494,0.5444955825805664,0.6768667697906494,0.7214285731315613,0.6800000071525574
30,3,54,0.5397332310676575,0.6826162934303284,0.5397332310676575,0.6826162934303284,0.7285714149475098,0.6800000071525574
30,3,55,0.5347708463668823,0.6885086894035339,0.5347708463668823,0.6885086894035339,0.7214285731315613,0.6800000071525574
30,3,56,0.5296200513839722,0.6946223974227905,0.5296200513839722,0.6946223974227905,0.7285714149475098,0.6800000071525574
30,3,57,0.5243017673492432,0.7010501623153687,0.5243017673492432,0.7010501623153687,0.7214285731315613,0.6800000071525574
30,3,58,0.5188456773757935,0.7078743577003479,0.5188456773757935,0.7078743577003479,0.7142857313156128,0.7200000286102295
30,3,59,0.5132876038551331,0.7151433825492859,0.5132876038551331,0.7151433825492859,0.7142857313156128,0.6800000071525574
30,3,60,0.5076663494110107,0.7228559255599976,0.5076663494110107,0.7228559255599976,0.7142857313156128,0.6399999856948853
30,3,61,0.5020185112953186,0.7309589385986328,0.5020185112953186,0.7309589385986328,0.7214285731315613,0.6399999856948853
30,3,62,0.4963742792606354,0.7393625378608704,0.4963742792606354,0.7393625378608704,0.7142857313156128,0.6399999856948853
30,3,63,0.49075397849082947,0.7479681372642517,0.49075397849082947,0.7479681372642517,0.7142857313156128,0.6399999856948853
30,3,64,0.4851680099964142,0.7567010521888733,0.4851680099964142,0.7567010521888733,0.7285714149475098,0.6399999856948853
30,3,65,0.47961872816085815,0.765532374382019,0.4796186685562134,0.765532374382019,0.7357142567634583,0.6399999856948853
31,4,1,0.7169761657714844,0.6780096292495728,0.7169761657714844,0.6780096292495728,0.4460431635379791,0.6000000238418579
31,4,2,0.6940969824790955,0.6722030639648438,0.6940969824790955,0.6722030639648438,0.5395683646202087,0.6399999856948853
31,4,3,0.6800519824028015,0.6712289452552795,0.6800519824028015,0.6712289452552795,0.5755395889282227,0.6000000238418579
31,4,4,0.6718315482139587,0.672818124294281,0.6718315482139587,0.672818124294281,0.5899280309677124,0.6000000238418579
31,4,5,0.6672612428665161,0.675051212310791,0.6672612428665161,0.675051212310791,0.5899280309677124,0.6000000238418579
31,4,6,0.6645525097846985,0.6767592430114746,0.6645525097846985,0.6767592430114746,0.597122311592102,0.6000000238418579
31,4,7,0.6625665426254272,0.677570641040802,0.6625665426254272,0.677570641040802,0.597122311592102,0.6000000238418579
31,4,8,0.6607911586761475,0.6776385307312012,0.6607911586761475,0.6776385307312012,0.597122311592102,0.6000000238418579
31,4,9,0.6590996384620667,0.6773029565811157,0.6590996384620667,0.6773029565811157,0.597122311592102,0.6000000238418579
31,4,10,0.6574999690055847,0.676861047744751,0.6574999690055847,0.676861047744751,0.597122311592102,0.6000000238418579
31,4,11,0.6559920907020569,0.6764863729476929,0.6559920907020569,0.6764863729476929,0.597122311592102,0.6000000238418579
31,4,12,0.6545352339744568,0.6762407422065735,0.6545352339744568,0.6762407422065735,0.597122311592102,0.6000000238418579
31,4,13,0.6530718803405762,0.6761209964752197,0.6530718803405762,0.6761209964752197,0.597122311592102,0.6000000238418579
31,4,14,0.6515573263168335,0.6760973334312439,0.6515573263168335,0.6760973334312439,0.597122311592102,0.6000000238418579
31,4,15,0.64997398853302,0.6761350035667419,0.64997398853302,0.6761350035667419,0.597122311592102,0.6000000238418579
31,4,16,0.6483265161514282,0.676201343536377,0.6483265161514282,0.676201343536377,0.6115108132362366,0.6000000238418579
31,4,17,0.6466307640075684,0.6762679815292358,0.6466307640075684,0.6762679815292358,0.6115108132362366,0.6000000238418579
31,4,18,0.6449026465415955,0.6763123869895935,0.6449026465415955,0.6763123869895935,0.6115108132362366,0.6000000238418579
31,4,19,0.6431530714035034,0.6763186454772949,0.6431530714035034,0.6763186454772949,0.6115108132362366,0.6000000238418579
31,4,20,0.6413862109184265,0.6762783527374268,0.6413862109184265,0.6762783527374268,0.6187050342559814,0.5600000023841858
31,4,21,0.6396011114120483,0.6761893630027771,0.6396011114120483,0.6761893630027771,0.6258992552757263,0.5600000023841858
31,4,22,0.6377931237220764,0.6760536432266235,0.6377931237220764,0.6760536432266235,0.633093535900116,0.6000000238418579
31,4,23,0.6359547972679138,0.6758741736412048,0.6359547972679138,0.6758741736412048,0.633093535900116,0.6000000238418579
31,4,24,0.634077787399292,0.6756533980369568,0.634077787399292,0.6756533980369568,0.6402877569198608,0.6000000238418579
31,4,25,0.632152795791626,0.6753912568092346,0.632152795791626,0.6753912568092346,0.6402877569198608,0.6000000238418579
31,4,26,0.6301707029342651,0.6750848889350891,0.6301707029342651,0.6750848889350891,0.6402877569198608,0.6000000238418579
31,4,27,0.6281224489212036,0.6747294664382935,0.6281224489212036,0.6747294664382935,0.6474820375442505,0.6000000238418579
31,4,28,0.6259992122650146,0.6743177771568298,0.6259992122650146,0.6743177771568298,0.6546762585639954,0.6000000238418579
32,4,1,0.7106738090515137,0.6972081661224365,0.7106738090515137,0.6972081661224365,0.42446044087409973,0.4399999976158142
32,4,2,0.690025269985199,0.6873007416725159,0.690025269985199,0.6873007416725159,0.5467625856399536,0.6399999856948853
32,4,3,0.677081823348999,0.6830599904060364,0.677081823348999,0.6830599904060364,0.6258992552757263,0.6399999856948853
32,4,4,0.6691967248916626,0.6823052763938904,0.6691967248916626,0.6823052763938904,0.633093535900116,0.6000000238418579
32,4,5,0.6644527316093445,0.6831027269363403,0.6644526720046997,0.6831027269363403,0.6187050342559814,0.6000000238418579
32,4,6,0.6612741947174072,0.684150218963623,0.6612741947174072,0.684150218963623,0.6187050342559814,0.6000000238418579
32,4,7,0.6586734056472778,0.6848825812339783,0.6586734056472778,0.6848825812339783,0.6187050342559814,0.6000000238418579
32,4,8,0.6562283635139465,0.6852574348449707,0.6562283635139465,0.6852574348449707,0.6187050342559814,0.6000000238418579
32,4,9,0.653858482837677,0.6854494214057922,0.653858482837677,0.6854494214057922,0.6187050342559814,0.6000000238418579
32,4,10,0.6515922546386719,0.6856352090835571,0.6515922546386719,0.6856352090835571,0.633093535900116,0.6000000238418579
32,4,11,0.6494391560554504,0.6859123706817627,0.6494391560554504,0.6859123706817627,0.6402877569198608,0.6000000238418579
32,4,12,0.64736407995224,0.6863059997558594,0.64736407995224,0.6863059997558594,0.6402877569198608,0.6000000238418579
32,4,13,0.6453129053115845,0.6868048906326294,0.6453129053115845,0.6868048906326294,0.6546762585639954,0.6000000238418579
32,4,14,0.6432424187660217,0.6873893737792969,0.6432424187660217,0.6873893737792969,0.6618704795837402,0.6000000238418579
32,4,15,0.6411330699920654,0.6880422234535217,0.6411330699920654,0.6880422234535217,0.6762589812278748,0.6000000238418579
32,4,16,0.6389850974082947,0.6887503266334534,0.6389850974082947,0.6887503266334534,0.6762589812278748,0.6000000238418579
32,4,17,0.6368087530136108,0.6895022392272949,0.6368087530136108,0.6895022392272949,0.6690647602081299,0.6000000238418579
32,4,18,0.6346147656440735,0.6902880072593689,0.6346147656440735,0.6902880072593689,0.6690647602081299,0.6000000238418579
32,4,19,0.6324101090431213,0.6911008954048157,0.6324101090431213,0.6911008954048157,0.6762589812278748,0.6000000238418579
32,4,20,0.6301968693733215,0.6919384002685547,0.6301968693733215,0.6919384002685547,0.6762589812278748,0.6000000238418579
32,4,21,0.6279733180999756,0.6928021907806396,0.6279733180999756,0.6928021907806396,0.6762589812278748,0.6000000238418579
32,4,22,0.6257348656654358,0.693696916103363,0.6257348656654358,0.693696916103363,0.6762589812278748,0.6000000238418579
32,4,23,0.6234754323959351,0.6946291327476501,0.6234754323959351,0.6946291327476501,0.6690647602081299,0.6000000238418579
32,4,24,0.6211878657341003,0.6956051588058472,0.6211878657341003,0.6956051588058472,0.6690647602081299,0.5600000023841858
32,4,25,0.618864893913269,0.6966307163238525,0.618864893913269,0.6966307163238525,0.6762589812278748,0.5600000023841858
32,4,26,0.6164997220039368,0.6977105140686035,0.616499662399292,0.6977105140686035,0.6762589812278748,0.5600000023841858
32,4,27,0.6140862703323364,0.6988487243652344,0.6140862703323364,0.6988487243652344,0.6834532618522644,0.5600000023841858
32,4,28,0.6116194725036621,0.7000489830970764,0.6116194725036621,0.7000489830970764,0.6906474828720093,0.5600000023841858
32,4,29,0.6090947985649109,0.7013155221939087,0.6090947985649109,0.7013155221939087,0.6978417038917542,0.5600000023841858
33,4,1,0.7100657820701599,0.6708483695983887,0.7100657820701599,0.6708483695983887,0.4460431635379791,0.6800000071525574
33,4,2,0.6926069855690002,0.6584546566009521,0.6926069855690002,0.6584546566009521,0.49640288949012756,0.6399999856948853
33,4,3,0.6824525594711304,0.6517561078071594,0.6824525594711304,0.6517561078071594,0.597122311592102,0.6800000071525574
33,4,4,0.6763150095939636,0.6487366557121277,0.6763150095939636,0.6487366557121277,0.5827338099479675,0.6000000238418579
33,4,5,0.6723126769065857,0.6478757262229919,0.6723126769065857,0.6478757262229919,0.6043165326118469,0.6000000238418579
33,4,6,0.669220507144928,0.6482027173042297,0.669220507144928,0.6482027173042297,0.597122311592102,0.6000000238418579
33,4,7,0.6664392352104187,0.6491884589195251,0.6664392352104187,0.6491884589195251,0.597122311592102,0.6000000238418579
33,4,8,0.6637803912162781,0.6505487561225891,0.6637803912162781,0.6505487561225891,0.6043165326118469,0.6000000238418579
33,4,9,0.6612245440483093,0.6520952582359314,0.6612245440483093,0.6520952582359314,0.6115108132362366,0.6000000238418579
33,4,10,0.6587716341018677,0.6536739468574524,0.6587716341018677,0.6536739468574524,0.597122311592102,0.6000000238418579
33,4,11,0.6563941240310669,0.6551649570465088,0.6563941240310669,0.6551649570465088,0.6115108132362366,0.6000000238418579
33,4,12,0.6540490388870239,0.6564988493919373,0.6540490388870239,0.6564988493919373,0.6187050342559814,0.6000000238418579
33,4,13,0.6517019271850586,0.6576606035232544,0.6517019271850586,0.6576606035232544,0.6115108132362366,0.6000000238418579
33,4,14,0.6493390798568726,0.6586772799491882,0.6493390798568726,0.6586772799491882,0.6187050342559814,0.6000000238418579
33,4,15,0.6469644904136658,0.6595973372459412,0.6469644904136658,0.6595973372459412,0.6187050342559814,0.6000000238418579
33,4,16,0.6445903778076172,0.6604710221290588,0.6445903778076172,0.6604710221290588,0.633093535900116,0.6000000238418579
33,4,17,0.6422288417816162,0.6613388657569885,0.6422288417816162,0.6613388657569885,0.6474820375442505,0.6399999856948853
33,4,18,0.6398867964744568,0.6622254252433777,0.6398867964744568,0.6622254252433777,0.6546762585639954,0.6399999856948853
33,4,19,0.6375659108161926,0.6631405353546143,0.6375659108161926,0.6631405353546143,0.6618704795837402,0.6399999856948853
33,4,20,0.6352629065513611,0.6640824675559998,0.6352629065513611,0.6640824675559998,0.6618704795837402,0.6399999856948853
33,4,21,0.632972002029419,0.6650415062904358,0.632972002029419,0.6650415062904358,0.6618704795837402,0.6399999856948853
33,4,22,0.6306856274604797,0.6660046577453613,0.6306856274604797,0.6660046577453613,0.6690647602081299,0.6399999856948853
33,4,23,0.6283960938453674,0.666958212852478,0.6283960938453674,0.666958212852478,0.6546762585639954,0.6399999856948853
33,4,24,0.6260961890220642,0.6678911447525024,0.6260961890220642,0.6678911447525024,0.6618704795837402,0.6000000238418579
33,4,25,0.6237796545028687,0.6687948703765869,0.6237796545028687,0.6687948703765869,0.6618704795837402,0.6000000238418579
33,4,26,0.6214416027069092,0.6696638464927673,0.6214416027069092,0.6696638464927673,0.6618704795837402,0.6000000238418579
33,4,27,0.6190786361694336,0.6704939007759094,0.6190786361694336,0.6704939007759094,0.6546762585639954,0.6000000238418579
33,4,28,0.6166877746582031,0.6712812781333923,0.6166877746582031,0.6712812781333923,0.6546762585639954,0.6399999856948853
33,4,29,0.6142669320106506,0.6720204949378967,0.6142669320106506,0.6720204949378967,0.6474820375442505,0.6399999856948853
33,4,30,0.611813485622406,0.6727035641670227,0.611813485622406,0.6727035641670227,0.6546762585639954,0.6399999856948853
34,4,1,0.6806013584136963,0.6615500450134277,0.6806013584136963,0.6615500450134277,0.5857142806053162,0.5600000023841858
34,4,2,0.6745612621307373,0.6592960357666016,0.6745612621307373,0.6592960357666016,0.6000000238418579,0.6000000238418579
34,4,3,0.6713201403617859,0.6580172181129456,0.6713201403617859,0.6580172181129456,0.5928571224212646,0.6000000238418579
34,4,4,0.6688938736915588,0.657131016254425,0.6688938736915588,0.657131016254425,0.6000000238418579,0.6000000238418579
34,4,5,0.6667318940162659,0.6563364267349243,0.6667318940162659,0.6563364267349243,0.6000000238418579,0.6000000238418579
34,4,6,0.6646092534065247,0.6555330157279968,0.6646092534065247,0.6555330157279968,0.6000000238418579,0.6000000238418579
34,4,7,0.6624758839607239,0.6547203660011292,0.6624758839607239,0.6547203660011292,0.6000000238418579,0.6000000238418579
34,4,8,0.6603513360023499,0.6539247035980225,0.6603513360023499,0.6539247035980225,0.6000000238418579,0.6000000238418579
34,4,9,0.6582612991333008,0.6531630158424377,0.6582612991333008,0.6531630158424377,0.6000000238418579,0.6000000238418579
34,4,10,0.6562139391899109,0.6524375677108765,0.6562139391899109,0.6524375677108765,0.6000000238418579,0.6000000238418579
34,4,11,0.6542013883590698,0.6517431735992432,0.6542013883590698,0.6517431735992432,0.6071428656578064,0.6000000238418579
34,4,12,0.6522092819213867,0.6510738134384155,0.6522092819213867,0.6510738134384155,0.6071428656578064,0.6000000238418579
34,4,13,0.6502233147621155,0.6504260897636414,0.6502233147621155,0.6504260897636414,0.6071428656578064,0.6000000238418579
34,4,14,0.6482323408126831,0.6497988104820251,0.6482323408126831,0.6497988104820251,0.6142857074737549,0.6000000238418579
34,4,15,0.6462284326553345,0.6491920351982117,0.6462284326553345,0.6491920351982117,0.6214285492897034,0.5600000023841858
34,4,16,0.6442052721977234,0.6486056447029114,0.6442052721977234,0.6486056447029114,0.6285714507102966,0.6000000238418579
34,4,17,0.6421577334403992,0.6480394005775452,0.6421577334403992,0.6480394005775452,0.6285714507102966,0.6000000238418579
34,4,18,0.6400813460350037,0.6474927663803101,0.6400813460350037,0.6474927663803101,0.6285714507102966,0.6000000238418579
34,4,19,0.6379716396331787,0.6469658017158508,0.6379716396331787,0.6469658017158508,0.6285714507102966,0.6000000238418579
34,4,20,0.63582444190979,0.6464587450027466,0.63582444190979,0.6464587450027466,0.6285714507102966,0.6000000238418579
34,4,21,0.6336353421211243,0.6459724307060242,0.6336353421211243,0.6459724307060242,0.6285714507102966,0.6000000238418579
34,4,22,0.6313994526863098,0.6455076336860657,0.6313994526863098,0.6455076336860657,0.6357142925262451,0.6000000238418579
34,4,23,0.6291114091873169,0.6450663208961487,0.6291114091873169,0.6450663208961487,0.6357142925262451,0.6000000238418579
34,4,24,0.6267649531364441,0.6446505188941956,0.6267649531364441,0.6446505188941956,0.6357142925262451,0.6000000238418579
34,4,25,0.6243533492088318,0.6442631483078003,0.6243533492088318,0.6442631483078003,0.6357142925262451,0.6000000238418579
34,4,26,0.6218690872192383,0.6439078450202942,0.6218690872192383,0.6439078450202942,0.6357142925262451,0.6000000238418579
34,4,27,0.6193042993545532,0.6435897350311279,0.6193042993545532,0.6435897350311279,0.6357142925262451,0.6000000238418579
34,4,28,0.616650402545929,0.6433148384094238,0.616650402545929,0.6433148384094238,0.6285714507102966,0.6000000238418579
34,4,29,0.6138984560966492,0.6430912017822266,0.6138984560966492,0.6430912017822266,0.6428571343421936,0.6000000238418579
34,4,30,0.6110393404960632,0.6429290175437927,0.6110393404960632,0.6429290175437927,0.6571428775787354,0.6000000238418579
34,4,31,0.6080633401870728,0.6428413391113281,0.6080633401870728,0.6428413391113281,0.6571428775787354,0.5600000023841858
34,4,32,0.6049607992172241,0.6428447961807251,0.6049607992172241,0.6428447961807251,0.6714285612106323,0.5600000023841858
34,4,33,0.6017219424247742,0.6429603695869446,0.6017219424247742,0.6429603695869446,0.6785714030265808,0.5600000023841858
34,4,34,0.5983374118804932,0.6432147026062012,0.5983374118804932,0.6432147026062012,0.6857143044471741,0.5199999809265137
34,4,35,0.5947988033294678,0.6436417102813721,0.5947988033294678,0.6436417102813721,0.699999988079071,0.5199999809265137
34,4,36,0.5910995006561279,0.6442843675613403,0.5910995006561279,0.6442843675613403,0.699999988079071,0.5199999809265137
34,4,37,0.587235689163208,0.6451960802078247,0.587235689163208,0.6451960802078247,0.699999988079071,0.5199999809265137
34,4,38,0.5832080245018005,0.6464436054229736,0.5832080245018005,0.6464436054229736,0.7214285731315613,0.5199999809265137
34,4,39,0.5790232419967651,0.6481083631515503,0.5790232419967651,0.6481083631515503,0.7285714149475098,0.5199999809265137
34,4,40,0.57469642162323,0.6502875685691833,0.57469642162323,0.6502875685691833,0.7428571581840515,0.5199999809265137
34,4,41,0.5702528357505798,0.6530933380126953,0.5702528357505798,0.6530933380126953,0.7428571581840515,0.5199999809265137
34,4,42,0.5657294988632202,0.6566475629806519,0.5657294988632202,0.6566475629806519,0.7428571581840515,0.5199999809265137
34,4,43,0.5611744523048401,0.6610719561576843,0.5611744523048401,0.6610719561576843,0.7428571581840515,0.5600000023841858
34,4,44,0.556643545627594,0.6664687991142273,0.556643545627594,0.6664687991142273,0.7285714149475098,0.5600000023841858
34,4,45,0.5521929860115051,0.6728959679603577,0.5521929860115051,0.6728959679603577,0.7285714149475098,0.5600000023841858
34,4,46,0.5478683114051819,0.6803361773490906,0.5478683114051819,0.6803361773490906,0.7428571581840515,0.5600000023841858
34,4,47,0.5436922311782837,0.6886741518974304,0.5436922311782837,0.6886741518974304,0.7428571581840515,0.5600000023841858
34,4,48,0.5396578311920166,0.6976948380470276,0.5396578311920166,0.6976948380470276,0.7428571581840515,0.5600000023841858
34,4,49,0.5357328057289124,0.707112193107605,0.5357328057289124,0.707112193107605,0.7357142567634583,0.5600000023841858
34,4,50,0.5318730473518372,0.7166270613670349,0.5318730473518372,0.7166270613670349,0.7285714149475098,0.5600000023841858
34,4,51,0.5280416011810303,0.7259897589683533,0.5280416011810303,0.7259897589683533,0.7285714149475098,0.5600000023841858
34,4,52,0.5242189168930054,0.7350437045097351,0.5242189168930054,0.7350437045097351,0.7214285731315613,0.5600000023841858
34,4,53,0.5204026103019714,0.7437359690666199,0.5204026103019714,0.7437359690666199,0.7285714149475098,0.5199999809265137
34,4,54,0.5165992379188538,0.7520968914031982,0.5165992379188538,0.7520968914031982,0.7285714149475098,0.5199999809265137
34,4,55,0.5128141045570374,0.7602076530456543,0.5128141045570374,0.7602076530456543,0.7357142567634583,0.5199999809265137
34,4,56,0.5090479254722595,0.7681674957275391,0.5090479254722595,0.7681674957275391,0.75,0.5199999809265137
35,4,1,0.7206182479858398,0.6738973259925842,0.7206182479858398,0.6738973259925842,0.4000000059604645,0.6399999856948853
35,4,2,0.7040284276008606,0.6613892912864685,0.7040284276008606,0.6613892912864685,0.40714284777641296,0.7599999904632568
35,4,3,0.6941106915473938,0.6542292237281799,0.6941106915473938,0.6542292237281799,0.5714285969734192,0.6399999856948853
35,4,4,0.6881648898124695,0.6503802537918091,0.6881648898124695,0.6503802537918091,0.5928571224212646,0.6000000238418579
35,4,5,0.684306263923645,0.6481522917747498,0.684306263923645,0.6481522917747498,0.6000000238418579,0.6000000238418579
35,4,6,0.6812105178833008,0.6465205550193787,0.6812105178833008,0.6465205550193787,0.5928571224212646,0.6000000238418579
35,4,7,0.6782341599464417,0.645058810710907,0.6782341599464417,0.645058810710907,0.6000000238418579,0.6000000238418579
35,4,8,0.6752210855484009,0.6436679363250732,0.6752210855484009,0.6436679363250732,0.6000000238418579,0.6000000238418579
35,4,9,0.6722148060798645,0.6423414349555969,0.6722148060798645,0.6423414349555969,0.6000000238418579,0.6000000238418579
35,4,10,0.6692682504653931,0.641061544418335,0.6692682504653931,0.641061544418335,0.6000000238418579,0.6000000238418579
35,4,11,0.6663840413093567,0.6397912502288818,0.6663840413093567,0.6397912502288818,0.6071428656578064,0.6000000238418579
35,4,12,0.6635313034057617,0.6384987235069275,0.6635313034057617,0.6384987235069275,0.6071428656578064,0.6000000238418579
35,4,13,0.6606777906417847,0.6371729373931885,0.6606777906417847,0.6371729373931885,0.6000000238418579,0.6000000238418579
35,4,14,0.6578062176704407,0.6358206868171692,0.6578062176704407,0.6358206868171692,0.6071428656578064,0.6000000238418579
35,4,15,0.6549132466316223,0.6344543695449829,0.6549132466316223,0.6344543695449829,0.6071428656578064,0.6000000238418579
35,4,16,0.6520007252693176,0.6330825686454773,0.6520007252693176,0.6330825686454773,0.6142857074737549,0.6000000238418579
35,4,17,0.6490687131881714,0.6317059993743896,0.6490687131881714,0.6317059993743896,0.6214285492897034,0.6000000238418579
35,4,18,0.6461125016212463,0.6303191184997559,0.6461125016212463,0.6303191184997559,0.6214285492897034,0.6000000238418579
35,4,19,0.64312344789505,0.628913402557373,0.64312344789505,0.628913402557373,0.6214285492897034,0.6000000238418579
35,4,20,0.6400912404060364,0.6274802088737488,0.6400912404060364,0.6274802088737488,0.6357142925262451,0.6000000238418579
35,4,21,0.637004554271698,0.6260122060775757,0.637004554271698,0.6260122060775757,0.6428571343421936,0.6000000238418579
35,4,22,0.6338523030281067,0.6245037317276001,0.6338523030281067,0.6245037317276001,0.6499999761581421,0.6000000238418579
35,4,23,0.6306228041648865,0.6229503750801086,0.6306228041648865,0.6229503750801086,0.6499999761581421,0.6399999856948853
35,4,24,0.6273054480552673,0.6213487982749939,0.6273054480552673,0.6213487982749939,0.6499999761581421,0.6399999856948853
35,4,25,0.6238892674446106,0.6196961402893066,0.6238892674446106,0.6196961402893066,0.6571428775787354,0.6399999856948853
35,4,26,0.6203640699386597,0.6179904341697693,0.6203640699386597,0.6179904341697693,0.6499999761581421,0.6399999856948853
35,4,27,0.6167199611663818,0.6162303686141968,0.6167199611663818,0.6162303686141968,0.6499999761581421,0.6399999856948853
35,4,28,0.6129478216171265,0.6144160628318787,0.6129478216171265,0.6144160628318787,0.6642857193946838,0.6399999856948853
35,4,29,0.609039306640625,0.6125497221946716,0.609039306640625,0.6125497221946716,0.6642857193946838,0.6399999856948853
35,4,30,0.6049871444702148,0.6106370091438293,0.6049871444702148,0.6106370091438293,0.699999988079071,0.6399999856948853
35,4,31,0.6007858514785767,0.6086877584457397,0.6007858514785767,0.6086877584457397,0.6928571462631226,0.6399999856948853
35,4,32,0.5964331030845642,0.6067177653312683,0.5964331030845642,0.6067177653312683,0.6928571462631226,0.6399999856948853
35,4,33,0.5919303297996521,0.6047495007514954,0.5919303297996521,0.6047495007514954,0.6857143044471741,0.6399999856948853
35,4,34,0.5872843861579895,0.6028130054473877,0.5872843861579895,0.6028130054473877,0.6857143044471741,0.6800000071525574
35,4,35,0.5825077891349792,0.6009458303451538,0.5825077891349792,0.6009458303451538,0.6928571462631226,0.6399999856948853
35,4,36,0.5776199698448181,0.5991926789283752,0.5776199698448181,0.5991926789283752,0.6928571462631226,0.6000000238418579
35,4,37,0.572645902633667,0.597603440284729,0.572645902633667,0.597603440284729,0.7071428298950195,0.6000000238418579
35,4,38,0.5676137804985046,0.596228837966919,0.5676137804985046,0.596228837966919,0.7142857313156128,0.6399999856948853
35,4,39,0.5625505447387695,0.5951153635978699,0.5625505447387695,0.5951153635978699,0.7214285731315613,0.6000000238418579
35,4,40,0.5574750900268555,0.5942974090576172,0.5574750900268555,0.5942974090576172,0.7142857313156128,0.6000000238418579
35,4,41,0.552390992641449,0.5937910079956055,0.552390992641449,0.5937910079956055,0.7142857313156128,0.6000000238418579
35,4,42,0.5472808480262756,0.5935914516448975,0.5472808480262756,0.5935914516448975,0.7214285731315613,0.6000000238418579
35,4,43,0.5421056747436523,0.5936776995658875,0.5421056747436523,0.5936776995658875,0.7285714149475098,0.6000000238418579
35,4,44,0.5368114113807678,0.5940237641334534,0.5368114113807678,0.5940237641334534,0.7214285731315613,0.6000000238418579
35,4,45,0.5313424468040466,0.5946130752563477,0.5313424468040466,0.5946130752563477,0.7214285731315613,0.5600000023841858
35,4,46,0.5256560444831848,0.5954503417015076,0.5256560444831848,0.5954503417015076,0.7214285731315613,0.5600000023841858
35,4,47,0.5197322964668274,0.5965657234191895,0.5197322964668274,0.5965657234191895,0.7142857313156128,0.5600000023841858
35,4,48,0.5135746598243713,0.5980112552642822,0.5135746598243713,0.5980112552642822,0.75,0.5600000023841858
35,4,49,0.5072046518325806,0.5998530387878418,0.5072046518325806,0.5998530387878418,0.7642857432365417,0.6000000238418579
35,4,50,0.500652551651001,0.6021614074707031,0.500652551651001,0.6021614074707031,0.7714285850524902,0.5600000023841858
35,4,51,0.49394989013671875,0.6050012111663818,0.49394989013671875,0.6050012111663818,0.7714285850524902,0.5600000023841858
35,4,52,0.4871256649494171,0.6084207892417908,0.4871256649494171,0.6084207892417908,0.7857142686843872,0.6000000238418579
35,4,53,0.4802040755748749,0.6124427914619446,0.4802040755748749,0.6124427914619446,0.7928571701049805,0.6000000238418579
35,4,54,0.4732035994529724,0.6170574426651001,0.4732035994529724,0.6170574426651001,0.7928571701049805,0.6399999856948853
35,4,55,0.4661373794078827,0.6222198605537415,0.4661373794078827,0.6222198605537415,0.7928571701049805,0.6000000238418579
35,4,56,0.4590129852294922,0.6278541088104248,0.4590129852294922,0.6278541088104248,0.800000011920929,0.6000000238418579
35,4,57,0.45183292031288147,0.6338632106781006,0.45183292031288147,0.6338632106781006,0.800000011920929,0.6000000238418579
35,4,58,0.4445953965187073,0.6401453614234924,0.4445953965187073,0.6401453614234924,0.800000011920929,0.6000000238418579
35,4,59,0.43729519844055176,0.6466091275215149,0.43729519844055176,0.6466091275215149,0.8071428537368774,0.6000000238418579
35,4,60,0.42992472648620605,0.6531839966773987,0.42992472648620605,0.6531839966773987,0.8071428537368774,0.6000000238418579
35,4,61,0.4224734306335449,0.6598258018493652,0.4224734306335449,0.6598258018493652,0.8071428537368774,0.6000000238418579
35,4,62,0.41492828726768494,0.6665162444114685,0.41492828726768494,0.6665162444114685,0.8071428537368774,0.6000000238418579
35,4,63,0.40727296471595764,0.6732597947120667,0.40727296471595764,0.6732597947120667,0.8071428537368774,0.6000000238418579
35,4,64,0.39948809146881104,0.6800847053527832,0.39948809146881104,0.6800847053527832,0.800000011920929,0.6000000238418579
35,4,65,0.39155155420303345,0.687046229839325,0.39155155420303345,0.687046229839325,0.800000011920929,0.6000000238418579
35,4,66,0.3834395706653595,0.6942328810691833,0.3834395706653595,0.6942328810691833,0.8142856955528259,0.6399999856948853
35,4,67,0.3751278221607208,0.701774537563324,0.3751278221607208,0.701774537563324,0.8142856955528259,0.6399999856948853
36,4,1,0.6831514835357666,0.66722571849823,0.6831514835357666,0.66722571849823,0.550000011920929,0.6800000071525574
36,4,2,0.672575056552887,0.6596676111221313,0.672575056552887,0.6596676111221313,0.5928571224212646,0.6399999856948853
36,4,3,0.6666779518127441,0.6545313000679016,0.6666779518127441,0.6545313000679016,0.6000000238418579,0.6399999856948853
36,4,4,0.6631057858467102,0.6505007147789001,0.6631057858467102,0.6505007147789001,0.6142857074737549,0.6000000238418579
36,4,5,0.6605399250984192,0.6467707753181458,0.6605399250984192,0.6467707753181458,0.6214285492897034,0.6000000238418579
36,4,6,0.658240795135498,0.6430437564849854,0.658240795135498,0.6430437564849854,0.6142857074737549,0.6000000238418579
36,4,7,0.6559540629386902,0.6393114328384399,0.6559540629386902,0.6393114328384399,0.6142857074737549,0.6000000238418579
36,4,8,0.6536732912063599,0.6356332898139954,0.6536732912063599,0.6356332898139954,0.6142857074737549,0.6000000238418579
36,4,9,0.6514396071434021,0.6320238709449768,0.6514396071434021,0.6320238709449768,0.6142857074737549,0.6000000238418579
36,4,10,0.6492559313774109,0.628446102142334,0.6492559313774109,0.628446102142334,0.6285714507102966,0.6000000238418579
36,4,11,0.6470892429351807,0.6248474717140198,0.6470892429351807,0.6248474717140198,0.6357142925262451,0.6800000071525574
36,4,12,0.6449025869369507,0.6211915016174316,0.6449025869369507,0.6211915016174316,0.6571428775787354,0.6800000071525574
36,4,13,0.6426756978034973,0.6174659729003906,0.6426756978034973,0.6174659729003906,0.6642857193946838,0.6800000071525574
36,4,14,0.6404056549072266,0.6136742830276489,0.6404056549072266,0.6136742830276489,0.6571428775787354,0.6800000071525574
36,4,15,0.6380979418754578,0.6098234057426453,0.6380979418754578,0.6098234057426453,0.6714285612106323,0.6800000071525574
36,4,16,0.6357572674751282,0.6059168577194214,0.6357572674751282,0.6059168577194214,0.6714285612106323,0.6800000071525574
36,4,17,0.6333839893341064,0.6019515991210938,0.6333839893341064,0.6019515991210938,0.6714285612106323,0.6800000071525574
36,4,18,0.6309742331504822,0.597918689250946,0.6309742331504822,0.597918689250946,0.6785714030265808,0.6800000071525574
36,4,19,0.6285212635993958,0.5938042998313904,0.6285212635993958,0.5938042998313904,0.6714285612106323,0.7599999904632568
36,4,20,0.6260167956352234,0.5895918011665344,0.6260167956352234,0.5895918011665344,0.6714285612106323,0.800000011920929
36,4,21,0.6234515309333801,0.5852624773979187,0.6234515309333801,0.5852624773979187,0.6714285612106323,0.800000011920929
36,4,22,0.6208155155181885,0.5807979106903076,0.6208155155181885,0.5807979106903076,0.6785714030265808,0.800000011920929
36,4,23,0.6180990934371948,0.5761809945106506,0.6180990934371948,0.5761809945106506,0.6857143044471741,0.800000011920929
36,4,24,0.6152932047843933,0.5713970065116882,0.6152932047843933,0.5713970065116882,0.6857143044471741,0.800000011920929
36,4,25,0.6123895049095154,0.5664335489273071,0.6123895049095154,0.5664335489273071,0.6785714030265808,0.8399999737739563
36,4,26,0.6093804240226746,0.5612800717353821,0.6093804240226746,0.5612800717353821,0.6785714030265808,0.8399999737739563
36,4,27,0.6062594056129456,0.5559282898902893,0.6062594056129456,0.5559282898902893,0.6714285612106323,0.8399999737739563
36,4,28,0.603020429611206,0.550372302532196,0.603020429611206,0.550372302532196,0.6785714030265808,0.800000011920929
36,4,29,0.5996583104133606,0.5446102023124695,0.5996583104133606,0.5446102023124695,0.6928571462631226,0.800000011920929
36,4,30,0.5961694717407227,0.5386468768119812,0.5961694717407227,0.5386468768119812,0.6928571462631226,0.7599999904632568
36,4,31,0.5925521850585938,0.5324974060058594,0.5925521850585938,0.5324974060058594,0.699999988079071,0.7599999904632568
36,4,32,0.5888081192970276,0.5261924266815186,0.5888081192970276,0.5261924266815186,0.6857143044471741,0.7599999904632568
36,4,33,0.5849428176879883,0.5197833776473999,0.5849428176879883,0.5197833776473999,0.6714285612106323,0.800000011920929
36,4,34,0.580966591835022,0.5133485794067383,0.580966591835022,0.5133485794067383,0.6785714030265808,0.7599999904632568
36,4,35,0.5768941640853882,0.5069980025291443,0.5768941640853882,0.5069980025291443,0.6857143044471741,0.7599999904632568
36,4,36,0.5727439522743225,0.5008765459060669,0.5727439522743225,0.5008765459060669,0.6928571462631226,0.7599999904632568
36,4,37,0.5685355067253113,0.4951634705066681,0.5685355067253113,0.4951634705066681,0.6857143044471741,0.6800000071525574
36,4,38,0.5642853379249573,0.49006718397140503,0.5642853379249573,0.49006718397140503,0.6857143044471741,0.6800000071525574
36,4,39,0.5600024461746216,0.4858131408691406,0.5600024461746216,0.4858131408691406,0.6928571462631226,0.6399999856948853
36,4,40,0.5556840896606445,0.4826240837574005,0.5556840896606445,0.4826240837574005,0.6928571462631226,0.6399999856948853
36,4,41,0.5513139963150024,0.4806976318359375,0.5513139963150024,0.4806976318359375,0.699999988079071,0.6000000238418579
36,4,42,0.5468646287918091,0.4801851511001587,0.5468646287918091,0.4801851511001587,0.7071428298950195,0.6399999856948853
36,4,43,0.5423029661178589,0.48118358850479126,0.5423029661178589,0.48118358850479126,0.7428571581840515,0.6399999856948853
36,4,44,0.5375993847846985,0.4837428629398346,0.5375993847846985,0.4837428629398346,0.7428571581840515,0.6399999856948853
36,4,45,0.5327337980270386,0.48788392543792725,0.5327337980270386,0.48788392543792725,0.7285714149475098,0.6399999856948853
36,4,46,0.5276982188224792,0.4936152696609497,0.5276982188224792,0.4936152696609497,0.7214285731315613,0.6399999856948853
36,4,47,0.5224933624267578,0.5009405612945557,0.5224933624267578,0.5009405612945557,0.7357142567634583,0.6399999856948853
36,4,48,0.5171213150024414,0.5098573565483093,0.5171213150024414,0.5098573565483093,0.7285714149475098,0.6399999856948853
36,4,49,0.5115792751312256,0.5203496217727661,0.5115792751312256,0.5203496217727661,0.7285714149475098,0.6399999856948853
36,4,50,0.5058561563491821,0.5323837399482727,0.5058561563491821,0.5323837399482727,0.7357142567634583,0.6399999856948853
36,4,51,0.499932199716568,0.5459172129631042,0.499932199716568,0.5459172129631042,0.7285714149475098,0.6399999856948853
36,4,52,0.4937831461429596,0.5609267950057983,0.4937831461429596,0.5609267950057983,0.7428571581840515,0.6399999856948853
36,4,53,0.48738452792167664,0.5774476528167725,0.48738452792167664,0.5774476528167725,0.7428571581840515,0.6399999856948853
36,4,54,0.4807182848453522,0.5956035256385803,0.4807182848453522,0.5956035256385803,0.75,0.6399999856948853
36,4,55,0.47377580404281616,0.6156025528907776,0.47377580404281616,0.6156025528907776,0.7571428418159485,0.6000000238418579
36,4,56,0.46655791997909546,0.6376766562461853,0.46655791997909546,0.6376766562461853,0.7571428418159485,0.6000000238418579
36,4,57,0.4590751528739929,0.6619696021080017,0.4590751528739929,0.6619696021080017,0.7714285850524902,0.6000000238418579
36,4,58,0.4513475298881531,0.688408613204956,0.4513475298881531,0.688408613204956,0.7785714268684387,0.6000000238418579
36,4,59,0.44340595602989197,0.71662437915802,0.44340595602989197,0.71662437915802,0.7785714268684387,0.6000000238418579
36,4,60,0.435293972492218,0.7459690570831299,0.435293972492218,0.7459690570831299,0.7785714268684387,0.6000000238418579
36,4,61,0.42706701159477234,0.7756345868110657,0.42706701159477234,0.7756345868110657,0.7785714268684387,0.6000000238418579
36,4,62,0.41878873109817505,0.8048166632652283,0.41878873109817505,0.8048166632652283,0.7785714268684387,0.6000000238418579
36,4,63,0.4105238914489746,0.8328604102134705,0.4105238914489746,0.8328604102134705,0.7857142686843872,0.5600000023841858
36,4,64,0.40232327580451965,0.8593576550483704,0.40232327580451965,0.8593576550483704,0.7928571701049805,0.5600000023841858
36,4,65,0.39420801401138306,0.8841285109519958,0.39420801401138306,0.8841285109519958,0.800000011920929,0.5600000023841858
36,4,66,0.3861817717552185,0.9071397185325623,0.3861817717552185,0.9071397185325623,0.7928571701049805,0.5600000023841858
36,4,67,0.37826165556907654,0.9286776781082153,0.37826165556907654,0.9286776781082153,0.800000011920929,0.5600000023841858
37,4,1,0.7161464095115662,0.7117035388946533,0.7161464095115662,0.7117035388946533,0.44999998807907104,0.3199999928474426
37,4,2,0.6956067085266113,0.6957263946533203,0.6956067085266113,0.6957263946533203,0.4571428596973419,0.6000000238418579
37,4,3,0.6830183267593384,0.6861326694488525,0.6830183267593384,0.6861326694488525,0.6071428656578064,0.5600000023841858
37,4,4,0.6756759285926819,0.6806722283363342,0.6756759285926819,0.6806722283363342,0.6000000238418579,0.6399999856948853
37,4,5,0.6712794899940491,0.6771786212921143,0.6712794899940491,0.6771786212921143,0.5928571224212646,0.6000000238418579
37,4,6,0.6680090427398682,0.6742479205131531,0.6680090427398682,0.6742479205131531,0.5928571224212646,0.6000000238418579
37,4,7,0.6648803353309631,0.6713243722915649,0.6648803353309631,0.6713243722915649,0.5928571224212646,0.6000000238418579
37,4,8,0.6616227030754089,0.6683785319328308,0.6616227030754089,0.6683785319328308,0.5928571224212646,0.6000000238418579
37,4,9,0.6583139300346375,0.6655355095863342,0.6583139300346375,0.6655355095863342,0.5928571224212646,0.6000000238418579
37,4,10,0.6550718545913696,0.662870466709137,0.6550718545913696,0.662870466709137,0.5928571224212646,0.6000000238418579
37,4,11,0.6519283056259155,0.6603773236274719,0.6519283056259155,0.6603773236274719,0.5928571224212646,0.6000000238418579
37,4,12,0.6488428115844727,0.6580173969268799,0.6488428115844727,0.6580173969268799,0.6142857074737549,0.6399999856948853
37,4,13,0.6457616686820984,0.6557649970054626,0.6457616686820984,0.6557649970054626,0.6214285492897034,0.6000000238418579
37,4,14,0.6426553726196289,0.6536158919334412,0.6426553726196289,0.6536158919334412,0.6285714507102966,0.6000000238418579
37,4,15,0.6395178437232971,0.6515734791755676,0.6395178437232971,0.6515734791755676,0.6357142925262451,0.6000000238418579
37,4,16,0.6363504528999329,0.6496358513832092,0.6363504528999329,0.6496358513832092,0.6357142925262451,0.6000000238418579
37,4,17,0.6331484913825989,0.647793710231781,0.6331484913825989,0.647793710231781,0.6357142925262451,0.6000000238418579
37,4,18,0.6298998594284058,0.646038293838501,0.6298998594284058,0.646038293838501,0.6357142925262451,0.6000000238418579
37,4,19,0.6265897750854492,0.6443674564361572,0.6265897750854492,0.6443674564361572,0.6357142925262451,0.6000000238418579
37,4,20,0.6232037544250488,0.6427882313728333,0.6232037544250488,0.6427882313728333,0.6499999761581421,0.6399999856948853
37,4,21,0.6197295784950256,0.6413151621818542,0.6197295784950256,0.6413151621818542,0.6642857193946838,0.6399999856948853
37,4,22,0.6161548495292664,0.6399679780006409,0.6161548495292664,0.6399679780006409,0.6857143044471741,0.6800000071525574
37,4,23,0.6124675273895264,0.6387702226638794,0.6124675273895264,0.6387702226638794,0.6785714030265808,0.6800000071525574
37,4,24,0.6086549758911133,0.6377490758895874,0.6086549758911133,0.6377490758895874,0.6785714030265808,0.6399999856948853
37,4,25,0.6047048568725586,0.6369374990463257,0.6047048568725586,0.6369374990463257,0.6857143044471741,0.6399999856948853
37,4,26,0.6006045937538147,0.636375904083252,0.6006045937538147,0.636375904083252,0.6857143044471741,0.6399999856948853
37,4,27,0.5963420271873474,0.6361162066459656,0.5963420271873474,0.6361162066459656,0.6857143044471741,0.6399999856948853
37,4,28,0.5919058322906494,0.6362258791923523,0.5919058322906494,0.6362258791923523,0.699999988079071,0.6399999856948853
37,4,29,0.5872867107391357,0.6367915272712708,0.5872867107391357,0.6367915272712708,0.6928571462631226,0.6399999856948853
37,4,30,0.5824786424636841,0.6379215121269226,0.5824786424636841,0.6379215121269226,0.7071428298950195,0.6399999856948853
37,4,31,0.5774801969528198,0.6397460699081421,0.5774801969528198,0.6397460699081421,0.6928571462631226,0.6399999856948853
37,4,32,0.572296679019928,0.642416775226593,0.572296679019928,0.642416775226593,0.699999988079071,0.6800000071525574
37,4,33,0.56694096326828,0.6461029052734375,0.56694096326828,0.6461029052734375,0.6928571462631226,0.6800000071525574
37,4,34,0.5614356994628906,0.650984525680542,0.5614356994628906,0.650984525680542,0.699999988079071,0.6800000071525574
37,4,35,0.5558140873908997,0.6572383642196655,0.5558140873908997,0.6572383642196655,0.699999988079071,0.6800000071525574
37,4,36,0.5501194000244141,0.6650153994560242,0.5501194000244141,0.6650153994560242,0.7071428298950195,0.6800000071525574
37,4,37,0.5444009900093079,0.6744049191474915,0.5444009900093079,0.6744049191474915,0.7142857313156128,0.7200000286102295
37,4,38,0.5387064218521118,0.6853920221328735,0.5387064218521118,0.6853920221328735,0.7214285731315613,0.6800000071525574
37,4,39,0.533069372177124,0.6978217959403992,0.533069372177124,0.6978217959403992,0.7214285731315613,0.6399999856948853
37,4,40,0.5274998545646667,0.711392879486084,0.5274998545646667,0.711392879486084,0.7285714149475098,0.6399999856948853
37,4,41,0.5219827890396118,0.7256971597671509,0.5219827890396118,0.7256971597671509,0.7142857313156128,0.6399999856948853
37,4,42,0.5164905786514282,0.7402966022491455,0.5164905786514282,0.7402966022491455,0.7071428298950195,0.6399999856948853
37,4,43,0.5110037922859192,0.754804790019989,0.5110037922859192,0.754804790019989,0.7071428298950195,0.6399999856948853
37,4,44,0.5055280923843384,0.768934428691864,0.5055280923843384,0.768934428691864,0.7214285731315613,0.6399999856948853
37,4,45,0.5000949501991272,0.7824925184249878,0.5000949501991272,0.7824925184249878,0.7214285731315613,0.6399999856948853
37,4,46,0.4947490692138672,0.795332133769989,0.4947490692138672,0.795332133769989,0.7214285731315613,0.6399999856948853
37,4,47,0.48953044414520264,0.807301938533783,0.48953044414520264,0.807301938533783,0.7285714149475098,0.6800000071525574
37,4,48,0.48446306586265564,0.8182348608970642,0.48446306586265564,0.8182348608970642,0.7428571581840515,0.6800000071525574
37,4,49,0.47955355048179626,0.8279792666435242,0.47955355048179626,0.8279792666435242,0.7428571581840515,0.6800000071525574
37,4,50,0.47479569911956787,0.8364505171775818,0.47479569911956787,0.8364505171775818,0.75,0.6800000071525574
37,4,51,0.4701768159866333,0.8436740040779114,0.4701768159866333,0.8436740040779114,0.75,0.6800000071525574
37,4,52,0.4656834602355957,0.8497976660728455,0.4656834602355957,0.8497976660728455,0.75,0.6800000071525574
38,4,1,0.6961125135421753,0.6803902983665466,0.6961125135421753,0.6803902983665466,0.550000011920929,0.6800000071525574
38,4,2,0.6812007427215576,0.6744920611381531,0.6812007427215576,0.6744920611381531,0.5571428537368774,0.6800000071525574
38,4,3,0.6724315881729126,0.6721658110618591,0.6724315881729126,0.6721658110618591,0.5928571224212646,0.6399999856948853
38,4,4,0.6679909229278564,0.6720353960990906,0.6679909229278564,0.6720353960990906,0.6000000238418579,0.6000000238418579
38,4,5,0.6660507321357727,0.6726311445236206,0.6660507321357727,0.6726311445236206,0.5928571224212646,0.6000000238418579
38,4,6,0.6649948954582214,0.673003077507019,0.6649948954582214,0.673003077507019,0.5928571224212646,0.6000000238418579
38,4,7,0.6638518571853638,0.6728046536445618,0.6638518571853638,0.6728046536445618,0.5928571224212646,0.6000000238418579
38,4,8,0.6622797250747681,0.6720973253250122,0.6622797250747681,0.6720973253250122,0.5928571224212646,0.6000000238418579
38,4,9,0.6603187322616577,0.6711006760597229,0.6603187322616577,0.6711006760597229,0.5928571224212646,0.6000000238418579
38,4,10,0.6581409573554993,0.6700246334075928,0.6581409573554993,0.6700246334075928,0.5928571224212646,0.6000000238418579
38,4,11,0.6559003591537476,0.6690020561218262,0.6559003591537476,0.6690020561218262,0.5928571224212646,0.6000000238418579
38,4,12,0.6536858677864075,0.6680904626846313,0.6536858677864075,0.6680904626846313,0.6071428656578064,0.6000000238418579
38,4,13,0.6515301465988159,0.667297899723053,0.6515301465988159,0.667297899723053,0.6142857074737549,0.6000000238418579
38,4,14,0.6494347453117371,0.666608452796936,0.6494347453117371,0.666608452796936,0.6142857074737549,0.6000000238418579
38,4,15,0.6473891735076904,0.6659979820251465,0.6473891735076904,0.6659979820251465,0.6142857074737549,0.6000000238418579
38,4,16,0.6453791260719299,0.6654411554336548,0.6453791260719299,0.6654411554336548,0.6214285492897034,0.6000000238418579
38,4,17,0.6433897018432617,0.6649143695831299,0.6433897018432617,0.6649143695831299,0.6285714507102966,0.6000000238418579
38,4,18,0.6414044499397278,0.6643978953361511,0.6414044499397278,0.6643978953361511,0.6357142925262451,0.6000000238418579
38,4,19,0.6394076943397522,0.6638765931129456,0.6394076943397522,0.6638765931129456,0.6428571343421936,0.6000000238418579
38,4,20,0.637384831905365,0.6633409857749939,0.637384831905365,0.6633409857749939,0.6428571343421936,0.6000000238418579
38,4,21,0.6353235840797424,0.6627864837646484,0.6353235840797424,0.6627864837646484,0.6571428775787354,0.6000000238418579
38,4,22,0.6332147717475891,0.6622125506401062,0.6332147717475891,0.6622125506401062,0.6571428775787354,0.5600000023841858
38,4,23,0.6310513019561768,0.6616206169128418,0.6310513019561768,0.6616206169128418,0.6642857193946838,0.5600000023841858
38,4,24,0.6288270950317383,0.6610130071640015,0.6288270950317383,0.6610130071640015,0.6714285612106323,0.5600000023841858
38,4,25,0.626537024974823,0.6603915691375732,0.626537024974823,0.6603915691375732,0.6714285612106323,0.5600000023841858
38,4,26,0.6241747736930847,0.659756600856781,0.6241747736930847,0.659756600856781,0.6714285612106323,0.5600000023841858
38,4,27,0.6217333078384399,0.6591075658798218,0.6217333078384399,0.6591075658798218,0.6785714030265808,0.5600000023841858
38,4,28,0.6192038655281067,0.6584423184394836,0.6192038655281067,0.6584423184394836,0.6785714030265808,0.5600000023841858
38,4,29,0.6165763139724731,0.6577575206756592,0.6165763139724731,0.6577575206756592,0.6857143044471741,0.5600000023841858
38,4,30,0.613838791847229,0.6570494771003723,0.613838791847229,0.6570494771003723,0.6857143044471741,0.5600000023841858
38,4,31,0.6109782457351685,0.6563142538070679,0.6109782457351685,0.6563142538070679,0.6928571462631226,0.6000000238418579
38,4,32,0.6079801917076111,0.6555473804473877,0.6079801917076111,0.6555473804473877,0.699999988079071,0.6399999856948853
38,4,33,0.6048288345336914,0.6547450423240662,0.6048288345336914,0.6547450423240662,0.7071428298950195,0.6399999856948853
38,4,34,0.6015075445175171,0.6539031863212585,0.6015075445175171,0.6539031863212585,0.7214285731315613,0.6399999856948853
38,4,35,0.5979989171028137,0.6530186533927917,0.5979989171028137,0.6530186533927917,0.7214285731315613,0.6399999856948853
38,4,36,0.5942851305007935,0.6520881056785583,0.5942851305007935,0.6520881056785583,0.7285714149475098,0.6800000071525574
38,4,37,0.5903486013412476,0.651108980178833,0.5903486013412476,0.651108980178833,0.7285714149475098,0.6800000071525574
38,4,38,0.5861725211143494,0.6500802040100098,0.5861725211143494,0.6500802040100098,0.7214285731315613,0.6800000071525574
38,4,39,0.5817433595657349,0.6490022540092468,0.5817433595657349,0.6490022540092468,0.7285714149475098,0.6399999856948853
38,4,40,0.5770524740219116,0.6478800773620605,0.5770524740219116,0.6478800773620605,0.7214285731315613,0.6399999856948853
38,4,41,0.5721001029014587,0.6467249989509583,0.5721001029014587,0.6467249989509583,0.7285714149475098,0.6399999856948853
38,4,42,0.566900908946991,0.64555823802948,0.566900908946991,0.64555823802948,0.7214285731315613,0.6399999856948853
38,4,43,0.561490535736084,0.6444165110588074,0.561490535736084,0.6444165110588074,0.7142857313156128,0.6399999856948853
38,4,44,0.5559346079826355,0.6433558464050293,0.5559346079826355,0.6433558464050293,0.7285714149475098,0.6399999856948853
38,4,45,0.5503361225128174,0.642453134059906,0.5503361225128174,0.642453134059906,0.7357142567634583,0.6399999856948853
38,4,46,0.5448389053344727,0.6417996287345886,0.5448389053344727,0.6417996287345886,0.7428571581840515,0.6399999856948853
38,4,47,0.5396167635917664,0.6414779424667358,0.5396167635917664,0.6414779424667358,0.7214285731315613,0.6399999856948853
38,4,48,0.5348405838012695,0.6415250897407532,0.5348405838012695,0.6415250897407532,0.7142857313156128,0.6399999856948853
38,4,49,0.5306199789047241,0.6418941020965576,0.5306199789047241,0.6418941020965576,0.7214285731315613,0.6399999856948853
38,4,50,0.5269473195075989,0.6424500346183777,0.5269473195075989,0.6424500346183777,0.7214285731315613,0.6399999856948853
38,4,51,0.5236883759498596,0.6430209875106812,0.5236883759498596,0.6430209875106812,0.7357142567634583,0.6399999856948853
38,4,52,0.5206513404846191,0.6434723734855652,0.5206513404846191,0.6434723734855652,0.7357142567634583,0.6800000071525574
38,4,53,0.5176840424537659,0.6437451243400574,0.5176840424537659,0.6437451243400574,0.75,0.6800000071525574
38,4,54,0.5147222280502319,0.6438419818878174,0.5147222280502319,0.6438419818878174,0.75,0.6800000071525574
38,4,55,0.5117673873901367,0.6437945365905762,0.5117673873901367,0.6437945365905762,0.75,0.6800000071525574
38,4,56,0.5088411569595337,0.6436394453048706,0.5088411569595337,0.6436394453048706,0.7571428418159485,0.6800000071525574
38,4,57,0.5059584975242615,0.6434075236320496,0.5059584975242615,0.6434075236320496,0.7571428418159485,0.6800000071525574
38,4,58,0.5031209588050842,0.6431209444999695,0.5031209588050842,0.6431209444999695,0.7642857432365417,0.6800000071525574
38,4,59,0.5003208518028259,0.6427939534187317,0.5003208518028259,0.6427939534187317,0.7642857432365417,0.6800000071525574
38,4,60,0.4975455105304718,0.6424362063407898,0.4975455105304718,0.6424362063407898,0.7642857432365417,0.6800000071525574
38,4,61,0.49478012323379517,0.6420543789863586,0.49478012323379517,0.6420543789863586,0.7642857432365417,0.6800000071525574
38,4,62,0.49200892448425293,0.6416530013084412,0.49200892448425293,0.6416530013084412,0.7642857432365417,0.6399999856948853
38,4,63,0.4892174303531647,0.6412355899810791,0.4892174303531647,0.6412355899810791,0.7642857432365417,0.6399999856948853
38,4,64,0.4863930940628052,0.6408051252365112,0.4863930940628052,0.6408051252365112,0.7642857432365417,0.6800000071525574
38,4,65,0.4835260212421417,0.6403659582138062,0.4835260212421417,0.6403659582138062,0.7642857432365417,0.6800000071525574
38,4,66,0.4806094467639923,0.639922559261322,0.4806094467639923,0.639922559261322,0.7642857432365417,0.6800000071525574
38,4,67,0.4776393473148346,0.6394797563552856,0.4776393473148346,0.6394797563552856,0.7785714268684387,0.6800000071525574
38,4,68,0.47461286187171936,0.6390422582626343,0.47461286187171936,0.6390422582626343,0.7785714268684387,0.6800000071525574
38,4,69,0.47152769565582275,0.6386146545410156,0.47152769565582275,0.6386146545410156,0.7785714268684387,0.6800000071525574
38,4,70,0.46838143467903137,0.638201117515564,0.46838143467903137,0.638201117515564,0.7714285850524902,0.6800000071525574
38,4,71,0.46517109870910645,0.637805700302124,0.46517109870910645,0.637805700302124,0.7785714268684387,0.6800000071525574
38,4,72,0.4618934690952301,0.6374326944351196,0.4618934690952301,0.6374326944351196,0.7785714268684387,0.6800000071525574
38,4,73,0.45854470133781433,0.6370866298675537,0.45854470133781433,0.6370866298675537,0.7785714268684387,0.6800000071525574
38,4,74,0.4551210105419159,0.6367724537849426,0.4551210105419159,0.6367724537849426,0.7857142686843872,0.6800000071525574
38,4,75,0.45161890983581543,0.636496365070343,0.45161890983581543,0.636496365070343,0.7928571701049805,0.6800000071525574
38,4,76,0.4480353891849518,0.6362650990486145,0.4480353891849518,0.6362650990486145,0.800000011920929,0.6800000071525574
38,4,77,0.44436803460121155,0.6360867023468018,0.44436803460121155,0.6360867023468018,0.7928571701049805,0.6800000071525574
38,4,78,0.4406154751777649,0.6359705924987793,0.4406154751777649,0.6359705924987793,0.800000011920929,0.6800000071525574
38,4,79,0.4367772936820984,0.6359272599220276,0.4367772936820984,0.6359272599220276,0.800000011920929,0.6800000071525574
38,4,80,0.4328542649745941,0.635968804359436,0.4328542649745941,0.635968804359436,0.800000011920929,0.6800000071525574
38,4,81,0.4288483262062073,0.6361085772514343,0.4288483262062073,0.6361085772514343,0.800000011920929,0.6800000071525574
38,4,82,0.42476293444633484,0.6363615393638611,0.42476293444633484,0.6363615393638611,0.800000011920929,0.6800000071525574
38,4,83,0.4206031262874603,0.6367440819740295,0.4206031262874603,0.6367440819740295,0.800000011920929,0.6800000071525574
38,4,84,0.4163753092288971,0.6372738480567932,0.4163753092288971,0.6372738480567932,0.800000011920929,0.6800000071525574
38,4,85,0.412087619304657,0.6379693746566772,0.412087619304657,0.6379693746566772,0.8071428537368774,0.6800000071525574
38,4,86,0.40774932503700256,0.638850212097168,0.40774932503700256,0.638850212097168,0.8071428537368774,0.6800000071525574
38,4,87,0.40337082743644714,0.6399360299110413,0.40337082743644714,0.6399360299110413,0.8214285969734192,0.6800000071525574
38,4,88,0.3989625573158264,0.641246497631073,0.3989625573158264,0.641246497631073,0.8214285969734192,0.6800000071525574
38,4,89,0.3945348858833313,0.6428013443946838,0.3945348858833313,0.6428013443946838,0.8214285969734192,0.6800000071525574
38,4,90,0.3900968134403229,0.6446197628974915,0.3900968134403229,0.6446197628974915,0.8214285969734192,0.6800000071525574
38,4,91,0.38565537333488464,0.6467214226722717,0.38565537333488464,0.6467214226722717,0.8285714387893677,0.6800000071525574
38,4,92,0.38121506571769714,0.6491261124610901,0.38121506571769714,0.6491261124610901,0.8285714387893677,0.6800000071525574
38,4,93,0.376777321100235,0.6518551111221313,0.376777321100235,0.6518551111221313,0.8285714387893677,0.6800000071525574
38,4,94,0.37234044075012207,0.6549313068389893,0.37234044075012207,0.6549313068389893,0.8357142806053162,0.6800000071525574
38,4,95,0.3679000437259674,0.6583804488182068,0.3679000437259674,0.6583804488182068,0.8428571224212646,0.7200000286102295
38,4,96,0.36344924569129944,0.6622311472892761,0.36344924569129944,0.6622311472892761,0.8428571224212646,0.7200000286102295
38,4,97,0.3589794933795929,0.6665154099464417,0.3589794933795929,0.6665154099464417,0.8428571224212646,0.7200000286102295
38,4,98,0.3544813096523285,0.6712687015533447,0.3544813096523285,0.6712687015533447,0.8428571224212646,0.7200000286102295
38,4,99,0.34994491934776306,0.6765291094779968,0.34994491934776306,0.6765291094779968,0.8500000238418579,0.7599999904632568
38,4,100,0.34536081552505493,0.6823360919952393,0.34536081552505493,0.6823360919952393,0.8500000238418579,0.7599999904632568
38,4,101,0.34072017669677734,0.688728392124176,0.34072017669677734,0.688728392124176,0.8500000238418579,0.7200000286102295
38,4,102,0.33601561188697815,0.6957405209541321,0.33601561188697815,0.6957405209541321,0.8500000238418579,0.7200000286102295
38,4,103,0.33124130964279175,0.7033990621566772,0.33124130964279175,0.7033990621566772,0.8571428656578064,0.7200000286102295
38,4,104,0.3263929784297943,0.7117175459861755,0.3263929784297943,0.7117175459861755,0.8571428656578064,0.7200000286102295
39,4,1,0.6997215747833252,0.6971697807312012,0.6997215747833252,0.6971697807312012,0.44285714626312256,0.5600000023841858
39,4,2,0.6837605237960815,0.6871148943901062,0.6837605237960815,0.6871148943901062,0.5857142806053162,0.5600000023841858
39,4,3,0.6742204427719116,0.6817872524261475,0.6742204427719116,0.6817872524261475,0.6357142925262451,0.6000000238418579
39,4,4,0.6690331697463989,0.6793503761291504,0.6690331697463989,0.6793503761291504,0.6000000238418579,0.6000000238418579
39,4,5,0.6662387847900391,0.6781019568443298,0.6662387847900391,0.6781019568443298,0.6000000238418579,0.6000000238418579
39,4,6,0.6642599701881409,0.6769922375679016,0.6642599701881409,0.6769922375679016,0.6071428656578064,0.6000000238418579
39,4,7,0.6622187495231628,0.6756339073181152,0.6622187495231628,0.6756339073181152,0.6071428656578064,0.6000000238418579
39,4,8,0.6598451733589172,0.6740456223487854,0.6598451733589172,0.6740456223487854,0.6071428656578064,0.6000000238418579
39,4,9,0.6571993231773376,0.6723818778991699,0.6571993231773376,0.6723818778991699,0.6071428656578064,0.6000000238418579
39,4,10,0.6544277667999268,0.6707726120948792,0.6544277667999268,0.6707726120948792,0.6071428656578064,0.6000000238418579
39,4,11,0.6516395211219788,0.6692776679992676,0.6516395211219788,0.6692776679992676,0.5928571224212646,0.6000000238418579
39,4,12,0.6488807797431946,0.66790372133255,0.6488807797431946,0.66790372133255,0.6142857074737549,0.6000000238418579
39,4,13,0.6461566090583801,0.6666368246078491,0.6461566090583801,0.6666368246078491,0.6285714507102966,0.6000000238418579
39,4,14,0.6434565782546997,0.6654606461524963,0.6434565782546997,0.6654606461524963,0.6285714507102966,0.6000000238418579
39,4,15,0.6407679319381714,0.6643639206886292,0.6407679319381714,0.6643639206886292,0.6214285492897034,0.6399999856948853
39,4,16,0.6380772590637207,0.6633379459381104,0.6380772590637207,0.6633379459381104,0.6285714507102966,0.6800000071525574
39,4,17,0.635368824005127,0.6623753905296326,0.635368824005127,0.6623753905296326,0.6285714507102966,0.6800000071525574
39,4,18,0.6326241493225098,0.6614704132080078,0.6326241493225098,0.6614704132080078,0.6357142925262451,0.6800000071525574
39,4,19,0.6298233270645142,0.6606210470199585,0.6298233270645142,0.6606210470199585,0.6285714507102966,0.6800000071525574
39,4,20,0.626947820186615,0.6598303914070129,0.626947820186615,0.6598303914070129,0.6428571343421936,0.6800000071525574
39,4,21,0.6239819526672363,0.6591076850891113,0.6239819526672363,0.6591076850891113,0.6499999761581421,0.6800000071525574
39,4,22,0.6209129095077515,0.6584670543670654,0.6209129095077515,0.6584670543670654,0.6499999761581421,0.6800000071525574
39,4,23,0.6177301406860352,0.6579274535179138,0.6177301406860352,0.6579274535179138,0.6642857193946838,0.6800000071525574
39,4,24,0.6144233345985413,0.6575115323066711,0.6144233345985413,0.6575115323066711,0.6642857193946838,0.6800000071525574
39,4,25,0.6109817624092102,0.6572463512420654,0.6109817624092102,0.6572463512420654,0.6571428775787354,0.6800000071525574
39,4,26,0.6073936223983765,0.6571640968322754,0.6073936223983765,0.6571640968322754,0.6857143044471741,0.6800000071525574
39,4,27,0.6036458611488342,0.6573044657707214,0.6036458611488342,0.6573044657707214,0.6928571462631226,0.6800000071525574
39,4,28,0.5997243523597717,0.6577172875404358,0.5997243523597717,0.6577172875404358,0.6928571462631226,0.6800000071525574
39,4,29,0.5956149697303772,0.6584662795066833,0.5956149697303772,0.6584662795066833,0.7071428298950195,0.6800000071525574
39,4,30,0.5913050770759583,0.6596338152885437,0.5913050770759583,0.6596338152885437,0.7071428298950195,0.6800000071525574
39,4,31,0.5867851972579956,0.6613257527351379,0.5867851972579956,0.6613257527351379,0.7142857313156128,0.6800000071525574
39,4,32,0.5820512771606445,0.6636766195297241,0.5820512771606445,0.6636766195297241,0.7142857313156128,0.6800000071525574
39,4,33,0.5771071314811707,0.6668539643287659,0.5771071314811707,0.6668539643287659,0.7142857313156128,0.6399999856948853
39,4,34,0.5719667673110962,0.6710594296455383,0.5719667673110962,0.6710594296455383,0.7142857313156128,0.6399999856948853
39,4,35,0.5666566491127014,0.6765226721763611,0.5666566491127014,0.6765226721763611,0.7071428298950195,0.6399999856948853
39,4,36,0.5612154006958008,0.683484673500061,0.5612154006958008,0.683484673500061,0.7142857313156128,0.6399999856948853
39,4,37,0.5556917190551758,0.6921627521514893,0.5556917190551758,0.6921627521514893,0.7071428298950195,0.6399999856948853
39,4,38,0.5501375198364258,0.7026964426040649,0.5501375198364258,0.7026964426040649,0.7285714149475098,0.6000000238418579
39,4,39,0.544597327709198,0.7150806188583374,0.544597327709198,0.7150806188583374,0.7285714149475098,0.6000000238418579
39,4,40,0.5390958786010742,0.729114830493927,0.5390958786010742,0.729114830493927,0.7357142567634583,0.5600000023841858
39,4,41,0.5336318612098694,0.7444033622741699,0.5336318612098694,0.7444033622741699,0.7285714149475098,0.5600000023841858
39,4,42,0.5281837582588196,0.7604366540908813,0.5281837582588196,0.7604366540908813,0.7357142567634583,0.5600000023841858
39,4,43,0.5227282643318176,0.7767245769500732,0.5227282643318176,0.7767245769500732,0.7428571581840515,0.5600000023841858
39,4,44,0.5172570943832397,0.7929205894470215,0.5172570943832397,0.7929205894470215,0.7571428418159485,0.5600000023841858
39,4,45,0.5117807984352112,0.8088759779930115,0.5117807984352112,0.8088759779930115,0.7571428418159485,0.5600000023841858
39,4,46,0.5063189268112183,0.824613630771637,0.5063189268112183,0.824613630771637,0.7571428418159485,0.5600000023841858
39,4,47,0.5008859634399414,0.8402549624443054,0.5008859634399414,0.8402549624443054,0.75,0.5600000023841858
39,4,48,0.495485782623291,0.8559399247169495,0.495485782623291,0.8559399247169495,0.7571428418159485,0.5600000023841858
39,4,49,0.490111380815506,0.8717700839042664,0.490111380815506,0.8717700839042664,0.7714285850524902,0.5600000023841858
39,4,50,0.4847499430179596,0.8877893686294556,0.4847499430179596,0.8877893686294556,0.7785714268684387,0.5600000023841858
39,4,51,0.47938767075538635,0.9039932489395142,0.47938767075538635,0.9039932489395142,0.7785714268684387,0.5600000023841858
40,4,1,0.7394208312034607,0.6897304058074951,0.7394208312034607,0.6897304058074951,0.4000000059604645,0.5199999809265137
40,4,2,0.7145183086395264,0.6763002872467041,0.7145183086395264,0.6763002872467041,0.4000000059604645,0.6000000238418579
40,4,3,0.6983432769775391,0.6692317724227905,0.6983432769775391,0.6692317724227905,0.5071428418159485,0.6399999856948853
40,4,4,0.6877696514129639,0.6665370464324951,0.6877696514129639,0.6665370464324951,0.550000011920929,0.6000000238418579
40,4,5,0.6808419227600098,0.666496753692627,0.6808419227600098,0.666496753692627,0.5785714387893677,0.6000000238418579
40,4,6,0.6759526133537292,0.6678385734558105,0.6759526133537292,0.6678385734558105,0.5785714387893677,0.6000000238418579
40,4,7,0.6720167994499207,0.6698169708251953,0.6720167994499207,0.6698169708251953,0.5857142806053162,0.6000000238418579
40,4,8,0.668468177318573,0.6720961928367615,0.668468177318573,0.6720961928367615,0.5928571224212646,0.6000000238418579
40,4,9,0.6650911569595337,0.6745630502700806,0.6650911569595337,0.6745630502700806,0.5928571224212646,0.6000000238418579
40,4,10,0.661828875541687,0.6771796345710754,0.661828875541687,0.6771796345710754,0.5928571224212646,0.6000000238418579
40,4,11,0.6586583852767944,0.6799131035804749,0.6586583852767944,0.6799131035804749,0.5928571224212646,0.6000000238418579
40,4,12,0.6555414795875549,0.6827228665351868,0.6555414795875549,0.6827228665351868,0.6071428656578064,0.6000000238418579
40,4,13,0.6524279117584229,0.6855737566947937,0.6524279117584229,0.6855737566947937,0.6071428656578064,0.6000000238418579
40,4,14,0.6492722630500793,0.6884498000144958,0.6492722630500793,0.6884498000144958,0.6357142925262451,0.6000000238418579
40,4,15,0.6460461616516113,0.6913574934005737,0.6460461616516113,0.6913574934005737,0.6428571343421936,0.6000000238418579
40,4,16,0.6427398324012756,0.6943215727806091,0.6427398324012756,0.6943215727806091,0.6499999761581421,0.5600000023841858
40,4,17,0.6393548250198364,0.6973757743835449,0.6393548250198364,0.6973757743835449,0.6571428775787354,0.5600000023841858
40,4,18,0.6358963847160339,0.7005562782287598,0.6358963847160339,0.7005562782287598,0.6714285612106323,0.5600000023841858
40,4,19,0.6323673725128174,0.7038964033126831,0.6323673725128174,0.7038964033126831,0.6785714030265808,0.5600000023841858
40,4,20,0.6287656426429749,0.7074262499809265,0.6287656426429749,0.7074262499809265,0.6857143044471741,0.5600000023841858
40,4,21,0.6250835657119751,0.7111724615097046,0.6250835657119751,0.7111724615097046,0.6785714030265808,0.4399999976158142
40,4,22,0.6213093996047974,0.7151609659194946,0.6213093996047974,0.7151609659194946,0.6857143044471741,0.4399999976158142
40,4,23,0.6174286007881165,0.7194175124168396,0.6174286007881165,0.7194175124168396,0.6857143044471741,0.4399999976158142
40,4,24,0.6134249567985535,0.7239716053009033,0.6134249567985535,0.7239716053009033,0.6714285612106323,0.4399999976158142
40,4,25,0.6092818379402161,0.728858470916748,0.6092818379402161,0.728858470916748,0.6785714030265808,0.4000000059604645
40,4,26,0.6049835681915283,0.7341209650039673,0.6049835681915283,0.7341209650039673,0.6928571462631226,0.4399999976158142
40,4,27,0.6005164384841919,0.7398128509521484,0.6005164384841919,0.7398128509521484,0.6857143044471741,0.4000000059604645
40,4,28,0.5958698987960815,0.745999276638031,0.5958698987960815,0.745999276638031,0.6857143044471741,0.4000000059604645
40,4,29,0.5910376906394958,0.7527587413787842,0.5910376906394958,0.7527587413787842,0.6928571462631226,0.4000000059604645
40,4,30,0.5860193967819214,0.7601808905601501,0.5860193967819214,0.7601808905601501,0.7142857313156128,0.4000000059604645
41,5,1,0.6863947510719299,0.6652066111564636,0.6863947510719299,0.6652066111564636,0.5755395889282227,0.6800000071525574
41,5,2,0.6786230206489563,0.6624417901039124,0.6786230206489563,0.6624417901039124,0.6187050342559814,0.6800000071525574
41,5,3,0.6738559603691101,0.6608898043632507,0.6738559603691101,0.6608898043632507,0.6115108132362366,0.6399999856948853
41,5,4,0.6703177094459534,0.6599974036216736,0.6703177094459534,0.6599974036216736,0.6115108132362366,0.6800000071525574
41,5,5,0.6674649715423584,0.6594470143318176,0.6674649715423584,0.6594470143318176,0.6115108132362366,0.6800000071525574
41,5,6,0.6649878621101379,0.6590692400932312,0.6649878621101379,0.6590692400932312,0.6115108132362366,0.6800000071525574
41,5,7,0.662714421749115,0.6587836742401123,0.662714421749115,0.6587836742401123,0.6115108132362366,0.6399999856948853
41,5,8,0.6605553030967712,0.6585555076599121,0.6605553030967712,0.6585555076599121,0.6115108132362366,0.6399999856948853
41,5,9,0.6584640145301819,0.6583673357963562,0.6584640145301819,0.6583673357963562,0.6115108132362366,0.6399999856948853
41,5,10,0.6564128994941711,0.6582056283950806,0.6564128994941711,0.6582056283950806,0.6187050342559814,0.6399999856948853
41,5,11,0.6543818712234497,0.6580573916435242,0.6543818712234497,0.6580573916435242,0.6187050342559814,0.6399999856948853
41,5,12,0.6523550152778625,0.6579113006591797,0.6523550152778625,0.6579113006591797,0.6258992552757263,0.6399999856948853
41,5,13,0.6503202319145203,0.657758891582489,0.6503202319145203,0.657758891582489,0.6258992552757263,0.6399999856948853
41,5,14,0.6482694745063782,0.6575958132743835,0.6482694745063782,0.6575958132743835,0.633093535900116,0.6399999856948853
41,5,15,0.6461982131004333,0.657421350479126,0.6461982131004333,0.657421350479126,0.633093535900116,0.6399999856948853
41,5,16,0.6441037058830261,0.6572368144989014,0.6441037058830261,0.6572368144989014,0.6187050342559814,0.6000000238418579
41,5,17,0.6419846415519714,0.6570451855659485,0.6419846415519714,0.6570451855659485,0.6258992552757263,0.6000000238418579
41,5,18,0.6398395299911499,0.6568498015403748,0.6398395299911499,0.6568498015403748,0.633093535900116,0.5600000023841858
41,5,19,0.6376657485961914,0.6566535830497742,0.6376657485961914,0.6566535830497742,0.633093535900116,0.5600000023841858
41,5,20,0.6354598999023438,0.6564590334892273,0.6354598999023438,0.6564590334892273,0.6258992552757263,0.5600000023841858
41,5,21,0.6332171559333801,0.6562681794166565,0.6332171559333801,0.6562681794166565,0.6258992552757263,0.5600000023841858
41,5,22,0.6309318542480469,0.6560824513435364,0.6309318542480469,0.6560824513435364,0.6258992552757263,0.5600000023841858
41,5,23,0.6285971999168396,0.6559032201766968,0.6285971999168396,0.6559032201766968,0.633093535900116,0.6000000238418579
41,5,24,0.6262059211730957,0.655731737613678,0.6262059211730957,0.655731737613678,0.6474820375442505,0.6000000238418579
41,5,25,0.6237501502037048,0.6555695533752441,0.6237501502037048,0.6555695533752441,0.6618704795837402,0.6000000238418579
41,5,26,0.6212213635444641,0.6554187536239624,0.6212213635444641,0.6554187536239624,0.6762589812278748,0.6000000238418579
41,5,27,0.6186106204986572,0.6552824974060059,0.6186106204986572,0.6552824974060059,0.6762589812278748,0.6000000238418579
41,5,28,0.6159086227416992,0.6551646590232849,0.6159086227416992,0.6551646590232849,0.6834532618522644,0.6000000238418579
41,5,29,0.6131054759025574,0.6550706624984741,0.6131054759025574,0.6550706624984741,0.6762589812278748,0.6000000238418579
41,5,30,0.6101912260055542,0.6550078392028809,0.6101912260055542,0.6550078392028809,0.6762589812278748,0.6000000238418579
41,5,31,0.6071550846099854,0.6549854874610901,0.6071550846099854,0.6549854874610901,0.6906474828720093,0.6000000238418579
41,5,32,0.6039861440658569,0.6550154089927673,0.6039861440658569,0.6550154089927673,0.6978417038917542,0.6000000238418579
41,5,33,0.6006735563278198,0.655112624168396,0.6006735563278198,0.655112624168396,0.6906474828720093,0.5600000023841858
41,5,34,0.5972065329551697,0.6552957892417908,0.5972065329551697,0.6552957892417908,0.6906474828720093,0.5600000023841858
41,5,35,0.5935753583908081,0.6555885076522827,0.5935753583908081,0.6555885076522827,0.7050359845161438,0.5600000023841858
41,5,36,0.5897718667984009,0.6560195088386536,0.5897718667984009,0.6560195088386536,0.6978417038917542,0.5600000023841858
41,5,37,0.5857911705970764,0.6566241979598999,0.5857911705970764,0.6566241979598999,0.7050359845161438,0.5600000023841858
41,5,38,0.5816329121589661,0.6574445962905884,0.5816329121589661,0.6574445962905884,0.6978417038917542,0.5600000023841858
41,5,39,0.5773043036460876,0.6585298776626587,0.5773043036460876,0.6585298776626587,0.6906474828720093,0.5600000023841858
41,5,40,0.5728223323822021,0.6599345207214355,0.5728223323822021,0.6599345207214355,0.6978417038917542,0.5600000023841858
41,5,41,0.5682170987129211,0.6617153286933899,0.5682170987129211,0.6617153286933899,0.7122302055358887,0.5600000023841858
41,5,42,0.5635347366333008,0.6639240980148315,0.5635347366333008,0.6639240980148315,0.7122302055358887,0.5600000023841858
41,5,43,0.5588382482528687,0.6665975451469421,0.5588382482528687,0.6665975451469421,0.7194244861602783,0.5600000023841858
41,5,44,0.5542054772377014,0.6697418093681335,0.5542054772377014,0.6697418093681335,0.7194244861602783,0.5600000023841858
41,5,45,0.5497201085090637,0.6733167767524719,0.5497201085090637,0.6733167767524719,0.7122302055358887,0.5600000023841858
41,5,46,0.5454564094543457,0.6772240996360779,0.5454564094543457,0.6772240996360779,0.7050359845161438,0.6000000238418579
41,5,47,0.5414585471153259,0.6813075542449951,0.5414585471153259,0.6813075542449951,0.7122302055358887,0.6000000238418579
41,5,48,0.5377228260040283,0.6853746175765991,0.5377228260040283,0.6853746175765991,0.7122302055358887,0.6000000238418579
41,5,49,0.5341944694519043,0.6892402172088623,0.5341944694519043,0.6892402172088623,0.7122302055358887,0.6000000238418579
41,5,50,0.5307849049568176,0.692776083946228,0.5307849049568176,0.692776083946228,0.7122302055358887,0.6000000238418579
41,5,51,0.5274038314819336,0.6959430575370789,0.5274038314819336,0.6959430575370789,0.7194244861602783,0.6000000238418579
41,5,52,0.5239887237548828,0.6987922191619873,0.5239887237548828,0.6987922191619873,0.7194244861602783,0.6000000238418579
41,5,53,0.5205156803131104,0.701438307762146,0.5205156803131104,0.701438307762146,0.7194244861602783,0.6000000238418579
41,5,54,0.5169925689697266,0.7040220499038696,0.5169925689697266,0.7040220499038696,0.7266187071800232,0.6000000238418579
41,5,55,0.5134443044662476,0.7066758871078491,0.5134443640708923,0.7066758871078491,0.7482014298439026,0.6000000238418579
41,5,56,0.5098974704742432,0.7095024585723877,0.5098974704742432,0.7095024585723877,0.7553957104682922,0.6000000238418579
42,5,1,0.6931470036506653,0.7207468152046204,0.6931470036506653,0.7207468152046204,0.5323740839958191,0.47999998927116394
42,5,2,0.6826465725898743,0.7130091190338135,0.6826465725898743,0.7130091190338135,0.6115108132362366,0.4399999976158142
42,5,3,0.6771272420883179,0.7084807753562927,0.6771272420883179,0.7084807753562927,0.6115108132362366,0.47999998927116394
42,5,4,0.674210250377655,0.7057506442070007,0.674210250377655,0.7057506442070007,0.6043165326118469,0.5199999809265137
42,5,5,0.6722680330276489,0.7036897540092468,0.6722680330276489,0.7036897540092468,0.597122311592102,0.5600000023841858
42,5,6,0.6702737808227539,0.701692521572113,0.6702737808227539,0.701692521572113,0.597122311592102,0.5600000023841858
42,5,7,0.6678385138511658,0.699581503868103,0.6678385138511658,0.699581503868103,0.597122311592102,0.5600000023841858
42,5,8,0.6649859547615051,0.6973943114280701,0.6649859547615051,0.6973943114280701,0.597122311592102,0.5600000023841858
42,5,9,0.6618925929069519,0.6952130794525146,0.6618925929069519,0.6952130794525146,0.597122311592102,0.5600000023841858
42,5,10,0.6587215662002563,0.6930874586105347,0.6587215662002563,0.6930874586105347,0.6043165326118469,0.5600000023841858
42,5,11,0.6555642485618591,0.691027045249939,0.6555642485618591,0.691027045249939,0.6043165326118469,0.5600000023841858
42,5,12,0.6524472236633301,0.6890197992324829,0.6524472236633301,0.6890197992324829,0.6115108132362366,0.5600000023841858
42,5,13,0.6493596434593201,0.6870504021644592,0.6493596434593201,0.6870504021644592,0.6187050342559814,0.5600000023841858
42,5,14,0.6462759375572205,0.6851078867912292,0.6462759375572205,0.6851078867912292,0.633093535900116,0.5600000023841858
42,5,15,0.6431652903556824,0.6831839680671692,0.6431652903556824,0.6831839680671692,0.633093535900116,0.5600000023841858
42,5,16,0.639995276927948,0.6812706589698792,0.639995276927948,0.6812706589698792,0.6402877569198608,0.6000000238418579
42,5,17,0.6367329359054565,0.6793601512908936,0.6367329359054565,0.6793601512908936,0.6474820375442505,0.6000000238418579
42,5,18,0.6333468556404114,0.6774457693099976,0.6333468556404114,0.6774457693099976,0.633093535900116,0.6399999856948853
42,5,19,0.6298094987869263,0.6755247712135315,0.6298094987869263,0.6755247712135315,0.633093535900116,0.6399999856948853
42,5,20,0.6260986924171448,0.6735987663269043,0.6260986924171448,0.6735987663269043,0.633093535900116,0.6399999856948853
42,5,21,0.6221964955329895,0.6716750860214233,0.6221964955329895,0.6716750860214233,0.633093535900116,0.6399999856948853
42,5,22,0.6180881261825562,0.6697659492492676,0.6180881261825562,0.6697659492492676,0.633093535900116,0.6000000238418579
42,5,23,0.6137591004371643,0.667888879776001,0.6137591004371643,0.667888879776001,0.633093535900116,0.6000000238418579
42,5,24,0.6091955304145813,0.6660674810409546,0.6091955304145813,0.6660674810409546,0.6474820375442505,0.6000000238418579
42,5,25,0.6043844223022461,0.6643323302268982,0.6043844223022461,0.6643323302268982,0.6546762585639954,0.6000000238418579
42,5,26,0.5993166565895081,0.6627236008644104,0.5993166565895081,0.6627236008644104,0.6546762585639954,0.5600000023841858
42,5,27,0.5939916372299194,0.6612924933433533,0.5939916372299194,0.6612924933433533,0.6546762585639954,0.5600000023841858
42,5,28,0.5884246230125427,0.6601031422615051,0.5884246230125427,0.6601031422615051,0.6690647602081299,0.5600000023841858
42,5,29,0.5826563835144043,0.6592303514480591,0.5826563835144043,0.6592303514480591,0.6690647602081299,0.5600000023841858
42,5,30,0.5767629742622375,0.6587496995925903,0.5767629742622375,0.6587496995925903,0.6690647602081299,0.5199999809265137
42,5,31,0.5708647966384888,0.6587141156196594,0.5708647966384888,0.6587141156196594,0.6834532618522644,0.5199999809265137
42,5,32,0.5651257634162903,0.6591124534606934,0.5651257634162903,0.6591124534606934,0.6906474828720093,0.5199999809265137
42,5,33,0.5597344636917114,0.6598188281059265,0.5597344636917114,0.6598188281059265,0.6978417038917542,0.5199999809265137
42,5,34,0.5548540353775024,0.6605644822120667,0.5548540353775024,0.6605644822120667,0.7050359845161438,0.5600000023841858
42,5,35,0.5505510568618774,0.6609807014465332,0.5505510568618774,0.6609807014465332,0.7050359845161438,0.5600000023841858
42,5,36,0.5467437505722046,0.6607234477996826,0.5467437505722046,0.6607234477996826,0.7050359845161438,0.5600000023841858
42,5,37,0.5432295203208923,0.6596177816390991,0.5432295203208923,0.6596177816390991,0.7122302055358887,0.5600000023841858
42,5,38,0.5397937297821045,0.6577191352844238,0.5397937297821045,0.6577191352844238,0.7194244861602783,0.5600000023841858
42,5,39,0.5363155007362366,0.6552615165710449,0.5363155007362366,0.6552615165710449,0.7194244861602783,0.5600000023841858
42,5,40,0.5327886939048767,0.6525444984436035,0.5327886939048767,0.6525444984436035,0.7122302055358887,0.5600000023841858
42,5,41,0.5292708873748779,0.6498309969902039,0.5292708873748779,0.6498309969902039,0.7194244861602783,0.5600000023841858
42,5,42,0.5258233547210693,0.6472988128662109,0.5258233547210693,0.6472988128662109,0.7266187071800232,0.5600000023841858
42,5,43,0.5224819183349609,0.6450386643409729,0.5224819183349609,0.6450386643409729,0.7266187071800232,0.5600000023841858
42,5,44,0.5192553997039795,0.6430769562721252,0.5192553997039795,0.6430769562721252,0.7266187071800232,0.5600000023841858
42,5,45,0.5161351561546326,0.6414016485214233,0.5161351561546326,0.6414016485214233,0.7338129281997681,0.5199999809265137
42,5,46,0.5131045579910278,0.6399818658828735,0.5131045579910278,0.6399818658828735,0.7338129281997681,0.5199999809265137
42,5,47,0.5101439952850342,0.6387802362442017,0.5101439952850342,0.6387802362442017,0.7338129281997681,0.5600000023841858
42,5,48,0.5072336792945862,0.6377618312835693,0.5072336792945862,0.6377618312835693,0.7553957104682922,0.5600000023841858
42,5,49,0.5043553709983826,0.6368997097015381,0.5043553709983826,0.6368997097015381,0.7553957104682922,0.5600000023841858
42,5,50,0.5014936327934265,0.636176586151123,0.5014936327934265,0.636176586151123,0.7553957104682922,0.5600000023841858
42,5,51,0.4986363649368286,0.6355846524238586,0.4986363649368286,0.6355846524238586,0.769784152507782,0.5600000023841858
42,5,52,0.4957755208015442,0.635122537612915,0.4957755208015442,0.635122537612915,0.769784152507782,0.6000000238418579
42,5,53,0.49290525913238525,0.6347927451133728,0.49290525913238525,0.6347927451133728,0.769784152507782,0.6000000238418579
42,5,54,0.4900210201740265,0.6345988512039185,0.4900210201740265,0.6345988512039185,0.7769784331321716,0.6399999856948853
42,5,55,0.4871188998222351,0.6345435976982117,0.4871188998222351,0.6345435976982117,0.7769784331321716,0.6399999856948853
42,5,56,0.48419469594955444,0.6346281170845032,0.48419469594955444,0.6346281170845032,0.7769784331321716,0.6399999856948853
42,5,57,0.4812438189983368,0.6348518133163452,0.4812438189983368,0.6348518133163452,0.7769784331321716,0.6399999856948853
42,5,58,0.47826138138771057,0.6352130770683289,0.47826138138771057,0.6352130770683289,0.7769784331321716,0.6399999856948853
42,5,59,0.47524183988571167,0.6357102394104004,0.47524183988571167,0.6357102394104004,0.7769784331321716,0.6399999856948853
42,5,60,0.47217991948127747,0.6363421678543091,0.47217991948127747,0.6363421678543091,0.7769784331321716,0.6800000071525574
42,5,61,0.469070166349411,0.6371096968650818,0.469070166349411,0.6371096968650818,0.7841726541519165,0.6800000071525574
42,5,62,0.46590709686279297,0.6380152702331543,0.46590709686279297,0.6380152702331543,0.7841726541519165,0.6800000071525574
42,5,63,0.4626854956150055,0.6390637755393982,0.4626854956150055,0.6390637755393982,0.7913669347763062,0.6800000071525574
42,5,64,0.4594002962112427,0.6402623057365417,0.4594002962112427,0.6402623057365417,0.7913669347763062,0.6800000071525574
42,5,65,0.45604628324508667,0.6416195631027222,0.45604628324508667,0.6416195631027222,0.7913669347763062,0.6800000071525574
42,5,66,0.45261815190315247,0.643146812915802,0.45261815190315247,0.643146812915802,0.7841726541519165,0.6399999856948853
42,5,67,0.44911086559295654,0.6448570489883423,0.44911086559295654,0.6448570489883423,0.7841726541519165,0.6399999856948853
42,5,68,0.4455188512802124,0.6467649340629578,0.4455188512802124,0.6467649340629578,0.7841726541519165,0.6399999856948853
42,5,69,0.4418366253376007,0.6488872766494751,0.4418366253376007,0.6488872766494751,0.7841726541519165,0.6399999856948853
42,5,70,0.43805834650993347,0.6512433886528015,0.43805834650993347,0.6512433886528015,0.7841726541519165,0.6399999856948853
42,5,71,0.43417811393737793,0.6538543105125427,0.43417811393737793,0.6538543105125427,0.7841726541519165,0.6399999856948853
42,5,72,0.43018972873687744,0.6567437648773193,0.43018972873687744,0.6567437648773193,0.7913669347763062,0.6399999856948853
42,5,73,0.4260866940021515,0.6599376797676086,0.4260866940021515,0.6599376797676086,0.7841726541519165,0.6399999856948853
42,5,74,0.4218621253967285,0.6634641885757446,0.4218621253967285,0.6634641885757446,0.7913669347763062,0.6399999856948853
42,5,75,0.4175088107585907,0.6673531532287598,0.4175088107585907,0.6673531532287598,0.7913669347763062,0.6399999856948853
42,5,76,0.4130191504955292,0.6716350317001343,0.4130191504955292,0.6716350317001343,0.798561155796051,0.6399999856948853
42,5,77,0.40838485956192017,0.6763414740562439,0.40838485956192017,0.6763414740562439,0.7913669347763062,0.6399999856948853
42,5,78,0.40359756350517273,0.6815035939216614,0.40359756350517273,0.6815035939216614,0.798561155796051,0.6399999856948853
42,5,79,0.398648202419281,0.6871518492698669,0.398648202419281,0.6871518492698669,0.8057553768157959,0.6399999856948853
42,5,80,0.3935278356075287,0.6933154463768005,0.3935278356075287,0.6933154463768005,0.8057553768157959,0.6399999856948853
43,5,1,0.7039644718170166,0.6885697841644287,0.7039644718170166,0.6885697841644287,0.4316546618938446,0.5199999809265137
43,5,2,0.6905575394630432,0.6827218532562256,0.6905575394630432,0.6827218532562256,0.5539568066596985,0.6000000238418579
43,5,3,0.683857798576355,0.6796590685844421,0.683857798576355,0.6796590685844421,0.597122311592102,0.6000000238418579
43,5,4,0.6792749166488647,0.6777804493904114,0.6792749166488647,0.6777804493904114,0.597122311592102,0.6000000238418579
43,5,5,0.6756868958473206,0.6764175891876221,0.6756868958473206,0.6764175891876221,0.597122311592102,0.6000000238418579
43,5,6,0.6726251244544983,0.6753003597259521,0.6726251244544983,0.6753003597259521,0.597122311592102,0.6000000238418579
43,5,7,0.6698838472366333,0.6743266582489014,0.6698838472366333,0.6743266582489014,0.597122311592102,0.6000000238418579
43,5,8,0.6673566699028015,0.6734498739242554,0.6673566699028015,0.6734498739242554,0.597122311592102,0.6000000238418579
43,5,9,0.6649658679962158,0.6726348400115967,0.6649658679962158,0.6726348400115967,0.6043165326118469,0.6000000238418579
43,5,10,0.6626437902450562,0.6718524694442749,0.6626437902450562,0.6718524694442749,0.6043165326118469,0.6000000238418579
43,5,11,0.660336971282959,0.6710839867591858,0.660336971282959,0.6710839867591858,0.6043165326118469,0.6000000238418579
43,5,12,0.6580120325088501,0.6703238487243652,0.6580120325088501,0.6703238487243652,0.6043165326118469,0.6000000238418579
43,5,13,0.6556560397148132,0.6695771217346191,0.6556560397148132,0.6695771217346191,0.6043165326118469,0.6000000238418579
43,5,14,0.6532707214355469,0.6688539385795593,0.6532707214355469,0.6688539385795593,0.6115108132362366,0.6000000238418579
43,5,15,0.6508647203445435,0.6681644320487976,0.6508647203445435,0.6681644320487976,0.6115108132362366,0.6000000238418579
43,5,16,0.6484476923942566,0.6675162315368652,0.6484476923942566,0.6675162315368652,0.6258992552757263,0.6000000238418579
43,5,17,0.6460258960723877,0.666914165019989,0.6460258960723877,0.666914165019989,0.6258992552757263,0.6000000238418579
43,5,18,0.6436008214950562,0.6663604974746704,0.6436008214950562,0.6663604974746704,0.633093535900116,0.6000000238418579
43,5,19,0.6411696672439575,0.6658570766448975,0.6411696672439575,0.6658570766448975,0.6258992552757263,0.6399999856948853
43,5,20,0.6387260556221008,0.665405809879303,0.6387260556221008,0.665405809879303,0.6474820375442505,0.6000000238418579
43,5,21,0.6362616419792175,0.6650099754333496,0.6362616419792175,0.6650099754333496,0.6546762585639954,0.6000000238418579
43,5,22,0.6337664723396301,0.6646736860275269,0.6337664723396301,0.6646736860275269,0.6474820375442505,0.6399999856948853
43,5,23,0.6312306523323059,0.6644033789634705,0.6312306523323059,0.6644033789634705,0.6402877569198608,0.6399999856948853
43,5,24,0.6286444067955017,0.6642066240310669,0.6286444067955017,0.6642066240310669,0.6402877569198608,0.6399999856948853
43,5,25,0.6259989738464355,0.6640932559967041,0.6259989738464355,0.6640932559967041,0.6474820375442505,0.6000000238418579
43,5,26,0.6232858896255493,0.6640744209289551,0.6232858896255493,0.6640744209289551,0.6474820375442505,0.6000000238418579
43,5,27,0.6204971075057983,0.6641635298728943,0.6204971075057983,0.6641635298728943,0.6546762585639954,0.6000000238418579
43,5,28,0.6176249384880066,0.664375901222229,0.6176249384880066,0.664375901222229,0.6690647602081299,0.5600000023841858
43,5,29,0.6146611571311951,0.6647291779518127,0.6146611571311951,0.6647291779518127,0.6906474828720093,0.5600000023841858
43,5,30,0.6115971803665161,0.6652440428733826,0.6115971803665161,0.6652440428733826,0.6834532618522644,0.5199999809265137
43,5,31,0.6084237694740295,0.6659448742866516,0.6084237694740295,0.6659448742866516,0.6834532618522644,0.5199999809265137
43,5,32,0.6051308512687683,0.6668593883514404,0.6051308512687683,0.6668593883514404,0.6834532618522644,0.5199999809265137
43,5,33,0.6017079949378967,0.6680204272270203,0.6017079949378967,0.6680204272270203,0.6978417038917542,0.5600000023841858
43,5,34,0.59814453125,0.6694660782814026,0.59814453125,0.6694660782814026,0.7050359845161438,0.5600000023841858
43,5,35,0.5944294333457947,0.6712402105331421,0.5944294333457947,0.6712402105331421,0.7050359845161438,0.5600000023841858
43,5,36,0.590552568435669,0.6733932495117188,0.590552568435669,0.6733932495117188,0.7122302055358887,0.5600000023841858
43,5,37,0.5865036845207214,0.6759820580482483,0.5865036845207214,0.6759820580482483,0.7122302055358887,0.5600000023841858
43,5,38,0.5822740197181702,0.6790698170661926,0.5822740197181702,0.6790698170661926,0.7266187071800232,0.5600000023841858
43,5,39,0.5778557658195496,0.6827254295349121,0.5778557658195496,0.6827254295349121,0.7338129281997681,0.5600000023841858
43,5,40,0.573243260383606,0.687019944190979,0.573243260383606,0.687019944190979,0.7266187071800232,0.5600000023841858
43,5,41,0.5684324502944946,0.6920225024223328,0.5684324502944946,0.6920225024223328,0.7266187071800232,0.5199999809265137
43,5,42,0.5634216070175171,0.6977916955947876,0.5634216070175171,0.6977916955947876,0.7194244861602783,0.5199999809265137
43,5,43,0.5582115650177002,0.7043642997741699,0.5582115650177002,0.7043642997741699,0.7266187071800232,0.5199999809265137
43,5,44,0.5528058409690857,0.7117405533790588,0.5528058409690857,0.7117405533790588,0.7194244861602783,0.5199999809265137
43,5,45,0.5472095012664795,0.7198696136474609,0.5472095012664795,0.7198696136474609,0.7266187071800232,0.5600000023841858
43,5,46,0.5414286851882935,0.7286410331726074,0.5414286851882935,0.7286410331726074,0.7338129281997681,0.5600000023841858
43,5,47,0.5354704260826111,0.737891674041748,0.5354704260826111,0.737891674041748,0.7625899314880371,0.5600000023841858
43,5,48,0.5293431878089905,0.7474337220191956,0.5293431878089905,0.7474337220191956,0.769784152507782,0.5199999809265137
43,5,49,0.5230594873428345,0.7571043372154236,0.5230594873428345,0.7571043372154236,0.7625899314880371,0.5199999809265137
43,5,50,0.5166412591934204,0.7668210864067078,0.5166412591934204,0.7668210864067078,0.7625899314880371,0.5199999809265137
43,5,51,0.5101218819618225,0.7766126990318298,0.5101218819618225,0.7766126990318298,0.769784152507782,0.5199999809265137
44,5,1,0.7135328054428101,0.6915298700332642,0.7135328054428101,0.6915298700332642,0.4642857015132904,0.5600000023841858
44,5,2,0.6982592940330505,0.6874545216560364,0.6982592940330505,0.6874545216560364,0.4642857015132904,0.6000000238418579
44,5,3,0.6884747743606567,0.6871258020401001,0.6884747743606567,0.6871258020401001,0.5071428418159485,0.5600000023841858
44,5,4,0.6826437711715698,0.6887122392654419,0.6826437711715698,0.6887122392654419,0.5857142806053162,0.5600000023841858
44,5,5,0.6792060136795044,0.6905074119567871,0.6792060136795044,0.6905074119567871,0.5928571224212646,0.5600000023841858
44,5,6,0.6767715215682983,0.6914605498313904,0.6767715215682983,0.6914605498313904,0.6000000238418579,0.6000000238418579
44,5,7,0.6744425296783447,0.6912410855293274,0.6744425296783447,0.6912410855293274,0.6000000238418579,0.6000000238418579
44,5,8,0.6718346476554871,0.6900163292884827,0.6718346476554871,0.6900163292884827,0.6000000238418579,0.6000000238418579
44,5,9,0.6689104437828064,0.6881635785102844,0.6689104437828064,0.6881635785102844,0.6000000238418579,0.6000000238418579
44,5,10,0.665783166885376,0.6860556602478027,0.665783166885376,0.6860556602478027,0.6000000238418579,0.6000000238418579
44,5,11,0.6625807881355286,0.6839591860771179,0.6625807881355286,0.6839591860771179,0.6000000238418579,0.6000000238418579
44,5,12,0.6593884825706482,0.6820184588432312,0.6593884825706482,0.6820184588432312,0.6000000238418579,0.6000000238418579
44,5,13,0.6562431454658508,0.6802824139595032,0.6562431454658508,0.6802824139595032,0.6000000238418579,0.6000000238418579
44,5,14,0.653149425983429,0.6787411570549011,0.653149425983429,0.6787411570549011,0.6000000238418579,0.6000000238418579
44,5,15,0.6500959992408752,0.6773553490638733,0.6500959992408752,0.6773553490638733,0.6000000238418579,0.6000000238418579
44,5,16,0.647066056728363,0.67607581615448,0.647066056728363,0.67607581615448,0.6000000238418579,0.6000000238418579
44,5,17,0.6440408825874329,0.6748539209365845,0.6440408825874329,0.6748539209365845,0.6071428656578064,0.6000000238418579
44,5,18,0.6410008668899536,0.6736483573913574,0.6410008668899536,0.6736483573913574,0.6142857074737549,0.6000000238418579
44,5,19,0.6379261612892151,0.6724289059638977,0.6379261612892151,0.6724289059638977,0.6285714507102966,0.6000000238418579
44,5,20,0.6347981691360474,0.6711766123771667,0.6347981691360474,0.6711766123771667,0.6285714507102966,0.6000000238418579
44,5,21,0.6316001415252686,0.6698843240737915,0.6316001415252686,0.6698843240737915,0.6428571343421936,0.6000000238418579
44,5,22,0.6283183693885803,0.6685534715652466,0.6283183097839355,0.6685534715652466,0.6428571343421936,0.6000000238418579
44,5,23,0.6249416470527649,0.6671912670135498,0.6249416470527649,0.6671912670135498,0.6428571343421936,0.6000000238418579
44,5,24,0.6214611530303955,0.6658077239990234,0.6214611530303955,0.6658077239990234,0.6571428775787354,0.6000000238418579
44,5,25,0.6178691983222961,0.6644133925437927,0.6178691983222961,0.6644133925437927,0.6571428775787354,0.6000000238418579
44,5,26,0.6141588687896729,0.6630185842514038,0.6141588687896729,0.6630185842514038,0.6571428775787354,0.6000000238418579
44,5,27,0.6103236079216003,0.6616336703300476,0.6103236079216003,0.6616336703300476,0.6571428775787354,0.6000000238418579
44,5,28,0.6063575744628906,0.6602705121040344,0.6063575744628906,0.6602705121040344,0.6714285612106323,0.6000000238418579
44,5,29,0.6022562384605408,0.6589453220367432,0.6022562384605408,0.6589453220367432,0.6642857193946838,0.6000000238418579
44,5,30,0.5980169177055359,0.6576797962188721,0.5980169177055359,0.6576797962188721,0.6642857193946838,0.6000000238418579
44,5,31,0.5936402678489685,0.6565046906471252,0.5936402678489685,0.6565046906471252,0.6714285612106323,0.6000000238418579
44,5,32,0.5891316533088684,0.6554608941078186,0.5891316533088684,0.6554608941078186,0.6857143044471741,0.5600000023841858
44,5,33,0.5845019817352295,0.6546007394790649,0.5845019817352295,0.6546007394790649,0.6857143044471741,0.5199999809265137
44,5,34,0.5797686576843262,0.6539873480796814,0.5797686576843262,0.6539873480796814,0.7071428298950195,0.5199999809265137
44,5,35,0.5749556422233582,0.6536936163902283,0.5749556422233582,0.6536936163902283,0.7071428298950195,0.6000000238418579
44,5,36,0.5700922608375549,0.6537982225418091,0.5700922608375549,0.6537982225418091,0.7071428298950195,0.5600000023841858
44,5,37,0.5652109384536743,0.654381275177002,0.5652109384536743,0.654381275177002,0.7142857313156128,0.6000000238418579
44,5,38,0.5603423714637756,0.6555154919624329,0.5603423714637756,0.6555154919624329,0.699999988079071,0.6000000238418579
44,5,39,0.5555104613304138,0.6572570204734802,0.5555104613304138,0.6572570204734802,0.7071428298950195,0.5600000023841858
44,5,40,0.5507277250289917,0.6596333384513855,0.5507277250289917,0.6596333384513855,0.699999988079071,0.5600000023841858
44,5,41,0.5459929704666138,0.662635862827301,0.5459929704666138,0.662635862827301,0.7071428298950195,0.5600000023841858
44,5,42,0.5412948131561279,0.6662197113037109,0.5412948131561279,0.6662197113037109,0.7071428298950195,0.6000000238418579
44,5,43,0.5366189479827881,0.6703164577484131,0.5366189479827881,0.6703164577484131,0.7071428298950195,0.6000000238418579
44,5,44,0.5319570899009705,0.6748531460762024,0.5319570899009705,0.6748531460762024,0.7214285731315613,0.6000000238418579
44,5,45,0.5273123979568481,0.6797717213630676,0.5273123979568481,0.6797717213630676,0.7285714149475098,0.6000000238418579
44,5,46,0.5226990580558777,0.6850376129150391,0.5226990580558777,0.6850376129150391,0.7357142567634583,0.6000000238418579
44,5,47,0.5181373953819275,0.6906346082687378,0.5181373953819275,0.6906346082687378,0.7428571581840515,0.6000000238418579
44,5,48,0.513648271560669,0.6965524554252625,0.513648271560669,0.6965524554252625,0.7357142567634583,0.6000000238418579
44,5,49,0.5092494487762451,0.7027720808982849,0.5092494487762451,0.7027720808982849,0.75,0.5600000023841858
44,5,50,0.5049536824226379,0.7092527747154236,0.5049536824226379,0.7092527747154236,0.7428571581840515,0.5600000023841858
44,5,51,0.50076824426651,0.7159266471862793,0.50076824426651,0.7159266471862793,0.7428571581840515,0.5600000023841858
44,5,52,0.49669477343559265,0.7226991057395935,0.49669477343559265,0.7226991057395935,0.7428571581840515,0.5600000023841858
44,5,53,0.4927290678024292,0.7294616103172302,0.4927290678024292,0.7294616103172302,0.7571428418159485,0.5199999809265137
44,5,54,0.48886141180992126,0.7361058592796326,0.48886141180992126,0.7361058592796326,0.7571428418159485,0.5199999809265137
44,5,55,0.48507729172706604,0.7425424456596375,0.48507729172706604,0.7425424456596375,0.7571428418159485,0.5199999809265137
44,5,56,0.4813590943813324,0.7487109899520874,0.4813590943813324,0.7487109899520874,0.7571428418159485,0.5199999809265137
44,5,57,0.4776877760887146,0.7545861005783081,0.4776877760887146,0.7545861005783081,0.7642857432365417,0.5199999809265137
44,5,58,0.47404468059539795,0.7601732015609741,0.4740447402000427,0.7601732015609741,0.7642857432365417,0.5199999809265137
44,5,59,0.47041210532188416,0.7655012607574463,0.47041210532188416,0.7655012607574463,0.7785714268684387,0.5199999809265137
44,5,60,0.4667739272117615,0.7706141471862793,0.4667739272117615,0.7706141471862793,0.7785714268684387,0.5199999809265137
45,5,1,0.6802299618721008,0.6795321702957153,0.6802299618721008,0.6795321702957153,0.5928571224212646,0.6000000238418579
45,5,2,0.6734334826469421,0.6774401068687439,0.6734334826469421,0.6774401068687439,0.5928571224212646,0.6000000238418579
45,5,3,0.6695453524589539,0.6765897274017334,0.6695453524589539,0.6765897274017334,0.5928571224212646,0.6000000238418579
45,5,4,0.6665390133857727,0.6758638620376587,0.6665390133857727,0.6758638620376587,0.5928571224212646,0.6000000238418579
45,5,5,0.6636632680892944,0.6748932003974915,0.6636632680892944,0.6748932003974915,0.6000000238418579,0.6000000238418579
45,5,6,0.6607154011726379,0.6737362146377563,0.6607154011726379,0.6737362146377563,0.5928571224212646,0.6000000238418579
45,5,7,0.6577399373054504,0.6725447773933411,0.6577399373054504,0.6725447773933411,0.5928571224212646,0.6000000238418579
45,5,8,0.6548032164573669,0.6714069843292236,0.6548032164573669,0.6714069843292236,0.5928571224212646,0.6000000238418579
45,5,9,0.6519218683242798,0.670337975025177,0.6519218683242798,0.670337975025177,0.5928571224212646,0.6000000238418579
45,5,10,0.6490786671638489,0.6693218946456909,0.6490786671638489,0.6693218946456909,0.5928571224212646,0.6000000238418579
45,5,11,0.646255373954773,0.6683395504951477,0.646255373954773,0.6683395504951477,0.5928571224212646,0.6000000238418579
45,5,12,0.6434420943260193,0.6673734188079834,0.6434420943260193,0.6673734188079834,0.6000000238418579,0.6000000238418579
45,5,13,0.6406314373016357,0.6664049625396729,0.6406314373016357,0.6664049625396729,0.6000000238418579,0.6000000238418579
45,5,14,0.637812077999115,0.6654163599014282,0.637812077999115,0.6654163599014282,0.6000000238418579,0.6399999856948853
45,5,15,0.6349694132804871,0.6643950939178467,0.6349694132804871,0.6643950939178467,0.6214285492897034,0.6399999856948853
45,5,16,0.632088303565979,0.6633363366127014,0.632088303565979,0.6633363366127014,0.6428571343421936,0.6399999856948853
45,5,17,0.6291564702987671,0.6622411608695984,0.6291564702987671,0.6622411608695984,0.6428571343421936,0.6399999856948853
45,5,18,0.6261630654335022,0.6611112356185913,0.6261630654335022,0.6611112356185913,0.6642857193946838,0.6000000238418579
45,5,19,0.6230978965759277,0.6599465012550354,0.6230978965759277,0.6599465012550354,0.6785714030265808,0.6000000238418579
45,5,20,0.6199501156806946,0.6587429642677307,0.6199501156806946,0.6587429642677307,0.6714285612106323,0.6000000238418579
45,5,21,0.616707444190979,0.657492458820343,0.616707444190979,0.657492458820343,0.6714285612106323,0.6000000238418579
45,5,22,0.6133564710617065,0.6561834216117859,0.6133564710617065,0.6561834216117859,0.6928571462631226,0.6000000238418579
45,5,23,0.6098820567131042,0.6548025608062744,0.6098820567131042,0.6548025608062744,0.6857143044471741,0.6000000238418579
45,5,24,0.6062676310539246,0.6533350348472595,0.6062676310539246,0.6533350348472595,0.6928571462631226,0.6000000238418579
45,5,25,0.6024962663650513,0.6517651081085205,0.6024962663650513,0.6517651081085205,0.6928571462631226,0.6000000238418579
45,5,26,0.5985504388809204,0.6500757336616516,0.5985504388809204,0.6500757336616516,0.6928571462631226,0.6399999856948853
45,5,27,0.5944128036499023,0.6482470035552979,0.5944128036499023,0.6482470035552979,0.6928571462631226,0.6399999856948853
45,5,28,0.5900671482086182,0.6462548971176147,0.5900671482086182,0.6462548971176147,0.6857143044471741,0.6399999856948853
45,5,29,0.5854983329772949,0.644070565700531,0.5854983329772949,0.644070565700531,0.6785714030265808,0.6399999856948853
45,5,30,0.5806941390037537,0.6416606307029724,0.5806941390037537,0.6416606307029724,0.6785714030265808,0.6399999856948853
45,5,31,0.5756468176841736,0.6389877200126648,0.5756468176841736,0.6389877200126648,0.6928571462631226,0.6399999856948853
45,5,32,0.5703553557395935,0.6360132098197937,0.5703553557395935,0.6360132098197937,0.7071428298950195,0.6399999856948853
45,5,33,0.5648293495178223,0.6327015161514282,0.5648293495178223,0.6327015161514282,0.7142857313156128,0.6399999856948853
45,5,34,0.5590921640396118,0.6290244460105896,0.5590921640396118,0.6290244460105896,0.7214285731315613,0.6399999856948853
45,5,35,0.553184449672699,0.6249694228172302,0.553184449672699,0.6249694228172302,0.7285714149475098,0.6399999856948853
45,5,36,0.5471651554107666,0.6205486059188843,0.5471651554107666,0.6205486059188843,0.7142857313156128,0.6399999856948853
45,5,37,0.541110098361969,0.6158075928688049,0.541110098361969,0.6158075928688049,0.7142857313156128,0.6000000238418579
45,5,38,0.5351050496101379,0.6108292937278748,0.5351050496101379,0.6108292937278748,0.7142857313156128,0.6000000238418579
45,5,39,0.529233992099762,0.6057278513908386,0.529233992099762,0.6057278513908386,0.7142857313156128,0.6000000238418579
45,5,40,0.5235645771026611,0.6006327271461487,0.5235645771026611,0.6006327271461487,0.7142857313156128,0.6399999856948853
45,5,41,0.5181360244750977,0.5956676602363586,0.5181360244750977,0.5956676602363586,0.7214285731315613,0.6399999856948853
45,5,42,0.5129563212394714,0.5909318327903748,0.5129563212394714,0.5909318327903748,0.7285714149475098,0.6399999856948853
45,5,43,0.5080075860023499,0.5864900350570679,0.5080075860023499,0.5864900350570679,0.7428571581840515,0.6800000071525574
45,5,44,0.5032563209533691,0.5823724269866943,0.5032563209533691,0.5823724269866943,0.7428571581840515,0.7200000286102295
45,5,45,0.4986593425273895,0.5785790681838989,0.4986593425273895,0.5785790681838989,0.7428571581840515,0.7599999904632568
45,5,46,0.4941660761833191,0.5750873684883118,0.4941660761833191,0.5750873684883118,0.7357142567634583,0.7599999904632568
45,5,47,0.48972201347351074,0.5718599557876587,0.48972201347351074,0.5718599557876587,0.75,0.7599999904632568
45,5,48,0.4852745532989502,0.5688526630401611,0.4852745532989502,0.5688526630401611,0.7428571581840515,0.7599999904632568
45,5,49,0.4807783365249634,0.5660214424133301,0.4807783365249634,0.5660214424133301,0.7357142567634583,0.7599999904632568
45,5,50,0.4761991798877716,0.5633283853530884,0.4761991798877716,0.5633283853530884,0.7428571581840515,0.7599999904632568
45,5,51,0.4715133011341095,0.5607456564903259,0.4715133011341095,0.5607456564903259,0.7428571581840515,0.7599999904632568
45,5,52,0.4667046070098877,0.5582578182220459,0.4667046070098877,0.5582578182220459,0.75,0.7599999904632568
45,5,53,0.4617615342140198,0.5558617115020752,0.4617615342140198,0.5558617115020752,0.7642857432365417,0.7599999904632568
45,5,54,0.4566739499568939,0.5535661578178406,0.4566739499568939,0.5535661578178406,0.7642857432365417,0.7599999904632568
45,5,55,0.45143136382102966,0.5513894557952881,0.45143136382102966,0.5513894557952881,0.7714285850524902,0.7599999904632568
45,5,56,0.44602158665657043,0.5493564009666443,0.44602158665657043,0.5493564009666443,0.7714285850524902,0.7599999904632568
45,5,57,0.4404304325580597,0.5474960803985596,0.4404304325580597,0.5474960803985596,0.7785714268684387,0.7599999904632568
45,5,58,0.43464040756225586,0.5458384156227112,0.43464040756225586,0.5458384156227112,0.7857142686843872,0.7599999904632568
45,5,59,0.428631067276001,0.5444127917289734,0.428631067276001,0.5444127917289734,0.7857142686843872,0.800000011920929
45,5,60,0.42237845063209534,0.5432464480400085,0.42237845063209534,0.5432464480400085,0.7857142686843872,0.800000011920929
45,5,61,0.4158552587032318,0.5423640608787537,0.4158552587032318,0.5423640608787537,0.7857142686843872,0.800000011920929
45,5,62,0.40903130173683167,0.5417886972427368,0.40903130173683167,0.5417886972427368,0.7928571701049805,0.800000011920929
45,5,63,0.40187427401542664,0.541542112827301,0.40187427401542664,0.541542112827301,0.7928571701049805,0.800000011920929
45,5,64,0.3943515121936798,0.5416473746299744,0.3943515121936798,0.5416473746299744,0.8071428537368774,0.8399999737739563
45,5,65,0.38643181324005127,0.5421317219734192,0.38643181324005127,0.5421317219734192,0.8142856955528259,0.800000011920929
45,5,66,0.3780888319015503,0.5430303812026978,0.3780888319015503,0.5430303812026978,0.8142856955528259,0.800000011920929
45,5,67,0.3693057596683502,0.5443907380104065,0.3693057596683502,0.5443907380104065,0.8142856955528259,0.800000011920929
45,5,68,0.3600805103778839,0.5462783575057983,0.3600805103778839,0.5462783575057983,0.8214285969734192,0.800000011920929
45,5,69,0.3504326641559601,0.5487802624702454,0.3504326641559601,0.5487802624702454,0.8428571224212646,0.800000011920929
45,5,70,0.340408593416214,0.5520069003105164,0.340408593416214,0.5520069003105164,0.8428571224212646,0.800000011920929
45,5,71,0.3300824761390686,0.5560848116874695,0.3300824761390686,0.5560848116874695,0.8642857074737549,0.800000011920929
45,5,72,0.31954988837242126,0.5611352324485779,0.31954988837242126,0.5611352324485779,0.8642857074737549,0.800000011920929
45,5,73,0.3089119493961334,0.5672317743301392,0.3089119493961334,0.5672317743301392,0.8785714507102966,0.800000011920929
45,5,74,0.29825666546821594,0.5743440389633179,0.29825666546821594,0.5743440389633179,0.8857142925262451,0.800000011920929
45,5,75,0.2876443564891815,0.5823122262954712,0.2876443564891815,0.5823122262954712,0.8928571343421936,0.800000011920929
45,5,76,0.27710196375846863,0.590912401676178,0.27710196375846863,0.590912401676178,0.8928571343421936,0.8399999737739563
45,5,77,0.2666255831718445,0.6000009179115295,0.2666255831718445,0.6000009179115295,0.8928571343421936,0.8399999737739563
45,5,78,0.2562004327774048,0.6096115708351135,0.2562004327774048,0.6096115708351135,0.9071428775787354,0.8399999737739563
45,5,79,0.24583882093429565,0.6199284791946411,0.24583882093429565,0.6199284791946411,0.9142857193946838,0.8399999737739563
45,5,80,0.23559816181659698,0.6311768293380737,0.23559816181659698,0.6311768293380737,0.9071428775787354,0.8399999737739563
45,5,81,0.2255496233701706,0.6435445547103882,0.2255496233701706,0.6435445547103882,0.9071428775787354,0.8399999737739563
45,5,82,0.21573388576507568,0.6570673584938049,0.21573388576507568,0.6570673584938049,0.9071428775787354,0.8399999737739563
45,5,83,0.2061421126127243,0.6717406511306763,0.2061421126127243,0.6717406511306763,0.9071428775787354,0.800000011920929
45,5,84,0.19672995805740356,0.6873695254325867,0.19672995805740356,0.6873695254325867,0.9071428775787354,0.800000011920929
45,5,85,0.18741565942764282,0.7049989104270935,0.18741565942764282,0.7049989104270935,0.9285714030265808,0.800000011920929
45,5,86,0.1780690997838974,0.7222874164581299,0.1780690997838974,0.7222874164581299,0.9357143044471741,0.800000011920929
45,5,87,0.16857588291168213,0.7486633062362671,0.16857588291168213,0.7486633062362671,0.9357143044471741,0.800000011920929
45,5,88,0.1581723392009735,0.759843647480011,0.1581723392009735,0.759843647480011,0.9357143044471741,0.7599999904632568
46,5,1,0.6981268525123596,0.684103786945343,0.6981268525123596,0.684103786945343,0.4928571283817291,0.6399999856948853
46,5,2,0.6858407855033875,0.6703945994377136,0.6858407855033875,0.6703945994377136,0.5642856955528259,0.6000000238418579
46,5,3,0.678733766078949,0.6614488959312439,0.678733766078949,0.6614488959312439,0.5714285969734192,0.6000000238418579
46,5,4,0.6745853424072266,0.6560328602790833,0.6745853424072266,0.6560328602790833,0.5928571224212646,0.6000000238418579
46,5,5,0.6720195412635803,0.6529497504234314,0.6720195412635803,0.6529497504234314,0.5928571224212646,0.6000000238418579
46,5,6,0.6700122356414795,0.6512728333473206,0.6700122356414795,0.6512728333473206,0.5928571224212646,0.6000000238418579
46,5,7,0.6679730415344238,0.650392472743988,0.6679730415344238,0.650392472743988,0.5928571224212646,0.6000000238418579
46,5,8,0.6656804084777832,0.6499521136283875,0.6656804084777832,0.6499521136283875,0.5928571224212646,0.6000000238418579
46,5,9,0.6631413102149963,0.649752676486969,0.6631413102149963,0.649752676486969,0.5928571224212646,0.6000000238418579
46,5,10,0.660456657409668,0.6496763825416565,0.660456657409668,0.6496763825416565,0.5928571224212646,0.6000000238418579
46,5,11,0.6577320694923401,0.6496448516845703,0.6577320694923401,0.6496448516845703,0.5928571224212646,0.6000000238418579
46,5,12,0.6550397276878357,0.6496034264564514,0.6550397276878357,0.6496034264564514,0.5928571224212646,0.6000000238418579
46,5,13,0.6524133682250977,0.6495194435119629,0.6524133682250977,0.6495194435119629,0.5928571224212646,0.6000000238418579
46,5,14,0.6498593091964722,0.6493808031082153,0.6498593091964722,0.6493808031082153,0.5928571224212646,0.6000000238418579
46,5,15,0.647368311882019,0.649192214012146,0.647368311882019,0.649192214012146,0.6000000238418579,0.6000000238418579
46,5,16,0.644924521446228,0.6489682197570801,0.644924521446228,0.6489682197570801,0.6000000238418579,0.6000000238418579
46,5,17,0.6425098180770874,0.6487265825271606,0.6425098180770874,0.6487265825271606,0.6000000238418579,0.6000000238418579
46,5,18,0.640105664730072,0.6484826803207397,0.640105664730072,0.6484826803207397,0.6000000238418579,0.6000000238418579
46,5,19,0.637694776058197,0.648247480392456,0.637694776058197,0.648247480392456,0.6000000238418579,0.6000000238418579
46,5,20,0.635261595249176,0.648026704788208,0.635261595249176,0.648026704788208,0.6142857074737549,0.6000000238418579
46,5,21,0.6327935457229614,0.6478224992752075,0.6327935457229614,0.6478224992752075,0.6285714507102966,0.6399999856948853
46,5,22,0.6302808523178101,0.6476339101791382,0.6302808523178101,0.6476339101791382,0.6214285492897034,0.6399999856948853
46,5,23,0.6277164816856384,0.6474595069885254,0.6277164816856384,0.6474595069885254,0.6214285492897034,0.6399999856948853
46,5,24,0.6250956058502197,0.6472977995872498,0.6250956058502197,0.6472977995872498,0.6357142925262451,0.6000000238418579
46,5,25,0.6224139928817749,0.6471486687660217,0.6224139928817749,0.6471486687660217,0.6499999761581421,0.6000000238418579
46,5,26,0.619668185710907,0.6470127105712891,0.619668185710907,0.6470127105712891,0.6571428775787354,0.6000000238418579
46,5,27,0.6168544292449951,0.6468925476074219,0.6168544292449951,0.6468925476074219,0.6499999761581421,0.6000000238418579
46,5,28,0.6139682531356812,0.6467922329902649,0.6139682531356812,0.6467922329902649,0.6571428775787354,0.6000000238418579
46,5,29,0.6110052466392517,0.6467165946960449,0.6110052466392517,0.6467165946960449,0.6571428775787354,0.6000000238418579
46,5,30,0.6079606413841248,0.6466721296310425,0.6079606413841248,0.6466721296310425,0.6571428775787354,0.6000000238418579
46,5,31,0.604830265045166,0.6466657519340515,0.604830265045166,0.6466657519340515,0.6499999761581421,0.5600000023841858
46,5,32,0.6016110181808472,0.6467050313949585,0.6016110181808472,0.6467050313949585,0.6499999761581421,0.5600000023841858
46,5,33,0.598301112651825,0.6467981934547424,0.598301112651825,0.6467981934547424,0.6571428775787354,0.5600000023841858
46,5,34,0.5949005484580994,0.646953821182251,0.5949005484580994,0.646953821182251,0.6642857193946838,0.5600000023841858
46,5,35,0.5914113521575928,0.6471804976463318,0.5914113521575928,0.6471804976463318,0.6928571462631226,0.5600000023841858
46,5,36,0.587836503982544,0.6474865674972534,0.587836503982544,0.6474865674972534,0.6857143044471741,0.5600000023841858
46,5,37,0.584179699420929,0.6478798389434814,0.584179699420929,0.6478798389434814,0.6857143044471741,0.5600000023841858
46,5,38,0.5804434418678284,0.6483674645423889,0.5804434418678284,0.6483674645423889,0.6928571462631226,0.5199999809265137
46,5,39,0.5766274929046631,0.6489559412002563,0.5766274929046631,0.6489559412002563,0.6928571462631226,0.5199999809265137
46,5,40,0.5727262496948242,0.6496524214744568,0.5727262496948242,0.6496524214744568,0.6928571462631226,0.5199999809265137
46,5,41,0.5687278509140015,0.6504672169685364,0.5687278509140015,0.6504672169685364,0.699999988079071,0.5199999809265137
46,5,42,0.5646138787269592,0.6514171361923218,0.5646138787269592,0.6514171361923218,0.7142857313156128,0.5199999809265137
46,5,43,0.5603609085083008,0.6525299549102783,0.5603609085083008,0.6525299549102783,0.7214285731315613,0.5600000023841858
46,5,44,0.555943489074707,0.6538494229316711,0.555943489074707,0.6538494229316711,0.7214285731315613,0.5600000023841858
46,5,45,0.5513370037078857,0.6554410457611084,0.5513370037078857,0.6554410457611084,0.7214285731315613,0.5600000023841858
46,5,46,0.546519935131073,0.6573969125747681,0.546519935131073,0.6573969125747681,0.7142857313156128,0.5600000023841858
46,5,47,0.5414727330207825,0.6598418951034546,0.5414727330207825,0.6598418951034546,0.7214285731315613,0.5600000023841858
46,5,48,0.536177396774292,0.6629409790039062,0.536177396774292,0.6629409790039062,0.7214285731315613,0.5600000023841858
46,5,49,0.5306143760681152,0.6669072508811951,0.5306143760681152,0.6669072508811951,0.7357142567634583,0.5600000023841858
46,5,50,0.5247626900672913,0.6720117330551147,0.5247626900672913,0.6720117330551147,0.7428571581840515,0.6000000238418579
46,5,51,0.5185998678207397,0.6785902380943298,0.5185998678207397,0.6785902380943298,0.7428571581840515,0.6399999856948853
46,5,52,0.5121055841445923,0.6870437860488892,0.5121055841445923,0.6870437860488892,0.7357142567634583,0.6399999856948853
46,5,53,0.5052638649940491,0.6978213787078857,0.5052638649940491,0.6978213787078857,0.75,0.6399999856948853
46,5,54,0.4980689585208893,0.7113720774650574,0.4980689585208893,0.7113720774650574,0.7357142567634583,0.6399999856948853
46,5,55,0.49053165316581726,0.7280481457710266,0.49053165316581726,0.7280481457710266,0.7428571581840515,0.6399999856948853
47,5,1,0.717409610748291,0.6955054998397827,0.717409610748291,0.6955054998397827,0.4285714328289032,0.47999998927116394
47,5,2,0.7047775983810425,0.6888797879219055,0.7047775983810425,0.6888797879219055,0.5214285850524902,0.5199999809265137
47,5,3,0.6968376040458679,0.68523770570755,0.6968376040458679,0.68523770570755,0.5571428537368774,0.6000000238418579
47,5,4,0.6911714673042297,0.683159589767456,0.6911714673042297,0.683159589767456,0.5642856955528259,0.6399999856948853
47,5,5,0.6867064237594604,0.6817668676376343,0.6867064237594604,0.6817668676376343,0.5928571224212646,0.6399999856948853
47,5,6,0.6828227639198303,0.6806237101554871,0.6828227639198303,0.6806237101554871,0.5928571224212646,0.6000000238418579
47,5,7,0.6792256236076355,0.6795768141746521,0.6792256236076355,0.6795768141746521,0.5857142806053162,0.6000000238418579
47,5,8,0.6758078932762146,0.6786039471626282,0.6758078932762146,0.6786039471626282,0.5928571224212646,0.6000000238418579
47,5,9,0.6725372672080994,0.6777145862579346,0.6725372672080994,0.6777145862579346,0.6000000238418579,0.6000000238418579
47,5,10,0.6693933010101318,0.6769073605537415,0.6693933010101318,0.6769073605537415,0.6071428656578064,0.6000000238418579
47,5,11,0.6663475036621094,0.6761662364006042,0.6663475036621094,0.6761662364006042,0.6071428656578064,0.6000000238418579
47,5,12,0.6633666157722473,0.6754692196846008,0.6633666157722473,0.6754692196846008,0.6142857074737549,0.6000000238418579
47,5,13,0.6604211330413818,0.6747979521751404,0.6604211330413818,0.6747979521751404,0.6214285492897034,0.6000000238418579
47,5,14,0.657490074634552,0.6741400957107544,0.657490074634552,0.6741400957107544,0.6214285492897034,0.6000000238418579
47,5,15,0.6545615196228027,0.6734886765480042,0.6545615196228027,0.6734886765480042,0.6285714507102966,0.6000000238418579
47,5,16,0.651629626750946,0.6728395819664001,0.651629626750946,0.6728395819664001,0.6285714507102966,0.6000000238418579
47,5,17,0.6486911177635193,0.6721891164779663,0.6486911177635193,0.6721891164779663,0.6357142925262451,0.6000000238418579
47,5,18,0.645742654800415,0.6715331077575684,0.645742654800415,0.6715331077575684,0.6571428775787354,0.6000000238418579
47,5,19,0.642779529094696,0.6708663702011108,0.642779529094696,0.6708663702011108,0.6642857193946838,0.6000000238418579
47,5,20,0.6397956013679504,0.6701828837394714,0.6397956013679504,0.6701828837394714,0.6571428775787354,0.6000000238418579
47,5,21,0.6367826461791992,0.6694758534431458,0.6367826461791992,0.6694758534431458,0.6714285612106323,0.6399999856948853
47,5,22,0.6337311267852783,0.6687381267547607,0.6337311267852783,0.6687381267547607,0.6785714030265808,0.6000000238418579
47,5,23,0.6306304335594177,0.6679625511169434,0.6306304335594177,0.6679625511169434,0.6785714030265808,0.6399999856948853
47,5,24,0.6274690628051758,0.6671414971351624,0.6274690628051758,0.6671414971351624,0.6857143044471741,0.6399999856948853
47,5,25,0.624234676361084,0.6662673950195312,0.624234676361084,0.6662673950195312,0.7071428298950195,0.6399999856948853
47,5,26,0.6209145784378052,0.6653321981430054,0.6209145784378052,0.6653321981430054,0.6857143044471741,0.6399999856948853
47,5,27,0.6174957156181335,0.6643284559249878,0.6174957156181335,0.6643284559249878,0.6857143044471741,0.6399999856948853
47,5,28,0.6139647364616394,0.6632484197616577,0.6139647364616394,0.6632484197616577,0.6857143044471741,0.6399999856948853
47,5,29,0.6103079319000244,0.6620852947235107,0.6103079319000244,0.6620852947235107,0.6785714030265808,0.6399999856948853
47,5,30,0.6065114140510559,0.6608326435089111,0.6065114140510559,0.6608326435089111,0.6714285612106323,0.6399999856948853
47,5,31,0.6025610566139221,0.6594867706298828,0.6025610566139221,0.6594867706298828,0.6785714030265808,0.6399999856948853
47,5,32,0.5984428524971008,0.658046543598175,0.5984428524971008,0.658046543598175,0.6857143044471741,0.6399999856948853
47,5,33,0.5941433906555176,0.6565161943435669,0.5941433906555176,0.6565161943435669,0.6785714030265808,0.6399999856948853
47,5,34,0.589650571346283,0.6549080610275269,0.589650571346283,0.6549080610275269,0.6928571462631226,0.6399999856948853
47,5,35,0.5849546790122986,0.653245747089386,0.5849546790122986,0.653245747089386,0.6928571462631226,0.6399999856948853
47,5,36,0.5800505876541138,0.651569664478302,0.5800505876541138,0.651569664478302,0.6928571462631226,0.6000000238418579
47,5,37,0.5749399065971375,0.6499421000480652,0.5749399065971375,0.6499421000480652,0.7071428298950195,0.6000000238418579
47,5,38,0.5696344375610352,0.6484533548355103,0.5696344375610352,0.6484533548355103,0.7142857313156128,0.6000000238418579
47,5,39,0.5641604065895081,0.6472273468971252,0.5641604065895081,0.6472273468971252,0.699999988079071,0.6000000238418579
47,5,40,0.5585629343986511,0.6464200019836426,0.5585629343986511,0.6464200019836426,0.7071428298950195,0.6000000238418579
47,5,41,0.5529094934463501,0.6462106108665466,0.5529094934463501,0.6462106108665466,0.7214285731315613,0.6000000238418579
47,5,42,0.5472909212112427,0.6467748284339905,0.5472909212112427,0.6467748284339905,0.7142857313156128,0.6000000238418579
47,5,43,0.5418145656585693,0.6482381224632263,0.5418145656585693,0.6482381224632263,0.7285714149475098,0.6000000238418579
47,5,44,0.536586344242096,0.6506145596504211,0.536586344242096,0.6506145596504211,0.7285714149475098,0.6000000238418579
47,5,45,0.531681478023529,0.6537560224533081,0.531681478023529,0.6537560224533081,0.7357142567634583,0.6800000071525574
47,5,46,0.527114748954773,0.6573519706726074,0.527114748954773,0.6573519706726074,0.7214285731315613,0.6800000071525574
47,5,47,0.5228300094604492,0.6610036492347717,0.5228300094604492,0.6610036492347717,0.7285714149475098,0.6800000071525574
47,5,48,0.5187245011329651,0.6643497347831726,0.5187245011329651,0.6643497347831726,0.7357142567634583,0.7200000286102295
47,5,49,0.5146994590759277,0.6671720743179321,0.5146994590759277,0.6671720743179321,0.7357142567634583,0.7200000286102295
47,5,50,0.5106992721557617,0.6694217920303345,0.5106992721557617,0.6694217920303345,0.7428571581840515,0.7200000286102295
47,5,51,0.5067163109779358,0.6711741089820862,0.5067163109779358,0.6711741089820862,0.7357142567634583,0.7200000286102295
47,5,52,0.5027689933776855,0.6725587248802185,0.5027689933776855,0.6725587248802185,0.7428571581840515,0.7200000286102295
47,5,53,0.4988763630390167,0.6737057566642761,0.4988763630390167,0.6737057566642761,0.7357142567634583,0.7200000286102295
47,5,54,0.4950464963912964,0.6747181415557861,0.4950464963912964,0.6747181415557861,0.7357142567634583,0.7200000286102295
47,5,55,0.4912756681442261,0.6756643652915955,0.4912756681442261,0.6756643652915955,0.7428571581840515,0.7200000286102295
47,5,56,0.4875539541244507,0.6765817999839783,0.4875539541244507,0.6765817999839783,0.7428571581840515,0.7200000286102295
47,5,57,0.48386940360069275,0.6774867177009583,0.48386940360069275,0.6774867177009583,0.7428571581840515,0.7200000286102295
47,5,58,0.48021021485328674,0.6783839464187622,0.48021021485328674,0.6783839464187622,0.7428571581840515,0.7200000286102295
47,5,59,0.47656553983688354,0.6792752742767334,0.47656553983688354,0.6792752742767334,0.7428571581840515,0.7200000286102295
47,5,60,0.4729253053665161,0.6801643371582031,0.4729253053665161,0.6801643371582031,0.75,0.7200000286102295
47,5,61,0.4692806899547577,0.6810585260391235,0.4692806899547577,0.6810585260391235,0.75,0.7200000286102295
47,5,62,0.46562397480010986,0.6819690465927124,0.46562397480010986,0.6819690465927124,0.7571428418159485,0.7200000286102295
47,5,63,0.4619483947753906,0.6829098463058472,0.4619483947753906,0.6829098463058472,0.7642857432365417,0.7200000286102295
47,5,64,0.4582475423812866,0.6838943362236023,0.4582475423812866,0.6838943362236023,0.7642857432365417,0.7200000286102295
47,5,65,0.4545149505138397,0.6849337816238403,0.4545149505138397,0.6849337816238403,0.7642857432365417,0.7200000286102295
47,5,66,0.4507438838481903,0.6860353350639343,0.4507438838481903,0.6860353350639343,0.7642857432365417,0.6800000071525574
48,5,1,0.6811861991882324,0.6780319809913635,0.6811861991882324,0.6780319809913635,0.5928571224212646,0.6000000238418579
48,5,2,0.6764619946479797,0.6769710779190063,0.6764619946479797,0.6769710779190063,0.5928571224212646,0.6000000238418579
48,5,3,0.6739283204078674,0.6755383014678955,0.6739283204078674,0.6755383014678955,0.5928571224212646,0.6000000238418579
48,5,4,0.6717104315757751,0.6740695834159851,0.6717104315757751,0.6740695834159851,0.5928571224212646,0.6000000238418579
48,5,5,0.6696709394454956,0.6726555824279785,0.6696709394454956,0.6726555824279785,0.5928571224212646,0.6000000238418579
48,5,6,0.667742133140564,0.6713102459907532,0.667742133140564,0.6713102459907532,0.5928571224212646,0.6000000238418579
48,5,7,0.66587233543396,0.6700227856636047,0.66587233543396,0.6700227856636047,0.5928571224212646,0.6000000238418579
48,5,8,0.6640263199806213,0.6687777042388916,0.6640263199806213,0.6687777042388916,0.5928571224212646,0.6000000238418579
48,5,9,0.6621854305267334,0.6675610542297363,0.6621854305267334,0.6675610542297363,0.5928571224212646,0.6000000238418579
48,5,10,0.6603429317474365,0.6663615703582764,0.6603429317474365,0.6663615703582764,0.5928571224212646,0.6000000238418579
48,5,11,0.6584985256195068,0.6651701331138611,0.6584985256195068,0.6651701331138611,0.5928571224212646,0.6000000238418579
48,5,12,0.656654417514801,0.6639788150787354,0.656654417514801,0.6639788150787354,0.5928571224212646,0.6000000238418579
48,5,13,0.6548125147819519,0.662781298160553,0.6548125147819519,0.662781298160553,0.6000000238418579,0.6000000238418579
48,5,14,0.6529739499092102,0.6615723371505737,0.6529739499092102,0.6615723371505737,0.6000000238418579,0.6399999856948853
48,5,15,0.6511386036872864,0.6603478193283081,0.6511386036872864,0.6603478193283081,0.6000000238418579,0.6399999856948853
48,5,16,0.6493051648139954,0.659104585647583,0.6493052244186401,0.659104585647583,0.6000000238418579,0.6399999856948853
48,5,17,0.6474719047546387,0.6578398942947388,0.6474719047546387,0.6578398942947388,0.6000000238418579,0.6399999856948853
48,5,18,0.6456361413002014,0.6565504670143127,0.6456361413002014,0.6565504670143127,0.6142857074737549,0.6399999856948853
48,5,19,0.6437947154045105,0.6552331447601318,0.6437947154045105,0.6552331447601318,0.6142857074737549,0.6399999856948853
48,5,20,0.6419442892074585,0.6538841128349304,0.6419442892074585,0.6538841128349304,0.6142857074737549,0.6800000071525574
48,5,21,0.6400811076164246,0.652499258518219,0.6400811076164246,0.652499258518219,0.6285714507102966,0.7200000286102295
48,5,22,0.6382016539573669,0.6510734558105469,0.6382016539573669,0.6510734558105469,0.6214285492897034,0.6800000071525574
48,5,23,0.63630211353302,0.6496015787124634,0.63630211353302,0.6496015787124634,0.6214285492897034,0.6800000071525574
48,5,24,0.6343789100646973,0.6480778455734253,0.6343789100646973,0.6480778455734253,0.6357142925262451,0.6800000071525574
48,5,25,0.6324287056922913,0.6464958786964417,0.6324287056922913,0.6464958786964417,0.6357142925262451,0.6800000071525574
48,5,26,0.6304475665092468,0.6448490619659424,0.6304475665092468,0.6448490619659424,0.6285714507102966,0.6800000071525574
48,5,27,0.6284322738647461,0.6431302428245544,0.6284322738647461,0.6431302428245544,0.6285714507102966,0.6399999856948853
48,5,28,0.6263788938522339,0.6413317322731018,0.6263788938522339,0.6413317322731018,0.6285714507102966,0.6399999856948853
48,5,29,0.6242838501930237,0.6394453644752502,0.6242838501930237,0.6394453644752502,0.6357142925262451,0.6399999856948853
48,5,30,0.6221431493759155,0.6374622583389282,0.6221431493759155,0.6374622583389282,0.6571428775787354,0.6800000071525574
48,5,31,0.6199530363082886,0.6353731155395508,0.6199530363082886,0.6353731155395508,0.6642857193946838,0.6800000071525574
48,5,32,0.6177093386650085,0.6331679821014404,0.6177093386650085,0.6331679821014404,0.6785714030265808,0.6800000071525574
48,5,33,0.6154081225395203,0.630836009979248,0.6154081225395203,0.630836009979248,0.6785714030265808,0.6800000071525574
48,5,34,0.613045334815979,0.6283659934997559,0.613045334815979,0.6283659934997559,0.6785714030265808,0.6800000071525574
48,5,35,0.6106171607971191,0.6257460117340088,0.6106171607971191,0.6257460117340088,0.6857143044471741,0.6800000071525574
48,5,36,0.6081199645996094,0.6229639649391174,0.6081199645996094,0.6229639649391174,0.6857143044471741,0.6399999856948853
48,5,37,0.6055505871772766,0.6200074553489685,0.6055505871772766,0.6200074553489685,0.6857143044471741,0.6399999856948853
48,5,38,0.6029062271118164,0.6168643236160278,0.6029062271118164,0.6168643236160278,0.6857143044471741,0.6399999856948853
48,5,39,0.6001850962638855,0.6135233640670776,0.6001850962638855,0.6135233640670776,0.6857143044471741,0.6399999856948853
48,5,40,0.5973861813545227,0.6099748015403748,0.5973861813545227,0.6099748015403748,0.6857143044471741,0.6800000071525574
48,5,41,0.594509482383728,0.6062113046646118,0.594509482383728,0.6062113046646118,0.6928571462631226,0.6800000071525574
48,5,42,0.5915563702583313,0.6022294759750366,0.5915563702583313,0.6022294759750366,0.6857143044471741,0.6800000071525574
48,5,43,0.588529646396637,0.5980308651924133,0.588529646396637,0.5980308651924133,0.6785714030265808,0.6800000071525574
48,5,44,0.5854330658912659,0.5936238765716553,0.5854330658912659,0.5936238765716553,0.6928571462631226,0.6800000071525574
48,5,45,0.5822716355323792,0.5890254974365234,0.5822716355323792,0.5890254974365234,0.699999988079071,0.7200000286102295
48,5,46,0.5790502429008484,0.5842624306678772,0.5790502429008484,0.5842624306678772,0.699999988079071,0.7200000286102295
48,5,47,0.5757735371589661,0.5793718099594116,0.5757735371589661,0.5793718099594116,0.699999988079071,0.7200000286102295
48,5,48,0.5724443793296814,0.5744009613990784,0.5724443793296814,0.5744009613990784,0.7071428298950195,0.7200000286102295
48,5,49,0.5690625309944153,0.5694057941436768,0.5690625309944153,0.5694057941436768,0.699999988079071,0.7200000286102295
48,5,50,0.5656235814094543,0.5644468069076538,0.5656235814094543,0.5644468069076538,0.7142857313156128,0.7200000286102295
48,5,51,0.5621180534362793,0.5595840811729431,0.5621180534362793,0.5595840811729431,0.7214285731315613,0.7200000286102295
48,5,52,0.5585315823554993,0.5548714399337769,0.5585315823554993,0.5548714399337769,0.7214285731315613,0.7200000286102295
48,5,53,0.5548458099365234,0.5503507852554321,0.5548458099365234,0.5503507852554321,0.7214285731315613,0.7200000286102295
48,5,54,0.5510399341583252,0.5460476279258728,0.5510399341583252,0.5460476279258728,0.7285714149475098,0.7200000286102295
48,5,55,0.5470922589302063,0.5419706702232361,0.5470922589302063,0.5419706702232361,0.7285714149475098,0.7200000286102295
48,5,56,0.5429816842079163,0.5381127595901489,0.5429816842079163,0.5381127595901489,0.7357142567634583,0.7599999904632568
48,5,57,0.5386881828308105,0.534456193447113,0.5386881828308105,0.534456193447113,0.7428571581840515,0.7599999904632568
48,5,58,0.5341929197311401,0.5309784412384033,0.5341929197311401,0.5309784412384033,0.7428571581840515,0.7200000286102295
48,5,59,0.5294774174690247,0.5276586413383484,0.5294774174690247,0.5276586413383484,0.7357142567634583,0.7200000286102295
48,5,60,0.5245224833488464,0.5244830846786499,0.5245224833488464,0.5244830846786499,0.7428571581840515,0.7200000286102295
48,5,61,0.5193083882331848,0.521449089050293,0.5193083882331848,0.521449089050293,0.7357142567634583,0.7200000286102295
48,5,62,0.5138132572174072,0.5185661315917969,0.5138132572174072,0.5185661315917969,0.7357142567634583,0.7200000286102295
48,5,63,0.5080142617225647,0.5158565044403076,0.5080142617225647,0.5158565044403076,0.7357142567634583,0.7200000286102295
48,5,64,0.501887321472168,0.513353705406189,0.501887321472168,0.513353705406189,0.7357142567634583,0.7599999904632568
48,5,65,0.49540790915489197,0.5111014246940613,0.49540790915489197,0.5111014246940613,0.75,0.7599999904632568
48,5,66,0.48855286836624146,0.5091540217399597,0.48855286836624146,0.5091540217399597,0.7571428418159485,0.7599999904632568
48,5,67,0.48130303621292114,0.5075811147689819,0.48130303621292114,0.5075811147689819,0.7642857432365417,0.7599999904632568
48,5,68,0.4736471474170685,0.5064761638641357,0.4736471474170685,0.5064761638641357,0.7714285850524902,0.7599999904632568
48,5,69,0.4655873477458954,0.5059689283370972,0.4655873477458954,0.5059689283370972,0.7785714268684387,0.7599999904632568
48,5,70,0.457144558429718,0.5062402486801147,0.457144558429718,0.5062402486801147,0.8071428537368774,0.7599999904632568
48,5,71,0.4483608901500702,0.5075286626815796,0.4483608901500702,0.5075286626815796,0.8214285969734192,0.7599999904632568
48,5,72,0.4392949342727661,0.5101185441017151,0.4392949342727661,0.5101185441017151,0.8285714387893677,0.7200000286102295
48,5,73,0.4300074279308319,0.5142948031425476,0.4300074279308319,0.5142948031425476,0.8357142806053162,0.7200000286102295
48,5,74,0.4205401837825775,0.5202693343162537,0.4205401837825775,0.5202693343162537,0.8357142806053162,0.7200000286102295
48,5,75,0.4109004735946655,0.5281123518943787,0.4109004735946655,0.5281123518943787,0.8285714387893677,0.7200000286102295
48,5,76,0.4010623097419739,0.5377438068389893,0.4010623097419739,0.5377438068389893,0.8357142806053162,0.7200000286102295
48,5,77,0.39099016785621643,0.549014151096344,0.39099016785621643,0.549014151096344,0.8428571224212646,0.7200000286102295
48,5,78,0.38066744804382324,0.5618332028388977,0.38066744804382324,0.5618332028388977,0.8500000238418579,0.7200000286102295
48,5,79,0.37011146545410156,0.5762621164321899,0.37011146545410156,0.5762621164321899,0.8642857074737549,0.7200000286102295
48,5,80,0.35936814546585083,0.5924988985061646,0.35936814546585083,0.5924988985061646,0.8642857074737549,0.7200000286102295
48,5,81,0.34849056601524353,0.6107710599899292,0.34849056601524353,0.6107710599899292,0.8857142925262451,0.7200000286102295
48,5,82,0.33751481771469116,0.6312172412872314,0.33751481771469116,0.6312172412872314,0.8928571343421936,0.6800000071525574
48,5,83,0.32644471526145935,0.6538602709770203,0.32644471526145935,0.6538602709770203,0.9071428775787354,0.6800000071525574
48,5,84,0.3152499198913574,0.6786921620368958,0.3152499198913574,0.6786921620368958,0.9142857193946838,0.6800000071525574
48,5,85,0.30386805534362793,0.7057557702064514,0.30386805534362793,0.7057557702064514,0.9142857193946838,0.6800000071525574
48,5,86,0.29220542311668396,0.7348087430000305,0.29220542311668396,0.7348087430000305,0.9214285612106323,0.6800000071525574
48,5,87,0.28016313910484314,0.7638192176818848,0.28016313910484314,0.7638192176818848,0.9285714030265808,0.6800000071525574
48,5,88,0.267823189496994,0.7880025506019592,0.267823189496994,0.7880025506019592,0.9285714030265808,0.6399999856948853
48,5,89,0.255786269903183,0.8131275773048401,0.255786269903183,0.8131275773048401,0.9285714030265808,0.6399999856948853
48,5,90,0.24355705082416534,0.8499993085861206,0.24355705082416534,0.8499993085861206,0.9357143044471741,0.6399999856948853
48,5,91,0.23081596195697784,0.8891966938972473,0.23081596195697784,0.8891966938972473,0.9357143044471741,0.6399999856948853
48,5,92,0.21946313977241516,0.9058244824409485,0.21946313977241516,0.9058244824409485,0.9357143044471741,0.6399999856948853
48,5,93,0.2089337557554245,0.9016820788383484,0.2089337557554245,0.9016820788383484,0.9357143044471741,0.6000000238418579
48,5,94,0.20011082291603088,0.960195004940033,0.20011082291603088,0.960195004940033,0.949999988079071,0.6800000071525574
49,5,1,0.7098298072814941,0.6994013786315918,0.7098298072814941,0.6994013786315918,0.41428571939468384,0.47999998927116394
49,5,2,0.6955532431602478,0.6892076134681702,0.6955532431602478,0.6892076134681702,0.5571428537368774,0.5600000023841858
49,5,3,0.687107503414154,0.6833978891372681,0.687107503414154,0.6833978891372681,0.5642856955528259,0.6000000238418579
49,5,4,0.6825106143951416,0.6805481910705566,0.6825106143951416,0.6805481910705566,0.5857142806053162,0.6000000238418579
49,5,5,0.6802098155021667,0.6792351603507996,0.6802098155021667,0.6792351603507996,0.5928571224212646,0.6000000238418579
49,5,6,0.6788404583930969,0.6784083843231201,0.6788404583930969,0.6784083843231201,0.5928571224212646,0.6000000238418579
49,5,7,0.6775012612342834,0.6775103807449341,0.6775012612342834,0.6775103807449341,0.5928571224212646,0.6000000238418579
49,5,8,0.6757933497428894,0.6763811707496643,0.6757933497428894,0.6763811707496643,0.5928571224212646,0.6000000238418579
49,5,9,0.6736774444580078,0.6750743985176086,0.6736774444580078,0.6750743985176086,0.5928571224212646,0.6000000238418579
49,5,10,0.6712822318077087,0.6737011075019836,0.6712822318077087,0.6737011075019836,0.5928571224212646,0.6000000238418579
49,5,11,0.6687613725662231,0.6723471879959106,0.6687613725662231,0.6723471879959106,0.5928571224212646,0.6000000238418579
49,5,12,0.6662271022796631,0.6710529923439026,0.6662271022796631,0.6710529923439026,0.5928571224212646,0.6000000238418579
49,5,13,0.6637380123138428,0.6698235273361206,0.6637380123138428,0.6698235273361206,0.5928571224212646,0.6000000238418579
49,5,14,0.6613128185272217,0.668647825717926,0.6613128185272217,0.668647825717926,0.5928571224212646,0.6000000238418579
49,5,15,0.6589477062225342,0.667511522769928,0.6589477062225342,0.667511522769928,0.5928571224212646,0.6000000238418579
49,5,16,0.6566288471221924,0.666402280330658,0.6566288471221924,0.666402280330658,0.5928571224212646,0.6000000238418579
49,5,17,0.6543385982513428,0.6653109788894653,0.6543385982513428,0.6653109788894653,0.5928571224212646,0.6000000238418579
49,5,18,0.6520583033561707,0.6642306447029114,0.6520583033561707,0.6642306447029114,0.5928571224212646,0.6000000238418579
49,5,19,0.6497694253921509,0.6631554961204529,0.6497694253921509,0.6631554961204529,0.5928571224212646,0.6000000238418579
49,5,20,0.6474548578262329,0.6620810627937317,0.6474548578262329,0.6620810627937317,0.5928571224212646,0.6000000238418579
49,5,21,0.6450999975204468,0.6610036492347717,0.6450999975204468,0.6610036492347717,0.5928571224212646,0.6000000238418579
49,5,22,0.6426934003829956,0.659920871257782,0.6426934003829956,0.659920871257782,0.6000000238418579,0.5600000023841858
49,5,23,0.6402260661125183,0.6588309407234192,0.6402260661125183,0.6588309407234192,0.6000000238418579,0.5600000023841858
49,5,24,0.6376917362213135,0.6577325463294983,0.6376917362213135,0.6577325463294983,0.5928571224212646,0.5600000023841858
49,5,25,0.6350850462913513,0.6566243171691895,0.6350850462913513,0.6566243171691895,0.6000000238418579,0.5600000023841858
49,5,26,0.6324014663696289,0.655504584312439,0.6324014663696289,0.655504584312439,0.6000000238418579,0.5600000023841858
49,5,27,0.629636287689209,0.6543717980384827,0.629636287689209,0.6543717980384827,0.6214285492897034,0.6000000238418579
49,5,28,0.6267842054367065,0.6532236337661743,0.6267842054367065,0.6532236337661743,0.6214285492897034,0.6000000238418579
49,5,29,0.6238394379615784,0.6520578265190125,0.6238394379615784,0.6520578265190125,0.6285714507102966,0.6000000238418579
49,5,30,0.6207960247993469,0.6508721113204956,0.6207960247993469,0.6508721113204956,0.6357142925262451,0.6000000238418579
49,5,31,0.6176481246948242,0.6496641635894775,0.6176481246948242,0.6496641635894775,0.6285714507102966,0.6000000238418579
49,5,32,0.6143905520439148,0.6484320759773254,0.6143905520439148,0.6484320759773254,0.6285714507102966,0.6000000238418579
49,5,33,0.6110196709632874,0.6471740007400513,0.6110196709632874,0.6471740007400513,0.6357142925262451,0.6399999856948853
49,5,34,0.6075343489646912,0.6458889842033386,0.6075343489646912,0.6458889842033386,0.6499999761581421,0.6399999856948853
49,5,35,0.6039365530014038,0.6445763111114502,0.6039366126060486,0.6445763111114502,0.6571428775787354,0.6399999856948853
49,5,36,0.6002322435379028,0.6432369947433472,0.6002322435379028,0.6432369947433472,0.6642857193946838,0.6399999856948853
49,5,37,0.5964319705963135,0.641872763633728,0.5964319705963135,0.641872763633728,0.6642857193946838,0.6399999856948853
49,5,38,0.5925512313842773,0.6404874324798584,0.5925512313842773,0.6404874324798584,0.6714285612106323,0.6399999856948853
49,5,39,0.588610827922821,0.6390865445137024,0.5886107683181763,0.6390865445137024,0.6714285612106323,0.5600000023841858
49,5,40,0.5846350193023682,0.6376772522926331,0.5846350193023682,0.6376772522926331,0.6714285612106323,0.5600000023841858
49,5,41,0.5806506276130676,0.6362684965133667,0.5806506276130676,0.6362684965133667,0.6785714030265808,0.5600000023841858
49,5,42,0.5766840577125549,0.6348690986633301,0.5766840577125549,0.6348690986633301,0.6785714030265808,0.5600000023841858
49,5,43,0.5727583765983582,0.6334863901138306,0.5727583765983582,0.6334863901138306,0.6857143044471741,0.5600000023841858
49,5,44,0.5688902139663696,0.6321245431900024,0.5688902139663696,0.6321245431900024,0.6928571462631226,0.5600000023841858
49,5,45,0.5650880932807922,0.6307823061943054,0.5650880932807922,0.6307823061943054,0.6928571462631226,0.6000000238418579
49,5,46,0.561352550983429,0.629453182220459,0.561352550983429,0.629453182220459,0.6857143044471741,0.6000000238418579
49,5,47,0.557677686214447,0.6281256675720215,0.557677686214447,0.6281256675720215,0.6857143044471741,0.6000000238418579
49,5,48,0.5540546178817749,0.6267867088317871,0.5540546178817749,0.6267867088317871,0.6928571462631226,0.6000000238418579
49,5,49,0.5504733920097351,0.6254240274429321,0.5504733920097351,0.6254240274429321,0.6928571462631226,0.6000000238418579
49,5,50,0.5469248294830322,0.6240288019180298,0.5469248294830322,0.6240288019180298,0.6928571462631226,0.5600000023841858
49,5,51,0.5434001088142395,0.6225965619087219,0.5434001088142395,0.6225965619087219,0.699999988079071,0.5600000023841858
49,5,52,0.5398910045623779,0.6211271286010742,0.5398910045623779,0.6211271286010742,0.6928571462631226,0.6000000238418579
49,5,53,0.5363893508911133,0.6196231842041016,0.5363893508911133,0.6196231842041016,0.699999988079071,0.6000000238418579
49,5,54,0.53288733959198,0.6180893778800964,0.53288733959198,0.6180893778800964,0.699999988079071,0.6000000238418579
49,5,55,0.5293779373168945,0.6165306568145752,0.5293779373168945,0.6165306568145752,0.7214285731315613,0.5600000023841858
49,5,56,0.5258554220199585,0.6149520874023438,0.5258554220199585,0.6149520874023438,0.7214285731315613,0.5600000023841858
49,5,57,0.5223150849342346,0.613357663154602,0.5223150849342346,0.613357663154602,0.7214285731315613,0.5199999809265137
49,5,58,0.5187534093856812,0.6117505431175232,0.5187534093856812,0.6117505431175232,0.7357142567634583,0.5199999809265137
49,5,59,0.5151675343513489,0.6101325154304504,0.5151675343513489,0.6101325154304504,0.7428571581840515,0.5199999809265137
49,5,60,0.5115551948547363,0.6085049510002136,0.5115551948547363,0.6085049510002136,0.75,0.5199999809265137
49,5,61,0.507914125919342,0.6068688631057739,0.507914125919342,0.6068688631057739,0.75,0.5600000023841858
49,5,62,0.5042418241500854,0.6052262783050537,0.5042418241500854,0.6052262783050537,0.7571428418159485,0.5600000023841858
49,5,63,0.5005354881286621,0.603580892086029,0.5005354881286621,0.603580892086029,0.75,0.5600000023841858
49,5,64,0.4967915713787079,0.6019384264945984,0.4967915713787079,0.6019384264945984,0.7571428418159485,0.5600000023841858
49,5,65,0.4930066764354706,0.6003074645996094,0.4930066764354706,0.6003074645996094,0.7642857432365417,0.5600000023841858
49,5,66,0.48917698860168457,0.5986992120742798,0.48917698860168457,0.5986992120742798,0.7714285850524902,0.5600000023841858
49,5,67,0.485298216342926,0.5971273183822632,0.485298216342926,0.5971273183822632,0.7642857432365417,0.5199999809265137
49,5,68,0.4813658595085144,0.5956078171730042,0.4813658595085144,0.5956078171730042,0.7642857432365417,0.5600000023841858
49,5,69,0.4773750305175781,0.5941581726074219,0.4773750305175781,0.5941581726074219,0.7642857432365417,0.5600000023841858
49,5,70,0.473319947719574,0.5927976965904236,0.473319947719574,0.5927976965904236,0.7714285850524902,0.5600000023841858
49,5,71,0.46919408440589905,0.5915465354919434,0.46919408440589905,0.5915465354919434,0.7714285850524902,0.5600000023841858
49,5,72,0.4649898409843445,0.5904257297515869,0.4649898409843445,0.5904257297515869,0.7785714268684387,0.5600000023841858
49,5,73,0.4606981575489044,0.5894567370414734,0.4606981575489044,0.5894567370414734,0.7785714268684387,0.5600000023841858
49,5,74,0.45630884170532227,0.5886611342430115,0.45630884170532227,0.5886611342430115,0.7785714268684387,0.5600000023841858
49,5,75,0.45181024074554443,0.5880602598190308,0.45181024074554443,0.5880602598190308,0.7714285850524902,0.5600000023841858
49,5,76,0.4471895396709442,0.5876747965812683,0.4471895396709442,0.5876747965812683,0.7714285850524902,0.5600000023841858
49,5,77,0.44243261218070984,0.5875248908996582,0.44243261218070984,0.5875248908996582,0.7714285850524902,0.5600000023841858
49,5,78,0.4375242590904236,0.5876299142837524,0.4375242590904236,0.5876299142837524,0.7785714268684387,0.5600000023841858
49,5,79,0.4324479103088379,0.5880097150802612,0.4324479103088379,0.5880097150802612,0.7928571701049805,0.5600000023841858
49,5,80,0.4271858334541321,0.5886853933334351,0.4271858334541321,0.5886853933334351,0.7928571701049805,0.6000000238418579
49,5,81,0.4217190444469452,0.5896816253662109,0.4217190444469452,0.5896816253662109,0.7928571701049805,0.6000000238418579
49,5,82,0.416027307510376,0.5910288691520691,0.416027307510376,0.5910288691520691,0.7857142686843872,0.6000000238418579
49,5,83,0.41008996963500977,0.5927664041519165,0.41008996963500977,0.5927664041519165,0.7785714268684387,0.5600000023841858
49,5,84,0.4038863480091095,0.5949462056159973,0.4038863480091095,0.5949462056159973,0.800000011920929,0.5600000023841858
49,5,85,0.39739733934402466,0.5976388454437256,0.39739733934402466,0.5976388454437256,0.800000011920929,0.5600000023841858
49,5,86,0.3906064033508301,0.6009424924850464,0.3906064033508301,0.6009424924850464,0.8071428537368774,0.5600000023841858
49,5,87,0.38350045680999756,0.604999303817749,0.38350045680999756,0.604999303817749,0.8071428537368774,0.5600000023841858
49,5,88,0.376069039106369,0.6100211143493652,0.376069039106369,0.6100211143493652,0.8285714387893677,0.5600000023841858
49,5,89,0.36830204725265503,0.6163308620452881,0.36830204725265503,0.6163308620452881,0.8285714387893677,0.5600000023841858
49,5,90,0.3601837158203125,0.6244218945503235,0.3601837158203125,0.6244218945503235,0.8285714387893677,0.5600000023841858
49,5,91,0.35168612003326416,0.6350358724594116,0.35168612003326416,0.6350358724594116,0.8285714387893677,0.5600000023841858
49,5,92,0.3427651524543762,0.649233341217041,0.3427651524543762,0.649233341217041,0.8285714387893677,0.5600000023841858
49,5,93,0.33336982131004333,0.6683893799781799,0.33336982131004333,0.6683893799781799,0.8285714387893677,0.5600000023841858
49,5,94,0.3234774172306061,0.6942670345306396,0.3234774172306061,0.6942670345306396,0.8285714387893677,0.5199999809265137
49,5,95,0.31313300132751465,0.7306273579597473,0.31313300132751465,0.7306273579597473,0.8357142806053162,0.5199999809265137
49,5,96,0.302396297454834,0.788564920425415,0.302396297454834,0.788564920425415,0.8285714387893677,0.5199999809265137
49,5,97,0.2909335196018219,0.8916879892349243,0.2909335196018219,0.8916879892349243,0.8500000238418579,0.5199999809265137
49,5,98,0.28374186158180237,0.9688823819160461,0.28374186158180237,0.9688823819160461,0.8714285492897034,0.5199999809265137
49,5,99,0.2858617901802063,0.6960320472717285,0.2858617901802063,0.6960320472717285,0.8571428656578064,0.5600000023841858
49,5,100,0.2929762899875641,0.9968967437744141,0.2929762899875641,0.9968967437744141,0.8571428656578064,0.6399999856948853
49,5,101,0.28313595056533813,0.7288581132888794,0.28313595056533813,0.7288581132888794,0.8500000238418579,0.5600000023841858
49,5,102,0.2688637375831604,1.1652699708938599,0.2688637375831604,1.1652699708938599,0.8928571343421936,0.5199999809265137
50,5,1,0.6923092007637024,0.6725643277168274,0.6923092007637024,0.6725643277168274,0.5714285969734192,0.6399999856948853
50,5,2,0.6839675903320312,0.6670846343040466,0.6839675903320312,0.6670846343040466,0.5928571224212646,0.6000000238418579
50,5,3,0.6795913577079773,0.6639081835746765,0.6795913577079773,0.6639081835746765,0.5928571224212646,0.6000000238418579
50,5,4,0.6764287948608398,0.6619892120361328,0.6764287948608398,0.6619892120361328,0.5928571224212646,0.6000000238418579
50,5,5,0.6737238168716431,0.6607734560966492,0.6737238168716431,0.6607734560966492,0.5928571224212646,0.6000000238418579
50,5,6,0.6711804866790771,0.6599680185317993,0.6711804866790771,0.6599680185317993,0.5928571224212646,0.6000000238418579
50,5,7,0.6687209606170654,0.6594095826148987,0.6687209606170654,0.6594095826148987,0.5928571224212646,0.6000000238418579
50,5,8,0.6663438081741333,0.6589884757995605,0.6663438081741333,0.6589884757995605,0.5928571224212646,0.6000000238418579
50,5,9,0.6640518307685852,0.6586220264434814,0.6640518307685852,0.6586220264434814,0.5928571224212646,0.6000000238418579
50,5,10,0.6618308424949646,0.6582516431808472,0.6618308424949646,0.6582516431808472,0.5928571224212646,0.6000000238418579
50,5,11,0.6596565842628479,0.6578468084335327,0.6596565842628479,0.6578468084335327,0.6071428656578064,0.6000000238418579
50,5,12,0.6575055718421936,0.6574039459228516,0.6575055718421936,0.6574039459228516,0.6071428656578064,0.6000000238418579
50,5,13,0.6553615927696228,0.656937837600708,0.6553615927696228,0.656937837600708,0.6214285492897034,0.6000000238418579
50,5,14,0.6532154679298401,0.6564711928367615,0.6532154679298401,0.6564711928367615,0.6214285492897034,0.6000000238418579
50,5,15,0.6510616540908813,0.6560258269309998,0.6510616540908813,0.6560258269309998,0.6357142925262451,0.6000000238418579
50,5,16,0.6488955616950989,0.6556179523468018,0.6488955616950989,0.6556179523468018,0.6357142925262451,0.6000000238418579
50,5,17,0.6467121839523315,0.6552568078041077,0.6467121839523315,0.6552568078041077,0.6357142925262451,0.5600000023841858
50,5,18,0.6445054411888123,0.6549457311630249,0.6445054411888123,0.6549457311630249,0.6357142925262451,0.5600000023841858
50,5,19,0.6422685384750366,0.6546841263771057,0.6422685384750366,0.6546841263771057,0.6357142925262451,0.5600000023841858
50,5,20,0.6399939656257629,0.654469907283783,0.6399939656257629,0.654469907283783,0.6428571343421936,0.5600000023841858
50,5,21,0.6376737356185913,0.6543011665344238,0.6376737356185913,0.6543011665344238,0.6499999761581421,0.5600000023841858
50,5,22,0.6352986693382263,0.6541780829429626,0.6352986693382263,0.6541780829429626,0.6571428775787354,0.5600000023841858
50,5,23,0.6328592300415039,0.654103696346283,0.6328592300415039,0.654103696346283,0.6499999761581421,0.5600000023841858
50,5,24,0.6303448677062988,0.6540846228599548,0.6303448677062988,0.6540846228599548,0.6571428775787354,0.5600000023841858
50,5,25,0.6277450323104858,0.6541311144828796,0.6277450323104858,0.6541311144828796,0.6642857193946838,0.5600000023841858
50,5,26,0.6250478029251099,0.6542575359344482,0.6250478029251099,0.6542575359344482,0.6642857193946838,0.5199999809265137
50,5,27,0.622241199016571,0.6544824242591858,0.622241199016571,0.6544824242591858,0.6642857193946838,0.47999998927116394
50,5,28,0.6193121075630188,0.6548293828964233,0.6193121075630188,0.6548293828964233,0.6642857193946838,0.47999998927116394
50,5,29,0.6162474155426025,0.6553282737731934,0.6162474155426025,0.6553282737731934,0.6857143044471741,0.47999998927116394
50,5,30,0.6130330562591553,0.6560178995132446,0.6130330562591553,0.6560178995132446,0.6857143044471741,0.5199999809265137
50,5,31,0.6096553802490234,0.6569477915763855,0.6096553802490234,0.6569477915763855,0.6857143044471741,0.5199999809265137
50,5,32,0.6061012148857117,0.6581831574440002,0.6061012148857117,0.6581831574440002,0.6785714030265808,0.5199999809265137
50,5,33,0.6023591160774231,0.6598080992698669,0.6023591160774231,0.6598080992698669,0.6928571462631226,0.5199999809265137
50,5,34,0.598421573638916,0.6619297862052917,0.598421573638916,0.6619297862052917,0.6928571462631226,0.6000000238418579
50,5,35,0.5942872762680054,0.6646804213523865,0.5942872762680054,0.6646804213523865,0.699999988079071,0.6000000238418579
50,5,36,0.5899646878242493,0.6682136058807373,0.5899646878242493,0.6682136058807373,0.6928571462631226,0.6000000238418579
50,5,37,0.5854770541191101,0.6726905107498169,0.5854770541191101,0.6726905107498169,0.6928571462631226,0.5600000023841858
50,5,38,0.5808670520782471,0.6782457232475281,0.5808670520782471,0.6782457232475281,0.6857143044471741,0.5600000023841858
50,5,39,0.5761995315551758,0.6849225759506226,0.5761995315551758,0.6849225759506226,0.6928571462631226,0.5199999809265137
50,5,40,0.5715579390525818,0.6925793290138245,0.5715579390525818,0.6925793290138245,0.699999988079071,0.5199999809265137
50,5,41,0.5670289397239685,0.7007918357849121,0.5670289397239685,0.7007918357849121,0.699999988079071,0.5199999809265137
50,5,42,0.5626738667488098,0.7088271379470825,0.5626738667488098,0.7088271379470825,0.699999988079071,0.5199999809265137
50,5,43,0.5584984421730042,0.7157801985740662,0.5584984421730042,0.7157801985740662,0.7071428298950195,0.5199999809265137
50,5,44,0.5544453859329224,0.7208797931671143,0.5544453859329224,0.7208797931671143,0.7142857313156128,0.47999998927116394
50,5,45,0.5504251718521118,0.7237944602966309,0.5504251718521118,0.7237944602966309,0.7071428298950195,0.5199999809265137
50,5,46,0.5463628768920898,0.7247174978256226,0.5463628768920898,0.7247174978256226,0.699999988079071,0.5199999809265137
50,5,47,0.5422220826148987,0.7241886854171753,0.5422220826148987,0.7241886854171753,0.6928571462631226,0.5600000023841858
50,5,48,0.5379942655563354,0.7228208780288696,0.5379942655563354,0.7228208780288696,0.699999988079071,0.5600000023841858
50,5,49,0.5336770415306091,0.7211031317710876,0.5336770415306091,0.7211031317710876,0.7214285731315613,0.5600000023841858
