fold,repeat,epoch,loss,inner_val_loss,bce,inner_val_bce,accuracy,inner_val_accuracy
1,1,1,0.7037367224693298,0.7089238166809082,0.7037367224693298,0.7089238166809082,0.4592592716217041,0.3333333432674408
1,1,2,0.6979491114616394,0.7122384905815125,0.6979491114616394,0.7122384905815125,0.5185185074806213,0.375
1,1,3,0.6941649913787842,0.7160472273826599,0.6941649913787842,0.7160472273826599,0.5111111402511597,0.4166666567325592
1,1,4,0.6911587119102478,0.7197707295417786,0.6911587119102478,0.7197707295417786,0.5259259343147278,0.4583333432674408
1,1,5,0.6884792447090149,0.7230727076530457,0.6884792447090149,0.7230727076530457,0.5333333611488342,0.4166666567325592
1,1,6,0.6858716011047363,0.7258670926094055,0.6858716011047363,0.7258670926094055,0.5407407283782959,0.4166666567325592
1,1,7,0.6832402348518372,0.7282360196113586,0.6832402348518372,0.7282360196113586,0.5481481552124023,0.4583333432674408
1,1,8,0.6805837750434875,0.7303321361541748,0.6805837750434875,0.7303321361541748,0.5481481552124023,0.4583333432674408
1,1,9,0.677935004234314,0.7323089241981506,0.677935004234314,0.7323089241981506,0.5703703761100769,0.4583333432674408
1,1,10,0.6753250956535339,0.7342853546142578,0.6753250956535339,0.7342853546142578,0.5703703761100769,0.4583333432674408
1,1,11,0.6727704405784607,0.7363367080688477,0.6727704405784607,0.7363367080688477,0.5777778029441833,0.4166666567325592
1,1,12,0.6702730655670166,0.7385005950927734,0.6702730655670166,0.7385005950927734,0.585185170173645,0.4166666567325592
1,1,13,0.6678266525268555,0.7407870888710022,0.6678266525268555,0.7407870888710022,0.5777778029441833,0.4166666567325592
1,1,14,0.6654214262962341,0.7431893348693848,0.6654214262962341,0.7431893348693848,0.5703703761100769,0.4583333432674408
1,1,15,0.6630470156669617,0.7456920742988586,0.6630470156669617,0.7456920742988586,0.5777778029441833,0.4583333432674408
1,1,16,0.6606931686401367,0.7482783198356628,0.6606931686401367,0.7482783198356628,0.585185170173645,0.4583333432674408
1,1,17,0.6583508253097534,0.7509332299232483,0.6583508253097534,0.7509332299232483,0.5925925970077515,0.4583333432674408
1,1,18,0.6560109853744507,0.7536478042602539,0.6560109853744507,0.7536478042602539,0.5925925970077515,0.4583333432674408
1,1,19,0.6536658406257629,0.7564196586608887,0.6536658406257629,0.7564196586608887,0.6000000238418579,0.4166666567325592
1,1,20,0.6513082981109619,0.7592525482177734,0.6513082981109619,0.7592525482177734,0.6000000238418579,0.4166666567325592
1,1,21,0.6489315032958984,0.7621559500694275,0.6489315032958984,0.7621559500694275,0.6222222447395325,0.4166666567325592
1,1,22,0.6465295553207397,0.765143096446991,0.6465295553207397,0.765143096446991,0.644444465637207,0.375
1,1,23,0.6440959572792053,0.7682296633720398,0.6440959572792053,0.7682296633720398,0.6592592597007751,0.375
1,1,24,0.6416244506835938,0.7714331746101379,0.6416244506835938,0.7714331746101379,0.6518518328666687,0.375
1,1,25,0.6391075253486633,0.7747718691825867,0.6391075253486633,0.7747718691825867,0.6592592597007751,0.375
1,1,26,0.6365377902984619,0.7782650589942932,0.6365377902984619,0.7782650589942932,0.6740740537643433,0.375
2,1,1,0.6910505890846252,0.6726536750793457,0.6910505890846252,0.6726536750793457,0.5407407283782959,0.5833333134651184
2,1,2,0.6867710947990417,0.6730297207832336,0.6867710947990417,0.6730297207832336,0.5481481552124023,0.5833333134651184
2,1,3,0.6838937401771545,0.6734165549278259,0.6838937401771545,0.6734165549278259,0.5555555820465088,0.5833333134651184
2,1,4,0.6812534332275391,0.6737228035926819,0.6812534332275391,0.6737228035926819,0.5481481552124023,0.5416666865348816
2,1,5,0.6786640882492065,0.673931360244751,0.6786640882492065,0.673931360244751,0.5407407283782959,0.5833333134651184
2,1,6,0.6760663390159607,0.674075186252594,0.6760663390159607,0.674075186252594,0.5777778029441833,0.5833333134651184
2,1,7,0.6734606027603149,0.6742026209831238,0.6734606027603149,0.6742026209831238,0.585185170173645,0.5833333134651184
2,1,8,0.6708667874336243,0.6743521094322205,0.6708667874336243,0.6743521094322205,0.5777778029441833,0.5833333134651184
2,1,9,0.6683019995689392,0.6745443344116211,0.6683019995689392,0.6745443344116211,0.6000000238418579,0.5416666865348816
2,1,10,0.6657721400260925,0.6747837066650391,0.6657721400260925,0.6747837066650391,0.6074073910713196,0.5416666865348816
2,1,11,0.6632739901542664,0.6750656962394714,0.6632739901542664,0.6750656962394714,0.614814817905426,0.5416666865348816
2,1,12,0.660798966884613,0.6753826141357422,0.660798966884613,0.6753826141357422,0.614814817905426,0.5416666865348816
2,1,13,0.6583372354507446,0.6757277846336365,0.6583372354507446,0.6757277846336365,0.6222222447395325,0.5416666865348816
2,1,14,0.6558797359466553,0.6760962605476379,0.6558797359466553,0.6760962605476379,0.6370370388031006,0.5416666865348816
2,1,15,0.6534184217453003,0.6764857769012451,0.6534184217453003,0.6764857769012451,0.644444465637207,0.5416666865348816
2,1,16,0.6509464979171753,0.6768954396247864,0.6509464979171753,0.6768954396247864,0.644444465637207,0.5416666865348816
2,1,17,0.6484583616256714,0.677325427532196,0.6484583616256714,0.677325427532196,0.6370370388031006,0.5416666865348816
2,1,18,0.6459494829177856,0.6777765154838562,0.6459494829177856,0.6777765154838562,0.644444465637207,0.5416666865348816
2,1,19,0.6434158086776733,0.678249180316925,0.6434158086776733,0.678249180316925,0.644444465637207,0.5416666865348816
2,1,20,0.6408543586730957,0.678743839263916,0.6408543586730957,0.678743839263916,0.6592592597007751,0.5416666865348816
2,1,21,0.6382613182067871,0.6792603135108948,0.6382613182067871,0.6792603135108948,0.6592592597007751,0.5416666865348816
2,1,22,0.6356335282325745,0.6797986626625061,0.6356335282325745,0.6797986626625061,0.6666666865348816,0.5416666865348816
2,1,23,0.632966935634613,0.6803593039512634,0.632966935634613,0.6803593039512634,0.6592592597007751,0.5416666865348816
2,1,24,0.6302579045295715,0.680942952632904,0.6302579045295715,0.680942952632904,0.6592592597007751,0.5416666865348816
2,1,25,0.6275020241737366,0.6815518736839294,0.6275020241737366,0.6815518736839294,0.6592592597007751,0.5416666865348816
2,1,26,0.6246954202651978,0.6821889877319336,0.6246954202651978,0.6821889877319336,0.6666666865348816,0.5416666865348816
3,1,1,0.7100281715393066,0.7021570205688477,0.7100281715393066,0.7021570205688477,0.45185184478759766,0.4583333432674408
3,1,2,0.7013504505157471,0.6983682513237,0.7013504505157471,0.6983682513237,0.4740740656852722,0.375
3,1,3,0.6966918706893921,0.6961646676063538,0.6966918706893921,0.6961646676063538,0.4888888895511627,0.375
3,1,4,0.6933443546295166,0.694737434387207,0.6933443546295166,0.694737434387207,0.5185185074806213,0.4583333432674408
3,1,5,0.6906441450119019,0.693683385848999,0.6906441450119019,0.693683385848999,0.5407407283782959,0.5
3,1,6,0.688284158706665,0.6928176879882812,0.688284158706665,0.6928176879882812,0.5555555820465088,0.5
3,1,7,0.6861254572868347,0.6920663714408875,0.6861254572868347,0.6920663714408875,0.5703703761100769,0.5
3,1,8,0.6841030120849609,0.6913979649543762,0.6841030120849609,0.6913979649543762,0.5481481552124023,0.5416666865348816
3,1,9,0.6821754574775696,0.6907913088798523,0.6821754574775696,0.6907913088798523,0.5703703761100769,0.5416666865348816
3,1,10,0.6803062558174133,0.6902270317077637,0.6803062558174133,0.6902270317077637,0.5703703761100769,0.5
3,1,11,0.678463339805603,0.6896898746490479,0.678463339805603,0.6896898746490479,0.5629629492759705,0.5
3,1,12,0.6766226291656494,0.6891712546348572,0.6766226291656494,0.6891712546348572,0.585185170173645,0.5
3,1,13,0.6747704744338989,0.6886695027351379,0.6747704744338989,0.6886695027351379,0.6074073910713196,0.4583333432674408
3,1,14,0.6729025840759277,0.6881878972053528,0.6729025840759277,0.6881878972053528,0.6074073910713196,0.4583333432674408
3,1,15,0.6710209250450134,0.6877317428588867,0.6710209250450134,0.6877317428588867,0.6074073910713196,0.4583333432674408
3,1,16,0.6691299676895142,0.6873059868812561,0.6691299676895142,0.6873059868812561,0.6074073910713196,0.5416666865348816
3,1,17,0.6672340631484985,0.6869142651557922,0.6672340631484985,0.6869142651557922,0.6296296119689941,0.5416666865348816
3,1,18,0.6653360724449158,0.6865585446357727,0.6653360724449158,0.6865585446357727,0.6518518328666687,0.5833333134651184
3,1,19,0.6634367108345032,0.6862390041351318,0.6634367108345032,0.6862390041351318,0.6370370388031006,0.5833333134651184
3,1,20,0.6615346074104309,0.6859552264213562,0.6615346074104309,0.6859552264213562,0.6370370388031006,0.5833333134651184
3,1,21,0.6596273183822632,0.6857059597969055,0.6596273183822632,0.6857059597969055,0.6370370388031006,0.5416666865348816
3,1,22,0.6577111482620239,0.6854899525642395,0.6577111482620239,0.6854899525642395,0.6296296119689941,0.5416666865348816
3,1,23,0.6557818651199341,0.6853061318397522,0.6557818651199341,0.6853061318397522,0.6518518328666687,0.5416666865348816
3,1,24,0.6538351774215698,0.6851536631584167,0.6538351774215698,0.6851536631584167,0.644444465637207,0.5416666865348816
3,1,25,0.6518668532371521,0.6850323677062988,0.6518668532371521,0.6850323677062988,0.6518518328666687,0.5416666865348816
3,1,26,0.6498732566833496,0.6849424242973328,0.6498732566833496,0.6849424242973328,0.6592592597007751,0.5416666865348816
3,1,27,0.647850751876831,0.6848845481872559,0.647850751876831,0.6848845481872559,0.644444465637207,0.5833333134651184
3,1,28,0.6457961797714233,0.6848597526550293,0.6457961797714233,0.6848597526550293,0.6518518328666687,0.5833333134651184
3,1,29,0.6437065005302429,0.6848695874214172,0.6437065005302429,0.6848695874214172,0.6518518328666687,0.5833333134651184
3,1,30,0.6415784955024719,0.6849160194396973,0.6415784955024719,0.6849160194396973,0.644444465637207,0.5833333134651184
3,1,31,0.6394091844558716,0.6850010752677917,0.6394091844558716,0.6850010752677917,0.6592592597007751,0.5833333134651184
3,1,32,0.6371954083442688,0.6851269602775574,0.6371954083442688,0.6851269602775574,0.6740740537643433,0.5833333134651184
3,1,33,0.6349336504936218,0.6852967739105225,0.6349336504936218,0.6852967739105225,0.6666666865348816,0.5833333134651184
3,1,34,0.6326201558113098,0.6855134963989258,0.6326201558113098,0.6855134963989258,0.6740740537643433,0.5833333134651184
3,1,35,0.6302514672279358,0.6857805252075195,0.6302514672279358,0.6857805252075195,0.6740740537643433,0.5833333134651184
3,1,36,0.6278234124183655,0.6861022114753723,0.6278234124183655,0.6861022114753723,0.6740740537643433,0.5833333134651184
3,1,37,0.6253318786621094,0.6864832043647766,0.6253318786621094,0.6864832043647766,0.6740740537643433,0.5833333134651184
3,1,38,0.6227725744247437,0.6869287490844727,0.6227725744247437,0.6869287490844727,0.6740740537643433,0.5833333134651184
3,1,39,0.6201412081718445,0.6874451637268066,0.6201412081718445,0.6874451637268066,0.6740740537643433,0.5833333134651184
3,1,40,0.6174332499504089,0.6880394816398621,0.6174332499504089,0.6880394816398621,0.6740740537643433,0.5833333134651184
3,1,41,0.6146443486213684,0.6887195706367493,0.6146443486213684,0.6887195706367493,0.6740740537643433,0.5833333134651184
3,1,42,0.611769437789917,0.6894946098327637,0.611769437789917,0.6894946098327637,0.6888889074325562,0.5833333134651184
3,1,43,0.6088038086891174,0.6903746724128723,0.6088038086891174,0.6903746724128723,0.6888889074325562,0.5416666865348816
3,1,44,0.6057423949241638,0.6913712620735168,0.6057423949241638,0.6913712620735168,0.6962962746620178,0.5416666865348816
3,1,45,0.6025799512863159,0.6924970746040344,0.6025799512863159,0.6924970746040344,0.7037037014961243,0.5416666865348816
3,1,46,0.5993109345436096,0.6937668919563293,0.5993109345436096,0.6937668919563293,0.7037037014961243,0.5416666865348816
3,1,47,0.5959296226501465,0.6951966285705566,0.5959296226501465,0.6951966285705566,0.7037037014961243,0.5416666865348816
3,1,48,0.592430055141449,0.6968043446540833,0.592430055141449,0.6968043446540833,0.7111111283302307,0.5416666865348816
3,1,49,0.5888058543205261,0.698610246181488,0.5888058543205261,0.698610246181488,0.7185184955596924,0.5416666865348816
3,1,50,0.5850504040718079,0.7006359696388245,0.5850504040718079,0.7006359696388245,0.7259259223937988,0.5416666865348816
3,1,51,0.5811564922332764,0.7029058337211609,0.5811564922332764,0.7029058337211609,0.7259259223937988,0.5416666865348816
3,1,52,0.5771166086196899,0.7054457664489746,0.5771166086196899,0.7054457664489746,0.7407407164573669,0.5
3,1,53,0.5729225873947144,0.7082831263542175,0.5729225873947144,0.7082831263542175,0.7407407164573669,0.5
4,1,1,0.6928030252456665,0.686252772808075,0.6928030252456665,0.686252772808075,0.5111111402511597,0.6666666865348816
4,1,2,0.6889129281044006,0.6865229606628418,0.6889129281044006,0.6865229606628418,0.5185185074806213,0.6666666865348816
4,1,3,0.6871057748794556,0.6866934895515442,0.6871057748794556,0.6866934895515442,0.5185185074806213,0.6666666865348816
4,1,4,0.6855533719062805,0.6867561340332031,0.6855533719062805,0.6867561340332031,0.5555555820465088,0.6666666865348816
4,1,5,0.6840759515762329,0.6866911053657532,0.6840759515762329,0.6866911053657532,0.585185170173645,0.7083333134651184
4,1,6,0.6826019883155823,0.6864924430847168,0.6826019883155823,0.6864924430847168,0.6074073910713196,0.625
4,1,7,0.6810998916625977,0.6861698031425476,0.6810998916625977,0.6861698031425476,0.6296296119689941,0.625
4,1,8,0.6795610189437866,0.6857423782348633,0.6795610189437866,0.6857423782348633,0.6296296119689941,0.625
4,1,9,0.6779897212982178,0.685234785079956,0.6779897212982178,0.685234785079956,0.6370370388031006,0.5833333134651184
4,1,10,0.6763967871665955,0.6846714019775391,0.6763967871665955,0.6846714019775391,0.6518518328666687,0.5833333134651184
4,1,11,0.6747941374778748,0.684073269367218,0.6747941374778748,0.684073269367218,0.6370370388031006,0.5833333134651184
4,1,12,0.6731927394866943,0.6834571957588196,0.6731927394866943,0.6834571957588196,0.644444465637207,0.5833333134651184
4,1,13,0.6716002225875854,0.6828351020812988,0.6716002225875854,0.6828351020812988,0.644444465637207,0.6666666865348816
4,1,14,0.6700217127799988,0.6822142601013184,0.6700217127799988,0.6822142601013184,0.644444465637207,0.6666666865348816
4,1,15,0.6684592962265015,0.6815984845161438,0.6684592962265015,0.6815984845161438,0.6518518328666687,0.625
4,1,16,0.6669132113456726,0.6809890866279602,0.6669132113456726,0.6809890866279602,0.6518518328666687,0.625
4,1,17,0.6653818488121033,0.6803855299949646,0.6653818488121033,0.6803855299949646,0.6592592597007751,0.625
4,1,18,0.6638628244400024,0.679785966873169,0.6638628244400024,0.679785966873169,0.6592592597007751,0.625
4,1,19,0.6623533368110657,0.6791882514953613,0.6623533368110657,0.6791882514953613,0.6518518328666687,0.625
4,1,20,0.6608503460884094,0.6785898208618164,0.6608503460884094,0.6785898208618164,0.644444465637207,0.625
4,1,21,0.6593506932258606,0.6779883503913879,0.6593506932258606,0.6779883503913879,0.644444465637207,0.625
4,1,22,0.65785151720047,0.6773815751075745,0.65785151720047,0.6773815751075745,0.644444465637207,0.5833333134651184
4,1,23,0.656350314617157,0.6767675876617432,0.656350314617157,0.6767675876617432,0.6370370388031006,0.5833333134651184
4,1,24,0.6548445820808411,0.6761445999145508,0.6548445820808411,0.6761445999145508,0.6296296119689941,0.5833333134651184
4,1,25,0.6533322334289551,0.6755110621452332,0.6533322334289551,0.6755110621452332,0.6296296119689941,0.5833333134651184
4,1,26,0.6518113017082214,0.6748655438423157,0.6518113017082214,0.6748655438423157,0.6296296119689941,0.5833333134651184
4,1,27,0.6502800583839417,0.6742069125175476,0.6502800583839417,0.6742069125175476,0.6296296119689941,0.5833333134651184
4,1,28,0.648736834526062,0.6735338568687439,0.648736834526062,0.6735338568687439,0.644444465637207,0.5833333134651184
4,1,29,0.6471801400184631,0.6728453040122986,0.6471801400184631,0.6728453040122986,0.644444465637207,0.5833333134651184
4,1,30,0.6456083655357361,0.6721398234367371,0.6456083655357361,0.6721398234367371,0.644444465637207,0.5833333134651184
4,1,31,0.6440199613571167,0.6714161038398743,0.6440199613571167,0.6714161038398743,0.644444465637207,0.5833333134651184
4,1,32,0.6424135565757751,0.6706727147102356,0.6424135565757751,0.6706727147102356,0.6518518328666687,0.5833333134651184
4,1,33,0.6407874822616577,0.6699080467224121,0.6407874822616577,0.6699080467224121,0.6518518328666687,0.5833333134651184
4,1,34,0.639140248298645,0.6691204905509949,0.639140248298645,0.6691204905509949,0.6518518328666687,0.5833333134651184
4,1,35,0.6374702453613281,0.6683079600334167,0.6374702453613281,0.6683079600334167,0.6518518328666687,0.5833333134651184
4,1,36,0.635775625705719,0.6674683690071106,0.635775625705719,0.6674683690071106,0.6592592597007751,0.5833333134651184
4,1,37,0.6340548992156982,0.6665998101234436,0.6340548992156982,0.6665998101234436,0.6592592597007751,0.5833333134651184
4,1,38,0.6323062181472778,0.6656996607780457,0.6323062181472778,0.6656996607780457,0.6592592597007751,0.5833333134651184
4,1,39,0.6305277347564697,0.6647655367851257,0.6305277347564697,0.6647655367851257,0.6592592597007751,0.5833333134651184
4,1,40,0.6287175416946411,0.6637946963310242,0.6287175416946411,0.6637946963310242,0.6592592597007751,0.5833333134651184
4,1,41,0.626873791217804,0.6627841591835022,0.626873791217804,0.6627841591835022,0.6740740537643433,0.5833333134651184
4,1,42,0.624994158744812,0.6617311239242554,0.624994158744812,0.6617311239242554,0.6814814805984497,0.5833333134651184
4,1,43,0.6230764985084534,0.6606321334838867,0.6230764985084534,0.6606321334838867,0.6814814805984497,0.5833333134651184
4,1,44,0.621118426322937,0.6594839692115784,0.621118426322937,0.6594839692115784,0.6740740537643433,0.5833333134651184
4,1,45,0.6191173195838928,0.6582829356193542,0.6191173195838928,0.6582829356193542,0.6740740537643433,0.5833333134651184
4,1,46,0.617070198059082,0.6570255160331726,0.617070198059082,0.6570255160331726,0.6740740537643433,0.5833333134651184
4,1,47,0.6149739027023315,0.655707836151123,0.6149739027023315,0.655707836151123,0.6740740537643433,0.5833333134651184
4,1,48,0.6128249168395996,0.6543262600898743,0.6128249168395996,0.6543262600898743,0.6740740537643433,0.5833333134651184
4,1,49,0.6106189489364624,0.6528769135475159,0.6106189489364624,0.6528769135475159,0.6814814805984497,0.5833333134651184
4,1,50,0.6083517074584961,0.651356041431427,0.6083517074584961,0.651356041431427,0.6814814805984497,0.5833333134651184
4,1,51,0.6060177087783813,0.6497604250907898,0.6060177087783813,0.6497604250907898,0.6740740537643433,0.5833333134651184
4,1,52,0.603611171245575,0.6480868458747864,0.603611171245575,0.6480868458747864,0.6740740537643433,0.5833333134651184
4,1,53,0.6011250615119934,0.6463327407836914,0.6011250615119934,0.6463327407836914,0.6740740537643433,0.5833333134651184
4,1,54,0.5985518097877502,0.6444960236549377,0.5985518097877502,0.6444960236549377,0.6814814805984497,0.5833333134651184
4,1,55,0.5958823561668396,0.642575740814209,0.5958823561668396,0.642575740814209,0.6666666865348816,0.5833333134651184
4,1,56,0.5931063890457153,0.6405718922615051,0.5931063890457153,0.6405718922615051,0.6592592597007751,0.5833333134651184
4,1,57,0.5902127027511597,0.6384859085083008,0.5902127027511597,0.6384859085083008,0.6592592597007751,0.625
4,1,58,0.5871879458427429,0.6363212466239929,0.5871879458427429,0.6363212466239929,0.6592592597007751,0.625
4,1,59,0.5840176343917847,0.6340830326080322,0.5840176343917847,0.6340830326080322,0.6518518328666687,0.625
4,1,60,0.5806851387023926,0.6317794919013977,0.5806851387023926,0.6317794919013977,0.6518518328666687,0.625
4,1,61,0.5771721005439758,0.6294220089912415,0.5771721005439758,0.6294220089912415,0.6592592597007751,0.625
4,1,62,0.5734582543373108,0.6270259022712708,0.5734582543373108,0.6270259022712708,0.6740740537643433,0.625
4,1,63,0.5695211887359619,0.6246115565299988,0.5695211887359619,0.6246115565299988,0.6740740537643433,0.625
4,1,64,0.5653363466262817,0.6222057342529297,0.5653363466262817,0.6222057342529297,0.6814814805984497,0.625
4,1,65,0.5608774423599243,0.619843065738678,0.5608774423599243,0.619843065738678,0.6814814805984497,0.625
4,1,66,0.55611652135849,0.6175684332847595,0.55611652135849,0.6175684332847595,0.6814814805984497,0.625
4,1,67,0.5510244369506836,0.6154398918151855,0.5510244369506836,0.6154398918151855,0.6814814805984497,0.6666666865348816
4,1,68,0.5455719828605652,0.613531768321991,0.5455719828605652,0.613531768321991,0.6888889074325562,0.7083333134651184
4,1,69,0.5397310256958008,0.6119394898414612,0.5397310256958008,0.6119394898414612,0.6888889074325562,0.7083333134651184
4,1,70,0.533477246761322,0.6107848286628723,0.533477246761322,0.6107848286628723,0.6962962746620178,0.7083333134651184
4,1,71,0.5267930626869202,0.6102210879325867,0.5267930626869202,0.6102210879325867,0.7333333492279053,0.7083333134651184
4,1,72,0.5196722745895386,0.6104379892349243,0.5196722745895386,0.6104379892349243,0.7259259223937988,0.7083333134651184
4,1,73,0.5121254920959473,0.6116638779640198,0.5121254920959473,0.6116638779640198,0.7259259223937988,0.7083333134651184
4,1,74,0.5041869282722473,0.6141603589057922,0.5041869282722473,0.6141603589057922,0.7259259223937988,0.7083333134651184
4,1,75,0.4959188997745514,0.6182047724723816,0.4959188997745514,0.6182047724723816,0.7259259223937988,0.7083333134651184
4,1,76,0.4874139428138733,0.6240522265434265,0.4874139428138733,0.6240522265434265,0.7333333492279053,0.7083333134651184
4,1,77,0.47878825664520264,0.6318745017051697,0.47878825664520264,0.6318745017051697,0.7555555701255798,0.6666666865348816
4,1,78,0.4701634645462036,0.6416812539100647,0.4701634645462036,0.6416812539100647,0.7481481432914734,0.6666666865348816
4,1,79,0.46163901686668396,0.6532573103904724,0.46163901686668396,0.6532573103904724,0.7555555701255798,0.6666666865348816
4,1,80,0.45326295495033264,0.6661610007286072,0.45326295495033264,0.6661610007286072,0.7851851582527161,0.6666666865348816
4,1,81,0.44501811265945435,0.6798189282417297,0.44501811265945435,0.6798189282417297,0.7851851582527161,0.625
4,1,82,0.43683433532714844,0.69368976354599,0.43683433532714844,0.69368976354599,0.800000011920929,0.625
4,1,83,0.4286171495914459,0.7074124217033386,0.4286171495914459,0.7074124217033386,0.800000011920929,0.625
4,1,84,0.42027854919433594,0.7208650708198547,0.42027854919433594,0.7208650708198547,0.800000011920929,0.625
4,1,85,0.4117584228515625,0.7341311573982239,0.4117584228515625,0.7341311573982239,0.800000011920929,0.5833333134651184
4,1,86,0.40303269028663635,0.7474184632301331,0.40303269028663635,0.7474184632301331,0.8074073791503906,0.5833333134651184
4,1,87,0.3941056728363037,0.7609768509864807,0.3941056728363037,0.7609768509864807,0.8148148059844971,0.5833333134651184
4,1,88,0.38499099016189575,0.7750354409217834,0.38499099016189575,0.7750354409217834,0.8370370268821716,0.5833333134651184
4,1,89,0.37569451332092285,0.7897645831108093,0.37569451332092285,0.7897645831108093,0.8444444537162781,0.5833333134651184
4,1,90,0.3662106990814209,0.8052582740783691,0.3662106990814209,0.8052582740783691,0.8444444537162781,0.5416666865348816
4,1,91,0.35652950406074524,0.8215258717536926,0.35652950406074524,0.8215258717536926,0.8444444537162781,0.5416666865348816
4,1,92,0.3466448187828064,0.8384838104248047,0.3466448187828064,0.8384838104248047,0.8592592477798462,0.5416666865348816
4,1,93,0.3365609347820282,0.855954647064209,0.3365609347820282,0.855954647064209,0.8592592477798462,0.5416666865348816
4,1,94,0.3262954354286194,0.8736909031867981,0.3262954354286194,0.8736909031867981,0.8666666746139526,0.5416666865348816
4,1,95,0.31587424874305725,0.8914281725883484,0.31587424874305725,0.8914281725883484,0.8666666746139526,0.5416666865348816
4,1,96,0.3053174614906311,0.9089562296867371,0.3053174614906311,0.9089562296867371,0.8592592477798462,0.5416666865348816
5,1,1,0.7004318833351135,0.6967768669128418,0.7004318833351135,0.6967768669128418,0.5037037134170532,0.375
5,1,2,0.695242702960968,0.6973612904548645,0.695242702960968,0.6973612904548645,0.4962962865829468,0.5
5,1,3,0.6923882961273193,0.6984930038452148,0.6923882961273193,0.6984930038452148,0.5333333611488342,0.5833333134651184
5,1,4,0.690228283405304,0.6997591853141785,0.690228283405304,0.6997591853141785,0.5629629492759705,0.5833333134651184
5,1,5,0.6882755756378174,0.7009255290031433,0.6882755756378174,0.7009255290031433,0.5481481552124023,0.5833333134651184
5,1,6,0.6862705945968628,0.7019109725952148,0.6862705945968628,0.7019109725952148,0.5555555820465088,0.5833333134651184
5,1,7,0.6841208934783936,0.7027335166931152,0.6841208934783936,0.7027335166931152,0.5629629492759705,0.5833333134651184
5,1,8,0.681834876537323,0.7034545540809631,0.681834876537323,0.7034545540809631,0.5777778029441833,0.5833333134651184
5,1,9,0.679463803768158,0.704139769077301,0.679463803768158,0.704139769077301,0.585185170173645,0.5416666865348816
5,1,10,0.6770628094673157,0.7048401832580566,0.6770628094673157,0.7048401832580566,0.6000000238418579,0.5416666865348816
5,1,11,0.6746729612350464,0.7055866122245789,0.6746729612350464,0.7055866122245789,0.6222222447395325,0.5416666865348816
5,1,12,0.6723169684410095,0.7063935399055481,0.6723169684410095,0.7063935399055481,0.6222222447395325,0.5416666865348816
5,1,13,0.6700025200843811,0.7072649002075195,0.6700025200843811,0.7072649002075195,0.614814817905426,0.5416666865348816
5,1,14,0.6677265763282776,0.7081987857818604,0.6677265763282776,0.7081987857818604,0.614814817905426,0.5416666865348816
5,1,15,0.6654805541038513,0.7091917991638184,0.6654805541038513,0.7091917991638184,0.614814817905426,0.5833333134651184
5,1,16,0.6632531881332397,0.7102406620979309,0.6632531881332397,0.7102406620979309,0.6222222447395325,0.5833333134651184
5,1,17,0.6610326170921326,0.7113437056541443,0.6610326170921326,0.7113437056541443,0.6222222447395325,0.5833333134651184
5,1,18,0.6588073372840881,0.712501049041748,0.6588073372840881,0.712501049041748,0.6222222447395325,0.5416666865348816
5,1,19,0.6565674543380737,0.7137143015861511,0.6565674543380737,0.7137143015861511,0.6370370388031006,0.5416666865348816
5,1,20,0.6543043255805969,0.7149873375892639,0.6543043255805969,0.7149873375892639,0.6370370388031006,0.5416666865348816
5,1,21,0.6520111560821533,0.7163252830505371,0.6520111560821533,0.7163252830505371,0.6518518328666687,0.5416666865348816
5,1,22,0.6496824622154236,0.7177346348762512,0.6496824622154236,0.7177346348762512,0.6592592597007751,0.5416666865348816
5,1,23,0.6473140120506287,0.7192230224609375,0.6473140120506287,0.7192230224609375,0.6666666865348816,0.5
5,1,24,0.6449026465415955,0.7207991480827332,0.6449026465415955,0.7207991480827332,0.6814814805984497,0.5416666865348816
5,1,25,0.6424456238746643,0.7224726676940918,0.6424456238746643,0.7224726676940918,0.6814814805984497,0.5416666865348816
5,1,26,0.6399405002593994,0.7242541909217834,0.6399405002593994,0.7242541909217834,0.6740740537643433,0.5416666865348816
6,1,1,0.71135413646698,0.6922418475151062,0.71135413646698,0.6922418475151062,0.4148148000240326,0.5833333134651184
6,1,2,0.7046834826469421,0.6895646452903748,0.7046834826469421,0.6895646452903748,0.48148149251937866,0.625
6,1,3,0.7009159922599792,0.6881846785545349,0.7009159922599792,0.6881846785545349,0.4592592716217041,0.5833333134651184
6,1,4,0.6983495354652405,0.6877501010894775,0.6983495354652405,0.6877501010894775,0.4962962865829468,0.5
6,1,5,0.6963643431663513,0.6877327561378479,0.6963643431663513,0.6877327561378479,0.5185185074806213,0.5416666865348816
6,1,6,0.694456934928894,0.6877411007881165,0.694456934928894,0.6877411007881165,0.5259259343147278,0.5416666865348816
6,1,7,0.6923335194587708,0.6875836849212646,0.6923335194587708,0.6875836849212646,0.5259259343147278,0.5416666865348816
6,1,8,0.6898994445800781,0.6872282028198242,0.6898994445800781,0.6872282028198242,0.5333333611488342,0.5416666865348816
6,1,9,0.687191903591156,0.6867282390594482,0.687191903591156,0.6867282390594482,0.5407407283782959,0.5416666865348816
6,1,10,0.6843045949935913,0.6861618161201477,0.6843045949935913,0.6861618161201477,0.5481481552124023,0.5416666865348816
6,1,11,0.6813344359397888,0.6855953335762024,0.6813344359397888,0.6855953335762024,0.5481481552124023,0.5416666865348816
6,1,12,0.6783545613288879,0.6850714683532715,0.6783545613288879,0.6850714683532715,0.5555555820465088,0.5416666865348816
6,1,13,0.6754080653190613,0.6846105456352234,0.6754080653190613,0.6846105456352234,0.5481481552124023,0.5
6,1,14,0.6725127100944519,0.6842178702354431,0.6725127100944519,0.6842178702354431,0.5481481552124023,0.5416666865348816
6,1,15,0.669669508934021,0.6838894486427307,0.669669508934021,0.6838894486427307,0.5629629492759705,0.5416666865348816
6,1,16,0.6668687462806702,0.6836175918579102,0.6668687462806702,0.6836175918579102,0.585185170173645,0.5416666865348816
6,1,17,0.664096474647522,0.6833928227424622,0.664096474647522,0.6833928227424622,0.5703703761100769,0.5416666865348816
6,1,18,0.6613364815711975,0.6832056641578674,0.6613364815711975,0.6832056641578674,0.5703703761100769,0.5416666865348816
6,1,19,0.6585735082626343,0.6830481886863708,0.6585735082626343,0.6830481886863708,0.5703703761100769,0.5416666865348816
6,1,20,0.6557936668395996,0.6829137802124023,0.6557936668395996,0.6829137802124023,0.5703703761100769,0.5416666865348816
6,1,21,0.6529852151870728,0.6827983260154724,0.6529852151870728,0.6827983260154724,0.5703703761100769,0.5416666865348816
6,1,22,0.6501391530036926,0.6826996803283691,0.6501391530036926,0.6826996803283691,0.5777778029441833,0.5416666865348816
6,1,23,0.6472486257553101,0.6826176643371582,0.6472486257553101,0.6826176643371582,0.5925925970077515,0.5833333134651184
6,1,24,0.6443084478378296,0.6825532913208008,0.6443084478378296,0.6825532913208008,0.6000000238418579,0.5833333134651184
6,1,25,0.6413143277168274,0.6825085282325745,0.6413143277168274,0.6825085282325745,0.6074073910713196,0.5833333134651184
6,1,26,0.6382623314857483,0.6824851632118225,0.6382623314857483,0.6824851632118225,0.6222222447395325,0.5833333134651184
6,1,27,0.6351485252380371,0.6824848055839539,0.6351485252380371,0.6824848055839539,0.6296296119689941,0.5416666865348816
6,1,28,0.6319681406021118,0.6825081706047058,0.6319681406021118,0.6825081706047058,0.6370370388031006,0.5416666865348816
6,1,29,0.6287161111831665,0.6825558543205261,0.6287161111831665,0.6825558543205261,0.644444465637207,0.5416666865348816
6,1,30,0.6253871321678162,0.6826278567314148,0.6253871321678162,0.6826278567314148,0.6370370388031006,0.5416666865348816
6,1,31,0.6219756007194519,0.6827237010002136,0.6219756007194519,0.6827237010002136,0.644444465637207,0.5416666865348816
6,1,32,0.6184759736061096,0.6828436851501465,0.6184759736061096,0.6828436851501465,0.6518518328666687,0.5416666865348816
6,1,33,0.6148836612701416,0.6829884648323059,0.6148836612701416,0.6829884648323059,0.6518518328666687,0.5833333134651184
6,1,34,0.6111946702003479,0.6831600069999695,0.6111946702003479,0.6831600069999695,0.6518518328666687,0.5416666865348816
6,1,35,0.6074066162109375,0.683361828327179,0.6074066162109375,0.683361828327179,0.6666666865348816,0.5416666865348816
6,1,36,0.6035186648368835,0.6835995316505432,0.6035186648368835,0.6835995316505432,0.6814814805984497,0.5416666865348816
6,1,37,0.5995317101478577,0.6838813424110413,0.5995317101478577,0.6838813424110413,0.6666666865348816,0.5416666865348816
6,1,38,0.5954489707946777,0.6842189431190491,0.5954489707946777,0.6842189431190491,0.6740740537643433,0.5416666865348816
6,1,39,0.5912758708000183,0.6846281886100769,0.5912758708000183,0.6846281886100769,0.6740740537643433,0.5416666865348816
6,1,40,0.587020218372345,0.6851296424865723,0.587020218372345,0.6851296424865723,0.6962962746620178,0.5416666865348816
6,1,41,0.5826919674873352,0.6857500076293945,0.5826919674873352,0.6857500076293945,0.7037037014961243,0.5833333134651184
6,1,42,0.5783030986785889,0.6865212917327881,0.5783030986785889,0.6865212917327881,0.6962962746620178,0.5833333134651184
6,1,43,0.5738663077354431,0.6874790191650391,0.5738663077354431,0.6874790191650391,0.7037037014961243,0.5833333134651184
6,1,44,0.5693944096565247,0.6886594891548157,0.5693944096565247,0.6886594891548157,0.7259259223937988,0.5833333134651184
6,1,45,0.5648975968360901,0.6900936961174011,0.5648975968360901,0.6900936961174011,0.7481481432914734,0.5833333134651184
6,1,46,0.5603817105293274,0.6918017268180847,0.5603817105293274,0.6918017268180847,0.7407407164573669,0.5833333134651184
6,1,47,0.5558457374572754,0.6937875151634216,0.5558457374572754,0.6937875151634216,0.7407407164573669,0.6666666865348816
6,1,48,0.5512809157371521,0.6960372924804688,0.5512809157371521,0.6960372924804688,0.7481481432914734,0.6666666865348816
6,1,49,0.5466699004173279,0.6985233426094055,0.5466699004173279,0.6985233426094055,0.7481481432914734,0.6666666865348816
6,1,50,0.5419893860816956,0.7012142539024353,0.5419893860816956,0.7012142539024353,0.7481481432914734,0.6666666865348816
6,1,51,0.5372138619422913,0.7040872573852539,0.5372138619422913,0.7040872573852539,0.7481481432914734,0.6666666865348816
7,1,1,0.7049472332000732,0.687027633190155,0.7049472332000732,0.687027633190155,0.5185185074806213,0.5416666865348816
7,1,2,0.699122965335846,0.6887996196746826,0.699122965335846,0.6887996196746826,0.4962962865829468,0.5416666865348816
7,1,3,0.6964577436447144,0.6908936500549316,0.6964577436447144,0.6908936500549316,0.5259259343147278,0.5416666865348816
7,1,4,0.6943379640579224,0.6929776072502136,0.6943379640579224,0.6929776072502136,0.5185185074806213,0.5416666865348816
7,1,5,0.6924945116043091,0.6948554515838623,0.6924945116043091,0.6948554515838623,0.5259259343147278,0.5416666865348816
7,1,6,0.6907724738121033,0.6964216828346252,0.6907724738121033,0.6964216828346252,0.5185185074806213,0.5416666865348816
7,1,7,0.6890721321105957,0.6976513266563416,0.6890721321105957,0.6976513266563416,0.5185185074806213,0.5416666865348816
7,1,8,0.6873410940170288,0.6985793113708496,0.6873410940170288,0.6985793113708496,0.5259259343147278,0.5416666865348816
7,1,9,0.6855648159980774,0.6992738246917725,0.6855648159980774,0.6992738246917725,0.5407407283782959,0.5416666865348816
7,1,10,0.6837507486343384,0.699812114238739,0.6837507486343384,0.699812114238739,0.5481481552124023,0.5416666865348816
7,1,11,0.6819159388542175,0.7002639770507812,0.6819159388542175,0.7002639770507812,0.5629629492759705,0.5416666865348816
7,1,12,0.6800780892372131,0.7006837725639343,0.6800780892372131,0.7006837725639343,0.5629629492759705,0.5416666865348816
7,1,13,0.6782506108283997,0.7011080384254456,0.6782506108283997,0.7011080384254456,0.5703703761100769,0.5416666865348816
7,1,14,0.6764422655105591,0.7015578746795654,0.6764422655105591,0.7015578746795654,0.5703703761100769,0.5416666865348816
7,1,15,0.6746567487716675,0.7020419239997864,0.6746567487716675,0.7020419239997864,0.5777778029441833,0.5416666865348816
7,1,16,0.6728945970535278,0.7025604248046875,0.6728945970535278,0.7025604248046875,0.5777778029441833,0.5416666865348816
7,1,17,0.6711539030075073,0.7031087875366211,0.6711539030075073,0.7031087875366211,0.585185170173645,0.5416666865348816
7,1,18,0.6694310903549194,0.7036799788475037,0.6694310903549194,0.7036799788475037,0.5925925970077515,0.5416666865348816
7,1,19,0.6677220463752747,0.7042662501335144,0.6677220463752747,0.7042662501335144,0.5925925970077515,0.5416666865348816
7,1,20,0.6660224199295044,0.7048606872558594,0.6660224199295044,0.7048606872558594,0.6000000238418579,0.5416666865348816
7,1,21,0.6643279194831848,0.7054575085639954,0.6643279194831848,0.7054575085639954,0.6000000238418579,0.5416666865348816
7,1,22,0.6626347899436951,0.7060529589653015,0.6626347899436951,0.7060529589653015,0.5925925970077515,0.5833333134651184
7,1,23,0.6609390377998352,0.7066440582275391,0.6609390377998352,0.7066440582275391,0.5925925970077515,0.5833333134651184
7,1,24,0.659237802028656,0.7072296738624573,0.659237802028656,0.7072296738624573,0.6074073910713196,0.5833333134651184
7,1,25,0.6575279235839844,0.7078092098236084,0.6575279235839844,0.7078092098236084,0.6074073910713196,0.5416666865348816
7,1,26,0.6558067798614502,0.7083826065063477,0.6558067798614502,0.7083826065063477,0.6074073910713196,0.5416666865348816
8,1,1,0.699436604976654,0.6782482266426086,0.699436604976654,0.6782482266426086,0.4632352888584137,0.5
8,1,2,0.6922603845596313,0.6778337955474854,0.6922603845596313,0.6778337955474854,0.5220588445663452,0.5833333134651184
8,1,3,0.6887366771697998,0.677389919757843,0.6887366771697998,0.677389919757843,0.529411792755127,0.5833333134651184
8,1,4,0.6858809590339661,0.6769139170646667,0.6858809590339661,0.6769139170646667,0.5441176295280457,0.5833333134651184
8,1,5,0.6833398938179016,0.6764305233955383,0.6833398938179016,0.6764305233955383,0.5661764740943909,0.5833333134651184
8,1,6,0.6809893846511841,0.675957202911377,0.6809893846511841,0.675957202911377,0.5661764740943909,0.5416666865348816
8,1,7,0.6787619590759277,0.6755000948905945,0.6787619590759277,0.6755000948905945,0.5735294222831726,0.5416666865348816
8,1,8,0.6766120195388794,0.6750586628913879,0.6766120195388794,0.6750586628913879,0.5808823704719543,0.5416666865348816
8,1,9,0.674508810043335,0.6746309399604797,0.674508810043335,0.6746309399604797,0.6029411554336548,0.5416666865348816
8,1,10,0.6724337339401245,0.6742158532142639,0.6724337339401245,0.6742158532142639,0.625,0.5416666865348816
8,1,11,0.6703781485557556,0.6738141179084778,0.6703781485557556,0.6738141179084778,0.6470588445663452,0.5416666865348816
8,1,12,0.6683400273323059,0.6734269261360168,0.6683400273323059,0.6734269261360168,0.654411792755127,0.5416666865348816
8,1,13,0.6663204431533813,0.6730557084083557,0.6663204431533813,0.6730557084083557,0.6470588445663452,0.5416666865348816
8,1,14,0.6643210649490356,0.6727010607719421,0.6643210649490356,0.6727010607719421,0.654411792755127,0.5833333134651184
8,1,15,0.6623423099517822,0.6723629832267761,0.6623423099517822,0.6723629832267761,0.654411792755127,0.5833333134651184
8,1,16,0.6603829860687256,0.6720412373542786,0.6603829860687256,0.6720412373542786,0.6617646813392639,0.5833333134651184
8,1,17,0.6584401726722717,0.6717360019683838,0.6584401726722717,0.6717360019683838,0.6470588445663452,0.5833333134651184
8,1,18,0.6565096378326416,0.6714472770690918,0.6565096378326416,0.6714472770690918,0.6470588445663452,0.5833333134651184
8,1,19,0.6545860171318054,0.6711757183074951,0.6545860171318054,0.6711757183074951,0.6397058963775635,0.5416666865348816
8,1,20,0.6526637077331543,0.6709224581718445,0.6526637077331543,0.6709224581718445,0.6397058963775635,0.5416666865348816
8,1,21,0.6507368683815002,0.6706889271736145,0.6507368683815002,0.6706889271736145,0.6397058963775635,0.5416666865348816
8,1,22,0.6487998962402344,0.6704769730567932,0.6487998962402344,0.6704769730567932,0.6397058963775635,0.5416666865348816
8,1,23,0.6468473672866821,0.6702888011932373,0.6468473672866821,0.6702888011932373,0.6397058963775635,0.5416666865348816
8,1,24,0.6448740363121033,0.6701266765594482,0.6448740363121033,0.6701266765594482,0.6470588445663452,0.5416666865348816
8,1,25,0.6428747773170471,0.6699932217597961,0.6428747773170471,0.6699932217597961,0.654411792755127,0.5416666865348816
8,1,26,0.6408444046974182,0.6698915362358093,0.6408444046974182,0.6698915362358093,0.6470588445663452,0.5416666865348816
8,1,27,0.6387777328491211,0.6698247790336609,0.6387777328491211,0.6698247790336609,0.6470588445663452,0.5416666865348816
8,1,28,0.6366691589355469,0.6697970032691956,0.6366691589355469,0.6697970032691956,0.6470588445663452,0.5416666865348816
8,1,29,0.6345124244689941,0.6698129773139954,0.6345124244689941,0.6698129773139954,0.6617646813392639,0.5416666865348816
8,1,30,0.6323007941246033,0.6698777675628662,0.6323007941246033,0.6698777675628662,0.6617646813392639,0.5416666865348816
8,1,31,0.6300267577171326,0.6699979305267334,0.6300267577171326,0.6699979305267334,0.6617646813392639,0.5833333134651184
8,1,32,0.6276816725730896,0.6701810359954834,0.6276816725730896,0.6701810359954834,0.6838235259056091,0.5833333134651184
8,1,33,0.6252561807632446,0.6704360842704773,0.6252561807632446,0.6704360842704773,0.6838235259056091,0.5833333134651184
8,1,34,0.6227394938468933,0.6707737445831299,0.6227394938468933,0.6707737445831299,0.6838235259056091,0.5833333134651184
8,1,35,0.6201194524765015,0.6712068915367126,0.6201194524765015,0.6712068915367126,0.6838235259056091,0.5833333134651184
8,1,36,0.6173821091651917,0.6717507839202881,0.6173821091651917,0.6717507839202881,0.6911764740943909,0.5833333134651184
8,1,37,0.6145114898681641,0.67242431640625,0.6145114898681641,0.67242431640625,0.6911764740943909,0.5833333134651184
8,1,38,0.6114888787269592,0.673250138759613,0.6114888787269592,0.673250138759613,0.6838235259056091,0.5833333134651184
8,1,39,0.608292818069458,0.6742566227912903,0.608292818069458,0.6742566227912903,0.6985294222831726,0.5833333134651184
8,1,40,0.6048975586891174,0.6754787564277649,0.6048975586891174,0.6754787564277649,0.7132353186607361,0.5833333134651184
8,1,41,0.6012731194496155,0.6769611239433289,0.6012731194496155,0.6769611239433289,0.7058823704719543,0.5833333134651184
8,1,42,0.5973837971687317,0.6787595748901367,0.5973837971687317,0.6787595748901367,0.7132353186607361,0.5833333134651184
8,1,43,0.5931869745254517,0.6809470057487488,0.5931869745254517,0.6809470057487488,0.720588207244873,0.5833333134651184
8,1,44,0.588632345199585,0.6836175322532654,0.588632345199585,0.6836175322532654,0.7132353186607361,0.5833333134651184
8,1,45,0.5836601853370667,0.6868948340415955,0.5836601853370667,0.6868948340415955,0.7352941036224365,0.5833333134651184
8,1,46,0.5782010555267334,0.6909434199333191,0.5782010555267334,0.6909434199333191,0.7426470518112183,0.625
8,1,47,0.5721760392189026,0.6959831714630127,0.5721760392189026,0.6959831714630127,0.7426470518112183,0.625
8,1,48,0.565500020980835,0.702307403087616,0.565500020980835,0.702307403087616,0.7426470518112183,0.625
8,1,49,0.5580900311470032,0.7102999687194824,0.5580900311470032,0.7102999687194824,0.7573529481887817,0.625
8,1,50,0.5498827695846558,0.7204378247261047,0.5498827695846558,0.7204378247261047,0.75,0.625
8,1,51,0.5408635139465332,0.7332361340522766,0.5408635139465332,0.7332361340522766,0.7573529481887817,0.625
8,1,52,0.5311018228530884,0.749065101146698,0.5311018228530884,0.749065101146698,0.7720588445663452,0.5833333134651184
8,1,53,0.5207667350769043,0.7677558064460754,0.5207667350769043,0.7677558064460754,0.779411792755127,0.5416666865348816
9,1,1,0.6959325075149536,0.7359378933906555,0.6959325075149536,0.7359378933906555,0.529411792755127,0.4166666567325592
9,1,2,0.6885045766830444,0.7337076663970947,0.6885045766830444,0.7337076663970947,0.5441176295280457,0.4166666567325592
9,1,3,0.6839407086372375,0.7331355214118958,0.6839407086372375,0.7331355214118958,0.5367646813392639,0.5
9,1,4,0.6807398796081543,0.7336893677711487,0.6807398796081543,0.7336893677711487,0.5661764740943909,0.4583333432674408
9,1,5,0.6782211661338806,0.734912633895874,0.6782211661338806,0.734912633895874,0.595588207244873,0.4166666567325592
9,1,6,0.6759677529335022,0.7365109324455261,0.6759677529335022,0.7365109324455261,0.6176470518112183,0.4166666567325592
9,1,7,0.6737866401672363,0.7383186221122742,0.6737866401672363,0.7383186221122742,0.6029411554336548,0.4166666567325592
9,1,8,0.6716188788414001,0.7402409911155701,0.6716188788414001,0.7402409911155701,0.6029411554336548,0.4166666567325592
9,1,9,0.66945880651474,0.7422142028808594,0.66945880651474,0.7422142028808594,0.6029411554336548,0.4583333432674408
9,1,10,0.667307436466217,0.7441923022270203,0.667307436466217,0.7441923022270203,0.6029411554336548,0.4583333432674408
9,1,11,0.6651595830917358,0.7461462020874023,0.6651595830917358,0.7461462020874023,0.6102941036224365,0.4583333432674408
9,1,12,0.6630072593688965,0.7480657696723938,0.6630072593688965,0.7480657696723938,0.6176470518112183,0.4583333432674408
9,1,13,0.6608447432518005,0.749958336353302,0.6608447432518005,0.749958336353302,0.6176470518112183,0.4583333432674408
9,1,14,0.6586704254150391,0.7518420219421387,0.6586704254150391,0.7518420219421387,0.6323529481887817,0.4583333432674408
9,1,15,0.6564851999282837,0.7537396550178528,0.6564851999282837,0.7537396550178528,0.6470588445663452,0.4583333432674408
9,1,16,0.6542896628379822,0.7556726932525635,0.6542896628379822,0.7556726932525635,0.654411792755127,0.4583333432674408
9,1,17,0.6520822048187256,0.7576586604118347,0.6520822048187256,0.7576586604118347,0.654411792755127,0.4583333432674408
9,1,18,0.6498594880104065,0.7597110867500305,0.6498594880104065,0.7597110867500305,0.654411792755127,0.5
9,1,19,0.6476159691810608,0.7618395686149597,0.6476159691810608,0.7618395686149597,0.654411792755127,0.5
9,1,20,0.6453455090522766,0.7640517354011536,0.6453455090522766,0.7640517354011536,0.6691176295280457,0.5
9,1,21,0.6430414915084839,0.7663546204566956,0.6430414915084839,0.7663546204566956,0.6691176295280457,0.5
9,1,22,0.6406973600387573,0.7687563896179199,0.6406973600387573,0.7687563896179199,0.6691176295280457,0.5
9,1,23,0.6383064389228821,0.7712669372558594,0.6383064389228821,0.7712669372558594,0.6764705777168274,0.5
9,1,24,0.6358621716499329,0.773899495601654,0.6358621716499329,0.773899495601654,0.6764705777168274,0.5
9,1,25,0.63335782289505,0.7766706943511963,0.63335782289505,0.7766706943511963,0.6838235259056091,0.5
9,1,26,0.6307860016822815,0.7796013951301575,0.6307860016822815,0.7796013951301575,0.6838235259056091,0.4583333432674408
9,1,27,0.6281390190124512,0.7827165126800537,0.6281390190124512,0.7827165126800537,0.6985294222831726,0.4583333432674408
9,1,28,0.6254078149795532,0.7860462069511414,0.6254078149795532,0.7860462069511414,0.6985294222831726,0.4583333432674408
10,1,1,0.7003817558288574,0.6831901669502258,0.7003817558288574,0.6831901669502258,0.4264705777168274,0.5416666865348816
10,1,2,0.6932908296585083,0.6855575442314148,0.6932908296585083,0.6855575442314148,0.5,0.5
10,1,3,0.6901553869247437,0.6874611973762512,0.6901553869247437,0.6874611973762512,0.5514705777168274,0.4583333432674408
10,1,4,0.6875935792922974,0.6892616152763367,0.6875935792922974,0.6892616152763367,0.5661764740943909,0.4583333432674408
10,1,5,0.685296893119812,0.691085159778595,0.685296893119812,0.691085159778595,0.6102941036224365,0.4166666567325592
10,1,6,0.6831563115119934,0.6929760575294495,0.6831563115119934,0.6929760575294495,0.6397058963775635,0.375
10,1,7,0.6811099052429199,0.6949425339698792,0.6811099052429199,0.6949425339698792,0.6397058963775635,0.3333333432674408
10,1,8,0.6791167259216309,0.6969769597053528,0.6791167259216309,0.6969769597053528,0.6397058963775635,0.3333333432674408
10,1,9,0.6771497130393982,0.6990655064582825,0.6771497130393982,0.6990655064582825,0.6617646813392639,0.3333333432674408
10,1,10,0.6751928925514221,0.7011935710906982,0.6751928925514221,0.7011935710906982,0.654411792755127,0.3333333432674408
10,1,11,0.6732382774353027,0.7033479809761047,0.6732382774353027,0.7033479809761047,0.6617646813392639,0.375
10,1,12,0.6712836027145386,0.7055172920227051,0.6712836027145386,0.7055172920227051,0.6470588445663452,0.4166666567325592
10,1,13,0.6693289279937744,0.7076928019523621,0.6693289279937744,0.7076928019523621,0.6470588445663452,0.5
10,1,14,0.6673765182495117,0.7098674178123474,0.6673765182495117,0.7098674178123474,0.6397058963775635,0.5
10,1,15,0.6654284596443176,0.7120364308357239,0.6654284596443176,0.7120364308357239,0.625,0.5
10,1,16,0.6634862422943115,0.7141964435577393,0.6634862422943115,0.7141964435577393,0.6323529481887817,0.5
10,1,17,0.6615508198738098,0.7163453102111816,0.6615508198738098,0.7163453102111816,0.6323529481887817,0.5
10,1,18,0.659622073173523,0.7184820175170898,0.659622073173523,0.7184820175170898,0.6323529481887817,0.5
10,1,19,0.6576991081237793,0.7206066250801086,0.6576991081237793,0.7206066250801086,0.625,0.4583333432674408
10,1,20,0.6557801961898804,0.722719669342041,0.6557801961898804,0.722719669342041,0.6323529481887817,0.4583333432674408
10,1,21,0.6538628935813904,0.7248218655586243,0.6538628935813904,0.7248218655586243,0.6323529481887817,0.4583333432674408
10,1,22,0.6519445180892944,0.7269147038459778,0.6519445180892944,0.7269147038459778,0.6323529481887817,0.4583333432674408
10,1,23,0.6500219702720642,0.7289997935295105,0.6500219702720642,0.7289997935295105,0.6323529481887817,0.4583333432674408
10,1,24,0.6480920314788818,0.7310786247253418,0.6480920314788818,0.7310786247253418,0.6323529481887817,0.4583333432674408
10,1,25,0.6461512446403503,0.7331530451774597,0.6461512446403503,0.7331530451774597,0.6397058963775635,0.4583333432674408
10,1,26,0.6441962122917175,0.735224723815918,0.6441962122917175,0.735224723815918,0.6323529481887817,0.4583333432674408
11,2,1,0.6997533440589905,0.6817535758018494,0.6997533440589905,0.6817535758018494,0.5037037134170532,0.625
11,2,2,0.6956401467323303,0.6819093823432922,0.6956401467323303,0.6819093823432922,0.5259259343147278,0.5833333134651184
11,2,3,0.6934099197387695,0.6824066042900085,0.6934099197387695,0.6824066042900085,0.5037037134170532,0.5833333134651184
11,2,4,0.6916382312774658,0.6831085681915283,0.6916382312774658,0.6831085681915283,0.5185185074806213,0.5416666865348816
11,2,5,0.6901150345802307,0.6838552355766296,0.6901150345802307,0.6838552355766296,0.5333333611488342,0.5416666865348816
11,2,6,0.6886873245239258,0.6845284104347229,0.6886873245239258,0.6845284104347229,0.5407407283782959,0.5416666865348816
11,2,7,0.6872518062591553,0.6850681900978088,0.6872518062591553,0.6850681900978088,0.5481481552124023,0.5
11,2,8,0.6857542395591736,0.6854655146598816,0.6857542395591736,0.6854655146598816,0.5481481552124023,0.5
11,2,9,0.6841784715652466,0.6857450008392334,0.6841784715652466,0.6857450008392334,0.5481481552124023,0.5
11,2,10,0.6825326085090637,0.6859481334686279,0.6825326085090637,0.6859481334686279,0.5481481552124023,0.5416666865348816
11,2,11,0.6808356046676636,0.6861197352409363,0.6808356046676636,0.6861197352409363,0.5555555820465088,0.5416666865348816
11,2,12,0.6791086196899414,0.6862999796867371,0.6791086196899414,0.6862999796867371,0.5555555820465088,0.5416666865348816
11,2,13,0.6773691773414612,0.6865203976631165,0.6773691773414612,0.6865203976631165,0.5703703761100769,0.5833333134651184
11,2,14,0.6756295561790466,0.6868042945861816,0.6756295561790466,0.6868042945861816,0.5703703761100769,0.5833333134651184
11,2,15,0.6738966703414917,0.687166690826416,0.6738966703414917,0.687166690826416,0.5703703761100769,0.5833333134651184
11,2,16,0.6721729040145874,0.6876168251037598,0.6721729040145874,0.6876168251037598,0.585185170173645,0.5833333134651184
11,2,17,0.6704568862915039,0.6881596446037292,0.6704568862915039,0.6881596446037292,0.585185170173645,0.5833333134651184
11,2,18,0.6687453389167786,0.6887981295585632,0.6687453389167786,0.6887981295585632,0.6000000238418579,0.5833333134651184
11,2,19,0.6670328378677368,0.689533531665802,0.6670328378677368,0.689533531665802,0.5925925970077515,0.5833333134651184
11,2,20,0.6653137803077698,0.6903674006462097,0.6653137803077698,0.6903674006462097,0.585185170173645,0.5833333134651184
11,2,21,0.6635817885398865,0.6913016438484192,0.6635817885398865,0.6913016438484192,0.5925925970077515,0.5833333134651184
11,2,22,0.6618304252624512,0.6923395991325378,0.6618304252624512,0.6923395991325378,0.6074073910713196,0.5833333134651184
11,2,23,0.6600532531738281,0.6934857368469238,0.6600532531738281,0.6934857368469238,0.614814817905426,0.5833333134651184
11,2,24,0.6582440137863159,0.6947464942932129,0.6582440137863159,0.6947464942932129,0.6000000238418579,0.5833333134651184
11,2,25,0.6563963890075684,0.6961299777030945,0.6563963890075684,0.6961299777030945,0.614814817905426,0.625
11,2,26,0.6545044183731079,0.6976458430290222,0.6545044183731079,0.6976458430290222,0.6222222447395325,0.625
12,2,1,0.7058979868888855,0.6940409541130066,0.7058979868888855,0.6940409541130066,0.43703705072402954,0.4166666567325592
12,2,2,0.6992227435112,0.6931688785552979,0.6992227435112,0.6931688785552979,0.5185185074806213,0.5
12,2,3,0.6955254077911377,0.6933534145355225,0.6955254077911377,0.6933534145355225,0.4888888895511627,0.5416666865348816
12,2,4,0.6930667161941528,0.6939721703529358,0.6930667161941528,0.6939721703529358,0.5259259343147278,0.5
12,2,5,0.6911501288414001,0.6945350766181946,0.6911501288414001,0.6945350766181946,0.5185185074806213,0.5
12,2,6,0.6893248558044434,0.6948189735412598,0.6893248558044434,0.6948189735412598,0.5111111402511597,0.5416666865348816
12,2,7,0.6873863935470581,0.6948122978210449,0.6873863935470581,0.6948122978210449,0.5111111402511597,0.5
12,2,8,0.6853011250495911,0.6946099400520325,0.6853011250495911,0.6946099400520325,0.5407407283782959,0.5
12,2,9,0.6831169128417969,0.6943280100822449,0.6831169128417969,0.6943280100822449,0.5407407283782959,0.5
12,2,10,0.6808961629867554,0.6940569281578064,0.6808961629867554,0.6940569281578064,0.5703703761100769,0.5
12,2,11,0.6786857843399048,0.6938498616218567,0.6786857843399048,0.6938498616218567,0.585185170173645,0.5
12,2,12,0.676509439945221,0.693727970123291,0.676509439945221,0.693727970123291,0.6000000238418579,0.5416666865348816
12,2,13,0.6743725538253784,0.6936923861503601,0.6743725538253784,0.6936923861503601,0.6222222447395325,0.5416666865348816
12,2,14,0.6722702980041504,0.6937353014945984,0.6722702980041504,0.6937353014945984,0.6296296119689941,0.5416666865348816
12,2,15,0.6701934337615967,0.6938456892967224,0.6701934337615967,0.6938456892967224,0.6296296119689941,0.5833333134651184
12,2,16,0.6681312918663025,0.6940136551856995,0.6681312918663025,0.6940136551856995,0.6370370388031006,0.5416666865348816
12,2,17,0.6660735607147217,0.6942318081855774,0.6660735607147217,0.6942318081855774,0.6370370388031006,0.5416666865348816
12,2,18,0.6640106439590454,0.6944954991340637,0.6640106439590454,0.6944954991340637,0.6518518328666687,0.5
12,2,19,0.661933958530426,0.6948027610778809,0.661933958530426,0.6948027610778809,0.6370370388031006,0.4583333432674408
12,2,20,0.6598361730575562,0.6951543688774109,0.6598361730575562,0.6951543688774109,0.614814817905426,0.4583333432674408
12,2,21,0.6577107310295105,0.6955525279045105,0.6577107310295105,0.6955525279045105,0.6222222447395325,0.4583333432674408
12,2,22,0.6555519700050354,0.6960010528564453,0.6555519700050354,0.6960010528564453,0.6296296119689941,0.5
12,2,23,0.6533548831939697,0.6965045928955078,0.6533548831939697,0.6965045928955078,0.6370370388031006,0.5
12,2,24,0.6511145830154419,0.6970682144165039,0.6511145830154419,0.6970682144165039,0.644444465637207,0.5
12,2,25,0.6488258242607117,0.6976974010467529,0.6488258242607117,0.6976974010467529,0.6518518328666687,0.4583333432674408
12,2,26,0.6464831829071045,0.6983981132507324,0.6464831829071045,0.6983981132507324,0.644444465637207,0.4583333432674408
12,2,27,0.6440807580947876,0.6991767883300781,0.6440807580947876,0.6991767883300781,0.6518518328666687,0.4583333432674408
13,2,1,0.7016897201538086,0.7110790610313416,0.7016897201538086,0.7110790610313416,0.5037037134170532,0.375
13,2,2,0.6973620057106018,0.7092816829681396,0.6973620057106018,0.7092816829681396,0.48148149251937866,0.4583333432674408
13,2,3,0.6946144700050354,0.7078701853752136,0.6946144700050354,0.7078701853752136,0.4962962865829468,0.4583333432674408
13,2,4,0.6920709609985352,0.7066898345947266,0.6920709609985352,0.7066898345947266,0.5185185074806213,0.4166666567325592
13,2,5,0.689635694026947,0.7056746482849121,0.689635694026947,0.7056746482849121,0.5333333611488342,0.375
13,2,6,0.6872862577438354,0.7047765254974365,0.6872862577438354,0.7047765254974365,0.5407407283782959,0.4166666567325592
13,2,7,0.6850077509880066,0.7039559483528137,0.6850077509880066,0.7039559483528137,0.5481481552124023,0.4583333432674408
13,2,8,0.6827837824821472,0.7031868100166321,0.6827837824821472,0.7031868100166321,0.5703703761100769,0.4583333432674408
13,2,9,0.680599570274353,0.70245760679245,0.680599570274353,0.70245760679245,0.5777778029441833,0.5
13,2,10,0.6784434914588928,0.7017703652381897,0.6784434914588928,0.7017703652381897,0.6000000238418579,0.5
13,2,11,0.6763079166412354,0.7011347413063049,0.6763079166412354,0.7011347413063049,0.6074073910713196,0.4583333432674408
13,2,12,0.6741872429847717,0.7005627751350403,0.6741872429847717,0.7005627751350403,0.614814817905426,0.4166666567325592
13,2,13,0.6720765829086304,0.7000653147697449,0.6720765829086304,0.7000653147697449,0.644444465637207,0.4166666567325592
13,2,14,0.669971764087677,0.6996493339538574,0.669971764087677,0.6996493339538574,0.644444465637207,0.4166666567325592
13,2,15,0.6678683757781982,0.6993183493614197,0.6678683757781982,0.6993183493614197,0.6518518328666687,0.4166666567325592
13,2,16,0.6657617688179016,0.6990723609924316,0.6657617688179016,0.6990723609924316,0.6666666865348816,0.4166666567325592
13,2,17,0.6636477708816528,0.6989100575447083,0.6636477708816528,0.6989100575447083,0.6666666865348816,0.4166666567325592
13,2,18,0.6615224480628967,0.6988305449485779,0.6615224480628967,0.6988305449485779,0.6592592597007751,0.4166666567325592
13,2,19,0.6593819856643677,0.6988338828086853,0.6593819856643677,0.6988338828086853,0.6666666865348816,0.4166666567325592
13,2,20,0.6572229862213135,0.6989230513572693,0.6572229862213135,0.6989230513572693,0.6666666865348816,0.375
13,2,21,0.6550427079200745,0.6991035342216492,0.6550427079200745,0.6991035342216492,0.6666666865348816,0.4166666567325592
13,2,22,0.6528388261795044,0.6993830800056458,0.6528388261795044,0.6993830800056458,0.6666666865348816,0.4583333432674408
13,2,23,0.6506091356277466,0.6997711062431335,0.6506091356277466,0.6997711062431335,0.6666666865348816,0.4583333432674408
13,2,24,0.6483523845672607,0.7002776265144348,0.6483523845672607,0.7002776265144348,0.6592592597007751,0.4583333432674408
13,2,25,0.6460667848587036,0.7009132504463196,0.6460667848587036,0.7009132504463196,0.6666666865348816,0.4583333432674408
13,2,26,0.6437511444091797,0.701688826084137,0.6437511444091797,0.701688826084137,0.6740740537643433,0.4583333432674408
13,2,27,0.6414039134979248,0.7026154398918152,0.6414039134979248,0.7026154398918152,0.6740740537643433,0.4583333432674408
13,2,28,0.6390234231948853,0.7037048935890198,0.6390234231948853,0.7037048935890198,0.6666666865348816,0.4583333432674408
13,2,29,0.6366074681282043,0.7049705386161804,0.6366074681282043,0.7049705386161804,0.6592592597007751,0.4583333432674408
13,2,30,0.6341533660888672,0.7064265608787537,0.6341533660888672,0.7064265608787537,0.6592592597007751,0.4583333432674408
13,2,31,0.6316570043563843,0.7080879807472229,0.6316570043563843,0.7080879807472229,0.6740740537643433,0.4583333432674408
13,2,32,0.6291130781173706,0.7099699974060059,0.6291130781173706,0.7099699974060059,0.6814814805984497,0.4583333432674408
13,2,33,0.6265143752098083,0.7120868563652039,0.6265143752098083,0.7120868563652039,0.6814814805984497,0.4583333432674408
13,2,34,0.6238511800765991,0.7144511342048645,0.6238511800765991,0.7144511342048645,0.6814814805984497,0.4583333432674408
13,2,35,0.621111273765564,0.7170736193656921,0.621111273765564,0.7170736193656921,0.6888889074325562,0.5
13,2,36,0.6182790398597717,0.7199632525444031,0.6182790398597717,0.7199632525444031,0.6888889074325562,0.5
13,2,37,0.6153354048728943,0.7231276035308838,0.6153354048728943,0.7231276035308838,0.6888889074325562,0.5
13,2,38,0.6122583150863647,0.7265742421150208,0.6122583150863647,0.7265742421150208,0.6888889074325562,0.5416666865348816
13,2,39,0.6090220212936401,0.7303120493888855,0.6090220212936401,0.7303120493888855,0.6814814805984497,0.5416666865348816
13,2,40,0.6055978536605835,0.7343547940254211,0.6055978536605835,0.7343547940254211,0.6888889074325562,0.5416666865348816
13,2,41,0.6019543409347534,0.7387248873710632,0.6019543409347534,0.7387248873710632,0.6962962746620178,0.5416666865348816
13,2,42,0.5980576872825623,0.7434590458869934,0.5980576872825623,0.7434590458869934,0.6962962746620178,0.5416666865348816
13,2,43,0.5938714146614075,0.748614490032196,0.5938714146614075,0.748614490032196,0.7037037014961243,0.5
14,2,1,0.6886218190193176,0.7007131576538086,0.6886218190193176,0.7007131576538086,0.5259259343147278,0.5416666865348816
14,2,2,0.6848917007446289,0.6984947323799133,0.6848917007446289,0.6984947323799133,0.5555555820465088,0.5416666865348816
14,2,3,0.6828357577323914,0.6968872547149658,0.6828357577323914,0.6968872547149658,0.5629629492759705,0.5
14,2,4,0.6812966465950012,0.6957589983940125,0.6812966465950012,0.6957589983940125,0.614814817905426,0.5
14,2,5,0.6799934506416321,0.6949254870414734,0.6799934506416321,0.6949254870414734,0.6222222447395325,0.5416666865348816
14,2,6,0.6787176728248596,0.6942387223243713,0.6787176728248596,0.6942387223243713,0.6074073910713196,0.5416666865348816
14,2,7,0.6773441433906555,0.6936042904853821,0.6773441433906555,0.6936042904853821,0.6000000238418579,0.5
14,2,8,0.6758225560188293,0.6929758191108704,0.6758225560188293,0.6929758191108704,0.5925925970077515,0.5
14,2,9,0.674155592918396,0.6923381686210632,0.674155592918396,0.6923381686210632,0.6000000238418579,0.5
14,2,10,0.672374963760376,0.6916926503181458,0.672374963760376,0.6916926503181458,0.5925925970077515,0.5
14,2,11,0.670522153377533,0.6910464763641357,0.670522153377533,0.6910464763641357,0.614814817905426,0.5
14,2,12,0.6686360836029053,0.6904057860374451,0.6686360836029053,0.6904057860374451,0.6222222447395325,0.5
14,2,13,0.6667466759681702,0.6897740364074707,0.6667466759681702,0.6897740364074707,0.6370370388031006,0.5
14,2,14,0.6648741960525513,0.6891514658927917,0.6648741960525513,0.6891514658927917,0.6296296119689941,0.4583333432674408
14,2,15,0.6630295515060425,0.6885358691215515,0.6630295515060425,0.6885358691215515,0.6222222447395325,0.4166666567325592
14,2,16,0.6612164378166199,0.68792325258255,0.6612164378166199,0.68792325258255,0.644444465637207,0.4166666567325592
14,2,17,0.6594339609146118,0.6873100399971008,0.6594339609146118,0.6873100399971008,0.6518518328666687,0.4583333432674408
14,2,18,0.6576778292655945,0.6866912841796875,0.6576778292655945,0.6866912841796875,0.6592592597007751,0.4583333432674408
14,2,19,0.6559422612190247,0.6860628128051758,0.6559422612190247,0.6860628128051758,0.6592592597007751,0.5
14,2,20,0.6542208790779114,0.6854203343391418,0.6542208790779114,0.6854203343391418,0.6740740537643433,0.4583333432674408
14,2,21,0.6525070071220398,0.6847602725028992,0.6525070071220398,0.6847602725028992,0.6740740537643433,0.4583333432674408
14,2,22,0.650795042514801,0.6840786933898926,0.650795042514801,0.6840786933898926,0.6740740537643433,0.4583333432674408
14,2,23,0.6490793824195862,0.6833720803260803,0.6490793824195862,0.6833720803260803,0.6592592597007751,0.5
14,2,24,0.6473557353019714,0.6826372146606445,0.6473557353019714,0.6826372146606445,0.6592592597007751,0.5
14,2,25,0.6456201076507568,0.6818705201148987,0.6456201076507568,0.6818705201148987,0.6592592597007751,0.5
14,2,26,0.6438692808151245,0.6810690760612488,0.6438692808151245,0.6810690760612488,0.6592592597007751,0.5
14,2,27,0.6421006321907043,0.6802294254302979,0.6421006321907043,0.6802294254302979,0.6666666865348816,0.5
14,2,28,0.6403117775917053,0.6793487071990967,0.6403117775917053,0.6793487071990967,0.6740740537643433,0.5
14,2,29,0.6385005116462708,0.6784238219261169,0.6385005116462708,0.6784238219261169,0.6740740537643433,0.5416666865348816
14,2,30,0.6366648077964783,0.6774522662162781,0.6366648077964783,0.6774522662162781,0.6740740537643433,0.5416666865348816
14,2,31,0.6348026394844055,0.67643141746521,0.6348026394844055,0.67643141746521,0.6740740537643433,0.5833333134651184
14,2,32,0.6329122185707092,0.6753599047660828,0.6329122185707092,0.6753599047660828,0.6814814805984497,0.625
14,2,33,0.6309914588928223,0.6742367744445801,0.6309914588928223,0.6742367744445801,0.6740740537643433,0.7083333134651184
14,2,34,0.6290388703346252,0.6730625629425049,0.6290388703346252,0.6730625629425049,0.6740740537643433,0.7083333134651184
14,2,35,0.6270532608032227,0.6718392968177795,0.6270532608032227,0.6718392968177795,0.6814814805984497,0.7083333134651184
14,2,36,0.6250336170196533,0.6705711483955383,0.6250336170196533,0.6705711483955383,0.6888889074325562,0.7083333134651184
14,2,37,0.6229797601699829,0.6692654490470886,0.6229797601699829,0.6692654490470886,0.6888889074325562,0.7083333134651184
14,2,38,0.6208924055099487,0.6679326891899109,0.6208924055099487,0.6679326891899109,0.6666666865348816,0.7083333134651184
14,2,39,0.6187731623649597,0.6665878295898438,0.6187731623649597,0.6665878295898438,0.6592592597007751,0.7083333134651184
14,2,40,0.6166253089904785,0.6652508974075317,0.6166253089904785,0.6652508974075317,0.6518518328666687,0.7083333134651184
14,2,41,0.6144534349441528,0.6639478802680969,0.6144534349441528,0.6639478802680969,0.6518518328666687,0.7083333134651184
14,2,42,0.6122635006904602,0.6627108454704285,0.6122635006904602,0.6627108454704285,0.6666666865348816,0.7083333134651184
14,2,43,0.6100632548332214,0.6615782380104065,0.6100632548332214,0.6615782380104065,0.6666666865348816,0.7083333134651184
14,2,44,0.6078616380691528,0.6605935096740723,0.6078616380691528,0.6605935096740723,0.6740740537643433,0.75
14,2,45,0.605667769908905,0.659803032875061,0.605667769908905,0.659803032875061,0.6962962746620178,0.75
14,2,46,0.6034902930259705,0.6592522263526917,0.6034902930259705,0.6592522263526917,0.6962962746620178,0.75
14,2,47,0.6013352870941162,0.6589800715446472,0.6013352870941162,0.6589800715446472,0.6962962746620178,0.75
14,2,48,0.5992047190666199,0.6590126156806946,0.5992047190666199,0.6590126156806946,0.6888889074325562,0.75
14,2,49,0.5970938801765442,0.6593557000160217,0.5970938801765442,0.6593557000160217,0.6888889074325562,0.75
14,2,50,0.5949901938438416,0.659990131855011,0.5949901938438416,0.659990131855011,0.6814814805984497,0.75
14,2,51,0.5928729176521301,0.6608705520629883,0.5928729176521301,0.6608705520629883,0.6740740537643433,0.75
14,2,52,0.5907147526741028,0.661928117275238,0.5907147526741028,0.661928117275238,0.6592592597007751,0.6666666865348816
14,2,53,0.5884847640991211,0.6630802750587463,0.5884847640991211,0.6630802750587463,0.6592592597007751,0.625
14,2,54,0.5861539244651794,0.6642426252365112,0.5861539244651794,0.6642426252365112,0.6592592597007751,0.625
14,2,55,0.5836994051933289,0.665341317653656,0.5836994051933289,0.665341317653656,0.6666666865348816,0.625
14,2,56,0.581108033657074,0.6663216948509216,0.581108033657074,0.6663216948509216,0.6666666865348816,0.625
14,2,57,0.5783771872520447,0.6671532988548279,0.5783771872520447,0.6671532988548279,0.6666666865348816,0.625
14,2,58,0.5755131840705872,0.6678276658058167,0.5755131840705872,0.6678276658058167,0.6740740537643433,0.625
14,2,59,0.5725283026695251,0.6683542132377625,0.5725283026695251,0.6683542132377625,0.6888889074325562,0.625
14,2,60,0.5694366693496704,0.6687529683113098,0.5694366693496704,0.6687529683113098,0.6888889074325562,0.625
14,2,61,0.5662512183189392,0.669049084186554,0.5662512183189392,0.669049084186554,0.6814814805984497,0.625
14,2,62,0.562981903553009,0.6692668795585632,0.562981903553009,0.6692668795585632,0.6888889074325562,0.625
14,2,63,0.5596340894699097,0.6694262623786926,0.5596340894699097,0.6694262623786926,0.6962962746620178,0.625
14,2,64,0.5562093257904053,0.6695416569709778,0.5562093257904053,0.6695416569709778,0.6962962746620178,0.625
14,2,65,0.5527055263519287,0.6696207523345947,0.5527055263519287,0.6696207523345947,0.6888889074325562,0.625
14,2,66,0.5491185784339905,0.6696648597717285,0.5491185784339905,0.6696648597717285,0.7037037014961243,0.625
14,2,67,0.5454425811767578,0.6696698665618896,0.5454425811767578,0.6696698665618896,0.7037037014961243,0.625
14,2,68,0.5416716933250427,0.6696271896362305,0.5416716933250427,0.6696271896362305,0.7111111283302307,0.625
14,2,69,0.5378004908561707,0.6695250868797302,0.5378004908561707,0.6695250868797302,0.7111111283302307,0.625
14,2,70,0.5338253974914551,0.6693501472473145,0.5338253974914551,0.6693501472473145,0.7185184955596924,0.625
14,2,71,0.5297449231147766,0.6690890192985535,0.5297449231147766,0.6690890192985535,0.7185184955596924,0.625
14,2,72,0.525559663772583,0.6687304973602295,0.525559663772583,0.6687304973602295,0.7185184955596924,0.625
15,2,1,0.7070585489273071,0.698468029499054,0.7070585489273071,0.698468029499054,0.5037037134170532,0.5416666865348816
15,2,2,0.7021979689598083,0.6981906294822693,0.7021979689598083,0.6981906294822693,0.48148149251937866,0.5416666865348816
15,2,3,0.6987655758857727,0.6980492472648621,0.6987655758857727,0.6980492472648621,0.5037037134170532,0.5416666865348816
15,2,4,0.6956608295440674,0.6979380249977112,0.6956608295440674,0.6979380249977112,0.5333333611488342,0.5416666865348816
15,2,5,0.6927655339241028,0.6978208422660828,0.6927655339241028,0.6978208422660828,0.5629629492759705,0.5416666865348816
15,2,6,0.6900363564491272,0.6976885795593262,0.6900363564491272,0.6976885795593262,0.5777778029441833,0.5
15,2,7,0.6874547600746155,0.6975412368774414,0.6874547600746155,0.6975412368774414,0.585185170173645,0.5
15,2,8,0.6850093007087708,0.6973807215690613,0.6850093007087708,0.6973807215690613,0.5703703761100769,0.5416666865348816
15,2,9,0.6826894879341125,0.6972062587738037,0.6826894879341125,0.6972062587738037,0.585185170173645,0.5416666865348816
15,2,10,0.6804828643798828,0.6970154643058777,0.6804828643798828,0.6970154643058777,0.5703703761100769,0.5416666865348816
15,2,11,0.6783766746520996,0.6968040466308594,0.6783766746520996,0.6968040466308594,0.5925925970077515,0.5416666865348816
15,2,12,0.6763578653335571,0.6965671181678772,0.6763578653335571,0.6965671181678772,0.6000000238418579,0.5416666865348816
15,2,13,0.674413800239563,0.6962995529174805,0.674413800239563,0.6962995529174805,0.6000000238418579,0.5416666865348816
15,2,14,0.672532856464386,0.6959963440895081,0.672532856464386,0.6959963440895081,0.5777778029441833,0.5
15,2,15,0.6707045435905457,0.6956536173820496,0.6707045435905457,0.6956536173820496,0.6000000238418579,0.5
15,2,16,0.6689193248748779,0.6952672004699707,0.6689193248748779,0.6952672004699707,0.6074073910713196,0.5
15,2,17,0.6671685576438904,0.6948341727256775,0.6671685576438904,0.6948341727256775,0.6074073910713196,0.5
15,2,18,0.6654446721076965,0.6943521499633789,0.6654446721076965,0.6943521499633789,0.6222222447395325,0.5
15,2,19,0.6637406349182129,0.6938192844390869,0.6637406349182129,0.6938192844390869,0.6370370388031006,0.5
15,2,20,0.662050724029541,0.6932342052459717,0.662050724029541,0.6932342052459717,0.6370370388031006,0.5
15,2,21,0.6603690385818481,0.6925956606864929,0.6603690385818481,0.6925956606864929,0.6370370388031006,0.5
15,2,22,0.6586905717849731,0.6919026374816895,0.6586905717849731,0.6919026374816895,0.6370370388031006,0.5
15,2,23,0.6570103168487549,0.6911540031433105,0.6570103168487549,0.6911540031433105,0.6370370388031006,0.5
15,2,24,0.6553234457969666,0.6903483867645264,0.6553234457969666,0.6903483867645264,0.644444465637207,0.5
15,2,25,0.6536252498626709,0.6894844174385071,0.6536252498626709,0.6894844174385071,0.6518518328666687,0.5
15,2,26,0.6519108414649963,0.6885606646537781,0.6519108414649963,0.6885606646537781,0.6518518328666687,0.5
15,2,27,0.6501752734184265,0.6875749230384827,0.6501752734184265,0.6875749230384827,0.644444465637207,0.5
15,2,28,0.6484134793281555,0.686525285243988,0.6484134793281555,0.686525285243988,0.6370370388031006,0.4583333432674408
15,2,29,0.6466203331947327,0.6854093074798584,0.6466203331947327,0.6854093074798584,0.6370370388031006,0.4583333432674408
15,2,30,0.6447902321815491,0.6842244267463684,0.6447902321815491,0.6842244267463684,0.644444465637207,0.4583333432674408
15,2,31,0.6429175734519958,0.6829676628112793,0.6429175734519958,0.6829676628112793,0.644444465637207,0.4583333432674408
15,2,32,0.640995979309082,0.6816356778144836,0.640995979309082,0.6816356778144836,0.6518518328666687,0.4583333432674408
15,2,33,0.6390186548233032,0.6802247166633606,0.6390186548233032,0.6802247166633606,0.6518518328666687,0.4583333432674408
15,2,34,0.6369782090187073,0.6787302494049072,0.6369782090187073,0.6787302494049072,0.6592592597007751,0.5
15,2,35,0.6348664164543152,0.677147388458252,0.6348664164543152,0.677147388458252,0.6592592597007751,0.5
15,2,36,0.6326736807823181,0.6754703521728516,0.6326736807823181,0.6754703521728516,0.6592592597007751,0.5
15,2,37,0.6303896307945251,0.6736922264099121,0.6303896307945251,0.6736922264099121,0.6666666865348816,0.5
15,2,38,0.6280020475387573,0.6718054413795471,0.6280020475387573,0.6718054413795471,0.6666666865348816,0.5
15,2,39,0.6254966259002686,0.6698009967803955,0.6254966259002686,0.6698009967803955,0.6666666865348816,0.5416666865348816
15,2,40,0.6228570938110352,0.6676685214042664,0.6228570938110352,0.6676685214042664,0.6666666865348816,0.5416666865348816
15,2,41,0.6200640797615051,0.6653961539268494,0.6200640797615051,0.6653961539268494,0.6666666865348816,0.5416666865348816
15,2,42,0.617094874382019,0.6629707217216492,0.617094874382019,0.6629707217216492,0.6592592597007751,0.5833333134651184
15,2,43,0.6139225363731384,0.6603768467903137,0.6139225363731384,0.6603768467903137,0.6666666865348816,0.5833333134651184
15,2,44,0.6105150580406189,0.6575981974601746,0.6105150580406189,0.6575981974601746,0.6592592597007751,0.5833333134651184
15,2,45,0.6068342924118042,0.65461665391922,0.6068342924118042,0.65461665391922,0.6592592597007751,0.5833333134651184
15,2,46,0.6028354167938232,0.6514146327972412,0.6028354167938232,0.6514146327972412,0.6592592597007751,0.5833333134651184
15,2,47,0.5984654426574707,0.6479762196540833,0.5984654426574707,0.6479762196540833,0.6592592597007751,0.5833333134651184
15,2,48,0.5936638116836548,0.6442922353744507,0.5936638116836548,0.6442922353744507,0.6740740537643433,0.6666666865348816
15,2,49,0.5883638262748718,0.6403682827949524,0.5883638262748718,0.6403682827949524,0.6740740537643433,0.6666666865348816
15,2,50,0.5824971795082092,0.6362397074699402,0.5824971795082092,0.6362397074699402,0.6888889074325562,0.6666666865348816
15,2,51,0.5760048627853394,0.6319965720176697,0.5760048627853394,0.6319965720176697,0.6962962746620178,0.7083333134651184
15,2,52,0.568857729434967,0.6278238892555237,0.568857729434967,0.6278238892555237,0.7037037014961243,0.7083333134651184
15,2,53,0.5610891580581665,0.6240535974502563,0.5610891580581665,0.6240535974502563,0.7037037014961243,0.6666666865348816
15,2,54,0.5528391599655151,0.6212074756622314,0.5528391599655151,0.6212074756622314,0.7259259223937988,0.6666666865348816
15,2,55,0.544387936592102,0.6199595332145691,0.544387936592102,0.6199595332145691,0.7185184955596924,0.6666666865348816
15,2,56,0.5361272096633911,0.6209052205085754,0.5361272096633911,0.6209052205085754,0.7333333492279053,0.6666666865348816
15,2,57,0.5284052491188049,0.6241323947906494,0.5284052491188049,0.6241323947906494,0.7111111283302307,0.625
15,2,58,0.5212942361831665,0.6289426684379578,0.5212942361831665,0.6289426684379578,0.7185184955596924,0.5833333134651184
15,2,59,0.514524519443512,0.6342074871063232,0.514524519443512,0.6342074871063232,0.7333333492279053,0.625
15,2,60,0.5077390074729919,0.6391457319259644,0.5077390074729919,0.6391457319259644,0.7333333492279053,0.5833333134651184
15,2,61,0.5007845759391785,0.6437262296676636,0.5007845759391785,0.6437262296676636,0.7481481432914734,0.5833333134651184
15,2,62,0.4937136471271515,0.6484575867652893,0.4937136471271515,0.6484575867652893,0.7555555701255798,0.5833333134651184
15,2,63,0.48661187291145325,0.6539818644523621,0.48661187291145325,0.6539818644523621,0.7629629373550415,0.5416666865348816
15,2,64,0.47950151562690735,0.6608095169067383,0.47950151562690735,0.6608095169067383,0.7629629373550415,0.5416666865348816
15,2,65,0.4723544716835022,0.6692452430725098,0.4723544716835022,0.6692452430725098,0.7851851582527161,0.5416666865348816
15,2,66,0.4651315212249756,0.6794200539588928,0.4651315212249756,0.6794200539588928,0.7851851582527161,0.5416666865348816
15,2,67,0.4578028917312622,0.6913387179374695,0.4578028917312622,0.6913387179374695,0.7851851582527161,0.5416666865348816
15,2,68,0.4503520727157593,0.7049147486686707,0.4503520727157593,0.7049147486686707,0.7925925850868225,0.5416666865348816
15,2,69,0.4427720308303833,0.7200254797935486,0.4427720308303833,0.7200254797935486,0.8074073791503906,0.5416666865348816
15,2,70,0.43506115674972534,0.736591637134552,0.43506115674972534,0.736591637134552,0.8074073791503906,0.5416666865348816
15,2,71,0.4272218346595764,0.7546334862709045,0.4272218346595764,0.7546334862709045,0.8148148059844971,0.5416666865348816
15,2,72,0.4192601144313812,0.7742795348167419,0.4192601144313812,0.7742795348167419,0.8296296000480652,0.5416666865348816
15,2,73,0.41118448972702026,0.7957463264465332,0.41118448972702026,0.7957463264465332,0.8370370268821716,0.5416666865348816
15,2,74,0.40300384163856506,0.8192915916442871,0.40300384163856506,0.8192915916442871,0.8444444537162781,0.5416666865348816
15,2,75,0.39472633600234985,0.8451449871063232,0.39472633600234985,0.8451449871063232,0.8592592477798462,0.5416666865348816
15,2,76,0.38635942339897156,0.8734526038169861,0.38635942339897156,0.8734526038169861,0.8592592477798462,0.5416666865348816
15,2,77,0.3779110610485077,0.9042436480522156,0.3779110610485077,0.9042436480522156,0.8592592477798462,0.5416666865348816
15,2,78,0.36939045786857605,0.9374092221260071,0.36939045786857605,0.9374092221260071,0.8666666746139526,0.5416666865348816
15,2,79,0.3608092963695526,0.9727062582969666,0.3608092963695526,0.9727062582969666,0.8740741014480591,0.5416666865348816
15,2,80,0.35218214988708496,1.009785532951355,0.35218214988708496,1.009785532951355,0.8740741014480591,0.5
16,2,1,0.7093849778175354,0.7008946537971497,0.7093849778175354,0.7008946537971497,0.46666666865348816,0.4583333432674408
16,2,2,0.7023329734802246,0.7002522349357605,0.7023329734802246,0.7002522349357605,0.48148149251937866,0.4583333432674408
16,2,3,0.6975417733192444,0.7003849148750305,0.6975417733192444,0.7003849148750305,0.5185185074806213,0.5416666865348816
16,2,4,0.6932363510131836,0.701009213924408,0.6932363510131836,0.701009213924408,0.5407407283782959,0.5833333134651184
16,2,5,0.6892071962356567,0.7019634246826172,0.6892071962356567,0.7019634246826172,0.5777778029441833,0.5833333134651184
16,2,6,0.6853599548339844,0.7031412124633789,0.6853599548339844,0.7031412124633789,0.614814817905426,0.5
16,2,7,0.6816467046737671,0.7044734358787537,0.6816467046737671,0.7044734358787537,0.6296296119689941,0.4583333432674408
16,2,8,0.6780458092689514,0.7059164047241211,0.6780458092689514,0.7059164047241211,0.6370370388031006,0.4583333432674408
16,2,9,0.6745493412017822,0.7074437737464905,0.6745493412017822,0.7074437737464905,0.6518518328666687,0.4166666567325592
16,2,10,0.6711550951004028,0.7090398669242859,0.6711550951004028,0.7090398669242859,0.6592592597007751,0.4166666567325592
16,2,11,0.6678614020347595,0.7106952667236328,0.6678614020347595,0.7106952667236328,0.6592592597007751,0.4583333432674408
16,2,12,0.6646648049354553,0.7124049067497253,0.6646648049354553,0.7124049067497253,0.6740740537643433,0.4166666567325592
16,2,13,0.6615599393844604,0.7141661643981934,0.6615599393844604,0.7141661643981934,0.6740740537643433,0.4583333432674408
16,2,14,0.658539354801178,0.7159784436225891,0.658539354801178,0.7159784436225891,0.6592592597007751,0.4166666567325592
16,2,15,0.6555951237678528,0.7178425788879395,0.6555951237678528,0.7178425788879395,0.6592592597007751,0.4166666567325592
16,2,16,0.6527189612388611,0.7197605967521667,0.6527189612388611,0.7197605967521667,0.6518518328666687,0.4166666567325592
16,2,17,0.6499030590057373,0.7217351794242859,0.6499030590057373,0.7217351794242859,0.644444465637207,0.4166666567325592
16,2,18,0.6471408009529114,0.7237697243690491,0.6471408009529114,0.7237697243690491,0.6370370388031006,0.4166666567325592
16,2,19,0.644426167011261,0.7258679270744324,0.644426167011261,0.7258679270744324,0.6370370388031006,0.4166666567325592
16,2,20,0.6417543292045593,0.7280330657958984,0.6417543292045593,0.7280330657958984,0.6370370388031006,0.4166666567325592
16,2,21,0.6391213536262512,0.7302692532539368,0.6391213536262512,0.7302692532539368,0.6518518328666687,0.4166666567325592
16,2,22,0.6365240812301636,0.7325800061225891,0.6365240812301636,0.7325800061225891,0.6518518328666687,0.4166666567325592
16,2,23,0.6339603066444397,0.7349691390991211,0.6339603066444397,0.7349691390991211,0.6518518328666687,0.375
16,2,24,0.631428062915802,0.7374403476715088,0.631428062915802,0.7374403476715088,0.6666666865348816,0.375
16,2,25,0.6289263963699341,0.7399973273277283,0.6289263963699341,0.7399973273277283,0.6666666865348816,0.375
16,2,26,0.6264543533325195,0.7426435947418213,0.6264543533325195,0.7426435947418213,0.6740740537643433,0.375
16,2,27,0.6240116953849792,0.7453827261924744,0.6240116953849792,0.7453827261924744,0.6814814805984497,0.375
17,2,1,0.7067815661430359,0.6685113906860352,0.7067815661430359,0.6685113906860352,0.48148149251937866,0.625
17,2,2,0.7012672424316406,0.6668422818183899,0.7012672424316406,0.6668422818183899,0.5111111402511597,0.625
17,2,3,0.6972769498825073,0.6656591892242432,0.6972769498825073,0.6656591892242432,0.5259259343147278,0.625
17,2,4,0.6936725378036499,0.6647462248802185,0.6936725378036499,0.6647462248802185,0.4962962865829468,0.625
17,2,5,0.6902775764465332,0.6639931201934814,0.6902775764465332,0.6639931201934814,0.4962962865829468,0.625
17,2,6,0.6870254874229431,0.6633474230766296,0.6870254874229431,0.6633474230766296,0.5333333611488342,0.625
17,2,7,0.6838932633399963,0.6627848744392395,0.6838932633399963,0.6627848744392395,0.5407407283782959,0.625
17,2,8,0.680870771408081,0.6622922420501709,0.680870771408081,0.6622922420501709,0.5481481552124023,0.7083333134651184
17,2,9,0.677947461605072,0.6618605256080627,0.677947461605072,0.6618605256080627,0.5629629492759705,0.625
17,2,10,0.6751093864440918,0.6614834666252136,0.6751093864440918,0.6614834666252136,0.5629629492759705,0.5833333134651184
17,2,11,0.6723411083221436,0.6611573100090027,0.6723411083221436,0.6611573100090027,0.5703703761100769,0.5833333134651184
17,2,12,0.6696276664733887,0.6608811020851135,0.6696276664733887,0.6608811020851135,0.5777778029441833,0.5833333134651184
17,2,13,0.6669557094573975,0.66065514087677,0.6669557094573975,0.66065514087677,0.5777778029441833,0.5833333134651184
17,2,14,0.6643137335777283,0.6604803204536438,0.6643137335777283,0.6604803204536438,0.6000000238418579,0.5833333134651184
17,2,15,0.661690890789032,0.660357654094696,0.661690890789032,0.660357654094696,0.6074073910713196,0.625
17,2,16,0.6590774059295654,0.6602879166603088,0.6590774059295654,0.6602879166603088,0.6370370388031006,0.5833333134651184
17,2,17,0.6564636826515198,0.6602723002433777,0.6564636826515198,0.6602723002433777,0.644444465637207,0.5833333134651184
17,2,18,0.6538400650024414,0.660312831401825,0.6538400650024414,0.660312831401825,0.644444465637207,0.5833333134651184
17,2,19,0.6511971950531006,0.6604123115539551,0.6511971950531006,0.6604123115539551,0.6518518328666687,0.5833333134651184
17,2,20,0.648525595664978,0.6605749726295471,0.648525595664978,0.6605749726295471,0.6666666865348816,0.5833333134651184
17,2,21,0.6458150148391724,0.6608065962791443,0.6458150148391724,0.6608065962791443,0.6740740537643433,0.5833333134651184
17,2,22,0.6430550217628479,0.6611146330833435,0.6430550217628479,0.6611146330833435,0.6740740537643433,0.5416666865348816
17,2,23,0.6402342915534973,0.6615081429481506,0.6402342915534973,0.6615081429481506,0.6740740537643433,0.5416666865348816
17,2,24,0.6373404264450073,0.6619989275932312,0.6373404264450073,0.6619989275932312,0.6888889074325562,0.5416666865348816
17,2,25,0.6343598961830139,0.6626012325286865,0.6343598961830139,0.6626012325286865,0.6888889074325562,0.5416666865348816
17,2,26,0.6312780380249023,0.6633331179618835,0.6312780380249023,0.6633331179618835,0.6814814805984497,0.5416666865348816
17,2,27,0.6280778050422668,0.6642172336578369,0.6280778050422668,0.6642172336578369,0.6888889074325562,0.5416666865348816
17,2,28,0.624740719795227,0.6652823090553284,0.624740719795227,0.6652823090553284,0.6962962746620178,0.5416666865348816
17,2,29,0.6212451457977295,0.6665653586387634,0.6212451457977295,0.6665653586387634,0.6888889074325562,0.5416666865348816
17,2,30,0.6175668835639954,0.668114185333252,0.6175668835639954,0.668114185333252,0.6814814805984497,0.5416666865348816
17,2,31,0.6136782169342041,0.6699913144111633,0.6136782169342041,0.6699913144111633,0.6888889074325562,0.5416666865348816
17,2,32,0.609546959400177,0.6722788214683533,0.609546959400177,0.6722788214683533,0.6814814805984497,0.5833333134651184
17,2,33,0.6051368713378906,0.6750853061676025,0.6051368713378906,0.6750853061676025,0.6814814805984497,0.5833333134651184
17,2,34,0.6004068851470947,0.6785553097724915,0.6004068851470947,0.6785553097724915,0.6740740537643433,0.5833333134651184
17,2,35,0.5953113436698914,0.6828818917274475,0.5953113436698914,0.6828818917274475,0.6740740537643433,0.625
17,2,36,0.5898017287254333,0.688322126865387,0.5898017287254333,0.688322126865387,0.6814814805984497,0.5833333134651184
17,2,37,0.5838296413421631,0.695214569568634,0.5838296413421631,0.695214569568634,0.6814814805984497,0.5833333134651184
17,2,38,0.577353835105896,0.7039932608604431,0.577353835105896,0.7039932608604431,0.6888889074325562,0.5833333134651184
17,2,39,0.5703513026237488,0.7151840329170227,0.5703513026237488,0.7151840329170227,0.6888889074325562,0.5833333134651184
17,2,40,0.5628345012664795,0.7293540835380554,0.5628345012664795,0.7293540835380554,0.6888889074325562,0.5416666865348816
17,2,41,0.5548691153526306,0.7469671368598938,0.5548691153526306,0.7469671368598938,0.7111111283302307,0.5416666865348816
17,2,42,0.5465804934501648,0.7681071758270264,0.5465804934501648,0.7681071758270264,0.7111111283302307,0.4583333432674408
18,2,1,0.7058101892471313,0.7015243172645569,0.7058101892471313,0.7015243172645569,0.4852941036224365,0.5
18,2,2,0.6981210708618164,0.7026026844978333,0.6981210708618164,0.7026026844978333,0.5073529481887817,0.4583333432674408
18,2,3,0.6931376457214355,0.704889714717865,0.6931376457214355,0.704889714717865,0.5514705777168274,0.375
18,2,4,0.6897202134132385,0.7077742218971252,0.6897202134132385,0.7077742218971252,0.5514705777168274,0.375
18,2,5,0.6872836947441101,0.7106775641441345,0.6872836947441101,0.7106775641441345,0.5147058963775635,0.4166666567325592
18,2,6,0.6853094100952148,0.7132155299186707,0.6853094100952148,0.7132155299186707,0.47058823704719543,0.4583333432674408
18,2,7,0.6834455728530884,0.71522456407547,0.6834455728530884,0.71522456407547,0.4632352888584137,0.4583333432674408
18,2,8,0.6815160512924194,0.7167142033576965,0.6815160512924194,0.7167142033576965,0.4779411852359772,0.4583333432674408
18,2,9,0.6794753670692444,0.7177919745445251,0.6794753670692444,0.7177919745445251,0.5,0.4583333432674408
18,2,10,0.6773497462272644,0.718597948551178,0.6773497462272644,0.718597948551178,0.5220588445663452,0.4583333432674408
18,2,11,0.675189197063446,0.7192612290382385,0.675189197063446,0.7192612290382385,0.5367646813392639,0.5
18,2,12,0.6730388402938843,0.7198799252510071,0.6730388402938843,0.7198799252510071,0.5441176295280457,0.5
18,2,13,0.6709288954734802,0.720517098903656,0.6709288954734802,0.720517098903656,0.5441176295280457,0.5
18,2,14,0.6688742637634277,0.7212058901786804,0.6688742637634277,0.7212058901786804,0.5588235259056091,0.5
18,2,15,0.666877806186676,0.7219567894935608,0.666877806186676,0.7219567894935608,0.5661764740943909,0.4583333432674408
18,2,16,0.6649356484413147,0.7227663993835449,0.6649356484413147,0.7227663993835449,0.5735294222831726,0.4583333432674408
18,2,17,0.6630403995513916,0.7236225008964539,0.6630403995513916,0.7236225008964539,0.5735294222831726,0.4583333432674408
18,2,18,0.6611828804016113,0.7245091795921326,0.6611828804016113,0.7245091795921326,0.5808823704719543,0.4583333432674408
18,2,19,0.6593540906906128,0.7254106998443604,0.6593540906906128,0.7254106998443604,0.5808823704719543,0.4583333432674408
18,2,20,0.6575448513031006,0.7263129353523254,0.6575448513031006,0.7263129353523254,0.5735294222831726,0.5
18,2,21,0.65574711561203,0.7272049784660339,0.65574711561203,0.7272049784660339,0.5735294222831726,0.5
18,2,22,0.6539537310600281,0.7280791401863098,0.6539537310600281,0.7280791401863098,0.5735294222831726,0.5
18,2,23,0.6521585583686829,0.7289314270019531,0.6521585583686829,0.7289314270019531,0.5882353186607361,0.5
18,2,24,0.6503564119338989,0.7297603487968445,0.6503564119338989,0.7297603487968445,0.6029411554336548,0.5
18,2,25,0.6485429406166077,0.7305663228034973,0.6485429406166077,0.7305663228034973,0.595588207244873,0.4583333432674408
18,2,26,0.6467143297195435,0.7313504219055176,0.6467143297195435,0.7313504219055176,0.595588207244873,0.4166666567325592
19,2,1,0.7051079869270325,0.7130837440490723,0.7051079869270325,0.7130837440490723,0.49264705181121826,0.4583333432674408
19,2,2,0.6962241530418396,0.7094771265983582,0.6962241530418396,0.7094771265983582,0.5147058963775635,0.5
19,2,3,0.6903573274612427,0.7078779339790344,0.6903573274612427,0.7078779339790344,0.5073529481887817,0.375
19,2,4,0.6865109801292419,0.7079276442527771,0.6865109801292419,0.7079276442527771,0.5808823704719543,0.375
19,2,5,0.6841503381729126,0.7090361714363098,0.6841503381729126,0.7090361714363098,0.5514705777168274,0.375
19,2,6,0.6827083826065063,0.7106459736824036,0.6827083826065063,0.7106459736824036,0.5588235259056091,0.4583333432674408
19,2,7,0.6817004680633545,0.7123339176177979,0.6817004680633545,0.7123339176177979,0.5514705777168274,0.4583333432674408
19,2,8,0.6807788014411926,0.7138397097587585,0.6807788014411926,0.7138397097587585,0.5441176295280457,0.4583333432674408
19,2,9,0.6797375679016113,0.7150481343269348,0.6797375679016113,0.7150481343269348,0.5514705777168274,0.4583333432674408
19,2,10,0.6784882545471191,0.7159478664398193,0.6784882545471191,0.7159478664398193,0.5514705777168274,0.4583333432674408
19,2,11,0.6770206093788147,0.716588020324707,0.6770206093788147,0.716588020324707,0.5514705777168274,0.4583333432674408
19,2,12,0.6753683686256409,0.7170423865318298,0.6753683686256409,0.7170423865318298,0.5588235259056091,0.4583333432674408
19,2,13,0.673580527305603,0.717385470867157,0.673580527305603,0.717385470867157,0.5661764740943909,0.4583333432674408
19,2,14,0.6717052459716797,0.7176806330680847,0.6717052459716797,0.7176806330680847,0.5808823704719543,0.4583333432674408
19,2,15,0.6697812676429749,0.717975378036499,0.6697812676429749,0.717975378036499,0.5808823704719543,0.4583333432674408
19,2,16,0.66783607006073,0.7183020710945129,0.66783607006073,0.7183020710945129,0.5808823704719543,0.4583333432674408
19,2,17,0.6658863425254822,0.7186803221702576,0.6658863425254822,0.7186803221702576,0.5588235259056091,0.4583333432674408
19,2,18,0.6639400720596313,0.7191205024719238,0.6639400720596313,0.7191205024719238,0.5661764740943909,0.4583333432674408
19,2,19,0.6619993448257446,0.7196270823478699,0.6619993448257446,0.7196270823478699,0.5735294222831726,0.4583333432674408
19,2,20,0.660061776638031,0.7202003002166748,0.660061776638031,0.7202003002166748,0.5808823704719543,0.4583333432674408
19,2,21,0.6581225395202637,0.7208392024040222,0.6581225395202637,0.7208392024040222,0.5882353186607361,0.4583333432674408
19,2,22,0.6561753749847412,0.721541702747345,0.6561753749847412,0.721541702747345,0.595588207244873,0.4166666567325592
19,2,23,0.6542132496833801,0.7223067283630371,0.6542132496833801,0.7223067283630371,0.6176470518112183,0.4166666567325592
19,2,24,0.6522290706634521,0.7231335639953613,0.6522290706634521,0.7231335639953613,0.625,0.4583333432674408
19,2,25,0.6502156257629395,0.7240233421325684,0.6502156257629395,0.7240233421325684,0.6176470518112183,0.4166666567325592
19,2,26,0.6481659412384033,0.7249786853790283,0.6481659412384033,0.7249786853790283,0.625,0.4166666567325592
19,2,27,0.6460736393928528,0.7260038256645203,0.6460736393928528,0.7260038256645203,0.6323529481887817,0.375
19,2,28,0.6439318656921387,0.7271044850349426,0.6439318656921387,0.7271044850349426,0.6397058963775635,0.375
20,2,1,0.7096979022026062,0.6902090907096863,0.7096979022026062,0.6902090907096863,0.5073529481887817,0.5
20,2,2,0.6992388367652893,0.6857426166534424,0.6992388367652893,0.6857426166534424,0.5,0.5416666865348816
20,2,3,0.692240297794342,0.6841591000556946,0.692240297794342,0.6841591000556946,0.4852941036224365,0.5833333134651184
20,2,4,0.6872429251670837,0.6844091415405273,0.6872429251670837,0.6844091415405273,0.5661764740943909,0.625
20,2,5,0.683470606803894,0.6855941414833069,0.683470606803894,0.6855941414833069,0.5441176295280457,0.5416666865348816
20,2,6,0.6803196668624878,0.6870988011360168,0.6803196668624878,0.6870988011360168,0.5588235259056091,0.5
20,2,7,0.6774081587791443,0.6886081695556641,0.6774081587791443,0.6886081695556641,0.5735294222831726,0.5
20,2,8,0.6745551228523254,0.6900281310081482,0.6745551228523254,0.6900281310081482,0.5808823704719543,0.5
20,2,9,0.6717084646224976,0.6913780570030212,0.6717084646224976,0.6913780570030212,0.5882353186607361,0.4166666567325592
20,2,10,0.6688717603683472,0.6927081942558289,0.6688717603683472,0.6927081942558289,0.6102941036224365,0.4166666567325592
20,2,11,0.6660561561584473,0.6940578818321228,0.6660561561584473,0.6940578818321228,0.6176470518112183,0.4583333432674408
20,2,12,0.663261890411377,0.6954465508460999,0.663261890411377,0.6954465508460999,0.6470588445663452,0.4583333432674408
20,2,13,0.6604788899421692,0.6968793869018555,0.6604788899421692,0.6968793869018555,0.6691176295280457,0.4166666567325592
20,2,14,0.6576928496360779,0.6983558535575867,0.6576928496360779,0.6983558535575867,0.6985294222831726,0.375
20,2,15,0.6548912525177002,0.6998751163482666,0.6548912525177002,0.6998751163482666,0.6985294222831726,0.375
20,2,16,0.6520648002624512,0.7014380097389221,0.6520648002624512,0.7014380097389221,0.6985294222831726,0.375
20,2,17,0.6492069959640503,0.7030467987060547,0.6492069959640503,0.7030467987060547,0.6911764740943909,0.375
20,2,18,0.6463124752044678,0.7047045230865479,0.6463124752044678,0.7047045230865479,0.6911764740943909,0.4166666567325592
20,2,19,0.6433755159378052,0.706415593624115,0.6433755159378052,0.706415593624115,0.6764705777168274,0.4166666567325592
20,2,20,0.6403891444206238,0.7081854939460754,0.6403891444206238,0.7081854939460754,0.6838235259056091,0.4583333432674408
20,2,21,0.637345552444458,0.7100220322608948,0.637345552444458,0.7100220322608948,0.6985294222831726,0.5
20,2,22,0.6342353224754333,0.7119356989860535,0.6342353224754333,0.7119356989860535,0.6985294222831726,0.5416666865348816
20,2,23,0.631048321723938,0.7139391303062439,0.631048321723938,0.7139391303062439,0.6985294222831726,0.5416666865348816
20,2,24,0.6277730464935303,0.7160482406616211,0.6277730464935303,0.7160482406616211,0.6985294222831726,0.5416666865348816
20,2,25,0.6243974566459656,0.7182820439338684,0.6243974566459656,0.7182820439338684,0.7058823704719543,0.5
20,2,26,0.6209080815315247,0.7206630706787109,0.6209080815315247,0.7206630706787109,0.720588207244873,0.4583333432674408
20,2,27,0.6172906756401062,0.7232191562652588,0.6172906756401062,0.7232191562652588,0.720588207244873,0.4583333432674408
20,2,28,0.6135299801826477,0.7259837985038757,0.6135299801826477,0.7259837985038757,0.720588207244873,0.4583333432674408
21,3,1,0.702336311340332,0.6846839785575867,0.702336311340332,0.6846839785575867,0.4592592716217041,0.5833333134651184
21,3,2,0.6929976940155029,0.6848242282867432,0.6929976940155029,0.6848242282867432,0.46666666865348816,0.5
21,3,3,0.6877539157867432,0.6868187785148621,0.6877539157867432,0.6868187785148621,0.585185170173645,0.5
21,3,4,0.6846615076065063,0.689437210559845,0.6846615076065063,0.689437210559845,0.5777778029441833,0.5
21,3,5,0.6825191378593445,0.6918189525604248,0.6825191378593445,0.6918189525604248,0.5777778029441833,0.5
21,3,6,0.6805352568626404,0.6936151385307312,0.6805352568626404,0.6936151385307312,0.5555555820465088,0.5
21,3,7,0.6783830523490906,0.6948623657226562,0.6783830523490906,0.6948623657226562,0.5555555820465088,0.5
21,3,8,0.6760439872741699,0.6957659721374512,0.6760439872741699,0.6957659721374512,0.5777778029441833,0.5
21,3,9,0.6736157536506653,0.6965363621711731,0.6736157536506653,0.6965363621711731,0.6000000238418579,0.4583333432674408
21,3,10,0.6711891293525696,0.6973158717155457,0.6711891293525696,0.6973158717155457,0.6000000238418579,0.375
21,3,11,0.6688091158866882,0.6981725692749023,0.6688091158866882,0.6981725692749023,0.6074073910713196,0.4166666567325592
21,3,12,0.6664820909500122,0.6991222500801086,0.6664820909500122,0.6991222500801086,0.6074073910713196,0.4583333432674408
21,3,13,0.6641973257064819,0.7001528739929199,0.6641973257064819,0.7001528739929199,0.614814817905426,0.4583333432674408
21,3,14,0.6619409322738647,0.7012410163879395,0.6619409322738647,0.7012410163879395,0.6296296119689941,0.4583333432674408
21,3,15,0.6596999168395996,0.7023603916168213,0.6596999168395996,0.7023603916168213,0.6296296119689941,0.4583333432674408
21,3,16,0.6574628949165344,0.7034880518913269,0.6574628949165344,0.7034880518913269,0.6296296119689941,0.5
21,3,17,0.6552184820175171,0.7046073079109192,0.6552184820175171,0.7046073079109192,0.614814817905426,0.5
21,3,18,0.6529558300971985,0.7057097554206848,0.6529558300971985,0.7057097554206848,0.614814817905426,0.5
21,3,19,0.6506659984588623,0.7067952156066895,0.6506659984588623,0.7067952156066895,0.614814817905426,0.5
21,3,20,0.6483423709869385,0.7078700065612793,0.6483423709869385,0.7078700065612793,0.614814817905426,0.5
21,3,21,0.645980179309845,0.7089441418647766,0.645980179309845,0.7089441418647766,0.6222222447395325,0.5
21,3,22,0.6435759663581848,0.7100289463996887,0.6435759663581848,0.7100289463996887,0.6296296119689941,0.5
21,3,23,0.6411268711090088,0.711134672164917,0.6411268711090088,0.711134672164917,0.6518518328666687,0.5
21,3,24,0.6386294960975647,0.7122699618339539,0.6386294960975647,0.7122699618339539,0.6592592597007751,0.5
21,3,25,0.6360800266265869,0.7134413123130798,0.6360800266265869,0.7134413123130798,0.6740740537643433,0.5
21,3,26,0.6334740519523621,0.714654266834259,0.6334740519523621,0.714654266834259,0.6740740537643433,0.5
22,3,1,0.701858639717102,0.7013633847236633,0.701858639717102,0.7013633847236633,0.4962962865829468,0.5
22,3,2,0.697235643863678,0.7007846236228943,0.697235643863678,0.7007846236228943,0.4962962865829468,0.4166666567325592
22,3,3,0.6955309510231018,0.7007584571838379,0.6955309510231018,0.7007584571838379,0.5111111402511597,0.375
22,3,4,0.6944018602371216,0.701066792011261,0.6944018602371216,0.701066792011261,0.5333333611488342,0.375
22,3,5,0.693561851978302,0.7015226483345032,0.693561851978302,0.7015226483345032,0.5185185074806213,0.5
22,3,6,0.6928240656852722,0.70197993516922,0.6928240656852722,0.70197993516922,0.5185185074806213,0.5
22,3,7,0.692058265209198,0.7023399472236633,0.692058265209198,0.7023399472236633,0.5333333611488342,0.5
22,3,8,0.6911836266517639,0.7025494575500488,0.6911836266517639,0.7025494575500488,0.5555555820465088,0.5
22,3,9,0.6901610493659973,0.7025900483131409,0.6901610493659973,0.7025900483131409,0.5703703761100769,0.5
22,3,10,0.6889817714691162,0.7024686932563782,0.6889817714691162,0.7024686932563782,0.5629629492759705,0.5
22,3,11,0.6876571178436279,0.7022061944007874,0.6876571178436279,0.7022061944007874,0.5703703761100769,0.5
22,3,12,0.6862090826034546,0.7018305659294128,0.6862090826034546,0.7018305659294128,0.5777778029441833,0.5
22,3,13,0.6846638917922974,0.7013707160949707,0.6846638917922974,0.7013707160949707,0.5777778029441833,0.5
22,3,14,0.6830469965934753,0.7008535265922546,0.6830469965934753,0.7008535265922546,0.585185170173645,0.5
22,3,15,0.681381106376648,0.7003019452095032,0.681381106376648,0.7003019452095032,0.585185170173645,0.5
22,3,16,0.6796848177909851,0.6997343897819519,0.6796848177909851,0.6997343897819519,0.5925925970077515,0.5
22,3,17,0.6779724359512329,0.6991651654243469,0.6779724359512329,0.6991651654243469,0.614814817905426,0.5
22,3,18,0.6762542724609375,0.6986045837402344,0.6762542724609375,0.6986045837402344,0.614814817905426,0.5
22,3,19,0.674537181854248,0.6980598568916321,0.674537181854248,0.6980598568916321,0.6074073910713196,0.5
22,3,20,0.6728255152702332,0.6975353360176086,0.6728255152702332,0.6975353360176086,0.614814817905426,0.5
22,3,21,0.6711212992668152,0.6970338821411133,0.6711212992668152,0.6970338821411133,0.6222222447395325,0.5
22,3,22,0.6694249510765076,0.696556568145752,0.6694249510765076,0.696556568145752,0.6222222447395325,0.5
22,3,23,0.6677361130714417,0.6961037516593933,0.6677361130714417,0.6961037516593933,0.6074073910713196,0.5
22,3,24,0.6660532355308533,0.6956748962402344,0.6660532355308533,0.6956748962402344,0.614814817905426,0.5
22,3,25,0.6643747687339783,0.6952694058418274,0.6643747687339783,0.6952694058418274,0.6296296119689941,0.5
22,3,26,0.6626984477043152,0.6948860287666321,0.6626984477043152,0.6948860287666321,0.6296296119689941,0.5
22,3,27,0.6610221266746521,0.6945241093635559,0.6610221266746521,0.6945241093635559,0.6296296119689941,0.5833333134651184
22,3,28,0.6593438386917114,0.6941825747489929,0.6593438386917114,0.6941825747489929,0.6222222447395325,0.5833333134651184
22,3,29,0.6576611995697021,0.6938607096672058,0.6576611995697021,0.6938607096672058,0.6296296119689941,0.5833333134651184
22,3,30,0.655972421169281,0.6935576796531677,0.655972421169281,0.6935576796531677,0.6370370388031006,0.5833333134651184
22,3,31,0.6542751789093018,0.6932730674743652,0.6542751789093018,0.6932730674743652,0.6296296119689941,0.625
22,3,32,0.6525680422782898,0.693006694316864,0.6525680422782898,0.693006694316864,0.644444465637207,0.625
22,3,33,0.650848925113678,0.692758321762085,0.650848925113678,0.692758321762085,0.644444465637207,0.625
22,3,34,0.6491161584854126,0.6925279498100281,0.6491161584854126,0.6925279498100281,0.6592592597007751,0.625
22,3,35,0.6473681330680847,0.6923157572746277,0.6473681330680847,0.6923157572746277,0.6592592597007751,0.625
22,3,36,0.6456034183502197,0.6921220421791077,0.6456034183502197,0.6921220421791077,0.6592592597007751,0.625
22,3,37,0.6438201069831848,0.6919471621513367,0.6438201069831848,0.6919471621513367,0.6518518328666687,0.625
22,3,38,0.6420168280601501,0.6917915940284729,0.6420168280601501,0.6917915940284729,0.6518518328666687,0.625
22,3,39,0.640191912651062,0.6916559338569641,0.640191912651062,0.6916559338569641,0.6518518328666687,0.625
22,3,40,0.6383439302444458,0.6915408968925476,0.6383439302444458,0.6915408968925476,0.6518518328666687,0.625
22,3,41,0.6364712119102478,0.6914471983909607,0.6364712119102478,0.6914471983909607,0.6518518328666687,0.625
22,3,42,0.6345721483230591,0.6913754343986511,0.6345721483230591,0.6913754343986511,0.6518518328666687,0.625
22,3,43,0.6326451897621155,0.6913265585899353,0.6326451897621155,0.6913265585899353,0.6518518328666687,0.625
22,3,44,0.6306887269020081,0.6913013458251953,0.6306887269020081,0.6913013458251953,0.6592592597007751,0.625
22,3,45,0.6287009716033936,0.6913008689880371,0.6287009716033936,0.6913008689880371,0.6518518328666687,0.625
22,3,46,0.6266806721687317,0.6913259625434875,0.6266806721687317,0.6913259625434875,0.6592592597007751,0.625
22,3,47,0.6246259212493896,0.6913776397705078,0.6246259212493896,0.6913776397705078,0.6592592597007751,0.625
22,3,48,0.622535228729248,0.6914567947387695,0.622535228729248,0.6914567947387695,0.6518518328666687,0.625
22,3,49,0.6204071640968323,0.6915645599365234,0.6204071640968323,0.6915645599365234,0.6518518328666687,0.625
22,3,50,0.6182399392127991,0.6917016506195068,0.6182399392127991,0.6917016506195068,0.6592592597007751,0.625
22,3,51,0.6160323023796082,0.6918690800666809,0.6160323023796082,0.6918690800666809,0.6592592597007751,0.625
22,3,52,0.6137827634811401,0.6920679211616516,0.6137827634811401,0.6920679211616516,0.6518518328666687,0.625
22,3,53,0.6114899516105652,0.6922986507415771,0.6114899516105652,0.6922986507415771,0.6518518328666687,0.625
22,3,54,0.609152615070343,0.6925621032714844,0.609152615070343,0.6925621032714844,0.6592592597007751,0.5833333134651184
22,3,55,0.6067695617675781,0.6928586363792419,0.6067695617675781,0.6928586363792419,0.6592592597007751,0.5833333134651184
22,3,56,0.604339599609375,0.6931884288787842,0.604339599609375,0.6931884288787842,0.6740740537643433,0.5833333134651184
22,3,57,0.6018616557121277,0.6935517191886902,0.6018616557121277,0.6935517191886902,0.6592592597007751,0.5833333134651184
22,3,58,0.5993345975875854,0.6939480900764465,0.5993345975875854,0.6939480900764465,0.6592592597007751,0.5833333134651184
22,3,59,0.5967574119567871,0.6943769454956055,0.5967574119567871,0.6943769454956055,0.6666666865348816,0.5833333134651184
22,3,60,0.5941289663314819,0.6948373913764954,0.5941289663314819,0.6948373913764954,0.6814814805984497,0.5833333134651184
22,3,61,0.5914481282234192,0.6953281760215759,0.5914481282234192,0.6953281760215759,0.6888889074325562,0.5833333134651184
22,3,62,0.5887136459350586,0.6958475708961487,0.5887136459350586,0.6958475708961487,0.6888889074325562,0.5833333134651184
22,3,63,0.585923969745636,0.6963934302330017,0.585923969745636,0.6963934302330017,0.6740740537643433,0.5833333134651184
22,3,64,0.5830775499343872,0.6969631314277649,0.5830775499343872,0.6969631314277649,0.6740740537643433,0.5833333134651184
22,3,65,0.5801721811294556,0.697553813457489,0.5801721811294556,0.697553813457489,0.6814814805984497,0.625
22,3,66,0.5772055983543396,0.6981614232063293,0.5772055983543396,0.6981614232063293,0.6814814805984497,0.625
22,3,67,0.5741748809814453,0.6987814903259277,0.5741748809814453,0.6987814903259277,0.6814814805984497,0.625
22,3,68,0.5710767507553101,0.6994081139564514,0.5710767507553101,0.6994081139564514,0.6814814805984497,0.625
22,3,69,0.5679073333740234,0.7000341415405273,0.5679073333740234,0.7000341415405273,0.6814814805984497,0.625
23,3,1,0.6764116883277893,0.7141998410224915,0.6764116883277893,0.7141998410224915,0.585185170173645,0.4166666567325592
23,3,2,0.6694121360778809,0.7158270478248596,0.6694121360778809,0.7158270478248596,0.6000000238418579,0.4583333432674408
23,3,3,0.665209949016571,0.7184703946113586,0.665209949016571,0.7184703946113586,0.5925925970077515,0.5416666865348816
23,3,4,0.6623404622077942,0.7215819954872131,0.6623404622077942,0.7215819954872131,0.6518518328666687,0.5416666865348816
23,3,5,0.6602643132209778,0.7246150970458984,0.6602643132209778,0.7246150970458984,0.6222222447395325,0.5416666865348816
23,3,6,0.6585314869880676,0.7272083163261414,0.6585314869880676,0.7272083163261414,0.6000000238418579,0.5833333134651184
23,3,7,0.6568398475646973,0.7292166352272034,0.6568398475646973,0.7292166352272034,0.5925925970077515,0.5833333134651184
23,3,8,0.6550379991531372,0.7306642532348633,0.6550379991531372,0.7306642532348633,0.6074073910713196,0.5833333134651184
23,3,9,0.6530871391296387,0.7316715121269226,0.6530871391296387,0.7316715121269226,0.6074073910713196,0.5833333134651184
23,3,10,0.6510112881660461,0.7323902249336243,0.6510112881660461,0.7323902249336243,0.6074073910713196,0.625
23,3,11,0.6488566994667053,0.7329605221748352,0.6488566994667053,0.7329605221748352,0.6074073910713196,0.625
23,3,12,0.6466678380966187,0.7334904670715332,0.6466678380966187,0.7334904670715332,0.614814817905426,0.625
23,3,13,0.644476592540741,0.7340520024299622,0.644476592540741,0.7340520024299622,0.6296296119689941,0.625
23,3,14,0.6423018574714661,0.7346863746643066,0.6423018574714661,0.7346863746643066,0.6518518328666687,0.625
23,3,15,0.6401513814926147,0.7354106903076172,0.6401513814926147,0.7354106903076172,0.6518518328666687,0.625
23,3,16,0.63802570104599,0.7362270355224609,0.63802570104599,0.7362270355224609,0.644444465637207,0.625
23,3,17,0.6359214782714844,0.7371280193328857,0.6359214782714844,0.7371280193328857,0.644444465637207,0.625
23,3,18,0.6338323354721069,0.73810213804245,0.6338323354721069,0.73810213804245,0.6370370388031006,0.625
23,3,19,0.6317515969276428,0.7391369938850403,0.6317515969276428,0.7391369938850403,0.644444465637207,0.625
23,3,20,0.6296719312667847,0.7402222156524658,0.6296719312667847,0.7402222156524658,0.6370370388031006,0.625
23,3,21,0.6275865435600281,0.741349995136261,0.6275865435600281,0.741349995136261,0.6370370388031006,0.5833333134651184
23,3,22,0.6254891753196716,0.7425163388252258,0.6254891753196716,0.7425163388252258,0.644444465637207,0.5833333134651184
23,3,23,0.6233744025230408,0.7437208294868469,0.6233744025230408,0.7437208294868469,0.6592592597007751,0.5833333134651184
23,3,24,0.6212376952171326,0.7449662089347839,0.6212376952171326,0.7449662089347839,0.6740740537643433,0.625
23,3,25,0.6190748810768127,0.7462576031684875,0.6190748810768127,0.7462576031684875,0.6814814805984497,0.625
23,3,26,0.6168824434280396,0.7476024627685547,0.6168824434280396,0.7476024627685547,0.6814814805984497,0.6666666865348816
24,3,1,0.695746660232544,0.6836788654327393,0.695746660232544,0.6836788654327393,0.5037037134170532,0.5833333134651184
24,3,2,0.6908130049705505,0.684546172618866,0.6908130049705505,0.684546172618866,0.5259259343147278,0.5416666865348816
24,3,3,0.6879623532295227,0.6855180859565735,0.6879623532295227,0.6855180859565735,0.5555555820465088,0.5
24,3,4,0.6855406761169434,0.6864585876464844,0.6855406761169434,0.6864585876464844,0.5333333611488342,0.5
24,3,5,0.6832822561264038,0.6872537732124329,0.6832822561264038,0.6872537732124329,0.5407407283782959,0.5
24,3,6,0.6810291409492493,0.6878587603569031,0.6810291409492493,0.6878587603569031,0.5629629492759705,0.4583333432674408
24,3,7,0.678708553314209,0.688288152217865,0.678708553314209,0.688288152217865,0.5703703761100769,0.4583333432674408
24,3,8,0.6763104796409607,0.6885893940925598,0.6763104796409607,0.6885893940925598,0.585185170173645,0.5
24,3,9,0.673858106136322,0.6888191103935242,0.673858106136322,0.6888191103935242,0.585185170173645,0.5
24,3,10,0.6713847517967224,0.6890265941619873,0.6713847517967224,0.6890265941619873,0.5925925970077515,0.5
24,3,11,0.6689202189445496,0.6892474293708801,0.6689202189445496,0.6892474293708801,0.614814817905426,0.5
24,3,12,0.6664840579032898,0.6895027160644531,0.6664840579032898,0.6895027160644531,0.6222222447395325,0.5
24,3,13,0.6640853881835938,0.6898019909858704,0.6640853881835938,0.6898019909858704,0.6074073910713196,0.5
24,3,14,0.6617251038551331,0.6901471018791199,0.6617251038551331,0.6901471018791199,0.5925925970077515,0.5
24,3,15,0.6593983769416809,0.690535843372345,0.6593983769416809,0.690535843372345,0.614814817905426,0.5
24,3,16,0.6570976972579956,0.6909641623497009,0.6570976972579956,0.6909641623497009,0.614814817905426,0.5
24,3,17,0.6548134684562683,0.691428005695343,0.6548134684562683,0.691428005695343,0.614814817905426,0.5
24,3,18,0.6525362730026245,0.6919248104095459,0.6525362730026245,0.6919248104095459,0.6296296119689941,0.5
24,3,19,0.6502573490142822,0.6924535632133484,0.6502573490142822,0.6924535632133484,0.6296296119689941,0.5
24,3,20,0.6479686498641968,0.6930151581764221,0.6479686498641968,0.6930151581764221,0.6296296119689941,0.5
24,3,21,0.645663321018219,0.6936126351356506,0.645663321018219,0.6936126351356506,0.6296296119689941,0.5
24,3,22,0.64333575963974,0.6942508220672607,0.64333575963974,0.6942508220672607,0.6370370388031006,0.5
24,3,23,0.6409809589385986,0.6949359774589539,0.6409809589385986,0.6949359774589539,0.6370370388031006,0.5
24,3,24,0.6385942697525024,0.6956758499145508,0.6385942697525024,0.6956758499145508,0.6370370388031006,0.5416666865348816
24,3,25,0.6361714601516724,0.6964797377586365,0.6361714601516724,0.6964797377586365,0.644444465637207,0.5416666865348816
24,3,26,0.6337077617645264,0.6973578333854675,0.6337077617645264,0.6973578333854675,0.644444465637207,0.5416666865348816
25,3,1,0.7040666937828064,0.6937081813812256,0.7040666937828064,0.6937081813812256,0.48148149251937866,0.5
25,3,2,0.6986798644065857,0.6951818466186523,0.6986798644065857,0.6951818466186523,0.48148149251937866,0.5
25,3,3,0.6952540278434753,0.6967681050300598,0.6952540278434753,0.6967681050300598,0.5037037134170532,0.5
25,3,4,0.6921613216400146,0.6983904838562012,0.6921613216400146,0.6983904838562012,0.5111111402511597,0.4166666567325592
25,3,5,0.6892359256744385,0.7000319957733154,0.6892359256744385,0.7000319957733154,0.5407407283782959,0.375
25,3,6,0.6864237189292908,0.7016854882240295,0.6864237189292908,0.7016854882240295,0.5703703761100769,0.3333333432674408
25,3,7,0.6836941838264465,0.7033435702323914,0.6836941838264465,0.7033435702323914,0.5703703761100769,0.4166666567325592
25,3,8,0.6810237169265747,0.705000102519989,0.6810237169265747,0.705000102519989,0.5629629492759705,0.4166666567325592
25,3,9,0.6783941388130188,0.7066519856452942,0.6783941388130188,0.7066519856452942,0.5703703761100769,0.4166666567325592
25,3,10,0.6757931113243103,0.708300769329071,0.6757931113243103,0.708300769329071,0.6000000238418579,0.4166666567325592
25,3,11,0.6732131838798523,0.7099506258964539,0.6732131838798523,0.7099506258964539,0.6296296119689941,0.4583333432674408
25,3,12,0.670650839805603,0.7116079330444336,0.670650839805603,0.7116079330444336,0.6592592597007751,0.4583333432674408
25,3,13,0.6681037545204163,0.7132792472839355,0.6681037545204163,0.7132792472839355,0.6666666865348816,0.4583333432674408
25,3,14,0.6655698418617249,0.7149702906608582,0.6655698418617249,0.7149702906608582,0.6666666865348816,0.4583333432674408
25,3,15,0.6630464792251587,0.7166860699653625,0.6630464792251587,0.7166860699653625,0.6740740537643433,0.4583333432674408
25,3,16,0.6605303287506104,0.7184305191040039,0.6605303287506104,0.7184305191040039,0.6740740537643433,0.4166666567325592
25,3,17,0.6580172777175903,0.720207154750824,0.6580172777175903,0.720207154750824,0.6740740537643433,0.4583333432674408
25,3,18,0.6555026769638062,0.7220188975334167,0.6555026769638062,0.7220188975334167,0.6814814805984497,0.4583333432674408
25,3,19,0.6529819369316101,0.7238685488700867,0.6529819369316101,0.7238685488700867,0.6814814805984497,0.4583333432674408
25,3,20,0.6504505276679993,0.7257590889930725,0.6504505276679993,0.7257590889930725,0.6740740537643433,0.5
25,3,21,0.6479041576385498,0.7276938557624817,0.6479041576385498,0.7276938557624817,0.6740740537643433,0.5
25,3,22,0.6453390121459961,0.7296763062477112,0.6453390121459961,0.7296763062477112,0.6666666865348816,0.5
25,3,23,0.6427516341209412,0.7317101955413818,0.6427516341209412,0.7317101955413818,0.6666666865348816,0.5
25,3,24,0.6401392817497253,0.7337994575500488,0.6401392817497253,0.7337994575500488,0.6814814805984497,0.5
25,3,25,0.6374992728233337,0.7359483242034912,0.6374992728233337,0.7359483242034912,0.6740740537643433,0.5
25,3,26,0.6348299980163574,0.738161027431488,0.6348299980163574,0.738161027431488,0.6740740537643433,0.5
26,3,1,0.7015364170074463,0.6958239674568176,0.7015364170074463,0.6958239674568176,0.42222222685813904,0.6666666865348816
26,3,2,0.6960642337799072,0.6956185698509216,0.6960642337799072,0.6956185698509216,0.4592592716217041,0.625
26,3,3,0.6922906041145325,0.6962278485298157,0.6922906041145325,0.6962278485298157,0.5185185074806213,0.5416666865348816
26,3,4,0.6892752051353455,0.6973158717155457,0.6892752051353455,0.6973158717155457,0.5259259343147278,0.5416666865348816
26,3,5,0.6867099404335022,0.6986176371574402,0.6867099404335022,0.6986176371574402,0.5555555820465088,0.5
26,3,6,0.6843580007553101,0.6999557018280029,0.6843580007553101,0.6999557018280029,0.5481481552124023,0.5
26,3,7,0.6820647120475769,0.7012380957603455,0.6820647120475769,0.7012380957603455,0.5629629492759705,0.5
26,3,8,0.6797505021095276,0.702437698841095,0.6797505021095276,0.702437698841095,0.5555555820465088,0.5
26,3,9,0.6773909330368042,0.70356684923172,0.6773909330368042,0.70356684923172,0.5777778029441833,0.5
26,3,10,0.6749922037124634,0.7046553492546082,0.6749922037124634,0.7046553492546082,0.5925925970077515,0.5
26,3,11,0.6725732684135437,0.7057358622550964,0.6725732684135437,0.7057358622550964,0.5925925970077515,0.5
26,3,12,0.6701534986495972,0.706835925579071,0.6701534986495972,0.706835925579071,0.6000000238418579,0.5
26,3,13,0.6677469611167908,0.7079758048057556,0.6677469611167908,0.7079758048057556,0.6000000238418579,0.5
26,3,14,0.6653617024421692,0.7091689109802246,0.6653617024421692,0.7091689109802246,0.614814817905426,0.5416666865348816
26,3,15,0.6630001068115234,0.7104235291481018,0.6630001068115234,0.7104235291481018,0.6074073910713196,0.5
26,3,16,0.6606603860855103,0.7117443680763245,0.6606603860855103,0.7117443680763245,0.6000000238418579,0.5
26,3,17,0.6583386659622192,0.7131344676017761,0.6583386659622192,0.7131344676017761,0.6074073910713196,0.5
26,3,18,0.6560290455818176,0.7145957946777344,0.6560290455818176,0.7145957946777344,0.6074073910713196,0.5
26,3,19,0.6537253260612488,0.7161307334899902,0.6537253260612488,0.7161307334899902,0.614814817905426,0.5
26,3,20,0.6514214277267456,0.7177421450614929,0.6514214277267456,0.7177421450614929,0.614814817905426,0.5
26,3,21,0.6491109728813171,0.7194333672523499,0.6491109728813171,0.7194333672523499,0.614814817905426,0.5
26,3,22,0.6467882394790649,0.7212095856666565,0.6467882394790649,0.7212095856666565,0.614814817905426,0.4583333432674408
26,3,23,0.6444478631019592,0.7230765223503113,0.6444478631019592,0.7230765223503113,0.614814817905426,0.4583333432674408
26,3,24,0.6420847773551941,0.7250418663024902,0.6420847773551941,0.7250418663024902,0.6222222447395325,0.4166666567325592
26,3,25,0.6396946310997009,0.7271140217781067,0.6396946310997009,0.7271140217781067,0.6370370388031006,0.4166666567325592
26,3,26,0.6372729539871216,0.7293029427528381,0.6372729539871216,0.7293029427528381,0.6370370388031006,0.4166666567325592
26,3,27,0.6348156929016113,0.7316200733184814,0.6348156929016113,0.7316200733184814,0.6370370388031006,0.4166666567325592
27,3,1,0.7084994912147522,0.7624201774597168,0.7084994912147522,0.7624201774597168,0.4740740656852722,0.375
27,3,2,0.7038750052452087,0.7576904296875,0.7038750052452087,0.7576904296875,0.4962962865829468,0.375
27,3,3,0.702401340007782,0.7530795931816101,0.702401340007782,0.7530795931816101,0.4888888895511627,0.375
27,3,4,0.7015833258628845,0.7488071322441101,0.7015833258628845,0.7488071322441101,0.46666666865348816,0.2916666567325592
27,3,5,0.7011352777481079,0.744821310043335,0.7011352777481079,0.744821310043335,0.48148149251937866,0.2916666567325592
27,3,6,0.7008514404296875,0.7410253882408142,0.7008514404296875,0.7410253882408142,0.4888888895511627,0.2916666567325592
27,3,7,0.7005792856216431,0.7373349070549011,0.7005792856216431,0.7373349070549011,0.5333333611488342,0.3333333432674408
27,3,8,0.7002207040786743,0.7336935997009277,0.7002207040786743,0.7336935997009277,0.5111111402511597,0.4166666567325592
27,3,9,0.6997263431549072,0.7300722599029541,0.6997263431549072,0.7300722599029541,0.5259259343147278,0.4166666567325592
27,3,10,0.6990841031074524,0.7264623045921326,0.6990841031074524,0.7264623045921326,0.5333333611488342,0.4166666567325592
27,3,11,0.6983052492141724,0.7228679060935974,0.6983052492141724,0.7228679060935974,0.5185185074806213,0.4166666567325592
27,3,12,0.6974145770072937,0.7192991375923157,0.6974145770072937,0.7192991375923157,0.5111111402511597,0.4166666567325592
27,3,13,0.6964403986930847,0.7157673835754395,0.6964403986930847,0.7157673835754395,0.5111111402511597,0.4166666567325592
27,3,14,0.6954101324081421,0.712282657623291,0.6954101324081421,0.712282657623291,0.5111111402511597,0.5
27,3,15,0.6943467259407043,0.7088524699211121,0.6943467259407043,0.7088524699211121,0.5185185074806213,0.5
27,3,16,0.693268358707428,0.7054811120033264,0.693268358707428,0.7054811120033264,0.5333333611488342,0.5
27,3,17,0.6921878457069397,0.7021703720092773,0.6921878457069397,0.7021703720092773,0.5333333611488342,0.5
27,3,18,0.6911138296127319,0.698919951915741,0.6911138296127319,0.698919951915741,0.5259259343147278,0.5
27,3,19,0.690051257610321,0.6957278251647949,0.690051257610321,0.6957278251647949,0.5333333611488342,0.5
27,3,20,0.6890023946762085,0.6925909519195557,0.6890023946762085,0.6925909519195557,0.5407407283782959,0.5416666865348816
27,3,21,0.6879676580429077,0.689505398273468,0.6879676580429077,0.689505398273468,0.5407407283782959,0.5416666865348816
27,3,22,0.6869462728500366,0.6864674091339111,0.6869462728500366,0.6864674091339111,0.5333333611488342,0.5
27,3,23,0.6859367489814758,0.6834724545478821,0.6859367489814758,0.6834724545478821,0.5259259343147278,0.5416666865348816
27,3,24,0.6849370002746582,0.6805166602134705,0.6849370002746582,0.6805166602134705,0.5333333611488342,0.5416666865348816
27,3,25,0.683944821357727,0.6775957942008972,0.683944821357727,0.6775957942008972,0.5259259343147278,0.5833333134651184
27,3,26,0.68295818567276,0.6747062802314758,0.68295818567276,0.6747062802314758,0.5185185074806213,0.625
27,3,27,0.6819750666618347,0.6718446612358093,0.6819750666618347,0.6718446612358093,0.5111111402511597,0.6666666865348816
27,3,28,0.6809937357902527,0.6690075397491455,0.6809937357902527,0.6690075397491455,0.5481481552124023,0.7083333134651184
27,3,29,0.6800123453140259,0.6661919951438904,0.6800123453140259,0.6661919951438904,0.5555555820465088,0.7083333134651184
27,3,30,0.679029643535614,0.6633954048156738,0.679029643535614,0.6633954048156738,0.5555555820465088,0.7083333134651184
27,3,31,0.6780441403388977,0.6606151461601257,0.6780441403388977,0.6606151461601257,0.5555555820465088,0.75
27,3,32,0.6770547032356262,0.6578488349914551,0.6770547032356262,0.6578488349914551,0.5629629492759705,0.75
27,3,33,0.6760604381561279,0.6550943851470947,0.6760604381561279,0.6550943851470947,0.5703703761100769,0.7916666865348816
27,3,34,0.6750602722167969,0.6523497104644775,0.6750602722167969,0.6523497104644775,0.5703703761100769,0.7916666865348816
27,3,35,0.6740533709526062,0.6496127247810364,0.6740533709526062,0.6496127247810364,0.5629629492759705,0.7916666865348816
27,3,36,0.67303866147995,0.6468818187713623,0.67303866147995,0.6468818187713623,0.5481481552124023,0.7916666865348816
27,3,37,0.6720155477523804,0.6441550850868225,0.6720155477523804,0.6441550850868225,0.5555555820465088,0.7916666865348816
27,3,38,0.6709830164909363,0.6414308547973633,0.6709830164909363,0.6414308547973633,0.5629629492759705,0.7916666865348816
27,3,39,0.6699401140213013,0.6387075781822205,0.6699401140213013,0.6387075781822205,0.5629629492759705,0.7916666865348816
27,3,40,0.668886125087738,0.6359836459159851,0.668886125087738,0.6359836459159851,0.5777778029441833,0.7916666865348816
27,3,41,0.6678200960159302,0.6332576274871826,0.6678200960159302,0.6332576274871826,0.5703703761100769,0.7916666865348816
27,3,42,0.6667410135269165,0.6305282115936279,0.6667410135269165,0.6305282115936279,0.5703703761100769,0.7916666865348816
27,3,43,0.6656480431556702,0.627794086933136,0.6656480431556702,0.627794086933136,0.5777778029441833,0.7916666865348816
27,3,44,0.6645400524139404,0.625054121017456,0.6645400524139404,0.625054121017456,0.585185170173645,0.7916666865348816
27,3,45,0.6634159684181213,0.622307300567627,0.6634159684181213,0.622307300567627,0.585185170173645,0.7916666865348816
27,3,46,0.6622748970985413,0.6195525527000427,0.6622748970985413,0.6195525527000427,0.585185170173645,0.7916666865348816
27,3,47,0.6611155867576599,0.6167890429496765,0.6611155867576599,0.6167890429496765,0.585185170173645,0.7916666865348816
27,3,48,0.6599367260932922,0.6140162348747253,0.6599367260932922,0.6140162348747253,0.5925925970077515,0.7916666865348816
27,3,49,0.6587374210357666,0.6112335920333862,0.6587374210357666,0.6112335920333862,0.6000000238418579,0.7916666865348816
27,3,50,0.6575161218643188,0.6084406971931458,0.6575161218643188,0.6084406971931458,0.6296296119689941,0.7916666865348816
27,3,51,0.6562715768814087,0.6056375503540039,0.6562715768814087,0.6056375503540039,0.6296296119689941,0.7916666865348816
27,3,52,0.6550024747848511,0.6028242111206055,0.6550024747848511,0.6028242111206055,0.6296296119689941,0.7916666865348816
27,3,53,0.6537070274353027,0.6000009179115295,0.6537070274353027,0.6000009179115295,0.6370370388031006,0.7916666865348816
27,3,54,0.6523839235305786,0.5971683859825134,0.6523839235305786,0.5971683859825134,0.6370370388031006,0.7916666865348816
27,3,55,0.651031494140625,0.5943273901939392,0.651031494140625,0.5943273901939392,0.6370370388031006,0.7916666865348816
27,3,56,0.6496478319168091,0.5914791226387024,0.6496478319168091,0.5914791226387024,0.6370370388031006,0.7916666865348816
27,3,57,0.6482310891151428,0.5886251926422119,0.6482310891151428,0.5886251926422119,0.6370370388031006,0.7916666865348816
27,3,58,0.646779477596283,0.5857675075531006,0.646779477596283,0.5857675075531006,0.6296296119689941,0.7916666865348816
27,3,59,0.6452904939651489,0.5829081535339355,0.6452904939651489,0.5829081535339355,0.644444465637207,0.7916666865348816
27,3,60,0.6437621116638184,0.5800499320030212,0.6437621116638184,0.5800499320030212,0.6370370388031006,0.7916666865348816
27,3,61,0.6421917676925659,0.577195942401886,0.6421917676925659,0.577195942401886,0.6518518328666687,0.75
27,3,62,0.6405767202377319,0.5743498206138611,0.6405767202377319,0.5743498206138611,0.6518518328666687,0.75
27,3,63,0.6389142870903015,0.5715155005455017,0.6389142870903015,0.5715155005455017,0.6518518328666687,0.75
27,3,64,0.6372010707855225,0.5686977505683899,0.6372010707855225,0.5686977505683899,0.6518518328666687,0.75
27,3,65,0.6354339718818665,0.5659015774726868,0.6354339718818665,0.5659015774726868,0.6592592597007751,0.75
27,3,66,0.6336091160774231,0.5631327033042908,0.6336091160774231,0.5631327033042908,0.6592592597007751,0.75
27,3,67,0.6317226886749268,0.5603975653648376,0.6317226886749268,0.5603975653648376,0.6666666865348816,0.75
27,3,68,0.6297701001167297,0.5577028393745422,0.6297701001167297,0.5577028393745422,0.6592592597007751,0.75
27,3,69,0.6277468204498291,0.5550563335418701,0.6277468204498291,0.5550563335418701,0.6592592597007751,0.75
27,3,70,0.6256473660469055,0.5524661540985107,0.6256473660469055,0.5524661540985107,0.6592592597007751,0.7083333134651184
27,3,71,0.6234660744667053,0.5499414801597595,0.6234660744667053,0.5499414801597595,0.6592592597007751,0.7083333134651184
27,3,72,0.6211966276168823,0.5474919676780701,0.6211966276168823,0.5474919676780701,0.6518518328666687,0.7083333134651184
27,3,73,0.6188318729400635,0.545128345489502,0.6188318729400635,0.545128345489502,0.6592592597007751,0.7083333134651184
27,3,74,0.6163642406463623,0.5428624749183655,0.6163642406463623,0.5428624749183655,0.6666666865348816,0.7083333134651184
27,3,75,0.613784909248352,0.5407071709632874,0.613784909248352,0.5407071709632874,0.6666666865348816,0.7083333134651184
27,3,76,0.611084520816803,0.5386767387390137,0.611084520816803,0.5386767387390137,0.6666666865348816,0.7083333134651184
27,3,77,0.6082522869110107,0.5367871522903442,0.6082522869110107,0.5367871522903442,0.6666666865348816,0.7083333134651184
27,3,78,0.6052764058113098,0.5350565314292908,0.6052764058113098,0.5350565314292908,0.6592592597007751,0.7083333134651184
27,3,79,0.6021437644958496,0.533505380153656,0.6021437644958496,0.533505380153656,0.6666666865348816,0.7083333134651184
27,3,80,0.5988394021987915,0.5321574211120605,0.5988394021987915,0.5321574211120605,0.6740740537643433,0.7083333134651184
27,3,81,0.5953468084335327,0.531040608882904,0.5953468084335327,0.531040608882904,0.6814814805984497,0.7083333134651184
27,3,82,0.5916475653648376,0.5301877856254578,0.5916475653648376,0.5301877856254578,0.6740740537643433,0.7083333134651184
27,3,83,0.5877209305763245,0.5296381115913391,0.5877209305763245,0.5296381115913391,0.6740740537643433,0.7083333134651184
27,3,84,0.5835435390472412,0.5294392704963684,0.5835435390472412,0.5294392704963684,0.6740740537643433,0.7083333134651184
27,3,85,0.5790899395942688,0.529649019241333,0.5790899395942688,0.529649019241333,0.6962962746620178,0.7083333134651184
27,3,86,0.5743312239646912,0.5303380489349365,0.5743312239646912,0.5303380489349365,0.6962962746620178,0.7083333134651184
27,3,87,0.5692362189292908,0.5315935015678406,0.5692362189292908,0.5315935015678406,0.6888889074325562,0.7083333134651184
27,3,88,0.5637707710266113,0.5335221290588379,0.5637707710266113,0.5335221290588379,0.6814814805984497,0.6666666865348816
27,3,89,0.557898759841919,0.5362546443939209,0.557898759841919,0.5362546443939209,0.7111111283302307,0.6666666865348816
27,3,90,0.5515832304954529,0.5399490594863892,0.5515832304954529,0.5399490594863892,0.7111111283302307,0.6666666865348816
27,3,91,0.5447879433631897,0.544792652130127,0.5447879433631897,0.544792652130127,0.7111111283302307,0.6666666865348816
27,3,92,0.5374804139137268,0.5510001182556152,0.5374804139137268,0.5510001182556152,0.7111111283302307,0.6666666865348816
27,3,93,0.529635488986969,0.5588034987449646,0.529635488986969,0.5588034987449646,0.7185184955596924,0.6666666865348816
27,3,94,0.5212410688400269,0.568429172039032,0.5212410688400269,0.568429172039032,0.7407407164573669,0.6666666865348816
27,3,95,0.5123022794723511,0.580056369304657,0.5123022794723511,0.580056369304657,0.7407407164573669,0.6666666865348816
27,3,96,0.5028446912765503,0.5937561392784119,0.5028446912765503,0.5937561392784119,0.7555555701255798,0.6666666865348816
27,3,97,0.49291253089904785,0.6094227433204651,0.49291253089904785,0.6094227433204651,0.770370364189148,0.6666666865348816
27,3,98,0.4825613498687744,0.6267290711402893,0.4825613498687744,0.6267290711402893,0.7777777910232544,0.6666666865348816
27,3,99,0.4718473553657532,0.6451552510261536,0.4718473553657532,0.6451552510261536,0.770370364189148,0.6666666865348816
27,3,100,0.4608238637447357,0.6641178727149963,0.4608238637447357,0.6641178727149963,0.7925925850868225,0.625
27,3,101,0.44955140352249146,0.6831676959991455,0.44955140352249146,0.6831676959991455,0.7925925850868225,0.625
27,3,102,0.4381117522716522,0.7021504044532776,0.4381117522716522,0.7021504044532776,0.8222222328186035,0.625
27,3,103,0.42660361528396606,0.7212279438972473,0.42660361528396606,0.7212279438972473,0.8074073791503906,0.625
27,3,104,0.41511228680610657,0.7407453656196594,0.41511228680610657,0.7407453656196594,0.8074073791503906,0.625
27,3,105,0.4036804139614105,0.7610225081443787,0.4036804139614105,0.7610225081443787,0.8148148059844971,0.625
27,3,106,0.39230531454086304,0.7821853756904602,0.39230531454086304,0.7821853756904602,0.8148148059844971,0.625
27,3,107,0.38096216320991516,0.804121196269989,0.38096216320991516,0.804121196269989,0.8370370268821716,0.625
27,3,108,0.3696325421333313,0.826566219329834,0.3696325421333313,0.826566219329834,0.8370370268821716,0.625
27,3,109,0.3583208918571472,0.8492352366447449,0.3583208918571472,0.8492352366447449,0.8518518805503845,0.625
28,3,1,0.6994825601577759,0.7161113619804382,0.6994825601577759,0.7161113619804382,0.45588234066963196,0.4583333432674408
28,3,2,0.6932451725006104,0.7154889106750488,0.6932451725006104,0.7154889106750488,0.49264705181121826,0.5
28,3,3,0.6896940469741821,0.715820848941803,0.6896940469741821,0.715820848941803,0.5514705777168274,0.5
28,3,4,0.6873878836631775,0.7168815732002258,0.6873878836631775,0.7168815732002258,0.5441176295280457,0.5
28,3,5,0.6859221458435059,0.7183539867401123,0.6859221458435059,0.7183539867401123,0.5514705777168274,0.5
28,3,6,0.6849110722541809,0.719959557056427,0.6849110722541809,0.719959557056427,0.5441176295280457,0.5
28,3,7,0.6840450763702393,0.7215003371238708,0.6840450763702393,0.7215003371238708,0.5367646813392639,0.5
28,3,8,0.6831138730049133,0.722862958908081,0.6831138730049133,0.722862958908081,0.5441176295280457,0.5416666865348816
28,3,9,0.6820016503334045,0.7240039706230164,0.6820016503334045,0.7240039706230164,0.5441176295280457,0.5416666865348816
28,3,10,0.6806665658950806,0.7249286770820618,0.6806665658950806,0.7249286770820618,0.5514705777168274,0.5416666865348816
28,3,11,0.6791155338287354,0.7256698608398438,0.6791155338287354,0.7256698608398438,0.5588235259056091,0.5416666865348816
28,3,12,0.6773823499679565,0.7262716293334961,0.6773823499679565,0.7262716293334961,0.5588235259056091,0.5416666865348816
28,3,13,0.6755106449127197,0.7267782092094421,0.6755106449127197,0.7267782092094421,0.5514705777168274,0.5416666865348816
28,3,14,0.6735433340072632,0.7272282242774963,0.6735433340072632,0.7272282242774963,0.5588235259056091,0.5833333134651184
28,3,15,0.6715165376663208,0.727652370929718,0.6715165376663208,0.727652370929718,0.5514705777168274,0.5416666865348816
28,3,16,0.6694581508636475,0.7280733585357666,0.6694581508636475,0.7280733585357666,0.5588235259056091,0.5416666865348816
28,3,17,0.6673874855041504,0.728506326675415,0.6673874855041504,0.728506326675415,0.5588235259056091,0.5416666865348816
28,3,18,0.6653168797492981,0.7289609909057617,0.6653168797492981,0.7289609909057617,0.5661764740943909,0.5416666865348816
28,3,19,0.6632521152496338,0.7294432520866394,0.6632521152496338,0.7294432520866394,0.5661764740943909,0.5416666865348816
28,3,20,0.6611952781677246,0.7299556136131287,0.6611952781677246,0.7299556136131287,0.5661764740943909,0.5416666865348816
28,3,21,0.6591451168060303,0.7304990291595459,0.6591451168060303,0.7304990291595459,0.5735294222831726,0.5416666865348816
28,3,22,0.6570988297462463,0.7310736775398254,0.6570988297462463,0.7310736775398254,0.5808823704719543,0.5416666865348816
28,3,23,0.6550518274307251,0.7316789627075195,0.6550518274307251,0.7316789627075195,0.595588207244873,0.5416666865348816
28,3,24,0.6529993414878845,0.7323145270347595,0.6529993414878845,0.7323145270347595,0.6102941036224365,0.5416666865348816
28,3,25,0.6509361863136292,0.7329800724983215,0.6509361863136292,0.7329800724983215,0.6176470518112183,0.5416666865348816
28,3,26,0.6488573551177979,0.7336759567260742,0.6488573551177979,0.7336759567260742,0.6176470518112183,0.5416666865348816
28,3,27,0.6467576622962952,0.7344028949737549,0.6467576622962952,0.7344028949737549,0.625,0.5416666865348816
29,3,1,0.6989694237709045,0.6813021302223206,0.6989694237709045,0.6813021302223206,0.5147058963775635,0.5416666865348816
29,3,2,0.6937118768692017,0.6828536987304688,0.6937118768692017,0.6828536987304688,0.5588235259056091,0.5833333134651184
29,3,3,0.6907042264938354,0.6843891143798828,0.6907042264938354,0.6843891143798828,0.595588207244873,0.5416666865348816
29,3,4,0.6879816651344299,0.685921847820282,0.6879816651344299,0.685921847820282,0.595588207244873,0.4583333432674408
29,3,5,0.6853910684585571,0.6874537467956543,0.6853910684585571,0.6874537467956543,0.6323529481887817,0.4583333432674408
29,3,6,0.6828877925872803,0.6889843940734863,0.6828877925872803,0.6889843940734863,0.6617646813392639,0.4583333432674408
29,3,7,0.6804522275924683,0.6905136108398438,0.6804522275924683,0.6905136108398438,0.6470588445663452,0.375
29,3,8,0.6780742406845093,0.6920413970947266,0.6780742406845093,0.6920413970947266,0.6617646813392639,0.375
29,3,9,0.6757476329803467,0.6935687065124512,0.6757476329803467,0.6935687065124512,0.6617646813392639,0.4166666567325592
29,3,10,0.6734684109687805,0.695096492767334,0.6734684109687805,0.695096492767334,0.6764705777168274,0.4166666567325592
29,3,11,0.6712332963943481,0.6966261863708496,0.6712332963943481,0.6966261863708496,0.6764705777168274,0.4166666567325592
29,3,12,0.6690391898155212,0.6981595158576965,0.6690391898155212,0.6981595158576965,0.6764705777168274,0.4166666567325592
29,3,13,0.6668834686279297,0.6996979713439941,0.6668834686279297,0.6996979713439941,0.654411792755127,0.4583333432674408
29,3,14,0.6647630929946899,0.7012431025505066,0.6647630929946899,0.7012431025505066,0.6691176295280457,0.4583333432674408
29,3,15,0.6626752018928528,0.7027963995933533,0.6626752018928528,0.7027963995933533,0.6617646813392639,0.4583333432674408
29,3,16,0.6606167554855347,0.7043593525886536,0.6606167554855347,0.7043593525886536,0.6691176295280457,0.4583333432674408
29,3,17,0.6585847735404968,0.7059335708618164,0.6585847735404968,0.7059335708618164,0.6764705777168274,0.4583333432674408
29,3,18,0.6565760374069214,0.7075202465057373,0.6565760374069214,0.7075202465057373,0.7058823704719543,0.4583333432674408
29,3,19,0.6545876264572144,0.7091209292411804,0.6545876264572144,0.7091209292411804,0.7058823704719543,0.4166666567325592
29,3,20,0.6526166200637817,0.7107367515563965,0.6526166200637817,0.7107367515563965,0.7058823704719543,0.4166666567325592
29,3,21,0.6506600975990295,0.712369441986084,0.6506600975990295,0.712369441986084,0.7058823704719543,0.4166666567325592
29,3,22,0.6487152576446533,0.7140201926231384,0.6487152576446533,0.7140201926231384,0.7132353186607361,0.4166666567325592
29,3,23,0.6467793583869934,0.7156906127929688,0.6467793583869934,0.7156906127929688,0.720588207244873,0.4583333432674408
29,3,24,0.6448497176170349,0.7173821330070496,0.6448497176170349,0.7173821330070496,0.7279411554336548,0.4583333432674408
29,3,25,0.642923891544342,0.7190964221954346,0.642923891544342,0.7190964221954346,0.7279411554336548,0.4166666567325592
29,3,26,0.6409993171691895,0.7208350300788879,0.6409993171691895,0.7208350300788879,0.7279411554336548,0.4166666567325592
30,3,1,0.6971784234046936,0.7041603922843933,0.6971784234046936,0.7041603922843933,0.4852941036224365,0.4583333432674408
30,3,2,0.691668689250946,0.7056339383125305,0.691668689250946,0.7056339383125305,0.4852941036224365,0.4583333432674408
30,3,3,0.6884472966194153,0.7077285647392273,0.6884472966194153,0.7077285647392273,0.4852941036224365,0.4583333432674408
30,3,4,0.6855974793434143,0.7099886536598206,0.6855974793434143,0.7099886536598206,0.5,0.4166666567325592
30,3,5,0.6829494833946228,0.7122454643249512,0.6829494833946228,0.7122454643249512,0.529411792755127,0.4166666567325592
30,3,6,0.6804297566413879,0.7144203186035156,0.6804297566413879,0.7144203186035156,0.5514705777168274,0.4166666567325592
30,3,7,0.67798912525177,0.7164838910102844,0.67798912525177,0.7164838910102844,0.5441176295280457,0.4583333432674408
30,3,8,0.6755953431129456,0.718438446521759,0.6755953431129456,0.718438446521759,0.5588235259056091,0.5
30,3,9,0.6732318997383118,0.7203037738800049,0.6732318997383118,0.7203037738800049,0.595588207244873,0.5
30,3,10,0.6708931922912598,0.7221072316169739,0.6708931922912598,0.7221072316169739,0.6176470518112183,0.4583333432674408
30,3,11,0.6685798764228821,0.7238755226135254,0.6685798764228821,0.7238755226135254,0.6176470518112183,0.4583333432674408
30,3,12,0.6662948131561279,0.7256309390068054,0.6662948131561279,0.7256309390068054,0.6176470518112183,0.4583333432674408
30,3,13,0.6640397310256958,0.727389395236969,0.6640397310256958,0.727389395236969,0.6176470518112183,0.375
30,3,14,0.6618143916130066,0.7291615605354309,0.6618143916130066,0.7291615605354309,0.6102941036224365,0.375
30,3,15,0.6596162915229797,0.7309535145759583,0.6596162915229797,0.7309535145759583,0.6176470518112183,0.375
30,3,16,0.6574413180351257,0.7327691912651062,0.6574413180351257,0.7327691912651062,0.6029411554336548,0.4166666567325592
30,3,17,0.655283510684967,0.7346108555793762,0.655283510684967,0.7346108555793762,0.6102941036224365,0.4166666567325592
30,3,18,0.6531366109848022,0.7364811301231384,0.6531366109848022,0.7364811301231384,0.6176470518112183,0.375
30,3,19,0.6509936451911926,0.7383832931518555,0.6509936451911926,0.7383832931518555,0.625,0.375
30,3,20,0.6488476991653442,0.740321695804596,0.6488476991653442,0.740321695804596,0.625,0.375
30,3,21,0.6466919779777527,0.7423021197319031,0.6466919779777527,0.7423021197319031,0.6470588445663452,0.375
30,3,22,0.644520103931427,0.7443315386772156,0.644520103931427,0.7443315386772156,0.6470588445663452,0.4166666567325592
30,3,23,0.6423258185386658,0.7464179992675781,0.6423258185386658,0.7464179992675781,0.6397058963775635,0.4166666567325592
30,3,24,0.6401029229164124,0.7485706806182861,0.6401029229164124,0.7485706806182861,0.654411792755127,0.4166666567325592
30,3,25,0.6378456354141235,0.7507995963096619,0.6378456354141235,0.7507995963096619,0.6617646813392639,0.4166666567325592
30,3,26,0.6355479955673218,0.7531158328056335,0.6355479955673218,0.7531158328056335,0.6617646813392639,0.4166666567325592
31,4,1,0.6952645182609558,0.652783989906311,0.6952645182609558,0.652783989906311,0.5259259343147278,0.5833333134651184
31,4,2,0.6893755793571472,0.6502025127410889,0.6893755793571472,0.6502025127410889,0.5407407283782959,0.5833333134651184
31,4,3,0.6858208775520325,0.6479266285896301,0.6858208775520325,0.6479266285896301,0.5555555820465088,0.625
31,4,4,0.6829770803451538,0.6460736393928528,0.6829770803451538,0.6460736393928528,0.5629629492759705,0.6666666865348816
31,4,5,0.680661141872406,0.6445493698120117,0.680661141872406,0.6445493698120117,0.5629629492759705,0.6666666865348816
31,4,6,0.6787084937095642,0.6432405114173889,0.6787084937095642,0.6432405114173889,0.5777778029441833,0.7083333134651184
31,4,7,0.6769853830337524,0.6420591473579407,0.6769853830337524,0.6420591473579407,0.5703703761100769,0.7083333134651184
31,4,8,0.6753961443901062,0.6409494280815125,0.6753961443901062,0.6409494280815125,0.5703703761100769,0.7083333134651184
31,4,9,0.6738798022270203,0.6398813128471375,0.6738798022270203,0.6398813128471375,0.585185170173645,0.7083333134651184
31,4,10,0.6724008917808533,0.6388407349586487,0.6724008917808533,0.6388407349586487,0.6000000238418579,0.75
31,4,11,0.6709397435188293,0.6378219127655029,0.6709397435188293,0.6378219127655029,0.6000000238418579,0.75
31,4,12,0.6694853901863098,0.6368220448493958,0.6694853901863098,0.6368220448493958,0.6222222447395325,0.75
31,4,13,0.6680311560630798,0.6358391642570496,0.6680311560630798,0.6358391642570496,0.6222222447395325,0.75
31,4,14,0.6665720343589783,0.6348714232444763,0.6665720343589783,0.6348714232444763,0.6222222447395325,0.75
31,4,15,0.6651046276092529,0.6339167952537537,0.6651046276092529,0.6339167952537537,0.614814817905426,0.75
31,4,16,0.6636257171630859,0.6329736709594727,0.6636257171630859,0.6329736709594727,0.6222222447395325,0.7916666865348816
31,4,17,0.6621328592300415,0.6320407390594482,0.6621328592300415,0.6320407390594482,0.614814817905426,0.7916666865348816
31,4,18,0.6606241464614868,0.6311171054840088,0.6606241464614868,0.6311171054840088,0.6222222447395325,0.7916666865348816
31,4,19,0.6590973138809204,0.6302021741867065,0.6590973138809204,0.6302021741867065,0.6222222447395325,0.7916666865348816
31,4,20,0.657550573348999,0.6292957663536072,0.657550573348999,0.6292957663536072,0.6296296119689941,0.7916666865348816
31,4,21,0.6559814214706421,0.628397524356842,0.6559814214706421,0.628397524356842,0.6296296119689941,0.7916666865348816
31,4,22,0.6543874740600586,0.6275076270103455,0.6543874740600586,0.6275076270103455,0.6222222447395325,0.7916666865348816
31,4,23,0.652765691280365,0.6266259551048279,0.652765691280365,0.6266259551048279,0.6222222447395325,0.7916666865348816
31,4,24,0.6511126756668091,0.6257526874542236,0.6511126756668091,0.6257526874542236,0.6222222447395325,0.7916666865348816
31,4,25,0.6494247913360596,0.6248879432678223,0.6494247913360596,0.6248879432678223,0.614814817905426,0.7916666865348816
31,4,26,0.6476980447769165,0.6240321397781372,0.6476980447769165,0.6240321397781372,0.6222222447395325,0.7916666865348816
31,4,27,0.6459280848503113,0.6231855154037476,0.6459280848503113,0.6231855154037476,0.6222222447395325,0.8333333134651184
31,4,28,0.6441105008125305,0.6223487257957458,0.6441105008125305,0.6223487257957458,0.6370370388031006,0.8333333134651184
31,4,29,0.6422403454780579,0.6215223670005798,0.6422403454780579,0.6215223670005798,0.6370370388031006,0.8333333134651184
31,4,30,0.6403127312660217,0.6207075715065002,0.6403127312660217,0.6207075715065002,0.6370370388031006,0.8333333134651184
31,4,31,0.6383222341537476,0.6199055314064026,0.6383222341537476,0.6199055314064026,0.644444465637207,0.8333333134651184
31,4,32,0.6362635493278503,0.619117796421051,0.6362635493278503,0.619117796421051,0.644444465637207,0.8333333134651184
31,4,33,0.6341310739517212,0.6183464527130127,0.6341310739517212,0.6183464527130127,0.644444465637207,0.7916666865348816
31,4,34,0.6319187879562378,0.6175940036773682,0.6319187879562378,0.6175940036773682,0.6518518328666687,0.75
31,4,35,0.6296208500862122,0.6168635487556458,0.6296208500862122,0.6168635487556458,0.6592592597007751,0.75
31,4,36,0.6272312998771667,0.6161591410636902,0.6272312998771667,0.6161591410636902,0.6592592597007751,0.75
31,4,37,0.624744176864624,0.6154854893684387,0.624744176864624,0.6154854893684387,0.6740740537643433,0.75
31,4,38,0.6221537590026855,0.6148486137390137,0.6221537590026855,0.6148486137390137,0.6740740537643433,0.75
31,4,39,0.6194549202919006,0.6142556667327881,0.6194549202919006,0.6142556667327881,0.6592592597007751,0.75
31,4,40,0.6166431903839111,0.613715648651123,0.6166431903839111,0.613715648651123,0.6518518328666687,0.75
31,4,41,0.6137152910232544,0.6132394671440125,0.6137152910232544,0.6132394671440125,0.6518518328666687,0.75
31,4,42,0.6106696724891663,0.6128402352333069,0.6106696724891663,0.6128402352333069,0.6592592597007751,0.75
31,4,43,0.6075066328048706,0.6125342845916748,0.6075066328048706,0.6125342845916748,0.6740740537643433,0.75
31,4,44,0.6042295098304749,0.6123408079147339,0.6042295098304749,0.6123408079147339,0.6740740537643433,0.75
31,4,45,0.60084468126297,0.6122828125953674,0.60084468126297,0.6122828125953674,0.6740740537643433,0.75
31,4,46,0.5973619818687439,0.6123876571655273,0.5973619818687439,0.6123876571655273,0.6888889074325562,0.75
31,4,47,0.5937944054603577,0.6126864552497864,0.5937944054603577,0.6126864552497864,0.6888889074325562,0.75
31,4,48,0.5901575684547424,0.6132145524024963,0.5901575684547424,0.6132145524024963,0.6888889074325562,0.75
31,4,49,0.5864675045013428,0.6140096187591553,0.5864675045013428,0.6140096187591553,0.6814814805984497,0.75
31,4,50,0.5827380418777466,0.6151098012924194,0.5827380418777466,0.6151098012924194,0.6888889074325562,0.75
31,4,51,0.5789768099784851,0.616550087928772,0.5789768099784851,0.616550087928772,0.6962962746620178,0.75
31,4,52,0.5751811861991882,0.6183575987815857,0.5751811861991882,0.6183575987815857,0.6888889074325562,0.75
31,4,53,0.5713353157043457,0.6205471158027649,0.5713353157043457,0.6205471158027649,0.6962962746620178,0.75
31,4,54,0.5674099922180176,0.6231175065040588,0.5674099922180176,0.6231175065040588,0.7111111283302307,0.75
31,4,55,0.5633666515350342,0.6260521411895752,0.5633666515350342,0.6260521411895752,0.7111111283302307,0.75
31,4,56,0.5591630339622498,0.6293224096298218,0.5591630339622498,0.6293224096298218,0.7111111283302307,0.75
31,4,57,0.5547623038291931,0.6328958868980408,0.5547623038291931,0.6328958868980408,0.7185184955596924,0.7083333134651184
31,4,58,0.5501391887664795,0.6367449760437012,0.5501391887664795,0.6367449760437012,0.7185184955596924,0.7083333134651184
31,4,59,0.545281171798706,0.6408555507659912,0.545281171798706,0.6408555507659912,0.7185184955596924,0.7083333134651184
31,4,60,0.5401880145072937,0.6452322602272034,0.5401880145072937,0.6452322602272034,0.7259259223937988,0.7083333134651184
31,4,61,0.5348662734031677,0.6499012112617493,0.5348662734031677,0.6499012112617493,0.7185184955596924,0.7083333134651184
31,4,62,0.5293245911598206,0.6549097895622253,0.5293245911598206,0.6549097895622253,0.7259259223937988,0.7083333134651184
31,4,63,0.5235694050788879,0.6603243947029114,0.5235694050788879,0.6603243947029114,0.7259259223937988,0.7083333134651184
31,4,64,0.5176035761833191,0.6662275791168213,0.5176035761833191,0.6662275791168213,0.7259259223937988,0.7083333134651184
31,4,65,0.5114250183105469,0.6727134585380554,0.5114250183105469,0.6727134585380554,0.7333333492279053,0.7083333134651184
31,4,66,0.5050289630889893,0.679882824420929,0.5050289630889893,0.679882824420929,0.7333333492279053,0.7083333134651184
31,4,67,0.4984094202518463,0.6878377795219421,0.4984094202518463,0.6878377795219421,0.7481481432914734,0.7083333134651184
31,4,68,0.49156200885772705,0.6966751217842102,0.49156200885772705,0.6966751217842102,0.7555555701255798,0.6666666865348816
31,4,69,0.4844859838485718,0.706481397151947,0.4844859838485718,0.706481397151947,0.7555555701255798,0.6666666865348816
31,4,70,0.47718653082847595,0.717327356338501,0.47718653082847595,0.717327356338501,0.7629629373550415,0.6666666865348816
32,4,1,0.6927309036254883,0.6901375651359558,0.6927309036254883,0.6901375651359558,0.5111111402511597,0.5
32,4,2,0.6882529258728027,0.6882941126823425,0.6882529258728027,0.6882941126823425,0.5037037134170532,0.5
32,4,3,0.6857946515083313,0.6866228580474854,0.6857946515083313,0.6866228580474854,0.5037037134170532,0.5
32,4,4,0.6836056113243103,0.6849929690361023,0.6836056113243103,0.6849929690361023,0.5037037134170532,0.5
32,4,5,0.6815176606178284,0.68333500623703,0.6815176606178284,0.68333500623703,0.5111111402511597,0.5
32,4,6,0.6794465184211731,0.6816144585609436,0.6794465184211731,0.6816144585609436,0.5111111402511597,0.5
32,4,7,0.6773452162742615,0.6798257827758789,0.6773452162742615,0.6798257827758789,0.5185185074806213,0.5
32,4,8,0.6751941442489624,0.6779839396476746,0.6751941442489624,0.6779839396476746,0.5185185074806213,0.5
32,4,9,0.6729936599731445,0.676114559173584,0.6729936599731445,0.676114559173584,0.5185185074806213,0.5
32,4,10,0.6707540154457092,0.6742450594902039,0.6707540154457092,0.6742450594902039,0.5259259343147278,0.5416666865348816
32,4,11,0.6684886813163757,0.672398567199707,0.6684886813163757,0.672398567199707,0.5407407283782959,0.5416666865348816
32,4,12,0.6662091016769409,0.6705916523933411,0.6662091016769409,0.6705916523933411,0.5259259343147278,0.5416666865348816
32,4,13,0.6639222502708435,0.6688345074653625,0.6639222502708435,0.6688345074653625,0.5259259343147278,0.5833333134651184
32,4,14,0.6616306304931641,0.6671311855316162,0.6616306304931641,0.6671311855316162,0.5333333611488342,0.625
32,4,15,0.6593326926231384,0.6654819846153259,0.6593326926231384,0.6654819846153259,0.5407407283782959,0.625
32,4,16,0.6570233106613159,0.6638845801353455,0.6570233106613159,0.6638845801353455,0.5555555820465088,0.625
32,4,17,0.6546957492828369,0.6623361706733704,0.6546957492828369,0.6623361706733704,0.5777778029441833,0.625
32,4,18,0.6523416042327881,0.6608335375785828,0.6523416042327881,0.6608335375785828,0.5925925970077515,0.625
32,4,19,0.6499518752098083,0.6593746542930603,0.6499518752098083,0.6593746542930603,0.6074073910713196,0.625
32,4,20,0.6475173830986023,0.6579588055610657,0.6475173830986023,0.6579588055610657,0.6296296119689941,0.625
32,4,21,0.6450291872024536,0.6565872430801392,0.6450291872024536,0.6565872430801392,0.644444465637207,0.5833333134651184
32,4,22,0.6424782872200012,0.6552627682685852,0.6424782872200012,0.6552627682685852,0.6518518328666687,0.5416666865348816
32,4,23,0.6398559212684631,0.6539908051490784,0.6398559212684631,0.6539908051490784,0.6592592597007751,0.5416666865348816
32,4,24,0.6371530890464783,0.6527789235115051,0.6371530890464783,0.6527789235115051,0.6666666865348816,0.5416666865348816
32,4,25,0.6343610286712646,0.6516371965408325,0.6343610286712646,0.6516371965408325,0.6888889074325562,0.5833333134651184
32,4,26,0.6314702033996582,0.6505789756774902,0.6314702033996582,0.6505789756774902,0.6962962746620178,0.5833333134651184
32,4,27,0.628470242023468,0.6496214866638184,0.628470242023468,0.6496214866638184,0.7037037014961243,0.5833333134651184
32,4,28,0.6253503561019897,0.648786723613739,0.6253503561019897,0.648786723613739,0.7111111283302307,0.5833333134651184
32,4,29,0.622098445892334,0.6481029391288757,0.622098445892334,0.6481029391288757,0.7037037014961243,0.5416666865348816
32,4,30,0.6187015175819397,0.6476068496704102,0.6187015175819397,0.6476068496704102,0.7037037014961243,0.5833333134651184
32,4,31,0.6151456236839294,0.6473461985588074,0.6151456236839294,0.6473461985588074,0.7185184955596924,0.5833333134651184
32,4,32,0.6114159822463989,0.6473835706710815,0.6114159822463989,0.6473835706710815,0.7111111283302307,0.5833333134651184
32,4,33,0.6074976325035095,0.6478012204170227,0.6074976325035095,0.6478012204170227,0.7185184955596924,0.5833333134651184
32,4,34,0.6033759713172913,0.6487075686454773,0.6033759713172913,0.6487075686454773,0.7333333492279053,0.5833333134651184
32,4,35,0.5990382432937622,0.6502456068992615,0.5990382432937622,0.6502456068992615,0.7259259223937988,0.5833333134651184
32,4,36,0.5944753885269165,0.6526022553443909,0.5944753885269165,0.6526022553443909,0.7259259223937988,0.5833333134651184
32,4,37,0.5896854996681213,0.6560201644897461,0.5896854996681213,0.6560201644897461,0.7407407164573669,0.5833333134651184
32,4,38,0.5846778750419617,0.6608061790466309,0.5846778750419617,0.6608061790466309,0.7481481432914734,0.625
32,4,39,0.579479455947876,0.6673319339752197,0.579479455947876,0.6673319339752197,0.7481481432914734,0.625
32,4,40,0.5741417407989502,0.6760126948356628,0.5741417407989502,0.6760126948356628,0.7407407164573669,0.625
32,4,41,0.5687456130981445,0.6872410774230957,0.5687456130981445,0.6872410774230957,0.7259259223937988,0.5833333134651184
32,4,42,0.5634002685546875,0.7012531161308289,0.5634002685546875,0.7012531161308289,0.7259259223937988,0.5416666865348816
32,4,43,0.5582252740859985,0.7179224491119385,0.5582252740859985,0.7179224491119385,0.7259259223937988,0.5416666865348816
32,4,44,0.553312361240387,0.7365618348121643,0.553312361240387,0.7365618348121643,0.7259259223937988,0.5416666865348816
32,4,45,0.5486774444580078,0.7559035420417786,0.5486774444580078,0.7559035420417786,0.7259259223937988,0.5416666865348816
32,4,46,0.5442402362823486,0.7744194865226746,0.5442402362823486,0.7744194865226746,0.7185184955596924,0.5416666865348816
32,4,47,0.5398655533790588,0.790881335735321,0.5398655533790588,0.790881335735321,0.7185184955596924,0.5416666865348816
32,4,48,0.5354464054107666,0.8047866821289062,0.5354464054107666,0.8047866821289062,0.7185184955596924,0.5416666865348816
32,4,49,0.5309556126594543,0.8163695335388184,0.5309556126594543,0.8163695335388184,0.7259259223937988,0.5416666865348816
32,4,50,0.5264281034469604,0.8262837529182434,0.5264281034469604,0.8262837529182434,0.7259259223937988,0.5416666865348816
32,4,51,0.5219089984893799,0.835246741771698,0.5219089984893799,0.835246741771698,0.7333333492279053,0.5416666865348816
32,4,52,0.5174201130867004,0.8438169360160828,0.5174201130867004,0.8438169360160828,0.7333333492279053,0.5416666865348816
32,4,53,0.5129558444023132,0.8523257374763489,0.5129558444023132,0.8523257374763489,0.7481481432914734,0.5416666865348816
32,4,54,0.5084942579269409,0.860900342464447,0.5084942579269409,0.860900342464447,0.7555555701255798,0.5416666865348816
32,4,55,0.504007875919342,0.869527280330658,0.504007875919342,0.869527280330658,0.7555555701255798,0.5
32,4,56,0.499470055103302,0.8781248927116394,0.499470055103302,0.8781248927116394,0.7629629373550415,0.5
33,4,1,0.708462655544281,0.6926781535148621,0.708462655544281,0.6926781535148621,0.5037037134170532,0.5416666865348816
33,4,2,0.7029785513877869,0.6932141184806824,0.7029785513877869,0.6932141184806824,0.5185185074806213,0.4583333432674408
33,4,3,0.7000178098678589,0.6941254734992981,0.7000178098678589,0.6941254734992981,0.5111111402511597,0.5
33,4,4,0.6976186037063599,0.6951978802680969,0.6976186037063599,0.6951978802680969,0.5111111402511597,0.5
33,4,5,0.6954604983329773,0.6962218284606934,0.6954604983329773,0.6962218284606934,0.5333333611488342,0.4583333432674408
33,4,6,0.693337082862854,0.6970739364624023,0.693337082862854,0.6970739364624023,0.5333333611488342,0.4583333432674408
33,4,7,0.6911420226097107,0.697723388671875,0.6911420226097107,0.697723388671875,0.5407407283782959,0.4583333432674408
33,4,8,0.6888496279716492,0.6982028484344482,0.6888496279716492,0.6982028484344482,0.5481481552124023,0.4583333432674408
33,4,9,0.6864814758300781,0.6985732913017273,0.6864814758300781,0.6985732913017273,0.5481481552124023,0.4583333432674408
33,4,10,0.6840761303901672,0.6988973617553711,0.6840761303901672,0.6988973617553711,0.5407407283782959,0.4583333432674408
33,4,11,0.6816680431365967,0.6992253661155701,0.6816680431365967,0.6992253661155701,0.5407407283782959,0.5
33,4,12,0.6792809367179871,0.6995909810066223,0.6792809367179871,0.6995909810066223,0.5555555820465088,0.5
33,4,13,0.6769254207611084,0.7000129222869873,0.6769254207611084,0.7000129222869873,0.5555555820465088,0.5
33,4,14,0.674602746963501,0.700498640537262,0.674602746963501,0.700498640537262,0.5629629492759705,0.5
33,4,15,0.6723073720932007,0.7010478377342224,0.6723073720932007,0.7010478377342224,0.5777778029441833,0.5
33,4,16,0.6700296401977539,0.7016565203666687,0.6700296401977539,0.7016565203666687,0.5777778029441833,0.5
33,4,17,0.6677583456039429,0.7023189663887024,0.6677583456039429,0.7023189663887024,0.5777778029441833,0.5
33,4,18,0.665481686592102,0.7030305862426758,0.665481686592102,0.7030305862426758,0.5777778029441833,0.5
33,4,19,0.6631882786750793,0.7037881016731262,0.6631882786750793,0.7037881016731262,0.5925925970077515,0.5
33,4,20,0.6608676910400391,0.7045912742614746,0.6608676910400391,0.7045912742614746,0.6074073910713196,0.5
33,4,21,0.6585105657577515,0.7054417729377747,0.6585105657577515,0.7054417729377747,0.6222222447395325,0.5
33,4,22,0.6561084389686584,0.7063443064689636,0.6561084389686584,0.7063443064689636,0.6370370388031006,0.5
33,4,23,0.6536534428596497,0.7073047757148743,0.6536534428596497,0.7073047757148743,0.644444465637207,0.5
33,4,24,0.6511381268501282,0.7083309292793274,0.6511381268501282,0.7083309292793274,0.644444465637207,0.5
33,4,25,0.6485547423362732,0.7094313502311707,0.6485547423362732,0.7094313502311707,0.644444465637207,0.5
33,4,26,0.6458951830863953,0.710615336894989,0.6458951830863953,0.710615336894989,0.644444465637207,0.5
34,4,1,0.6832367777824402,0.6912657618522644,0.6832367777824402,0.6912657618522644,0.5629629492759705,0.6666666865348816
34,4,2,0.6786223649978638,0.6903624534606934,0.6786223649978638,0.6903624534606934,0.6222222447395325,0.625
34,4,3,0.6759330630302429,0.6898848414421082,0.6759330630302429,0.6898848414421082,0.614814817905426,0.5416666865348816
34,4,4,0.6737789511680603,0.6896657943725586,0.6737789511680603,0.6896657943725586,0.585185170173645,0.5
34,4,5,0.6718941926956177,0.6895787119865417,0.6718942523002625,0.6895787119865417,0.6074073910713196,0.5
34,4,6,0.6701231598854065,0.6895505785942078,0.6701231598854065,0.6895505785942078,0.6074073910713196,0.5416666865348816
34,4,7,0.6683827638626099,0.6895524859428406,0.6683827638626099,0.6895524859428406,0.6074073910713196,0.5416666865348816
34,4,8,0.6666396260261536,0.6895820498466492,0.6666396260261536,0.6895820498466492,0.6000000238418579,0.5416666865348816
34,4,9,0.6648886203765869,0.689647376537323,0.6648886203765869,0.689647376537323,0.6000000238418579,0.5416666865348816
34,4,10,0.663135826587677,0.6897566914558411,0.663135826587677,0.6897566914558411,0.6000000238418579,0.5416666865348816
34,4,11,0.661388635635376,0.6899150013923645,0.661388635635376,0.6899150013923645,0.6000000238418579,0.5416666865348816
34,4,12,0.6596510410308838,0.6901229023933411,0.659650981426239,0.6901229023933411,0.614814817905426,0.5833333134651184
34,4,13,0.6579231023788452,0.6903786063194275,0.6579231023788452,0.6903786063194275,0.6370370388031006,0.5833333134651184
34,4,14,0.6562022566795349,0.6906796097755432,0.6562022566795349,0.6906796097755432,0.6296296119689941,0.5833333134651184
34,4,15,0.6544840931892395,0.6910238862037659,0.6544840931892395,0.6910238862037659,0.6296296119689941,0.5833333134651184
34,4,16,0.6527635455131531,0.691410481929779,0.6527635455131531,0.691410481929779,0.6370370388031006,0.5833333134651184
34,4,17,0.6510353088378906,0.6918393969535828,0.6510353088378906,0.6918393969535828,0.6370370388031006,0.5416666865348816
34,4,18,0.649294376373291,0.6923119425773621,0.649294376373291,0.6923119425773621,0.6370370388031006,0.5
34,4,19,0.6475352644920349,0.6928298473358154,0.6475352644920349,0.6928298473358154,0.6370370388031006,0.5
34,4,20,0.6457531452178955,0.6933956742286682,0.6457531452178955,0.6933956742286682,0.6370370388031006,0.5
34,4,21,0.6439427137374878,0.6940123438835144,0.6439427137374878,0.6940123438835144,0.644444465637207,0.5
34,4,22,0.6420988440513611,0.6946830153465271,0.6420988440513611,0.6946830153465271,0.644444465637207,0.5
34,4,23,0.6402161121368408,0.6954115033149719,0.6402161121368408,0.6954115033149719,0.644444465637207,0.5
34,4,24,0.6382891535758972,0.696202278137207,0.6382891535758972,0.696202278137207,0.644444465637207,0.5
34,4,25,0.6363120675086975,0.6970602869987488,0.6363120675086975,0.6970602869987488,0.644444465637207,0.5
34,4,26,0.6342788934707642,0.6979915499687195,0.6342788934707642,0.6979915499687195,0.644444465637207,0.5
34,4,27,0.6321830749511719,0.6990029215812683,0.6321830749511719,0.6990029215812683,0.644444465637207,0.5
34,4,28,0.6300176978111267,0.7001030445098877,0.6300176978111267,0.7001030445098877,0.644444465637207,0.5
34,4,29,0.6277754902839661,0.7013020515441895,0.6277754902839661,0.7013020515441895,0.6518518328666687,0.5
34,4,30,0.6254487037658691,0.7026119232177734,0.6254487037658691,0.7026119232177734,0.6666666865348816,0.5
34,4,31,0.6230291128158569,0.7040475010871887,0.6230291128158569,0.7040475010871887,0.6666666865348816,0.5
35,4,1,0.6928947567939758,0.6651941537857056,0.6928947567939758,0.6651941537857056,0.5259259343147278,0.6666666865348816
35,4,2,0.6889800429344177,0.6656100749969482,0.6889800429344177,0.6656100749969482,0.5259259343147278,0.6666666865348816
35,4,3,0.6863901615142822,0.6662576198577881,0.6863901615142822,0.6662576198577881,0.4962962865829468,0.7083333134651184
35,4,4,0.6840077638626099,0.6669475436210632,0.6840077638626099,0.6669475436210632,0.5185185074806213,0.6666666865348816
35,4,5,0.6816949844360352,0.6676202416419983,0.6816949844360352,0.6676202416419983,0.5259259343147278,0.6666666865348816
35,4,6,0.6794189214706421,0.6682778000831604,0.6794189214706421,0.6682778000831604,0.5407407283782959,0.6666666865348816
35,4,7,0.6771831512451172,0.6689427495002747,0.6771831512451172,0.6689427495002747,0.5629629492759705,0.6666666865348816
35,4,8,0.6749964952468872,0.6696364879608154,0.6749964952468872,0.6696364879608154,0.5555555820465088,0.625
35,4,9,0.6728610396385193,0.6703722476959229,0.6728610396385193,0.6703722476959229,0.5555555820465088,0.625
35,4,10,0.6707725524902344,0.6711546778678894,0.6707725524902344,0.6711546778678894,0.5629629492759705,0.625
35,4,11,0.6687227487564087,0.6719822287559509,0.6687227487564087,0.6719822287559509,0.5777778029441833,0.5833333134651184
35,4,12,0.6667024493217468,0.6728494763374329,0.6667024493217468,0.6728494763374329,0.5777778029441833,0.625
35,4,13,0.664701521396637,0.6737501621246338,0.664701521396637,0.6737501621246338,0.5703703761100769,0.625
35,4,14,0.6627105474472046,0.6746795773506165,0.6627105474472046,0.6746795773506165,0.5777778029441833,0.5416666865348816
35,4,15,0.6607213020324707,0.6756358742713928,0.6607213020324707,0.6756358742713928,0.5777778029441833,0.5416666865348816
35,4,16,0.6587269902229309,0.6766209602355957,0.6587269902229309,0.6766209602355957,0.5777778029441833,0.5416666865348816
35,4,17,0.6567226052284241,0.677638828754425,0.6567226052284241,0.677638828754425,0.585185170173645,0.5416666865348816
35,4,18,0.6547039151191711,0.6786953806877136,0.6547039151191711,0.6786953806877136,0.585185170173645,0.5416666865348816
35,4,19,0.6526669859886169,0.6797962188720703,0.6526669859886169,0.6797962188720703,0.585185170173645,0.5416666865348816
35,4,20,0.6506078243255615,0.6809471249580383,0.6506078243255615,0.6809471249580383,0.5925925970077515,0.5416666865348816
35,4,21,0.6485218405723572,0.6821529269218445,0.6485218405723572,0.6821529269218445,0.5925925970077515,0.5416666865348816
35,4,22,0.6464040279388428,0.6834182739257812,0.6464040279388428,0.6834182739257812,0.5925925970077515,0.5416666865348816
35,4,23,0.644248902797699,0.6847479343414307,0.644248902797699,0.6847479343414307,0.5925925970077515,0.5416666865348816
35,4,24,0.6420507431030273,0.6861474514007568,0.6420507431030273,0.6861474514007568,0.6000000238418579,0.5416666865348816
35,4,25,0.6398035287857056,0.6876234412193298,0.6398035287857056,0.6876234412193298,0.6000000238418579,0.5416666865348816
35,4,26,0.6375011801719666,0.6891838908195496,0.6375011801719666,0.6891838908195496,0.6074073910713196,0.5416666865348816
36,4,1,0.6997774839401245,0.6822003722190857,0.6997774839401245,0.6822003722190857,0.4888888895511627,0.5416666865348816
36,4,2,0.6960412263870239,0.682155430316925,0.6960412263870239,0.682155430316925,0.5259259343147278,0.5416666865348816
36,4,3,0.6941623091697693,0.6821429133415222,0.6941623091697693,0.6821429133415222,0.5185185074806213,0.5416666865348816
36,4,4,0.6925370693206787,0.6821675300598145,0.6925370693206787,0.6821675300598145,0.5185185074806213,0.5416666865348816
36,4,5,0.69102543592453,0.6822212338447571,0.69102543592453,0.6822212338447571,0.5111111402511597,0.5
36,4,6,0.6895763278007507,0.6822957396507263,0.6895763278007507,0.6822957396507263,0.5259259343147278,0.4583333432674408
36,4,7,0.688163697719574,0.6823862195014954,0.688163697719574,0.6823862195014954,0.5259259343147278,0.4583333432674408
36,4,8,0.6867725253105164,0.6824904084205627,0.6867725253105164,0.6824904084205627,0.5333333611488342,0.4583333432674408
36,4,9,0.6853941082954407,0.6826083064079285,0.6853941082954407,0.6826083064079285,0.5333333611488342,0.4166666567325592
36,4,10,0.6840230822563171,0.6827408671379089,0.6840230822563171,0.6827408671379089,0.5407407283782959,0.4166666567325592
36,4,11,0.6826563477516174,0.6828892827033997,0.6826563477516174,0.6828892827033997,0.5407407283782959,0.4166666567325592
36,4,12,0.6812912225723267,0.6830551028251648,0.6812912225723267,0.6830551028251648,0.5407407283782959,0.4583333432674408
36,4,13,0.6799257397651672,0.6832392811775208,0.6799257397651672,0.6832392811775208,0.5555555820465088,0.5
36,4,14,0.6785580515861511,0.6834428906440735,0.6785580515861511,0.6834428906440735,0.585185170173645,0.4583333432674408
36,4,15,0.6771860718727112,0.6836667060852051,0.6771860718727112,0.6836667060852051,0.5925925970077515,0.4583333432674408
36,4,16,0.6758081316947937,0.6839113235473633,0.6758081316947937,0.6839113235473633,0.585185170173645,0.4583333432674408
36,4,17,0.6744219660758972,0.6841774582862854,0.6744219660758972,0.6841774582862854,0.5925925970077515,0.4583333432674408
36,4,18,0.6730257272720337,0.6844656467437744,0.6730257272720337,0.6844656467437744,0.6074073910713196,0.4583333432674408
36,4,19,0.6716175079345703,0.6847767233848572,0.6716175079345703,0.6847767233848572,0.614814817905426,0.5
36,4,20,0.6701953411102295,0.6851115226745605,0.6701953411102295,0.6851115226745605,0.614814817905426,0.5
36,4,21,0.6687573194503784,0.6854709982872009,0.6687573194503784,0.6854709982872009,0.614814817905426,0.5
36,4,22,0.6673012375831604,0.685856282711029,0.6673012375831604,0.685856282711029,0.6074073910713196,0.5416666865348816
36,4,23,0.6658254265785217,0.6862687468528748,0.6658254265785217,0.6862687468528748,0.614814817905426,0.5416666865348816
36,4,24,0.6643278002738953,0.6867098808288574,0.6643278002738953,0.6867098808288574,0.6296296119689941,0.5416666865348816
36,4,25,0.6628060936927795,0.6871814131736755,0.6628060936927795,0.6871814131736755,0.6296296119689941,0.5416666865348816
36,4,26,0.6612583994865417,0.6876851916313171,0.6612583994865417,0.6876851916313171,0.6222222447395325,0.5416666865348816
36,4,27,0.6596823334693909,0.6882233619689941,0.6596823334693909,0.6882233619689941,0.6370370388031006,0.5416666865348816
36,4,28,0.6580758690834045,0.6887982487678528,0.6580758690834045,0.6887982487678528,0.6370370388031006,0.5
37,4,1,0.7028906345367432,0.7046969532966614,0.7028906345367432,0.7046969532966614,0.5037037134170532,0.4166666567325592
37,4,2,0.6975157856941223,0.7043768763542175,0.6975157856941223,0.7043768763542175,0.5111111402511597,0.4583333432674408
37,4,3,0.6942014098167419,0.7041440010070801,0.6942014098167419,0.7041440010070801,0.5333333611488342,0.4583333432674408
37,4,4,0.6912116408348083,0.7040111422538757,0.6912116408348083,0.7040111422538757,0.5481481552124023,0.5
37,4,5,0.6883739233016968,0.7039552330970764,0.6883739233016968,0.7039552330970764,0.5555555820465088,0.5
37,4,6,0.6856080293655396,0.7039526104927063,0.6856080293655396,0.7039526104927063,0.5629629492759705,0.4583333432674408
37,4,7,0.6828703880310059,0.7039901614189148,0.6828703880310059,0.7039901614189148,0.5629629492759705,0.4583333432674408
37,4,8,0.6801431179046631,0.7040662169456482,0.6801431179046631,0.7040662169456482,0.5629629492759705,0.4583333432674408
37,4,9,0.6774244904518127,0.7041860222816467,0.6774244904518127,0.7041860222816467,0.5629629492759705,0.4583333432674408
37,4,10,0.6747207641601562,0.704357922077179,0.6747207641601562,0.704357922077179,0.5777778029441833,0.4583333432674408
37,4,11,0.6720389723777771,0.7045899033546448,0.6720389723777771,0.7045899033546448,0.5777778029441833,0.4583333432674408
37,4,12,0.6693844199180603,0.7048882842063904,0.6693844199180603,0.7048882842063904,0.5925925970077515,0.4583333432674408
37,4,13,0.66675865650177,0.7052574157714844,0.66675865650177,0.7052574157714844,0.6000000238418579,0.4583333432674408
37,4,14,0.6641596555709839,0.7057000994682312,0.6641596555709839,0.7057000994682312,0.614814817905426,0.4583333432674408
37,4,15,0.6615827083587646,0.7062180042266846,0.6615827083587646,0.7062180042266846,0.6296296119689941,0.4583333432674408
37,4,16,0.6590213179588318,0.7068122029304504,0.6590213179588318,0.7068122029304504,0.6296296119689941,0.4583333432674408
37,4,17,0.6564677953720093,0.7074841856956482,0.6564677953720093,0.7074841856956482,0.6296296119689941,0.4583333432674408
37,4,18,0.6539143323898315,0.708234965801239,0.6539143323898315,0.708234965801239,0.614814817905426,0.4583333432674408
37,4,19,0.6513530611991882,0.7090666890144348,0.6513530611991882,0.7090666890144348,0.6222222447395325,0.4583333432674408
37,4,20,0.648777186870575,0.7099822163581848,0.648777186870575,0.7099822163581848,0.6222222447395325,0.5
37,4,21,0.6461800336837769,0.7109848856925964,0.6461800336837769,0.7109848856925964,0.614814817905426,0.5
37,4,22,0.6435557007789612,0.7120790481567383,0.6435557007789612,0.7120790481567383,0.6296296119689941,0.5
37,4,23,0.6408990621566772,0.7132697105407715,0.6408990621566772,0.7132697105407715,0.6296296119689941,0.5
37,4,24,0.6382049322128296,0.7145626544952393,0.6382049322128296,0.7145626544952393,0.6518518328666687,0.5
37,4,25,0.6354686617851257,0.7159640192985535,0.6354686617851257,0.7159640192985535,0.6518518328666687,0.5416666865348816
37,4,26,0.6326853036880493,0.7174803614616394,0.6326853036880493,0.7174803614616394,0.6666666865348816,0.5416666865348816
37,4,27,0.6298500299453735,0.7191190719604492,0.6298500299453735,0.7191190719604492,0.6740740537643433,0.5416666865348816
37,4,28,0.6269578337669373,0.7208876609802246,0.6269578337669373,0.7208876609802246,0.6740740537643433,0.5416666865348816
37,4,29,0.6240032911300659,0.722794234752655,0.6240032911300659,0.722794234752655,0.6888889074325562,0.5416666865348816
37,4,30,0.6209808588027954,0.7248468995094299,0.6209808588027954,0.7248468995094299,0.6962962746620178,0.5416666865348816
38,4,1,0.7009456753730774,0.6670950055122375,0.7009456753730774,0.6670950055122375,0.5147058963775635,0.6666666865348816
38,4,2,0.6952292919158936,0.6671088337898254,0.6952292919158936,0.6671088337898254,0.5220588445663452,0.6666666865348816
38,4,3,0.6926106810569763,0.6674918532371521,0.6926106810569763,0.6674918532371521,0.5220588445663452,0.625
38,4,4,0.6905770301818848,0.6681649684906006,0.6905770301818848,0.6681649684906006,0.5514705777168274,0.5833333134651184
38,4,5,0.6888547539710999,0.6689814925193787,0.6888547539710999,0.6689814925193787,0.5661764740943909,0.625
38,4,6,0.6872557401657104,0.669806957244873,0.6872557401657104,0.669806957244873,0.529411792755127,0.6666666865348816
38,4,7,0.6856469511985779,0.6705500483512878,0.6856469511985779,0.6705500483512878,0.5147058963775635,0.6666666865348816
38,4,8,0.6839512586593628,0.6711662411689758,0.6839512586593628,0.6711662411689758,0.5147058963775635,0.6666666865348816
38,4,9,0.6821393370628357,0.6716503500938416,0.6821393370628357,0.6716503500938416,0.5441176295280457,0.6666666865348816
38,4,10,0.6802157759666443,0.6720210909843445,0.6802157759666443,0.6720210909843445,0.5588235259056091,0.6666666865348816
38,4,11,0.6782040596008301,0.6723093390464783,0.6782040596008301,0.6723093390464783,0.5661764740943909,0.625
38,4,12,0.6761342287063599,0.6725484728813171,0.6761342287063599,0.6725484728813171,0.5735294222831726,0.625
38,4,13,0.6740353107452393,0.6727676391601562,0.6740353107452393,0.6727676391601562,0.5808823704719543,0.5833333134651184
38,4,14,0.6719305515289307,0.6729905605316162,0.6719305515289307,0.6729905605316162,0.5882353186607361,0.5833333134651184
38,4,15,0.6698357462882996,0.6732335090637207,0.6698357462882996,0.6732335090637207,0.5882353186607361,0.5833333134651184
38,4,16,0.6677603721618652,0.6735072731971741,0.6677603721618652,0.6735072731971741,0.595588207244873,0.5833333134651184
38,4,17,0.6657077670097351,0.6738175749778748,0.6657077670097351,0.6738175749778748,0.6029411554336548,0.625
38,4,18,0.6636772155761719,0.6741666793823242,0.6636772155761719,0.6741666793823242,0.6102941036224365,0.625
38,4,19,0.6616650223731995,0.6745548248291016,0.6616650223731995,0.6745548248291016,0.6176470518112183,0.625
38,4,20,0.659665584564209,0.6749809384346008,0.659665584564209,0.6749809384346008,0.625,0.625
38,4,21,0.6576722264289856,0.6754434108734131,0.6576722264289856,0.6754434108734131,0.6323529481887817,0.625
38,4,22,0.6556780338287354,0.6759412288665771,0.6556780338287354,0.6759412288665771,0.6323529481887817,0.5833333134651184
38,4,23,0.6536759734153748,0.6764736771583557,0.6536759734153748,0.6764736771583557,0.6323529481887817,0.5833333134651184
38,4,24,0.6516596078872681,0.6770412921905518,0.6516596078872681,0.6770412921905518,0.6397058963775635,0.5833333134651184
38,4,25,0.6496225595474243,0.6776456832885742,0.6496225595474243,0.6776456832885742,0.6397058963775635,0.5833333134651184
38,4,26,0.6475592255592346,0.6782894134521484,0.6475592255592346,0.6782894134521484,0.6397058963775635,0.5833333134651184
39,4,1,0.7040203809738159,0.6958179473876953,0.7040203809738159,0.6958179473876953,0.4485294222831726,0.4583333432674408
39,4,2,0.699137806892395,0.6971545219421387,0.699137806892395,0.6971545219421387,0.4779411852359772,0.4583333432674408
39,4,3,0.6956817507743835,0.698436975479126,0.6956817507743835,0.698436975479126,0.49264705181121826,0.4166666567325592
39,4,4,0.6924825310707092,0.6997385025024414,0.6924825310707092,0.6997385025024414,0.5220588445663452,0.4583333432674408
39,4,5,0.6894435286521912,0.7010777592658997,0.6894435286521912,0.7010777592658997,0.529411792755127,0.4583333432674408
39,4,6,0.6865256428718567,0.702458918094635,0.6865256428718567,0.702458918094635,0.5588235259056091,0.4583333432674408
39,4,7,0.6837053894996643,0.7038819193840027,0.6837053894996643,0.7038819193840027,0.5735294222831726,0.4583333432674408
39,4,8,0.6809672713279724,0.7053461670875549,0.6809672713279724,0.7053461670875549,0.6176470518112183,0.4166666567325592
39,4,9,0.6783006191253662,0.7068513035774231,0.6783006191253662,0.7068513035774231,0.625,0.4166666567325592
39,4,10,0.6756975650787354,0.7083966135978699,0.6756975650787354,0.7083966135978699,0.6102941036224365,0.4166666567325592
39,4,11,0.673151969909668,0.7099823951721191,0.673151969909668,0.7099823951721191,0.6323529481887817,0.4166666567325592
39,4,12,0.6706580519676208,0.7116085886955261,0.6706580519676208,0.7116085886955261,0.625,0.4166666567325592
39,4,13,0.6682107448577881,0.713276207447052,0.6682107448577881,0.713276207447052,0.625,0.4166666567325592
39,4,14,0.665804922580719,0.7149863839149475,0.665804922580719,0.7149863839149475,0.6470588445663452,0.375
39,4,15,0.6634355187416077,0.7167412638664246,0.6634355187416077,0.7167412638664246,0.6470588445663452,0.375
39,4,16,0.6610981225967407,0.718543291091919,0.6610981225967407,0.718543291091919,0.654411792755127,0.375
39,4,17,0.6587883234024048,0.7203953266143799,0.6587883234024048,0.7203953266143799,0.6617646813392639,0.375
39,4,18,0.6565022468566895,0.7223009467124939,0.6565022468566895,0.7223009467124939,0.654411792755127,0.3333333432674408
39,4,19,0.6542361378669739,0.7242634892463684,0.6542361378669739,0.7242634892463684,0.6617646813392639,0.3333333432674408
39,4,20,0.6519867181777954,0.7262868285179138,0.6519867181777954,0.7262868285179138,0.6691176295280457,0.3333333432674408
39,4,21,0.6497510671615601,0.7283747792243958,0.6497510671615601,0.7283747792243958,0.6764705777168274,0.3333333432674408
39,4,22,0.6475263833999634,0.7305312752723694,0.6475263833999634,0.7305312752723694,0.6691176295280457,0.3333333432674408
39,4,23,0.6453103423118591,0.7327603697776794,0.6453103423118591,0.7327603697776794,0.6764705777168274,0.3333333432674408
39,4,24,0.6431007981300354,0.7350662350654602,0.6431007981300354,0.7350662350654602,0.6838235259056091,0.375
39,4,25,0.6408959031105042,0.7374529242515564,0.6408959031105042,0.7374529242515564,0.6764705777168274,0.375
39,4,26,0.6386938095092773,0.7399247288703918,0.6386938095092773,0.7399247288703918,0.6764705777168274,0.375
40,4,1,0.6968241333961487,0.7085481286048889,0.6968241333961487,0.7085481286048889,0.529411792755127,0.4583333432674408
40,4,2,0.6901669502258301,0.7081336379051208,0.6901669502258301,0.7081336379051208,0.529411792755127,0.4583333432674408
40,4,3,0.6862677931785583,0.708267867565155,0.6862677931785583,0.708267867565155,0.529411792755127,0.4583333432674408
40,4,4,0.6829153895378113,0.7086820006370544,0.6829153895378113,0.7086820006370544,0.5588235259056091,0.4583333432674408
40,4,5,0.6798204779624939,0.7092588543891907,0.6798204779624939,0.7092588543891907,0.5735294222831726,0.4166666567325592
40,4,6,0.6768720149993896,0.7099316120147705,0.6768720149993896,0.7099316120147705,0.5514705777168274,0.4166666567325592
40,4,7,0.674009382724762,0.7106562256813049,0.674009382724762,0.7106562256813049,0.5661764740943909,0.375
40,4,8,0.671191930770874,0.7114043235778809,0.671191930770874,0.7114043235778809,0.5661764740943909,0.3333333432674408
40,4,9,0.6683913469314575,0.7121608257293701,0.6683913469314575,0.7121608257293701,0.5735294222831726,0.375
40,4,10,0.6655888557434082,0.7129220962524414,0.6655888557434082,0.7129220962524414,0.5735294222831726,0.375
40,4,11,0.662773609161377,0.7136921882629395,0.662773609161377,0.7136921882629395,0.5882353186607361,0.375
40,4,12,0.659940242767334,0.7144796252250671,0.659940242767334,0.7144796252250671,0.5882353186607361,0.3333333432674408
40,4,13,0.6570862531661987,0.7152935862541199,0.6570862531661987,0.7152935862541199,0.625,0.3333333432674408
40,4,14,0.6542088985443115,0.7161419987678528,0.6542088985443115,0.7161419987678528,0.6176470518112183,0.3333333432674408
40,4,15,0.6513046622276306,0.717030942440033,0.6513046622276306,0.717030942440033,0.6323529481887817,0.3333333432674408
40,4,16,0.6483680009841919,0.7179635167121887,0.6483680009841919,0.7179635167121887,0.625,0.3333333432674408
40,4,17,0.645391583442688,0.7189414501190186,0.645391583442688,0.7189414501190186,0.625,0.375
40,4,18,0.642366349697113,0.7199652791023254,0.642366349697113,0.7199652791023254,0.6397058963775635,0.375
40,4,19,0.6392821669578552,0.7210356593132019,0.6392821669578552,0.7210356593132019,0.654411792755127,0.375
40,4,20,0.6361279487609863,0.7221530079841614,0.6361279487609863,0.7221530079841614,0.6764705777168274,0.375
40,4,21,0.6328919529914856,0.7233197093009949,0.6328919529914856,0.7233197093009949,0.6764705777168274,0.375
40,4,22,0.6295617818832397,0.7245383262634277,0.6295617818832397,0.7245383262634277,0.7058823704719543,0.375
40,4,23,0.6261246800422668,0.725813627243042,0.6261246800422668,0.725813627243042,0.6985294222831726,0.375
40,4,24,0.6225671768188477,0.7271515727043152,0.6225671768188477,0.7271515727043152,0.7058823704719543,0.375
40,4,25,0.61887526512146,0.7285594344139099,0.61887526512146,0.7285594344139099,0.6985294222831726,0.4166666567325592
40,4,26,0.6150343418121338,0.730046272277832,0.6150343418121338,0.730046272277832,0.7058823704719543,0.4166666567325592
40,4,27,0.611028790473938,0.7316226959228516,0.611028790473938,0.7316226959228516,0.7058823704719543,0.4166666567325592
41,5,1,0.6916621923446655,0.6667854189872742,0.6916621923446655,0.6667854189872742,0.5185185074806213,0.625
41,5,2,0.6876552104949951,0.667334794998169,0.6876552104949951,0.667334794998169,0.5333333611488342,0.6666666865348816
41,5,3,0.68565833568573,0.6681881546974182,0.68565833568573,0.6681881546974182,0.5185185074806213,0.625
41,5,4,0.6840037703514099,0.6691378951072693,0.6840037703514099,0.6691378951072693,0.5185185074806213,0.5833333134651184
41,5,5,0.6824671030044556,0.6700474619865417,0.6824671030044556,0.6700474619865417,0.5259259343147278,0.625
41,5,6,0.6809238195419312,0.6708345413208008,0.6809238195419312,0.6708345413208008,0.5555555820465088,0.625
41,5,7,0.6793118119239807,0.6714680790901184,0.6793118119239807,0.6714680790901184,0.5777778029441833,0.625
41,5,8,0.6776170134544373,0.6719539761543274,0.6776170134544373,0.6719539761543274,0.5703703761100769,0.625
41,5,9,0.6758548617362976,0.6723188757896423,0.6758548617362976,0.6723188757896423,0.585185170173645,0.5833333134651184
41,5,10,0.6740532517433167,0.6725948452949524,0.6740532517433167,0.6725948452949524,0.5777778029441833,0.5833333134651184
41,5,11,0.6722394227981567,0.6728112697601318,0.6722394227981567,0.6728112697601318,0.5629629492759705,0.5833333134651184
41,5,12,0.6704338192939758,0.6729896068572998,0.6704338192939758,0.6729896068572998,0.5703703761100769,0.625
41,5,13,0.6686480641365051,0.6731431484222412,0.6686480641365051,0.6731431484222412,0.5777778029441833,0.625
41,5,14,0.6668859720230103,0.6732778549194336,0.6668859720230103,0.6732778549194336,0.5925925970077515,0.625
41,5,15,0.6651458144187927,0.6733941435813904,0.6651458144187927,0.6733941435813904,0.6074073910713196,0.625
41,5,16,0.6634218692779541,0.6734889149665833,0.6634218692779541,0.6734889149665833,0.6074073910713196,0.625
41,5,17,0.6617064476013184,0.673557460308075,0.6617064476013184,0.673557460308075,0.6074073910713196,0.625
41,5,18,0.6599913239479065,0.6735942363739014,0.6599913239479065,0.6735942363739014,0.614814817905426,0.625
41,5,19,0.6582684516906738,0.6735942363739014,0.6582684516906738,0.6735942363739014,0.6296296119689941,0.625
41,5,20,0.6565305590629578,0.6735536456108093,0.6565305590629578,0.6735536456108093,0.6296296119689941,0.625
41,5,21,0.6547711491584778,0.6734693646430969,0.6547711491584778,0.6734693646430969,0.6370370388031006,0.625
41,5,22,0.6529847979545593,0.6733396649360657,0.6529847979545593,0.6733396649360657,0.6370370388031006,0.625
41,5,23,0.6511667966842651,0.6731638312339783,0.6511667966842651,0.6731638312339783,0.644444465637207,0.625
41,5,24,0.6493129730224609,0.6729412078857422,0.6493129730224609,0.6729412078857422,0.644444465637207,0.625
41,5,25,0.6474192142486572,0.6726717948913574,0.6474192142486572,0.6726717948913574,0.644444465637207,0.625
41,5,26,0.645481526851654,0.672355592250824,0.645481526851654,0.672355592250824,0.644444465637207,0.625
42,5,1,0.697414755821228,0.6966824531555176,0.697414755821228,0.6966824531555176,0.5111111402511597,0.5416666865348816
42,5,2,0.6933108568191528,0.6950445175170898,0.6933108568191528,0.6950445175170898,0.5407407283782959,0.5
42,5,3,0.6909992098808289,0.6940920352935791,0.6909992098808289,0.6940920352935791,0.5555555820465088,0.625
42,5,4,0.6892157793045044,0.6935222744941711,0.6892157793045044,0.6935222744941711,0.5333333611488342,0.625
42,5,5,0.6876269578933716,0.6931272149085999,0.6876269578933716,0.6931272149085999,0.5259259343147278,0.625
42,5,6,0.6860470175743103,0.6927899718284607,0.6860470175743103,0.6927899718284607,0.5333333611488342,0.5833333134651184
42,5,7,0.6844003200531006,0.6924605369567871,0.6844003200531006,0.6924605369567871,0.5481481552124023,0.5833333134651184
42,5,8,0.6826810836791992,0.6921265721321106,0.6826810836791992,0.6921265721321106,0.5629629492759705,0.625
42,5,9,0.6809155941009521,0.6917906403541565,0.6809155941009521,0.6917906403541565,0.5925925970077515,0.625
42,5,10,0.6791355609893799,0.6914570927619934,0.6791355609893799,0.6914570927619934,0.585185170173645,0.6666666865348816
42,5,11,0.6773654222488403,0.691127598285675,0.6773654222488403,0.691127598285675,0.5777778029441833,0.625
42,5,12,0.6756182312965393,0.6908004879951477,0.6756182312965393,0.6908004879951477,0.585185170173645,0.6666666865348816
42,5,13,0.6738983988761902,0.6904729008674622,0.6738983988761902,0.6904729008674622,0.6074073910713196,0.6666666865348816
42,5,14,0.6722042560577393,0.6901419758796692,0.6722042560577393,0.6901419758796692,0.6074073910713196,0.625
42,5,15,0.6705307960510254,0.6898050308227539,0.6705307960510254,0.6898050308227539,0.5925925970077515,0.625
42,5,16,0.6688719391822815,0.6894603371620178,0.6688719391822815,0.6894603371620178,0.5925925970077515,0.625
42,5,17,0.6672216057777405,0.689106285572052,0.6672216057777405,0.689106285572052,0.585185170173645,0.625
42,5,18,0.6655738353729248,0.6887413859367371,0.6655738353729248,0.6887413859367371,0.5777778029441833,0.5833333134651184
42,5,19,0.6639238595962524,0.6883640885353088,0.6639238595962524,0.6883640885353088,0.6000000238418579,0.5833333134651184
42,5,20,0.6622675061225891,0.6879732012748718,0.6622675061225891,0.6879732012748718,0.6000000238418579,0.5833333134651184
42,5,21,0.6606016755104065,0.6875668168067932,0.6606016755104065,0.6875668168067932,0.614814817905426,0.5833333134651184
42,5,22,0.6589241623878479,0.6871435046195984,0.6589241623878479,0.6871435046195984,0.614814817905426,0.5416666865348816
42,5,23,0.6572332978248596,0.6867011189460754,0.6572332978248596,0.6867011189460754,0.6296296119689941,0.5416666865348816
42,5,24,0.6555278897285461,0.6862380504608154,0.6555278897285461,0.6862380504608154,0.6296296119689941,0.5416666865348816
42,5,25,0.653806746006012,0.6857519149780273,0.653806746006012,0.6857519149780273,0.6296296119689941,0.5416666865348816
42,5,26,0.6520692706108093,0.6852402687072754,0.6520692706108093,0.6852402687072754,0.6222222447395325,0.5
42,5,27,0.6503139734268188,0.6847005486488342,0.6503139734268188,0.6847005486488342,0.6222222447395325,0.5
42,5,28,0.6485400199890137,0.6841298937797546,0.6485400199890137,0.6841298937797546,0.6222222447395325,0.5
42,5,29,0.6467459797859192,0.6835252642631531,0.6467459797859192,0.6835252642631531,0.6296296119689941,0.5
42,5,30,0.644930362701416,0.6828832626342773,0.644930362701416,0.6828832626342773,0.6370370388031006,0.5
42,5,31,0.6430917978286743,0.6822003722190857,0.6430917978286743,0.6822003722190857,0.6370370388031006,0.5
42,5,32,0.6412284970283508,0.6814728379249573,0.6412284970283508,0.6814728379249573,0.6370370388031006,0.5416666865348816
42,5,33,0.6393390893936157,0.6806966662406921,0.6393390893936157,0.6806966662406921,0.6518518328666687,0.5416666865348816
42,5,34,0.6374214887619019,0.6798675656318665,0.6374214887619019,0.6798675656318665,0.6592592597007751,0.5416666865348816
42,5,35,0.6354737281799316,0.6789815425872803,0.6354737281799316,0.6789815425872803,0.644444465637207,0.5416666865348816
42,5,36,0.6334934234619141,0.6780340075492859,0.6334934234619141,0.6780340075492859,0.644444465637207,0.5416666865348816
42,5,37,0.6314776539802551,0.6770210266113281,0.6314776539802551,0.6770210266113281,0.644444465637207,0.5416666865348816
42,5,38,0.629422664642334,0.6759385466575623,0.629422664642334,0.6759385466575623,0.644444465637207,0.5416666865348816
42,5,39,0.6273239850997925,0.6747832298278809,0.6273239850997925,0.6747832298278809,0.644444465637207,0.5416666865348816
42,5,40,0.6251758337020874,0.6735525727272034,0.6251758337020874,0.6735525727272034,0.6592592597007751,0.5416666865348816
42,5,41,0.6229709982872009,0.6722452044487,0.6229709982872009,0.6722452044487,0.6592592597007751,0.5416666865348816
42,5,42,0.6207008361816406,0.6708605289459229,0.6207008361816406,0.6708605289459229,0.6740740537643433,0.5416666865348816
42,5,43,0.618354856967926,0.6694002151489258,0.618354856967926,0.6694002151489258,0.6962962746620178,0.5833333134651184
42,5,44,0.615920901298523,0.6678676605224609,0.615920901298523,0.6678676605224609,0.6962962746620178,0.5833333134651184
42,5,45,0.6133846640586853,0.6662681102752686,0.6133846640586853,0.6662681102752686,0.6962962746620178,0.5833333134651184
42,5,46,0.6107304692268372,0.6646097302436829,0.6107304692268372,0.6646097302436829,0.7037037014961243,0.5833333134651184
42,5,47,0.607940673828125,0.6629029512405396,0.607940673828125,0.6629029512405396,0.7185184955596924,0.5833333134651184
42,5,48,0.6049966216087341,0.6611611843109131,0.6049966216087341,0.6611611843109131,0.7037037014961243,0.5833333134651184
42,5,49,0.6018789410591125,0.6594006419181824,0.6018789410591125,0.6594006419181824,0.7037037014961243,0.5833333134651184
42,5,50,0.5985678434371948,0.6576408743858337,0.5985678434371948,0.6576408743858337,0.7037037014961243,0.5416666865348816
42,5,51,0.5950437784194946,0.6559044718742371,0.5950437784194946,0.6559044718742371,0.7111111283302307,0.5416666865348816
42,5,52,0.5912885069847107,0.6542174220085144,0.5912885069847107,0.6542174220085144,0.7111111283302307,0.5416666865348816
42,5,53,0.5872848033905029,0.6526094675064087,0.5872848033905029,0.6526094675064087,0.7185184955596924,0.5416666865348816
42,5,54,0.583017110824585,0.6511146426200867,0.583017110824585,0.6511146426200867,0.7185184955596924,0.5416666865348816
42,5,55,0.578472375869751,0.6497716903686523,0.578472375869751,0.6497716903686523,0.7407407164573669,0.5416666865348816
42,5,56,0.573639452457428,0.64862459897995,0.573639452457428,0.64862459897995,0.7407407164573669,0.5416666865348816
42,5,57,0.5685104727745056,0.6477232575416565,0.5685104727745056,0.6477232575416565,0.7407407164573669,0.5416666865348816
42,5,58,0.5630807876586914,0.6471235752105713,0.5630807876586914,0.6471235752105713,0.7407407164573669,0.5833333134651184
42,5,59,0.5573493838310242,0.6468873023986816,0.5573493838310242,0.6468873023986816,0.7481481432914734,0.5833333134651184
42,5,60,0.5513201951980591,0.64708012342453,0.5513201951980591,0.64708012342453,0.7407407164573669,0.625
42,5,61,0.545002281665802,0.6477681994438171,0.545002281665802,0.6477681994438171,0.7481481432914734,0.6666666865348816
42,5,62,0.5384107232093811,0.6490132808685303,0.5384107232093811,0.6490132808685303,0.7481481432914734,0.6666666865348816
42,5,63,0.5315660834312439,0.65086430311203,0.5315660834312439,0.65086430311203,0.7555555701255798,0.625
42,5,64,0.5244938135147095,0.6533496975898743,0.5244938135147095,0.6533496975898743,0.7629629373550415,0.625
42,5,65,0.5172220468521118,0.6564688086509705,0.5172220468521118,0.6564688086509705,0.7555555701255798,0.625
42,5,66,0.5097795128822327,0.6601894497871399,0.5097795128822327,0.6601894497871399,0.7555555701255798,0.6666666865348816
42,5,67,0.5021926760673523,0.6644490957260132,0.5021926760673523,0.6644490957260132,0.7777777910232544,0.6666666865348816
42,5,68,0.49448445439338684,0.6691656112670898,0.49448445439338684,0.6691656112670898,0.7925925850868225,0.6666666865348816
42,5,69,0.4866733253002167,0.6742520332336426,0.4866733253002167,0.6742520332336426,0.800000011920929,0.6666666865348816
42,5,70,0.47877413034439087,0.6796321272850037,0.47877413034439087,0.6796321272850037,0.800000011920929,0.6666666865348816
42,5,71,0.4707975685596466,0.6852534413337708,0.4707975685596466,0.6852534413337708,0.800000011920929,0.6666666865348816
42,5,72,0.46275004744529724,0.6910943388938904,0.46275004744529724,0.6910943388938904,0.800000011920929,0.6666666865348816
42,5,73,0.4546329379081726,0.6971631646156311,0.4546329379081726,0.6971631646156311,0.8148148059844971,0.6666666865348816
42,5,74,0.4464423358440399,0.703493595123291,0.4464423358440399,0.703493595123291,0.8148148059844971,0.6666666865348816
42,5,75,0.4381691813468933,0.7101357579231262,0.4381691813468933,0.7101357579231262,0.8222222328186035,0.6666666865348816
42,5,76,0.429800808429718,0.7171452045440674,0.429800808429718,0.7171452045440674,0.8370370268821716,0.6666666865348816
42,5,77,0.4213230609893799,0.7245725989341736,0.4213230609893799,0.7245725989341736,0.8444444537162781,0.6666666865348816
42,5,78,0.4127224087715149,0.7324525713920593,0.4127224087715149,0.7324525713920593,0.8370370268821716,0.6666666865348816
42,5,79,0.4039880633354187,0.7407989501953125,0.4039880633354187,0.7407989501953125,0.8370370268821716,0.625
42,5,80,0.39511364698410034,0.7495997548103333,0.39511364698410034,0.7495997548103333,0.8370370268821716,0.625
42,5,81,0.38609710335731506,0.7588192820549011,0.38609710335731506,0.7588192820549011,0.8518518805503845,0.625
42,5,82,0.3769395351409912,0.7683998942375183,0.3769395351409912,0.7683998942375183,0.8592592477798462,0.625
42,5,83,0.3676438629627228,0.7782680988311768,0.3676438629627228,0.7782680988311768,0.8592592477798462,0.625
42,5,84,0.35821306705474854,0.7883394360542297,0.35821306705474854,0.7883394360542297,0.8740741014480591,0.6666666865348816
43,5,1,0.6981358528137207,0.6983745694160461,0.6981358528137207,0.6983745694160461,0.48148149251937866,0.5
43,5,2,0.6929718852043152,0.696668803691864,0.6929718852043152,0.696668803691864,0.5259259343147278,0.5416666865348816
43,5,3,0.6900324821472168,0.6953851580619812,0.6900324821472168,0.6953851580619812,0.5185185074806213,0.5416666865348816
43,5,4,0.6875100135803223,0.6940876841545105,0.6875100135803223,0.6940876841545105,0.5111111402511597,0.5416666865348816
43,5,5,0.685179591178894,0.6925893425941467,0.685179591178894,0.6925893425941467,0.5333333611488342,0.5416666865348816
43,5,6,0.6829144954681396,0.6908438801765442,0.6829144954681396,0.6908438801765442,0.5555555820465088,0.5416666865348816
43,5,7,0.6806524991989136,0.688896656036377,0.6806524991989136,0.688896656036377,0.5407407283782959,0.5416666865348816
43,5,8,0.6783789992332458,0.6868354678153992,0.6783789992332458,0.6868354678153992,0.5407407283782959,0.5833333134651184
43,5,9,0.6761046051979065,0.684751033782959,0.6761046051979065,0.684751033782959,0.5259259343147278,0.625
43,5,10,0.6738458275794983,0.6827136874198914,0.6738458275794983,0.6827136874198914,0.5407407283782959,0.625
43,5,11,0.6716147661209106,0.6807654500007629,0.6716147661209106,0.6807654500007629,0.5407407283782959,0.625
43,5,12,0.669416606426239,0.6789228916168213,0.669416606426239,0.6789228916168213,0.5703703761100769,0.625
43,5,13,0.6672499775886536,0.6771833896636963,0.6672499775886536,0.6771833896636963,0.5703703761100769,0.625
43,5,14,0.6651095151901245,0.6755329966545105,0.6651095151901245,0.6755329966545105,0.5703703761100769,0.7083333134651184
43,5,15,0.6629873514175415,0.6739529967308044,0.6629873514175415,0.6739529967308044,0.5925925970077515,0.7083333134651184
43,5,16,0.6608743667602539,0.6724252104759216,0.6608744263648987,0.6724252104759216,0.6074073910713196,0.7083333134651184
43,5,17,0.6587615609169006,0.6709343791007996,0.6587615609169006,0.6709343791007996,0.6074073910713196,0.7083333134651184
43,5,18,0.6566402316093445,0.669470489025116,0.6566402316093445,0.669470489025116,0.6074073910713196,0.7083333134651184
43,5,19,0.654503345489502,0.6680275797843933,0.654503345489502,0.6680275797843933,0.6074073910713196,0.7083333134651184
43,5,20,0.6523448824882507,0.6666038036346436,0.6523448824882507,0.6666038036346436,0.6074073910713196,0.7083333134651184
43,5,21,0.6501599550247192,0.6651995182037354,0.6501599550247192,0.6651995182037354,0.6074073910713196,0.7083333134651184
43,5,22,0.6479445099830627,0.663815975189209,0.6479445099830627,0.663815975189209,0.6074073910713196,0.7083333134651184
43,5,23,0.64569491147995,0.6624541878700256,0.64569491147995,0.6624541878700256,0.614814817905426,0.7083333134651184
43,5,24,0.6434074640274048,0.6611143946647644,0.6434074640274048,0.6611143946647644,0.6296296119689941,0.7083333134651184
43,5,25,0.6410782337188721,0.6597957015037537,0.6410782337188721,0.6597957015037537,0.6296296119689941,0.7083333134651184
43,5,26,0.6387030482292175,0.6584963202476501,0.6387030482292175,0.6584963202476501,0.6296296119689941,0.7083333134651184
43,5,27,0.6362776756286621,0.6572138667106628,0.6362776756286621,0.6572138667106628,0.6370370388031006,0.7083333134651184
43,5,28,0.6337971091270447,0.6559454798698425,0.6337971091270447,0.6559454798698425,0.6370370388031006,0.7083333134651184
43,5,29,0.631256639957428,0.65468829870224,0.631256639957428,0.65468829870224,0.6370370388031006,0.7083333134651184
43,5,30,0.6286515593528748,0.6534395813941956,0.6286515593528748,0.6534395813941956,0.644444465637207,0.7083333134651184
43,5,31,0.6259770393371582,0.6521971821784973,0.6259770393371582,0.6521971821784973,0.644444465637207,0.6666666865348816
43,5,32,0.6232287287712097,0.6509588360786438,0.6232287287712097,0.6509588360786438,0.6592592597007751,0.625
43,5,33,0.620402455329895,0.6497226357460022,0.620402455329895,0.6497226357460022,0.6592592597007751,0.5833333134651184
43,5,34,0.617494523525238,0.6484866142272949,0.617494523525238,0.6484866142272949,0.6592592597007751,0.5833333134651184
43,5,35,0.6145016551017761,0.6472490429878235,0.6145016551017761,0.6472490429878235,0.6740740537643433,0.625
43,5,36,0.6114213466644287,0.6460080146789551,0.6114213466644287,0.6460080146789551,0.6814814805984497,0.625
43,5,37,0.6082519888877869,0.6447617411613464,0.6082519888877869,0.6447617411613464,0.6814814805984497,0.5833333134651184
43,5,38,0.6049929857254028,0.6435087323188782,0.6049929857254028,0.6435087323188782,0.6666666865348816,0.5833333134651184
43,5,39,0.6016451120376587,0.6422479152679443,0.6016451120376587,0.6422479152679443,0.6592592597007751,0.5833333134651184
43,5,40,0.5982113480567932,0.6409783363342285,0.5982113480567932,0.6409783363342285,0.6592592597007751,0.5833333134651184
43,5,41,0.5946958661079407,0.6396996974945068,0.5946958661079407,0.6396996974945068,0.6592592597007751,0.5833333134651184
43,5,42,0.5911058187484741,0.638411283493042,0.5911058187484741,0.638411283493042,0.6592592597007751,0.5416666865348816
43,5,43,0.5874500274658203,0.6371117234230042,0.5874500274658203,0.6371117234230042,0.6592592597007751,0.5416666865348816
43,5,44,0.5837396383285522,0.6357975602149963,0.5837396383285522,0.6357975602149963,0.6518518328666687,0.5416666865348816
43,5,45,0.5799861550331116,0.6344620585441589,0.5799861550331116,0.6344620585441589,0.6518518328666687,0.5416666865348816
43,5,46,0.5762012600898743,0.6330928206443787,0.5762012600898743,0.6330928206443787,0.6666666865348816,0.5833333134651184
43,5,47,0.5723943114280701,0.631671130657196,0.5723943114280701,0.631671130657196,0.6814814805984497,0.5833333134651184
43,5,48,0.5685697793960571,0.6301717162132263,0.5685697793960571,0.6301717162132263,0.6814814805984497,0.5833333134651184
43,5,49,0.5647255182266235,0.6285648345947266,0.5647255182266235,0.6285648345947266,0.6962962746620178,0.5416666865348816
43,5,50,0.5608508586883545,0.6268214583396912,0.5608508586883545,0.6268214583396912,0.7333333492279053,0.5416666865348816
43,5,51,0.5569273829460144,0.6249205470085144,0.5569273829460144,0.6249205470085144,0.7185184955596924,0.5416666865348816
43,5,52,0.5529310703277588,0.622856855392456,0.5529310703277588,0.622856855392456,0.7333333492279053,0.5833333134651184
43,5,53,0.5488362908363342,0.6206461191177368,0.5488362908363342,0.6206461191177368,0.7259259223937988,0.5833333134651184
43,5,54,0.5446202158927917,0.6183249354362488,0.5446202158927917,0.6183249354362488,0.7259259223937988,0.5833333134651184
43,5,55,0.5402662754058838,0.6159459948539734,0.5402662754058838,0.6159459948539734,0.7185184955596924,0.5833333134651184
43,5,56,0.535764217376709,0.613569438457489,0.535764217376709,0.613569438457489,0.7259259223937988,0.5833333134651184
43,5,57,0.5311097502708435,0.6112546920776367,0.5311097502708435,0.6112546920776367,0.7333333492279053,0.625
43,5,58,0.5263012051582336,0.6090535521507263,0.5263012051582336,0.6090535521507263,0.7407407164573669,0.625
43,5,59,0.5213373303413391,0.607008159160614,0.5213373303413391,0.607008159160614,0.7407407164573669,0.625
43,5,60,0.5162156820297241,0.6051514744758606,0.5162156820297241,0.6051514744758606,0.7555555701255798,0.625
43,5,61,0.5109312534332275,0.6035103797912598,0.5109312534332275,0.6035103797912598,0.7555555701255798,0.625
43,5,62,0.505477249622345,0.602109432220459,0.505477249622345,0.602109432220459,0.7555555701255798,0.625
43,5,63,0.49984508752822876,0.6009747385978699,0.49984508752822876,0.6009747385978699,0.7629629373550415,0.5833333134651184
43,5,64,0.494025856256485,0.6001371741294861,0.494025856256485,0.6001371741294861,0.7555555701255798,0.5833333134651184
43,5,65,0.4880106747150421,0.5996347665786743,0.4880106747150421,0.5996347665786743,0.7555555701255798,0.5833333134651184
43,5,66,0.4817919135093689,0.5995134115219116,0.4817919135093689,0.5995134115219116,0.7629629373550415,0.625
43,5,67,0.47536417841911316,0.5998272895812988,0.47536417841911316,0.5998272895812988,0.770370364189148,0.625
43,5,68,0.4687242805957794,0.6006379127502441,0.4687242805957794,0.6006379127502441,0.770370364189148,0.625
43,5,69,0.46187230944633484,0.6020123958587646,0.46187230944633484,0.6020123958587646,0.7777777910232544,0.625
43,5,70,0.454811692237854,0.6040220856666565,0.454811692237854,0.6040220856666565,0.7777777910232544,0.625
43,5,71,0.4475489854812622,0.6067399978637695,0.4475489854812622,0.6067399978637695,0.7851851582527161,0.5833333134651184
43,5,72,0.44009363651275635,0.6102406978607178,0.44009363651275635,0.6102406978607178,0.7851851582527161,0.5833333134651184
43,5,73,0.43245729804039,0.6146005988121033,0.43245729804039,0.6146005988121033,0.800000011920929,0.625
43,5,74,0.42465314269065857,0.6199013590812683,0.42465314269065857,0.6199013590812683,0.800000011920929,0.625
43,5,75,0.4166942834854126,0.6262348890304565,0.4166942834854126,0.6262348890304565,0.8074073791503906,0.6666666865348816
43,5,76,0.4085932970046997,0.6337088942527771,0.4085932970046997,0.6337088942527771,0.800000011920929,0.6666666865348816
43,5,77,0.4003615081310272,0.6424484252929688,0.4003615081310272,0.6424484252929688,0.8074073791503906,0.6666666865348816
43,5,78,0.39200854301452637,0.6525878310203552,0.39200854301452637,0.6525878310203552,0.8148148059844971,0.6666666865348816
43,5,79,0.38354194164276123,0.6642484068870544,0.38354194164276123,0.6642484068870544,0.8296296000480652,0.6666666865348816
43,5,80,0.3749668300151825,0.6775076985359192,0.3749668300151825,0.6775076985359192,0.8296296000480652,0.6666666865348816
43,5,81,0.36628326773643494,0.6923727989196777,0.36628326773643494,0.6923727989196777,0.8444444537162781,0.6666666865348816
43,5,82,0.3574838936328888,0.70878005027771,0.3574838936328888,0.70878005027771,0.8518518805503845,0.6666666865348816
43,5,83,0.34854838252067566,0.7266265749931335,0.34854838252067566,0.7266265749931335,0.8592592477798462,0.7083333134651184
43,5,84,0.3394399583339691,0.7458216547966003,0.3394399583339691,0.7458216547966003,0.8592592477798462,0.7083333134651184
43,5,85,0.33010175824165344,0.7663395404815674,0.33010175824165344,0.7663395404815674,0.8592592477798462,0.7083333134651184
43,5,86,0.32045671343803406,0.7882693409919739,0.32045671343803406,0.7882693409919739,0.8666666746139526,0.7083333134651184
43,5,87,0.3104150593280792,0.8118607997894287,0.3104150593280792,0.8118607997894287,0.8740741014480591,0.7083333134651184
43,5,88,0.2998952865600586,0.8375263810157776,0.2998952865600586,0.8375263810157776,0.8814814686775208,0.7083333134651184
43,5,89,0.28886187076568604,0.8657498359680176,0.28886187076568604,0.8657498359680176,0.8888888955116272,0.7083333134651184
43,5,90,0.27736765146255493,0.8969060778617859,0.27736765146255493,0.8969060778617859,0.9037036895751953,0.7083333134651184
43,5,91,0.2655746638774872,0.9311220049858093,0.2655746638774872,0.9311220049858093,0.9111111164093018,0.7083333134651184
44,5,1,0.7229591012001038,0.6790712475776672,0.7229591012001038,0.6790712475776672,0.4296296238899231,0.5833333134651184
44,5,2,0.7154998779296875,0.6821548342704773,0.7154998779296875,0.6821548342704773,0.4592592716217041,0.5833333134651184
44,5,3,0.7111310958862305,0.6858308911323547,0.7111310958862305,0.6858308911323547,0.48148149251937866,0.5
44,5,4,0.707714319229126,0.6898784041404724,0.707714319229126,0.6898784041404724,0.5037037134170532,0.5416666865348816
44,5,5,0.7049489617347717,0.694063663482666,0.7049489617347717,0.694063663482666,0.4962962865829468,0.5
44,5,6,0.7025822997093201,0.6981978416442871,0.7025822997093201,0.6981978416442871,0.5259259343147278,0.5
44,5,7,0.7004100680351257,0.7021558880805969,0.7004100680351257,0.7021558880805969,0.5333333611488342,0.5
44,5,8,0.6982863545417786,0.7058747410774231,0.6982863545417786,0.7058747410774231,0.5407407283782959,0.5
44,5,9,0.6961208581924438,0.7093417644500732,0.6961208581924438,0.7093417644500732,0.5333333611488342,0.5
44,5,10,0.6938682794570923,0.7125789523124695,0.6938682794570923,0.7125789523124695,0.5333333611488342,0.5
44,5,11,0.6915155053138733,0.7156277298927307,0.6915155053138733,0.7156277298927307,0.5555555820465088,0.5
44,5,12,0.6890683770179749,0.7185376286506653,0.6890683770179749,0.7185376286506653,0.5555555820465088,0.5
44,5,13,0.6865427494049072,0.721358060836792,0.6865427494049072,0.721358060836792,0.5555555820465088,0.4583333432674408
44,5,14,0.6839572787284851,0.7241334915161133,0.6839572787284851,0.7241334915161133,0.5629629492759705,0.4583333432674408
44,5,15,0.6813294887542725,0.7269012331962585,0.6813294887542725,0.7269012331962585,0.5777778029441833,0.4583333432674408
44,5,16,0.678673505783081,0.7296916842460632,0.678673505783081,0.7296916842460632,0.5777778029441833,0.4583333432674408
44,5,17,0.6759997606277466,0.7325282096862793,0.6759997606277466,0.7325282096862793,0.5777778029441833,0.4166666567325592
44,5,18,0.67331463098526,0.7354282736778259,0.67331463098526,0.7354282736778259,0.5777778029441833,0.4166666567325592
44,5,19,0.670621395111084,0.7384052276611328,0.670621395111084,0.7384052276611328,0.6074073910713196,0.4166666567325592
44,5,20,0.6679205894470215,0.7414687275886536,0.6679205894470215,0.7414687275886536,0.6074073910713196,0.375
44,5,21,0.6652106046676636,0.7446265816688538,0.6652106046676636,0.7446265816688538,0.6074073910713196,0.375
44,5,22,0.6624885201454163,0.7478848099708557,0.6624885201454163,0.7478848099708557,0.6000000238418579,0.375
44,5,23,0.6597502827644348,0.7512487769126892,0.6597502827644348,0.7512487769126892,0.6222222447395325,0.375
44,5,24,0.6569912433624268,0.7547233700752258,0.6569912433624268,0.7547233700752258,0.644444465637207,0.3333333432674408
44,5,25,0.6542063355445862,0.7583136558532715,0.6542063355445862,0.7583136558532715,0.644444465637207,0.3333333432674408
44,5,26,0.6513904929161072,0.7620248794555664,0.6513904929161072,0.7620248794555664,0.6592592597007751,0.3333333432674408
45,5,1,0.7254720330238342,0.6974782943725586,0.7254720330238342,0.6974782943725586,0.4888888895511627,0.5
45,5,2,0.7070634961128235,0.6899334788322449,0.7070634961128235,0.6899334788322449,0.4962962865829468,0.5
45,5,3,0.6949200630187988,0.6862180829048157,0.6949200630187988,0.6862180829048157,0.5111111402511597,0.5416666865348816
45,5,4,0.6870590448379517,0.6853013038635254,0.6870590448379517,0.6853013038635254,0.6000000238418579,0.5
45,5,5,0.6822652816772461,0.6860575675964355,0.6822652816772461,0.6860575675964355,0.6074073910713196,0.5416666865348816
45,5,6,0.6793645024299622,0.6875230669975281,0.6793645024299622,0.6875230669975281,0.5629629492759705,0.5416666865348816
45,5,7,0.6774097084999084,0.6890620589256287,0.6774097084999084,0.6890620589256287,0.5481481552124023,0.5833333134651184
45,5,8,0.6757965087890625,0.6903834939002991,0.6757965087890625,0.6903834939002991,0.5703703761100769,0.5833333134651184
45,5,9,0.6742370128631592,0.6914429068565369,0.6742370128631592,0.6914429068565369,0.5629629492759705,0.5833333134651184
45,5,10,0.6726486086845398,0.6923137307167053,0.6726486086845398,0.6923137307167053,0.5703703761100769,0.5833333134651184
45,5,11,0.6710371375083923,0.6930918097496033,0.6710371375083923,0.6930918097496033,0.5777778029441833,0.5833333134651184
45,5,12,0.6694223284721375,0.6938484311103821,0.6694223284721375,0.6938484311103821,0.6074073910713196,0.5416666865348816
45,5,13,0.6678099036216736,0.694621741771698,0.6678099036216736,0.694621741771698,0.644444465637207,0.5416666865348816
45,5,14,0.6661917567253113,0.6954248547554016,0.6661917567253113,0.6954248547554016,0.644444465637207,0.5416666865348816
45,5,15,0.6645568013191223,0.6962575316429138,0.6645568013191223,0.6962575316429138,0.6296296119689941,0.5
45,5,16,0.6628973484039307,0.6971141695976257,0.6628973484039307,0.6971141695976257,0.6222222447395325,0.5
45,5,17,0.6612119078636169,0.6979874968528748,0.6612119078636169,0.6979874968528748,0.6370370388031006,0.4583333432674408
45,5,18,0.6595032811164856,0.6988701224327087,0.6595032811164856,0.6988701224327087,0.6370370388031006,0.4583333432674408
45,5,19,0.6577749848365784,0.6997544169425964,0.6577749848365784,0.6997544169425964,0.6518518328666687,0.4583333432674408
45,5,20,0.656029462814331,0.7006343007087708,0.656029462814331,0.7006343007087708,0.6666666865348816,0.4583333432674408
45,5,21,0.6542673707008362,0.701505184173584,0.6542673707008362,0.701505184173584,0.6814814805984497,0.4583333432674408
45,5,22,0.65248703956604,0.7023646235466003,0.65248703956604,0.7023646235466003,0.6814814805984497,0.4583333432674408
45,5,23,0.6506856679916382,0.7032122611999512,0.6506856679916382,0.7032122611999512,0.6814814805984497,0.4583333432674408
45,5,24,0.6488598585128784,0.7040494084358215,0.6488598585128784,0.7040494084358215,0.6814814805984497,0.4583333432674408
45,5,25,0.6470057964324951,0.7048785090446472,0.6470057964324951,0.7048785090446472,0.6814814805984497,0.4583333432674408
45,5,26,0.6451194882392883,0.7057013511657715,0.6451194882392883,0.7057013511657715,0.6740740537643433,0.4583333432674408
45,5,27,0.6431971788406372,0.7065200209617615,0.6431971788406372,0.7065200209617615,0.6888889074325562,0.5
45,5,28,0.6412351727485657,0.7073351740837097,0.6412351727485657,0.7073351740837097,0.6888889074325562,0.5
45,5,29,0.6392300128936768,0.7081465721130371,0.6392300128936768,0.7081465721130371,0.6888889074325562,0.4583333432674408
46,5,1,0.7047616839408875,0.7033336162567139,0.7047616839408875,0.7033336162567139,0.4592592716217041,0.4583333432674408
46,5,2,0.6999160647392273,0.7053130269050598,0.6999160647392273,0.7053130269050598,0.48148149251937866,0.4583333432674408
46,5,3,0.6962761878967285,0.7073243260383606,0.6962761878967285,0.7073243260383606,0.4888888895511627,0.4583333432674408
46,5,4,0.6928767561912537,0.7093753814697266,0.6928767561912537,0.7093753814697266,0.4888888895511627,0.4583333432674408
46,5,5,0.6896630525588989,0.7114707827568054,0.6896630525588989,0.7114707827568054,0.5333333611488342,0.4583333432674408
46,5,6,0.6866129636764526,0.7136101722717285,0.6866129636764526,0.7136101722717285,0.5555555820465088,0.4166666567325592
46,5,7,0.683708906173706,0.7157906889915466,0.683708906173706,0.7157906889915466,0.5555555820465088,0.4166666567325592
46,5,8,0.6809349060058594,0.7180078029632568,0.6809349060058594,0.7180078029632568,0.5703703761100769,0.4166666567325592
46,5,9,0.6782764792442322,0.7202561497688293,0.6782764792442322,0.7202561497688293,0.6000000238418579,0.4166666567325592
46,5,10,0.6757202744483948,0.7225309014320374,0.6757202744483948,0.7225309014320374,0.614814817905426,0.375
46,5,11,0.6732547879219055,0.7248272895812988,0.6732547879219055,0.7248272895812988,0.6222222447395325,0.375
46,5,12,0.6708696484565735,0.7271412014961243,0.6708696484565735,0.7271412014961243,0.644444465637207,0.4166666567325592
46,5,13,0.6685552597045898,0.7294697761535645,0.6685552597045898,0.7294697761535645,0.6296296119689941,0.4166666567325592
46,5,14,0.6663028001785278,0.7318105697631836,0.6663028001785278,0.7318105697631836,0.6370370388031006,0.4166666567325592
46,5,15,0.6641043424606323,0.7341618537902832,0.6641043424606323,0.7341618537902832,0.6370370388031006,0.4166666567325592
46,5,16,0.6619518995285034,0.7365229725837708,0.6619518995285034,0.7365229725837708,0.6370370388031006,0.4166666567325592
46,5,17,0.6598383784294128,0.7388930916786194,0.6598383784294128,0.7388930916786194,0.644444465637207,0.375
46,5,18,0.6577565670013428,0.74127197265625,0.6577565670013428,0.74127197265625,0.6370370388031006,0.3333333432674408
46,5,19,0.6556997299194336,0.7436590790748596,0.6556997299194336,0.7436590790748596,0.6296296119689941,0.3333333432674408
46,5,20,0.6536611914634705,0.7460542321205139,0.6536611914634705,0.7460542321205139,0.6296296119689941,0.3333333432674408
46,5,21,0.6516346335411072,0.7484564781188965,0.6516346335411072,0.7484564781188965,0.6370370388031006,0.3333333432674408
46,5,22,0.6496132016181946,0.7508649230003357,0.6496132016181946,0.7508649230003357,0.644444465637207,0.3333333432674408
46,5,23,0.6475908160209656,0.7532780766487122,0.6475908160209656,0.7532780766487122,0.644444465637207,0.3333333432674408
46,5,24,0.645560622215271,0.7556944489479065,0.645560622215271,0.7556944489479065,0.6518518328666687,0.3333333432674408
46,5,25,0.6435157060623169,0.7581117153167725,0.6435157060623169,0.7581117153167725,0.6592592597007751,0.3333333432674408
46,5,26,0.6414492726325989,0.7605274319648743,0.6414492726325989,0.7605274319648743,0.6592592597007751,0.3333333432674408
47,5,1,0.7120329141616821,0.6868364214897156,0.7120329141616821,0.6868364214897156,0.4740740656852722,0.5
47,5,2,0.7049236297607422,0.6887149810791016,0.7049236297607422,0.6887149810791016,0.45185184478759766,0.5833333134651184
47,5,3,0.7011637091636658,0.6916807293891907,0.7011637091636658,0.6916807293891907,0.48148149251937866,0.4583333432674408
47,5,4,0.6987252235412598,0.6947939991950989,0.6987252235412598,0.6947939991950989,0.45185184478759766,0.5
47,5,5,0.6967206001281738,0.6974592804908752,0.6967206001281738,0.6974592804908752,0.4888888895511627,0.5416666865348816
47,5,6,0.694632351398468,0.699478805065155,0.694632351398468,0.699478805065155,0.5037037134170532,0.5416666865348816
47,5,7,0.6922804713249207,0.7009369730949402,0.6922804713249207,0.7009369730949402,0.5259259343147278,0.5416666865348816
47,5,8,0.6897006034851074,0.7020406723022461,0.6897006034851074,0.7020406723022461,0.5333333611488342,0.5
47,5,9,0.6870098114013672,0.7029964923858643,0.6870098114013672,0.7029964923858643,0.5481481552124023,0.5
47,5,10,0.684318482875824,0.703951895236969,0.684318482875824,0.703951895236969,0.5555555820465088,0.4583333432674408
47,5,11,0.6816941499710083,0.7049860954284668,0.6816941499710083,0.7049860954284668,0.5555555820465088,0.4166666567325592
47,5,12,0.6791620850563049,0.7061260342597961,0.6791620850563049,0.7061260342597961,0.5703703761100769,0.375
47,5,13,0.6767199039459229,0.7073674201965332,0.6767199039459229,0.7073674201965332,0.585185170173645,0.375
47,5,14,0.6743519902229309,0.7086923718452454,0.6743519902229309,0.7086923718452454,0.5925925970077515,0.4166666567325592
47,5,15,0.6720390319824219,0.710078775882721,0.6720390319824219,0.710078775882721,0.6074073910713196,0.375
47,5,16,0.669761598110199,0.7115070223808289,0.669761598110199,0.7115070223808289,0.6074073910713196,0.375
47,5,17,0.6675024032592773,0.7129618525505066,0.6675024032592773,0.7129618525505066,0.614814817905426,0.375
47,5,18,0.6652469635009766,0.7144344449043274,0.6652469635009766,0.7144344449043274,0.614814817905426,0.375
47,5,19,0.6629839539527893,0.7159225344657898,0.6629839539527893,0.7159225344657898,0.6296296119689941,0.375
47,5,20,0.660705029964447,0.7174283862113953,0.660705029964447,0.7174283862113953,0.644444465637207,0.375
47,5,21,0.6584044098854065,0.7189586162567139,0.6584044098854065,0.7189586162567139,0.6592592597007751,0.3333333432674408
47,5,22,0.6560782194137573,0.7205216288566589,0.6560782194137573,0.7205216288566589,0.6592592597007751,0.3333333432674408
47,5,23,0.6537230610847473,0.7221259474754333,0.6537230610847473,0.7221259474754333,0.6518518328666687,0.375
47,5,24,0.6513355374336243,0.7237799763679504,0.6513355374336243,0.7237799763679504,0.6518518328666687,0.375
47,5,25,0.64891117811203,0.7254912257194519,0.64891117811203,0.7254912257194519,0.6518518328666687,0.375
47,5,26,0.646445095539093,0.7272658348083496,0.646445095539093,0.7272658348083496,0.6592592597007751,0.4166666567325592
48,5,1,0.7104014754295349,0.7125083804130554,0.7104014754295349,0.7125083804130554,0.5,0.5
48,5,2,0.6987408995628357,0.7056233882904053,0.6987408995628357,0.7056233882904053,0.5073529481887817,0.4583333432674408
48,5,3,0.6913962960243225,0.7019882202148438,0.6913962960243225,0.7019882202148438,0.5367646813392639,0.3333333432674408
48,5,4,0.6866916418075562,0.7008056640625,0.6866916418075562,0.7008056640625,0.5661764740943909,0.4583333432674408
48,5,5,0.683496356010437,0.7012084126472473,0.683496356010437,0.7012084126472473,0.6029411554336548,0.5
48,5,6,0.6809273362159729,0.702521800994873,0.6809273362159729,0.702521800994873,0.595588207244873,0.4583333432674408
48,5,7,0.6784505248069763,0.7043172717094421,0.6784505248069763,0.7043172717094421,0.595588207244873,0.4583333432674408
48,5,8,0.6758397817611694,0.7063646912574768,0.6758397817611694,0.7063646912574768,0.595588207244873,0.5
48,5,9,0.6730654835700989,0.7085544466972351,0.6730654835700989,0.7085544466972351,0.6102941036224365,0.4583333432674408
48,5,10,0.6701844930648804,0.7108343243598938,0.6701844930648804,0.7108343243598938,0.6102941036224365,0.4583333432674408
48,5,11,0.6672677397727966,0.7131759524345398,0.6672677397727966,0.7131759524345398,0.625,0.4583333432674408
48,5,12,0.664366602897644,0.7155609130859375,0.664366602897644,0.7155609130859375,0.6176470518112183,0.5
48,5,13,0.6615073680877686,0.717979907989502,0.6615073680877686,0.717979907989502,0.6397058963775635,0.5
48,5,14,0.6586968302726746,0.7204330563545227,0.6586968302726746,0.7204330563545227,0.6323529481887817,0.5
48,5,15,0.6559303998947144,0.722929060459137,0.6559303998947144,0.722929060459137,0.6323529481887817,0.5
48,5,16,0.6531978845596313,0.7254829406738281,0.6531978845596313,0.7254829406738281,0.6397058963775635,0.5
48,5,17,0.6504873633384705,0.728112518787384,0.6504873633384705,0.728112518787384,0.654411792755127,0.5
48,5,18,0.6477857828140259,0.7308356165885925,0.6477857828140259,0.7308356165885925,0.6617646813392639,0.5
48,5,19,0.6450807452201843,0.7336685657501221,0.6450807452201843,0.7336685657501221,0.6617646813392639,0.5
48,5,20,0.6423602104187012,0.736626148223877,0.6423602104187012,0.736626148223877,0.6617646813392639,0.5416666865348816
48,5,21,0.6396140456199646,0.7397212982177734,0.6396140456199646,0.7397212982177734,0.654411792755127,0.5416666865348816
48,5,22,0.636833131313324,0.7429666519165039,0.636833131313324,0.7429666519165039,0.6617646813392639,0.5
48,5,23,0.6340104341506958,0.746374785900116,0.6340104341506958,0.746374785900116,0.6617646813392639,0.4583333432674408
48,5,24,0.6311401724815369,0.7499592900276184,0.6311401724815369,0.7499592900276184,0.6617646813392639,0.4166666567325592
48,5,25,0.6282172203063965,0.7537348866462708,0.6282172203063965,0.7537348866462708,0.6617646813392639,0.4166666567325592
48,5,26,0.6252371668815613,0.7577180862426758,0.6252371668815613,0.7577180862426758,0.6617646813392639,0.4166666567325592
48,5,27,0.6221953630447388,0.7619274258613586,0.6221953630447388,0.7619274258613586,0.6617646813392639,0.4166666567325592
48,5,28,0.6190866827964783,0.7663838267326355,0.6190866827964783,0.7663838267326355,0.6691176295280457,0.375
48,5,29,0.6159056425094604,0.7711098790168762,0.6159056425094604,0.7711098790168762,0.6691176295280457,0.375
49,5,1,0.7011159062385559,0.6942855715751648,0.7011159062385559,0.6942855715751648,0.44117647409439087,0.5
49,5,2,0.6961869597434998,0.6957514882087708,0.6961869597434998,0.6957514882087708,0.4852941036224365,0.5
49,5,3,0.6922916769981384,0.6969755291938782,0.6922916769981384,0.6969755291938782,0.47058823704719543,0.5
49,5,4,0.6885776519775391,0.6980153918266296,0.6885776519775391,0.6980153918266296,0.5073529481887817,0.5
49,5,5,0.6849601864814758,0.6989304423332214,0.6849601864814758,0.6989304423332214,0.5220588445663452,0.4583333432674408
49,5,6,0.6814174056053162,0.6997955441474915,0.6814174056053162,0.6997955441474915,0.5514705777168274,0.4583333432674408
49,5,7,0.6779438257217407,0.7006816864013672,0.6779438257217407,0.7006816864013672,0.5808823704719543,0.4583333432674408
49,5,8,0.6745333075523376,0.7016410827636719,0.6745333075523376,0.7016410827636719,0.595588207244873,0.4583333432674408
49,5,9,0.6711742281913757,0.7027053833007812,0.6711742281913757,0.7027053833007812,0.6102941036224365,0.4583333432674408
49,5,10,0.6678518056869507,0.7038885951042175,0.6678518056869507,0.7038885951042175,0.6470588445663452,0.4583333432674408
49,5,11,0.6645506024360657,0.705193042755127,0.6645506024360657,0.705193042755127,0.6764705777168274,0.4583333432674408
49,5,12,0.6612565517425537,0.7066153883934021,0.6612565517425537,0.7066153883934021,0.6985294222831726,0.5
49,5,13,0.6579572558403015,0.7081515789031982,0.6579572558403015,0.7081515789031982,0.6911764740943909,0.5
49,5,14,0.6546411514282227,0.7098007202148438,0.6546411514282227,0.7098007202148438,0.6838235259056091,0.5
49,5,15,0.651297926902771,0.711567223072052,0.651297926902771,0.711567223072052,0.7058823704719543,0.5
49,5,16,0.6479175090789795,0.7134613990783691,0.6479175090789795,0.7134613990783691,0.7058823704719543,0.5
49,5,17,0.6444901823997498,0.7154988646507263,0.6444901823997498,0.7154988646507263,0.7058823704719543,0.5
49,5,18,0.6410064697265625,0.7176991105079651,0.6410064697265625,0.7176991105079651,0.6911764740943909,0.5
49,5,19,0.6374568343162537,0.7200838923454285,0.6374568343162537,0.7200838923454285,0.6911764740943909,0.5
49,5,20,0.6338320970535278,0.7226762771606445,0.6338320970535278,0.7226762771606445,0.6985294222831726,0.5
49,5,21,0.6301230192184448,0.7255010008811951,0.6301230192184448,0.7255010008811951,0.6911764740943909,0.5
49,5,22,0.6263212561607361,0.7285839915275574,0.6263212561607361,0.7285839915275574,0.6838235259056091,0.5
49,5,23,0.6224190592765808,0.7319539189338684,0.6224190592765808,0.7319539189338684,0.6838235259056091,0.4583333432674408
49,5,24,0.6184098124504089,0.735643208026886,0.6184098124504089,0.735643208026886,0.6691176295280457,0.4166666567325592
49,5,25,0.6142888069152832,0.7396885752677917,0.6142888069152832,0.7396885752677917,0.6764705777168274,0.4583333432674408
49,5,26,0.6100533604621887,0.7441306114196777,0.6100533604621887,0.7441306114196777,0.6911764740943909,0.4583333432674408
50,5,1,0.6995305418968201,0.6935680508613586,0.6995305418968201,0.6935680508613586,0.41911765933036804,0.5
50,5,2,0.694847583770752,0.6944085955619812,0.694847583770752,0.6944085955619812,0.4632352888584137,0.5
50,5,3,0.6921866536140442,0.6952841877937317,0.6921866536140442,0.6952841877937317,0.5147058963775635,0.5
50,5,4,0.6899925470352173,0.6959535479545593,0.6899925470352173,0.6959535479545593,0.5220588445663452,0.5
50,5,5,0.6879273056983948,0.6963356137275696,0.6879273056983948,0.6963356137275696,0.5367646813392639,0.5
50,5,6,0.6858599781990051,0.6964664459228516,0.6858599781990051,0.6964664459228516,0.5514705777168274,0.5
50,5,7,0.6837679147720337,0.6964351534843445,0.6837679147720337,0.6964351534843445,0.5514705777168274,0.5
50,5,8,0.6816722750663757,0.696334183216095,0.6816722750663757,0.696334183216095,0.5661764740943909,0.5
50,5,9,0.6795985698699951,0.6962330937385559,0.6795985698699951,0.6962330937385559,0.5661764740943909,0.5
50,5,10,0.6775609850883484,0.6961734294891357,0.6775609850883484,0.6961734294891357,0.595588207244873,0.5416666865348816
50,5,11,0.6755610108375549,0.6961737275123596,0.6755610108375549,0.6961737275123596,0.5882353186607361,0.5416666865348816
50,5,12,0.673592746257782,0.6962370872497559,0.673592746257782,0.6962370872497559,0.595588207244873,0.5416666865348816
50,5,13,0.6716475486755371,0.6963586211204529,0.6716475486755371,0.6963586211204529,0.5808823704719543,0.5416666865348816
50,5,14,0.669717013835907,0.6965301036834717,0.669717013835907,0.6965301036834717,0.5808823704719543,0.5416666865348816
50,5,15,0.6677936911582947,0.6967436671257019,0.6677936911582947,0.6967436671257019,0.5882353186607361,0.5416666865348816
50,5,16,0.665871262550354,0.6969928741455078,0.665871262550354,0.6969928741455078,0.595588207244873,0.4583333432674408
50,5,17,0.6639445424079895,0.6972745060920715,0.6639445424079895,0.6972745060920715,0.6102941036224365,0.4583333432674408
50,5,18,0.6620088219642639,0.6975879669189453,0.6620088219642639,0.6975879669189453,0.6102941036224365,0.5
50,5,19,0.6600602865219116,0.6979358196258545,0.6600602865219116,0.6979358196258545,0.6176470518112183,0.5
50,5,20,0.6580950617790222,0.6983224749565125,0.6580950617790222,0.6983224749565125,0.6102941036224365,0.5
50,5,21,0.6561097502708435,0.698753833770752,0.6561097502708435,0.698753833770752,0.625,0.5
50,5,22,0.6541005969047546,0.6992368698120117,0.6541005969047546,0.6992368698120117,0.6176470518112183,0.5
50,5,23,0.6520636081695557,0.6997796893119812,0.6520636081695557,0.6997796893119812,0.6176470518112183,0.5
50,5,24,0.6499945521354675,0.7003899216651917,0.6499945521354675,0.7003899216651917,0.6323529481887817,0.5416666865348816
50,5,25,0.6478884220123291,0.7010769844055176,0.6478884220123291,0.7010769844055176,0.6323529481887817,0.5416666865348816
50,5,26,0.6457396745681763,0.701850414276123,0.6457396745681763,0.701850414276123,0.6323529481887817,0.5416666865348816
